Compound,Protein,Neighborhood_1,Tag
Cell_growth,ACP3,Target,Target-Cell_growth
Cell_growth,LYAR,Target,Target-Cell_growth
Cell_growth,CEACAM1,Target,Target-Cell_growth
Cell_growth,STK11,Target,Target-Cell_growth
Cell_growth,KIT,Target,Target-Cell_growth
Cell_growth,DNPH1,Target,Target-Cell_growth
Cell_growth,MTPN,Target,Target-Cell_growth
Cell_growth,TSC1,Target,Target-Cell_growth
Cell_growth,SESN2,Target,Target-Cell_growth
Cell_growth,GAS1,Target,Target-Cell_growth
Cell_growth,SPHK2,Target,Target-Cell_growth
Cell_growth,FOXK1,Target,Target-Cell_growth
Cell_growth,RB1,Target,Target-Cell_growth
Cell_growth,DCSTAMP,Target,Target-Cell_growth
Cell_growth,SFRP2,Target,Target-Cell_growth
Cell_growth,SESN1,Target,Target-Cell_growth
Cell_growth,HRG,Target,Target-Cell_growth
Cell_growth,SLC25A33,Target,Target-Cell_growth
Cell_growth,SFN,Target,Target-Cell_growth
Cell_growth,REXO2,Target,Target-Cell_growth
Cell_growth,ABL1,Target,Target-Cell_growth
Cell_growth,NOS2,Target,Target-Cell_growth
Cell_growth,NANOS2,Target,Target-Cell_growth
Cell_growth,MAGI2,Target,Target-Cell_growth
Cell_growth,ATP6V1B1,Target,Target-Cell_growth
Cell_growth,PLA2R1,Target,Target-Cell_growth
Cell_growth,SPOCK1,Target,Target-Cell_growth
Cell_growth,TREM2,Target,Target-Cell_growth
Cell_growth,P4HB,Target,Target-Cell_growth
Cell_growth,PROM1,Target,Target-Cell_growth
Cell_growth,MPEG1,Target,Target-Cell_growth
Cell_growth,PLXNA1,Target,Target-Cell_growth
Cell_growth,ITGB3,Target,Target-Cell_growth
Cell_growth,ABCA7,Target,Target-Cell_growth
Cell_growth,HAVCR2,Target,Target-Cell_growth
Cell_growth,CD44,Target,Target-Cell_growth
Cell_growth,GLYAT,Target,Target-Cell_growth
Cell_growth,CAT,Target,Target-Cell_growth
Cell_growth,LGALS9,Target,Target-Cell_growth
Cell_growth,ATP6V1B2,Target,Target-Cell_growth
Cell_growth,CTSH,Target,Target-Cell_growth
Cell_growth,MARCHF7,Target,Target-Cell_growth
Cell_growth,TGFB2,Target,Target-Cell_growth
Cell_growth,SLC1A7,Target,Target-Cell_growth
Cell_growth,NFIB,Target,Target-Cell_growth
Cell_growth,GAS6,Target,Target-Cell_growth
Cell_growth,AKT1,Target,Target-Cell_growth
Cell_growth,RPS3,Target,Target-Cell_growth
Cell_growth,RPS11,Target,Target-Cell_growth
Cell_growth,RDX,Target,Target-Cell_growth
Cell_growth,NFATC1,Target,Target-Cell_growth
Cell_growth,CD34,Target,Target-Cell_growth
Cell_growth,CUL7,Target,Target-Cell_growth
Cell_growth,RAPGEF3,Target,Target-Cell_growth
Cell_growth,SP1,Target,Target-Cell_growth
Cell_growth,DAND5,Target,Target-Cell_growth
Cell_growth,PPP3CB,Target,Target-Cell_growth
Cell_growth,ECRG4,Target,Target-Cell_growth
Cell_growth,HTR4,Target,Target-Cell_growth
Cell_growth,GNA13,Target,Target-Cell_growth
Cell_growth,GARIN1B,Target,Target-Cell_growth
Cell_growth,PRSS16,Target,Target-Cell_growth
Cell_growth,PILRB,Target,Target-Cell_growth
Cell_growth,RAB2A,Target,Target-Cell_growth
Cell_growth,ACOX1,Target,Target-Cell_growth
Cell_growth,SH3PXD2B,Target,Target-Cell_growth
Cell_growth,CDH17,Target,Target-Cell_growth
Cell_growth,MYC,Target,Target-Cell_growth
Cell_growth,INPP5K,Target,Target-Cell_growth
Cell_growth,GSDMD,Target,Target-Cell_growth
Cell_growth,MPP4,Target,Target-Cell_growth
Cell_growth,NECTIN1,Target,Target-Cell_growth
Cell_growth,NECTIN3,Target,Target-Cell_growth
Cell_growth,MUC2,Target,Target-Cell_growth
Cell_growth,SLC22A5,Target,Target-Cell_growth
Cell_growth,ERH,Target,Target-Cell_growth
Cell_growth,MLC1,Target,Target-Cell_growth
Cell_growth,MYL4,Target,Target-Cell_growth
Cell_growth,AIM2,Target,Target-Cell_growth
Cell_growth,TRIM6,Target,Target-Cell_growth
Cell_growth,GAS2L1,Target,Target-Cell_growth
Cell_growth,FBXW8,Target,Target-Cell_growth
Cell_growth,TGFBR1,Target,Target-Cell_growth
Cell_growth,CASP1,Target,Target-Cell_growth
Cell_growth,SMPD1,Target,Target-Cell_growth
Cell_growth,CFTR,Target,Target-Cell_growth
Cell_growth,GPLD1,Target,Target-Cell_growth
Cell_growth,SAMD1,Target,Target-Cell_growth
Cell_growth,HIF1A,Target,Target-Cell_growth
Cell_growth,TGFB3,Target,Target-Cell_growth
Cell_growth,TGFB1,Target,Target-Cell_growth
Cell_growth,REG3G,Target,Target-Cell_growth
Cell_growth,CASP7,Target,Target-Cell_growth
Cell_growth,NAPSA,Target,Target-Cell_growth
Cell_growth,MRTFA,Target,Target-Cell_growth
Cell_growth,RAB2B,Target,Target-Cell_growth
Cell_growth,SP3,Target,Target-Cell_growth
Cell_growth,EGR1,Target,Target-Cell_growth
Cell_growth,RACK1,Target,Target-Cell_growth
Cell_growth,THY1,Target,Target-Cell_growth
Cell_growth,KLC1,Target,Target-Cell_growth
Cell_growth,APBB1,Target,Target-Cell_growth
Cell_growth,CDK5,Target,Target-Cell_growth
Cell_growth,ALS2,Target,Target-Cell_growth
Cell_growth,DLG3,Target,Target-Cell_growth
Cell_growth,MPP3,Target,Target-Cell_growth
Cell_growth,FMR1,Target,Target-Cell_growth
Cell_growth,ADGRL1,Target,Target-Cell_growth
Cell_growth,IQGAP1,Target,Target-Cell_growth
Cell_growth,TOR1A,Target,Target-Cell_growth
Cell_growth,EXOC4,Target,Target-Cell_growth
Cell_growth,CTTN,Target,Target-Cell_growth
Cell_growth,CDK5R1,Target,Target-Cell_growth
Cell_growth,CBARP,Target,Target-Cell_growth
Cell_growth,FGF13,Target,Target-Cell_growth
Cell_growth,DSCAM,Target,Target-Cell_growth
Cell_growth,UNC5C,Target,Target-Cell_growth
Cell_growth,ZPR1,Target,Target-Cell_growth
Cell_growth,DMBX1,Target,Target-Cell_growth
Cell_growth,CXADR,Target,Target-Cell_growth
Cell_growth,DBN1,Target,Target-Cell_growth
Cell_growth,FSCN1,Target,Target-Cell_growth
Cell_growth,SHTN1,Target,Target-Cell_growth
Cell_growth,IGHMBP2,Target,Target-Cell_growth
Cell_growth,TUBB3,Target,Target-Cell_growth
Cell_growth,FRMD7,Target,Target-Cell_growth
Cell_growth,DTNBP1,Target,Target-Cell_growth
Cell_growth,AUTS2,Target,Target-Cell_growth
Cell_growth,ABITRAM,Target,Target-Cell_growth
Cell_growth,LMTK2,Target,Target-Cell_growth
Cell_growth,SYAP1,Target,Target-Cell_growth
Cell_growth,DCAF13,Target,Target-Cell_growth
Cell_growth,ANG,Target,Target-Cell_growth
Cell_growth,RUFY3,Target,Target-Cell_growth
Cell_growth,ERC2,Target,Target-Cell_growth
Cell_growth,DPYSL3,Target,Target-Cell_growth
Cell_growth,DNM2,Target,Target-Cell_growth
Cell_growth,TSHZ3,Target,Target-Cell_growth
Cell_growth,PALLD,Target,Target-Cell_growth
Cell_growth,PROM2,Target,Target-Cell_growth
Cell_growth,SMAD3,Target,Target-Cell_growth
Cell_growth,STAT1,Target,Target-Cell_growth
Cell_growth,APBB3,Target,Target-Cell_growth
Cell_growth,BGLAP,Target,Target-Cell_growth
Cell_growth,CORO1B,Target,Target-Cell_growth
Cell_growth,FGF23,Target,Target-Cell_growth
Cell_growth,FGF18,Target,Target-Cell_growth
Cell_growth,FGF8,Target,Target-Cell_growth
Cell_growth,FGF21,Target,Target-Cell_growth
Cell_growth,FGF1,Target,Target-Cell_growth
Cell_growth,FGF3,Target,Target-Cell_growth
Cell_growth,FGF2,Target,Target-Cell_growth
Cell_growth,FKBP4,Target,Target-Cell_growth
Cell_growth,ZFYVE27,Target,Target-Cell_growth
Cell_growth,TRIM9,Target,Target-Cell_growth
Cell_growth,RTN4R,Target,Target-Cell_growth
Cell_growth,FLRT3,Target,Target-Cell_growth
Cell_growth,NRTN,Target,Target-Cell_growth
Cell_growth,GPC1,Target,Target-Cell_growth
Cell_growth,LAMP5,Target,Target-Cell_growth
Cell_growth,HBEGF,Target,Target-Cell_growth
Cell_growth,MYO9A,Target,Target-Cell_growth
Cell_growth,GPM6A,Target,Target-Cell_growth
Cell_growth,OLFM1,Target,Target-Cell_growth
Cell_growth,FGFBP3,Target,Target-Cell_growth
Cell_growth,ETV5,Target,Target-Cell_growth
Cell_growth,KL,Target,Target-Cell_growth
Cell_growth,FGFBP1,Target,Target-Cell_growth
Cell_growth,SHC1,Target,Target-Cell_growth
Cell_growth,L1CAM,Target,Target-Cell_growth
Cell_growth,FGFR1,Target,Target-Cell_growth
Cell_growth,CBR1,Target,Target-Cell_growth
Cell_growth,CORIN,Target,Target-Cell_growth
Cell_growth,CRNKL1,Target,Target-Cell_growth
Cell_growth,MAPT,Target,Target-Cell_growth
Cell_growth,AKR1C1,Target,Target-Cell_growth
Cell_growth,WNK1,Target,Target-Cell_growth
Cell_growth,BCL10,Target,Target-Cell_growth
Cell_growth,MYO1D,Target,Target-Cell_growth
Cell_growth,IL22,Target,Target-Cell_growth
Cell_growth,STOX1,Target,Target-Cell_growth
Cell_growth,SIRT2,Target,Target-Cell_growth
Cell_growth,CRHBP,Target,Target-Cell_growth
Cell_growth,ANGPT4,Target,Target-Cell_growth
Cell_growth,EPCAM,Target,Target-Cell_growth
Cell_growth,CADM1,Target,Target-Cell_growth
Cell_growth,PCNA,Target,Target-Cell_growth
Cell_growth,HCFC1,Target,Target-Cell_growth
Cell_growth,PDCD10,Target,Target-Cell_growth
Cell_growth,CDC42,Target,Target-Cell_growth
Cell_growth,HCST,Target,Target-Cell_growth
Cell_growth,CEACAM16,Target,Target-Cell_growth
Cell_growth,CEACAM20,Target,Target-Cell_growth
Cell_growth,CADM4,Target,Target-Cell_growth
Cell_growth,ICA1,Target,Target-Cell_growth
Cell_growth,BLNK,Target,Target-Cell_growth
Cell_growth,CEMIP2,Target,Target-Cell_growth
Cell_growth,NRCAM,Target,Target-Cell_growth
Cell_growth,CADM2,Target,Target-Cell_growth
Cell_growth,CDC6,Target,Target-Cell_growth
Cell_growth,CDK1,Target,Target-Cell_growth
Cell_growth,EREG,Target,Target-Cell_growth
Cell_growth,TGFA,Target,Target-Cell_growth
Cell_growth,PDGFB,Target,Target-Cell_growth
Cell_growth,FGFRL1,Target,Target-Cell_growth
Cell_growth,ING4,Target,Target-Cell_growth
Cell_growth,VEGFA,Target,Target-Cell_growth
Cell_growth,PHB1,Target,Target-Cell_growth
Cell_growth,PHB2,Target,Target-Cell_growth
Cell_growth,TMEM132E,Target,Target-Cell_growth
Cell_growth,IZUMO1,Target,Target-Cell_growth
Cell_growth,GHSR,Target,Target-Cell_growth
Cell_growth,EGR2,Target,Target-Cell_growth
Cell_growth,EGF,Target,Target-Cell_growth
Cell_growth,EGFR,Target,Target-Cell_growth
Cell_growth,MSTN,Target,Target-Cell_growth
Cell_growth,GDF7,Target,Target-Cell_growth
Cell_growth,GDF5,Target,Target-Cell_growth
Cell_growth,NGF,Target,Target-Cell_growth
Cell_growth,GDF11,Target,Target-Cell_growth
Cell_growth,GDF2,Target,Target-Cell_growth
Cell_growth,CXCL1,Target,Target-Cell_growth
Cell_growth,HDGF,Target,Target-Cell_growth
Cell_growth,CRIPTO,Target,Target-Cell_growth
Cell_growth,MYDGF,Target,Target-Cell_growth
Cell_growth,GDF15,Target,Target-Cell_growth
Cell_growth,GATA3,Target,Target-Cell_growth
Cell_growth,SHFL,Target,Target-Cell_growth
Cell_growth,ELK1,Target,Target-Cell_growth
Cell_growth,RAP1A,Target,Target-Cell_growth
Cell_growth,IER2,Target,Target-Cell_growth
Cell_growth,NTRK1,Target,Target-Cell_growth
Cell_growth,TSKU,Target,Target-Cell_growth
Cell_growth,PDGFRA,Target,Target-Cell_growth
Cell_growth,NRROS,Target,Target-Cell_growth
Cell_growth,FLRT2,Target,Target-Cell_growth
Cell_growth,LRRC32,Target,Target-Cell_growth
Cell_growth,FLRT1,Target,Target-Cell_growth
Cell_growth,RNF126,Target,Target-Cell_growth
Cell_growth,RAPGEF2,Target,Target-Cell_growth
Cell_growth,KIDINS220,Target,Target-Cell_growth
Cell_growth,GHRL,Target,Target-Cell_growth
Cell_growth,CCRL2,Target,Target-Cell_growth
Cell_growth,CXCR2,Target,Target-Cell_growth
Cell_growth,CCR3,Target,Target-Cell_growth
Cell_growth,CX3CR1,Target,Target-Cell_growth
Cell_growth,CCR6,Target,Target-Cell_growth
Cell_growth,CXCR4,Target,Target-Cell_growth
Cell_growth,CXCR6,Target,Target-Cell_growth
Cell_growth,CAPRIN1,Target,Target-Cell_growth
Cell_growth,GDNF,Target,Target-Cell_growth
Cell_growth,CDC5L,Target,Target-Cell_growth
Cell_growth,RGCC,Target,Target-Cell_growth
Cell_growth,GCNA,Target,Target-Cell_growth
Cell_growth,TCAIM,Target,Target-Cell_growth
Cell_growth,CLNK,Target,Target-Cell_growth
Cell_growth,NCAM1,Target,Target-Cell_growth
Cell_growth,PDCD4,Target,Target-Cell_growth
Cell_growth,HCLS1,Target,Target-Cell_growth
Cell_growth,BCL11B,Target,Target-Cell_growth
Cell_growth,TMEM30A,Target,Target-Cell_growth
Cell_growth,CD4,Target,Target-Cell_growth
Cell_growth,BCL11A,Target,Target-Cell_growth
Cell_growth,PDCD6,Target,Target-Cell_growth
Cell_growth,PXN,Target,Target-Cell_growth
Cell_growth,FOXH1,Target,Target-Cell_growth
Cell_growth,GZMB,Target,Target-Cell_growth
Cell_growth,LRP2,Target,Target-Cell_growth
Cell_growth,MTOR,Target,Target-Cell_growth
Cell_growth,PRF1,Target,Target-Cell_growth
Cell_growth,KAT8,Target,Target-Cell_growth
Cell_growth,ILDR1,Target,Target-Cell_growth
Cell_growth,WNT3A,Target,Target-Cell_growth
Cell_growth,LSR,Target,Target-Cell_growth
Cell_growth,DAB2IP,Target,Target-Cell_growth
Cell_growth,TNN,Target,Target-Cell_growth
Cell_growth,CLSTN3,Target,Target-Cell_growth
Cell_growth,S100B,Target,Target-Cell_growth
Cell_growth,IGF2,Target,Target-Cell_growth
Cell_growth,IGF1,Target,Target-Cell_growth
Cell_growth,NTRK3,Target,Target-Cell_growth
Cell_growth,RAB21,Target,Target-Cell_growth
Cell_growth,SEMA3A,Target,Target-Cell_growth
Cell_growth,HDGFL2,Target,Target-Cell_growth
Cell_growth,IGFBP2,Target,Target-Cell_growth
Cell_growth,PSIP1,Target,Target-Cell_growth
Cell_growth,CCN5,Target,Target-Cell_growth
Cell_growth,CCN3,Target,Target-Cell_growth
Cell_growth,CCN4,Target,Target-Cell_growth
Cell_growth,CCN1,Target,Target-Cell_growth
Cell_growth,CCNA2,Target,Target-Cell_growth
Cell_growth,BDNF,Target,Target-Cell_growth
Cell_growth,GRB7,Target,Target-Cell_growth
Cell_growth,GRB10,Target,Target-Cell_growth
Cell_growth,FAM162A,Target,Target-Cell_growth
Cell_growth,CTNNA1,Target,Target-Cell_growth
Cell_growth,CASP3,Target,Target-Cell_growth
Cell_growth,CASP2,Target,Target-Cell_growth
Cell_growth,CDC42BPA,Target,Target-Cell_growth
Cell_growth,PARD3,Target,Target-Cell_growth
Cell_growth,GRIA1,Target,Target-Cell_growth
Cell_growth,GJB4,Target,Target-Cell_growth
Cell_growth,GJB2,Target,Target-Cell_growth
Cell_growth,PCDHB6,Target,Target-Cell_growth
Cell_growth,PCDHA7,Target,Target-Cell_growth
Cell_growth,AQP4,Target,Target-Cell_growth
Cell_growth,PLEKHG5,Target,Target-Cell_growth
Cell_growth,ACTN4,Target,Target-Cell_growth
Cell_growth,MICALL2,Target,Target-Cell_growth
Cell_growth,CLDN18,Target,Target-Cell_growth
Cell_growth,KIRREL2,Target,Target-Cell_growth
Cell_growth,ADGRL3,Target,Target-Cell_growth
Cell_growth,CDH1,Target,Target-Cell_growth
Cell_growth,FZR1,Target,Target-Cell_growth
Cell_growth,CDH2,Target,Target-Cell_growth
Cell_growth,XIRP2,Target,Target-Cell_growth
Cell_growth,RET,Target,Target-Cell_growth
Cell_growth,CD53,Target,Target-Cell_growth
Cell_growth,CTNNA3,Target,Target-Cell_growth
Cell_growth,PARD6A,Target,Target-Cell_growth
Cell_growth,YAP1,Target,Target-Cell_growth
Cell_growth,EPPK1,Target,Target-Cell_growth
Cell_growth,MEGF11,Target,Target-Cell_growth
Cell_growth,PKP3,Target,Target-Cell_growth
Cell_growth,PDZD2,Target,Target-Cell_growth
Cell_growth,CASP4,Target,Target-Cell_growth
Cell_growth,CASP5,Target,Target-Cell_growth
Cell_growth,VANGL2,Target,Target-Cell_growth
Cell_growth,DLG4,Target,Target-Cell_growth
Cell_growth,LLGL1,Target,Target-Cell_growth
Cell_growth,ZNF703,Target,Target-Cell_growth
Cell_growth,NHLH2,Target,Target-Cell_growth
Cell_growth,TAL1,Target,Target-Cell_growth
Cell_growth,ARF6,Target,Target-Cell_growth
Cell_growth,DAB2,Target,Target-Cell_growth
Cell_growth,NPTN,Target,Target-Cell_growth
Cell_growth,MICALL1,Target,Target-Cell_growth
Cell_growth,RGS14,Target,Target-Cell_growth
Cell_growth,MEF2C,Target,Target-Cell_growth
Cell_growth,PLCG1,Target,Target-Cell_growth
Cell_growth,LHX1,Target,Target-Cell_growth
Cell_growth,STAT5B,Target,Target-Cell_growth
Cell_growth,BMPR1B,Target,Target-Cell_growth
Cell_growth,SRC,Target,Target-Cell_growth
Cell_growth,CIB1,Target,Target-Cell_growth
Cell_growth,ZFP36,Target,Target-Cell_growth
Cell_growth,ZNF823,Target,Target-Cell_growth
Cell_growth,BAG4,Target,Target-Cell_growth
Cell_growth,ZFP36L1,Target,Target-Cell_growth
Cell_growth,ZFP36L2,Target,Target-Cell_growth
Cell_growth,BCAR1,Target,Target-Cell_growth
Cell_growth,PLS1,Target,Target-Cell_growth
Cell_growth,FER,Target,Target-Cell_growth
Cell_growth,SOX9,Target,Target-Cell_growth
Cell_growth,XBP1,Target,Target-Cell_growth
Cell_growth,EZR,Target,Target-Cell_growth
Cell_growth,VIL1,Target,Target-Cell_growth
Cell_growth,EHD1,Target,Target-Cell_growth
Cell_growth,RAB35,Target,Target-Cell_growth
Cell_growth,ACAP2,Target,Target-Cell_growth
Cell_growth,CDK16,Target,Target-Cell_growth
Cell_growth,CDK12,Target,Target-Cell_growth
Cell_growth,CDK9,Target,Target-Cell_growth
Cell_growth,ELMO1,Target,Target-Cell_growth
Cell_growth,CDK8,Target,Target-Cell_growth
Cell_growth,CDK13,Target,Target-Cell_growth
Cell_growth,CDK2,Target,Target-Cell_growth
Cell_growth,BTG4,Target,Target-Cell_growth
Cell_growth,CIDEA,Target,Target-Cell_growth
Cell_growth,CIDEB,Target,Target-Cell_growth
Cell_growth,CDK4,Target,Target-Cell_growth
Cell_growth,CIDEC,Target,Target-Cell_growth
Cell_growth,BST2,Target,Target-Cell_growth
Cell_growth,PRICKLE1,Target,Target-Cell_growth
Cell_growth,BAD,Target,Target-Cell_growth
Cell_growth,RIPOR2,Target,Target-Cell_growth
Cell_growth,BRK1,Target,Target-Cell_growth
Cell_growth,DAD1,Target,Target-Cell_growth
Cell_growth,CEMIP,Target,Target-Cell_growth
Cell_growth,CDC20,Target,Target-Cell_growth
Cell_growth,CRTAM,Target,Target-Cell_growth
Cell_growth,BCAS3,Target,Target-Cell_growth
Cell_growth,CCAR2,Target,Target-Cell_growth
Cell_growth,PBX1,Target,Target-Cell_growth
Cell_growth,RIPOR1,Target,Target-Cell_growth
Cell_growth,UTF1,Target,Target-Cell_growth
Cell_growth,PBX2,Target,Target-Cell_growth
Cell_growth,NICOL1,Target,Target-Cell_growth
Cell_growth,CDC20B,Target,Target-Cell_growth
Cell_growth,PBX4,Target,Target-Cell_growth
Cell_growth,PRICKLE3,Target,Target-Cell_growth
Cell_growth,CD8B,Target,Target-Cell_growth
Cell_growth,CD3D,Target,Target-Cell_growth
Cell_growth,PDCD6IP,Target,Target-Cell_growth
Cell_growth,BCL3,Target,Target-Cell_growth
Cell_growth,HEPACAM,Target,Target-Cell_growth
Cell_growth,CDC37,Target,Target-Cell_growth
Cell_growth,SMAD1,Target,Target-Cell_growth
Cell_growth,SMAD5,Target,Target-Cell_growth
Cell_growth,MEGF8,Target,Target-Cell_growth
Cell_growth,CTNNB1,Target,Target-Cell_growth
Cell_growth,RTN4RL1,Target,Target-Cell_growth
Cell_growth,SRPX2,Target,Target-Cell_growth
Cell_growth,CDHR5,Target,Target-Cell_growth
Cell_growth,NINJ1,Target,Target-Cell_growth
Cell_growth,PITPNM2,Target,Target-Cell_growth
Cell_growth,MYO1B,Target,Target-Cell_growth
Cell_growth,ACTN1,Target,Target-Cell_growth
Cell_growth,MAG,Target,Target-Cell_growth
Cell_growth,PITPNM3,Target,Target-Cell_growth
Cell_growth,RTN2,Target,Target-Cell_growth
Cell_growth,AVIL,Target,Target-Cell_growth
Cell_growth,NID2,Target,Target-Cell_growth
Cell_growth,GRM7,Target,Target-Cell_growth
Cell_growth,SLC1A1,Target,Target-Cell_growth
Cell_growth,MAPK8IP3,Target,Target-Cell_growth
Cell_growth,SYNDIG1,Target,Target-Cell_growth
Cell_growth,RTN4RL2,Target,Target-Cell_growth
Cell_growth,AQP11,Target,Target-Cell_growth
Cell_growth,PTK2B,Target,Target-Cell_growth
Cell_growth,ACVR1C,Target,Target-Cell_growth
Cell_growth,ENPP5,Target,Target-Cell_growth
Cell_growth,SHROOM2,Target,Target-Cell_growth
Cell_growth,TMEM18,Target,Target-Cell_growth
Cell_growth,RNF157,Target,Target-Cell_growth
Cell_growth,TSPEAR,Target,Target-Cell_growth
Cell_growth,PROS1,Target,Target-Cell_growth
Cell_growth,AOC1,Target,Target-Cell_growth
Cell_growth,PSD,Target,Target-Cell_growth
Cell_growth,RAE1,Target,Target-Cell_growth
Cell_growth,SMARCA2,Target,Target-Cell_growth
Cell_growth,TOB1,Target,Target-Cell_growth
Cell_growth,HM13,Target,Target-Cell_growth
Cell_growth,FAM110A,Target,Target-Cell_growth
Cell_growth,SYNJ2BP,Target,Target-Cell_growth
Cell_growth,IZUMO1R,Target,Target-Cell_growth
Cell_growth,NOX4,Target,Target-Cell_growth
Cell_growth,TREML1,Target,Target-Cell_growth
Cell_growth,SCARA5,Target,Target-Cell_growth
Cell_growth,FEZF2,Target,Target-Cell_growth
Cell_growth,TSPAN14,Target,Target-Cell_growth
Cell_growth,KLRK1,Target,Target-Cell_growth
Cell_growth,SOHLH2,Target,Target-Cell_growth
Cell_growth,PKD1,Target,Target-Cell_growth
Cell_growth,PRKD1,Target,Target-Cell_growth
Cell_growth,CDH5,Target,Target-Cell_growth
Cell_growth,PRKCE,Target,Target-Cell_growth
Cell_growth,AGTRAP,Target,Target-Cell_growth
Cell_growth,POSTN,Target,Target-Cell_growth
Cell_growth,ADAM9,Target,Target-Cell_growth
Cell_growth,KCNA1,Target,Target-Cell_growth
Cell_growth,KDF1,Target,Target-Cell_growth
Cell_growth,CCL28,Target,Target-Cell_growth
Cell_growth,TSPAN15,Target,Target-Cell_growth
Cell_growth,ROS1,Target,Target-Cell_growth
Cell_growth,RHOB,Target,Target-Cell_growth
Cell_growth,ISLR2,Target,Target-Cell_growth
Cell_growth,MYH9,Target,Target-Cell_growth
Cell_growth,CRB2,Target,Target-Cell_growth
Cell_growth,OOEP,Target,Target-Cell_growth
Cell_growth,CLEC9A,Target,Target-Cell_growth
Cell_growth,MXRA8,Target,Target-Cell_growth
Cell_growth,KDR,Target,Target-Cell_growth
Cell_growth,KCNC2,Target,Target-Cell_growth
Cell_growth,ITGB1,Target,Target-Cell_growth
Cell_growth,ITGA5,Target,Target-Cell_growth
Cell_growth,ITGA2,Target,Target-Cell_growth
Cell_growth,MKLN1,Target,Target-Cell_growth
Cell_growth,ITGA1,Target,Target-Cell_growth
Cell_growth,SEMA5A,Target,Target-Cell_growth
Cell_growth,SPIRE1,Target,Target-Cell_growth
Cell_growth,EMP2,Target,Target-Cell_growth
Cell_growth,BMPR1A,Target,Target-Cell_growth
Cell_growth,NANOG,Target,Target-Cell_growth
Cell_growth,NLRP5,Target,Target-Cell_growth
Cell_growth,LY6D,Target,Target-Cell_growth
Cell_growth,ATN1,Target,Target-Cell_growth
Cell_growth,SHROOM1,Target,Target-Cell_growth
Cell_growth,TSPAN33,Target,Target-Cell_growth
Cell_growth,AMOTL2,Target,Target-Cell_growth
Cell_growth,EPS8,Target,Target-Cell_growth
Cell_growth,CSF1R,Target,Target-Cell_growth
Cell_growth,TYROBP,Target,Target-Cell_growth
Cell_growth,TNFSF18,Target,Target-Cell_growth
Cell_growth,CLEC5A,Target,Target-Cell_growth
Cell_growth,PSEN1,Target,Target-Cell_growth
Cell_growth,HDAC3,Target,Target-Cell_growth
Cell_growth,NPHS1,Target,Target-Cell_growth
Cell_growth,SPIRE2,Target,Target-Cell_growth
Cell_growth,IL1R1,Target,Target-Cell_growth
Cell_growth,IL17RC,Target,Target-Cell_growth
Cell_growth,ARSB,Target,Target-Cell_growth
Cell_growth,TLE6,Target,Target-Cell_growth
Cell_growth,CCL27,Target,Target-Cell_growth
Cell_growth,CD27,Target,Target-Cell_growth
Cell_growth,RNF112,Target,Target-Cell_growth
Cell_growth,STEEP1,Target,Target-Cell_growth
Cell_growth,DES,Target,Target-Cell_growth
Cell_growth,SLC6A3,Target,Target-Cell_growth
Cell_growth,SOHLH1,Target,Target-Cell_growth
Cell_growth,GPRC5B,Target,Target-Cell_growth
Cell_growth,FAP,Target,Target-Cell_growth
Cell_growth,SNORC,Target,Target-Cell_growth
Cell_growth,FEZF1,Target,Target-Cell_growth
Cell_growth,ACVR2A,Target,Target-Cell_growth
Cell_growth,ESRRB,Target,Target-Cell_growth
Cell_growth,GYS2,Target,Target-Cell_growth
Cell_growth,LRP4,Target,Target-Cell_growth
Cell_growth,PKP2,Target,Target-Cell_growth
Cell_growth,AGO1,Target,Target-Cell_growth
Cell_growth,PIN1,Target,Target-Cell_growth
Cell_growth,FCGR3A,Target,Target-Cell_growth
Cell_growth,FCGR3B,Target,Target-Cell_growth
Cell_growth,FMN2,Target,Target-Cell_growth
Cell_growth,BIN2,Target,Target-Cell_growth
Cell_growth,TUBG1,Target,Target-Cell_growth
Cell_growth,MTA2,Target,Target-Cell_growth
Cell_growth,PITPNM1,Target,Target-Cell_growth
Cell_growth,GLIPR1L1,Target,Target-Cell_growth
Cell_growth,VPS4B,Target,Target-Cell_growth
Cell_growth,GAS2L2,Target,Target-Cell_growth
Cell_growth,PDGFRB,Target,Target-Cell_growth
Cell_growth,GRB2,Target,Target-Cell_growth
Cell_growth,HDGFL3,Target,Target-Cell_growth
Cell_growth,EGFL8,Target,Target-Cell_growth
Cell_growth,NTRK2,Target,Target-Cell_growth
Cell_growth,EGFL7,Target,Target-Cell_growth
Cell_growth,EPS15,Target,Target-Cell_growth
Cell_growth,HGS,Target,Target-Cell_growth
Cell_growth,FLT1,Target,Target-Cell_growth
Cell_growth,EPHA7,Target,Target-Cell_growth
Cell_growth,EFNA5,Target,Target-Cell_growth
Cell_growth,SULF1,Target,Target-Cell_growth
Cell_growth,NEDD4,Target,Target-Cell_growth
Cell_growth,SULF2,Target,Target-Cell_growth
Cell_growth,ADIPOQ,Target,Target-Cell_growth
Cell_growth,ACVR1,Target,Target-Cell_growth
Cell_growth,ACVR1B,Target,Target-Cell_growth
Cell_growth,EPS8L2,Target,Target-Cell_growth
Cell_growth,MEGF10,Target,Target-Cell_growth
Cell_growth,ACVR2B,Target,Target-Cell_growth
Cell_growth,CAMK2A,Target,Target-Cell_growth
Cell_growth,CAMK2B,Target,Target-Cell_growth
Cell_growth,PTPN22,Target,Target-Cell_growth
Cell_growth,PRXL2B,Target,Target-Cell_growth
Cell_growth,CAMK2D,Target,Target-Cell_growth
Cell_growth,CAMK2G,Target,Target-Cell_growth
Cell_growth,CNTF,Target,Target-Cell_growth
Cell_growth,PI4K2A,Target,Target-Cell_growth
Cell_growth,MAB21L2,Target,Target-Cell_growth
Cell_growth,SLC3A2,Target,Target-Cell_growth
Cell_growth,SLC25A15,Target,Target-Cell_growth
Cell_growth,ORC1,Target,Target-Cell_growth
Cell_growth,BCL2L11,Target,Target-Cell_growth
Cell_growth,OCSTAMP,Target,Target-Cell_growth
Cell_growth,CWC22,Target,Target-Cell_growth
Cell_growth,ITPRIP,Target,Target-Cell_growth
Cell_growth,ZNF296,Target,Target-Cell_growth
Cell_growth,SH2D4A,Target,Target-Cell_growth
Cell_growth,SCIMP,Target,Target-Cell_growth
Cell_growth,TARM1,Target,Target-Cell_growth
Cell_growth,CGAS,Target,Target-Cell_growth
Cell_growth,AGER,Target,Target-Cell_growth
Cell_growth,RTN4,Target,Target-Cell_growth
Cell_growth,NTN1,Target,Target-Cell_growth
Cell_growth,SEMA3G,Target,Target-Cell_growth
Cell_growth,ERRFI1,Target,Target-Cell_growth
Cell_growth,PHIP,Target,Target-Cell_growth
Cell_growth,HTRA3,Target,Target-Cell_growth
Cell_growth,SPRED2,Target,Target-Cell_growth
Cell_growth,SPRED1,Target,Target-Cell_growth
Cell_growth,SNX6,Target,Target-Cell_growth
Cell_growth,PMEPA1,Target,Target-Cell_growth
Cell_growth,PTPRJ,Target,Target-Cell_growth
Cell_growth,SIRT1,Target,Target-Cell_growth
Cell_growth,ASPN,Target,Target-Cell_growth
Cell_growth,SPRY1,Target,Target-Cell_growth
Cell_growth,SPRY2,Target,Target-Cell_growth
Cell_growth,COL1A1,Target,Target-Cell_growth
Cell_growth,SARS1,Target,Target-Cell_growth
Cell_growth,SPHK1,Target,Target-Cell_growth
Cell_growth,SPRED3,Target,Target-Cell_growth
Cell_growth,GPER1,Target,Target-Cell_growth
Cell_growth,SNX25,Target,Target-Cell_growth
Cell_growth,CITED2,Target,Target-Cell_growth
Cell_growth,IL17RD,Target,Target-Cell_growth
Cell_growth,COL4A2,Target,Target-Cell_growth
Cell_growth,SCX,Target,Target-Cell_growth
Cell_growth,FAM89B,Target,Target-Cell_growth
Cell_growth,AMIGO1,Target,Target-Cell_growth
Cell_growth,AMIGO3,Target,Target-Cell_growth
Cell_growth,AMIGO2,Target,Target-Cell_growth
Cell_growth,DCHS1,Target,Target-Cell_growth
Cell_growth,FAT4,Target,Target-Cell_growth
Cell_growth,CCAR1,Target,Target-Cell_growth
Cell_growth,CDON,Target,Target-Cell_growth
Cell_growth,CD79A,Target,Target-Cell_growth
Cell_growth,MCL1,Target,Target-Cell_growth
Cell_growth,SART3,Target,Target-Cell_growth
Cell_growth,BCL7B,Target,Target-Cell_growth
Cell_growth,BCL7C,Target,Target-Cell_growth
Cell_growth,ZNF683,Target,Target-Cell_growth
Cell_growth,CYREN,Target,Target-Cell_growth
Cell_growth,CEND1,Target,Target-Cell_growth
Cell_growth,BCL7A,Target,Target-Cell_growth
Cell_growth,MZB1,Target,Target-Cell_growth
Cell_growth,MCF2L,Target,Target-Cell_growth
Cell_growth,MMP24,Target,Target-Cell_growth
Cell_growth,LARGE1,Target,Target-Cell_growth
Cell_growth,PTPRA,Target,Target-Cell_growth
Cell_growth,CAPN3,Target,Target-Cell_growth
Cell_growth,TGFBRAP1,Target,Target-Cell_growth
Cell_growth,IGF2BP1,Target,Target-Cell_growth
Cell_growth,LTBP4,Target,Target-Cell_growth
Cell_growth,LTBP1,Target,Target-Cell_growth
Cell_growth,GCSAM,Target,Target-Cell_growth
Cell_growth,GAL,Target,Target-Cell_growth
Cell_growth,CEBPA,Target,Target-Cell_growth
Cell_growth,QSOX1,Target,Target-Cell_growth
Cell_growth,EXOC8,Target,Target-Cell_growth
Cell_growth,AAK1,Target,Target-Cell_growth
Cell_growth,CABP1,Target,Target-Cell_growth
Cell_growth,KRT14,Target,Target-Cell_growth
Cell_growth,KCNB2,Target,Target-Cell_growth
Cell_growth,TCF21,Target,Target-Cell_growth
Cell_growth,CACNA1C,Target,Target-Cell_growth
Cell_growth,GRIP1,Target,Target-Cell_growth
Cell_growth,LGALS12,Target,Target-Cell_growth
Cell_growth,ADCY8,Target,Target-Cell_growth
Cell_growth,APC,Target,Target-Cell_growth
Cell_growth,KCND2,Target,Target-Cell_growth
Cell_growth,SH3BP1,Target,Target-Cell_growth
Cell_growth,TENM2,Target,Target-Cell_growth
Cell_growth,RAB8B,Target,Target-Cell_growth
Cell_growth,KCNB1,Target,Target-Cell_growth
Cell_growth,NCDN,Target,Target-Cell_growth
Cell_growth,RGS8,Target,Target-Cell_growth
Cell_growth,CNNM4,Target,Target-Cell_growth
Cell_growth,FBXO31,Target,Target-Cell_growth
Cell_growth,DMTN,Target,Target-Cell_growth
Cell_growth,PTPRN,Target,Target-Cell_growth
Cell_growth,EPHA2,Target,Target-Cell_growth
Cell_growth,EVI5,Target,Target-Cell_growth
Cell_growth,GCM2,Target,Target-Cell_growth
Cell_growth,SETD2,Target,Target-Cell_growth
Cell_growth,PPP1R7,Target,Target-Cell_growth
Cell_growth,ZGPAT,Target,Target-Cell_growth
Cell_growth,CCNB3,Target,Target-Cell_growth
Cell_growth,PRRX2,Target,Target-Cell_growth
Cell_growth,HIRA,Target,Target-Cell_growth
Cell_growth,STAU1,Target,Target-Cell_growth
Cell_growth,MAS1,Target,Target-Cell_growth
Cell_growth,ARF1,Target,Target-Cell_growth
Cell_growth,RAF1,Target,Target-Cell_growth
Cell_growth,ZHX2,Target,Target-Cell_growth
Cell_growth,TXN2,Target,Target-Cell_growth
Cell_growth,KMT2B,Target,Target-Cell_growth
Cell_growth,MAP9,Target,Target-Cell_growth
Cell_growth,STK10,Target,Target-Cell_growth
Cell_growth,P2RX6,Target,Target-Cell_growth
Cell_growth,GRP,Target,Target-Cell_growth
Cell_growth,LGALSL,Target,Target-Cell_growth
Cell_growth,FAM161A,Target,Target-Cell_growth
Cell_growth,NUMA1,Target,Target-Cell_growth
Cell_growth,PEX6,Target,Target-Cell_growth
Cell_growth,GLRA1,Target,Target-Cell_growth
Cell_growth,GJA1,Target,Target-Cell_growth
Cell_growth,OSR1,Target,Target-Cell_growth
Cell_growth,OXSR1,Target,Target-Cell_growth
Cell_growth,NR4A1,Target,Target-Cell_growth
Cell_growth,PTPN11,Target,Target-Cell_growth
Cell_growth,CLCN5,Target,Target-Cell_growth
Cell_growth,NFE2L1,Target,Target-Cell_growth
Cell_growth,RHOH,Target,Target-Cell_growth
Cell_growth,SERPINI1,Target,Target-Cell_growth
Cell_growth,NANOS3,Target,Target-Cell_growth
Cell_growth,HPN,Target,Target-Cell_growth
Cell_growth,ELF4,Target,Target-Cell_growth
Cell_growth,SMAD9,Target,Target-Cell_growth
Cell_growth,INSM1,Target,Target-Cell_growth
Cell_growth,AXL,Target,Target-Cell_growth
Cell_growth,PERCC1,Target,Target-Cell_growth
Cell_growth,DLL4,Target,Target-Cell_growth
Cell_growth,PDPN,Target,Target-Cell_growth
Cell_growth,STAT3,Target,Target-Cell_growth
Cell_growth,LDB1,Target,Target-Cell_growth
Cell_growth,LDB2,Target,Target-Cell_growth
Cell_growth,TOMT,Target,Target-Cell_growth
Cell_growth,PIEZO2,Target,Target-Cell_growth
Cell_growth,ATP6V0A4,Target,Target-Cell_growth
Cell_growth,CTBP2,Target,Target-Cell_growth
Cell_growth,CTBP1,Target,Target-Cell_growth
Cell_growth,PRKACA,Target,Target-Cell_growth
Cell_growth,PRKCA,Target,Target-Cell_growth
Cell_growth,CLIP3,Target,Target-Cell_growth
Cell_growth,ACTRT3,Target,Target-Cell_growth
Cell_growth,CD86,Target,Target-Cell_growth
Cell_growth,LPAR1,Target,Target-Cell_growth
Cell_growth,JAG1,Target,Target-Cell_growth
Cell_growth,NOTCH1,Target,Target-Cell_growth
Cell_growth,NKX2-5,Target,Target-Cell_growth
Cell_growth,IL33,Target,Target-Cell_growth
Cell_growth,CIT,Target,Target-Cell_growth
Cell_growth,TMPRSS5,Target,Target-Cell_growth
Cell_growth,PTPRC,Target,Target-Cell_growth
Cell_growth,KLHL41,Target,Target-Cell_growth
Cell_growth,CLASP1,Target,Target-Cell_growth
Cell_growth,MAST1,Target,Target-Cell_growth
Cell_growth,BVES,Target,Target-Cell_growth
Cell_growth,TMPRSS3,Target,Target-Cell_growth
Cell_growth,TMPRSS4,Target,Target-Cell_growth
Cell_growth,PIAS1,Target,Target-Cell_growth
Cell_growth,GPSM2,Target,Target-Cell_growth
Cell_growth,CLDN3,Target,Target-Cell_growth
Cell_growth,CCL20,Target,Target-Cell_growth
Cell_growth,KLF4,Target,Target-Cell_growth
Cell_growth,NR4A3,Target,Target-Cell_growth
Cell_growth,NR4A2,Target,Target-Cell_growth
Cell_growth,CNNM1,Target,Target-Cell_growth
Cell_growth,SRGN,Target,Target-Cell_growth
Cell_growth,HORMAD2,Target,Target-Cell_growth
Cell_growth,SENP2,Target,Target-Cell_growth
Cell_growth,BRSK2,Target,Target-Cell_growth
Cell_growth,HOXA11,Target,Target-Cell_growth
Cell_growth,HMGB1,Target,Target-Cell_growth
Cell_growth,GRIN3B,Target,Target-Cell_growth
Cell_growth,PTPN6,Target,Target-Cell_growth
Cell_growth,MYOG,Target,Target-Cell_growth
Cell_growth,STK19,Target,Target-Cell_growth
Cell_growth,RP1,Target,Target-Cell_growth
Cell_growth,MAPRE2,Target,Target-Cell_growth
Cell_growth,HORMAD1,Target,Target-Cell_growth
Cell_growth,FFAR4,Target,Target-Cell_growth
Cell_growth,MRGPRX2,Target,Target-Cell_growth
Cell_growth,KCNA2,Target,Target-Cell_growth
Cell_growth,INHBB,Target,Target-Cell_growth
Cell_growth,IL6ST,Target,Target-Cell_growth
Cell_growth,PAX2,Target,Target-Cell_growth
Cell_growth,SEMA4A,Target,Target-Cell_growth
Cell_growth,CDCA5,Target,Target-Cell_growth
Cell_growth,CD36,Target,Target-Cell_growth
Cell_growth,SLC4A10,Target,Target-Cell_growth
Cell_growth,CEBPG,Target,Target-Cell_growth
Cell_growth,ASB2,Target,Target-Cell_growth
Cell_growth,TCF15,Target,Target-Cell_growth
Cell_growth,LEP,Target,Target-Cell_growth
Cell_growth,RAB17,Target,Target-Cell_growth
Cell_growth,PRDM16,Target,Target-Cell_growth
Cell_growth,CXCL16,Target,Target-Cell_growth
Cell_growth,FGD1,Target,Target-Cell_growth
Cell_growth,EFHC1,Target,Target-Cell_growth
Cell_growth,NEUROD4,Target,Target-Cell_growth
Cell_growth,MLF1,Target,Target-Cell_growth
Cell_growth,SLC38A7,Target,Target-Cell_growth
Cell_growth,MDK,Target,Target-Cell_growth
Cell_growth,PTGER4,Target,Target-Cell_growth
Cell_growth,SIK1,Target,Target-Cell_growth
Cell_growth,CIB2,Target,Target-Cell_growth
Cell_growth,TFAP2B,Target,Target-Cell_growth
Cell_growth,NEUROD1,Target,Target-Cell_growth
Cell_growth,RIPK3,Target,Target-Cell_growth
Cell_growth,DLG1,Target,Target-Cell_growth
Cell_growth,MLXIPL,Target,Target-Cell_growth
Cell_growth,TDRD6,Target,Target-Cell_growth
Cell_growth,PIWIL1,Target,Target-Cell_growth
Cell_growth,FOXC1,Target,Target-Cell_growth
Cell_growth,FBXO40,Target,Target-Cell_growth
Cell_growth,PHF5A,Target,Target-Cell_growth
Cell_growth,GBP5,Target,Target-Cell_growth
Cell_growth,SOX8,Target,Target-Cell_growth
Cell_growth,SOX3,Target,Target-Cell_growth
Cell_growth,ANKS1A,Target,Target-Cell_growth
Cell_growth,SORBS1,Target,Target-Cell_growth
Cell_growth,RORB,Target,Target-Cell_growth
Cell_growth,MELK,Target,Target-Cell_growth
Cell_growth,METRNL,Target,Target-Cell_growth
Cell_growth,BMP4,Target,Target-Cell_growth
Cell_growth,FSTL1,Target,Target-Cell_growth
Cell_growth,SIX2,Target,Target-Cell_growth
Cell_growth,GBP2,Target,Target-Cell_growth
Cell_growth,SIX3,Target,Target-Cell_growth
Cell_growth,EPHA8,Target,Target-Cell_growth
Cell_growth,FUT1,Target,Target-Cell_growth
Cell_growth,LMO4,Target,Target-Cell_growth
Cell_growth,EYA1,Target,Target-Cell_growth
Cell_growth,CD70,Target,Target-Cell_growth
Cell_growth,SLK,Target,Target-Cell_growth
Cell_growth,TXLNG,Target,Target-Cell_growth
Cell_growth,NHERF4,Target,Target-Cell_growth
Cell_growth,SRGAP2,Target,Target-Cell_growth
Cell_growth,SRGAP3,Target,Target-Cell_growth
Cell_growth,CTSC,Target,Target-Cell_growth
Cell_growth,CCL3,Target,Target-Cell_growth
Cell_growth,SETD6,Target,Target-Cell_growth
Cell_growth,STEAP4,Target,Target-Cell_growth
Cell_growth,ADGRB1,Target,Target-Cell_growth
Cell_growth,KCNC1,Target,Target-Cell_growth
Cell_growth,CSPG5,Target,Target-Cell_growth
Cell_growth,TNMD,Target,Target-Cell_growth
Cell_growth,SMC1A,Target,Target-Cell_growth
Cell_growth,MSH4,Target,Target-Cell_growth
Cell_growth,FBXL17,Target,Target-Cell_growth
Cell_growth,MSH5,Target,Target-Cell_growth
Cell_growth,FLNC,Target,Target-Cell_growth
Cell_growth,TYRO3,Target,Target-Cell_growth
Cell_growth,GRIA2,Target,Target-Cell_growth
Cell_growth,GRIA4,Target,Target-Cell_growth
Cell_growth,CORT,Target,Target-Cell_growth
Cell_growth,NPRL2,Target,Target-Cell_growth
Cell_growth,TRAPPC14,Target,Target-Cell_growth
Cell_growth,ADGRG6,Target,Target-Cell_growth
Cell_growth,PPIP5K1,Target,Target-Cell_growth
Cell_growth,MCTP1,Target,Target-Cell_growth
Cell_growth,HES1,Target,Target-Cell_growth
Cell_growth,NKX6-1,Target,Target-Cell_growth
Cell_growth,MAPK12,Target,Target-Cell_growth
Cell_growth,HES5,Target,Target-Cell_growth
Cell_growth,PA2G4,Target,Target-Cell_growth
Cell_growth,KHDRBS1,Target,Target-Cell_growth
Cell_growth,UNC50,Target,Target-Cell_growth
Cell_growth,RCC1,Target,Target-Cell_growth
Cell_growth,IRF6,Target,Target-Cell_growth
Cell_growth,DLK2,Target,Target-Cell_growth
Cell_growth,ANGPTL8,Target,Target-Cell_growth
Cell_growth,PRR16,Target,Target-Cell_growth
Cell_growth,SPPL3,Target,Target-Cell_growth
Cell_growth,F2RL1,Target,Target-Cell_growth
Cell_growth,NPHP1,Target,Target-Cell_growth
Cell_growth,YME1L1,Target,Target-Cell_growth
Cell_growth,TMEM98,Target,Target-Cell_growth
Cell_growth,JMY,Target,Target-Cell_growth
Cell_growth,PAX7,Target,Target-Cell_growth
Cell_growth,MOV10L1,Target,Target-Cell_growth
Cell_growth,ZC3H12A,Target,Target-Cell_growth
Cell_growth,PLK5,Target,Target-Cell_growth
Cell_growth,LEF1,Target,Target-Cell_growth
Cell_growth,LAMB1,Target,Target-Cell_growth
Cell_growth,UQCRQ,Target,Target-Cell_growth
Cell_growth,AIRE,Target,Target-Cell_growth
Cell_growth,VAMP3,Target,Target-Cell_growth
Cell_growth,REST,Target,Target-Cell_growth
Cell_growth,SLAMF8,Target,Target-Cell_growth
Cell_growth,SCRIB,Target,Target-Cell_growth
Cell_growth,COL4A3,Target,Target-Cell_growth
Cell_growth,TACSTD2,Target,Target-Cell_growth
Cell_growth,ENAH,Target,Target-Cell_growth
Cell_growth,TENM3,Target,Target-Cell_growth
Cell_growth,SCAI,Target,Target-Cell_growth
Cell_growth,JAML,Target,Target-Cell_growth
Cell_growth,SOX2,Target,Target-Cell_growth
Cell_growth,SOX13,Target,Target-Cell_growth
Cell_growth,FOXP1,Target,Target-Cell_growth
Cell_growth,TWIST1,Target,Target-Cell_growth
Cell_growth,SPNS2,Target,Target-Cell_growth
Cell_growth,F2R,Target,Target-Cell_growth
Cell_growth,HMGA2,Target,Target-Cell_growth
Cell_growth,SHH,Target,Target-Cell_growth
Cell_growth,DEUP1,Target,Target-Cell_growth
Cell_growth,E4F1,Target,Target-Cell_growth
Cell_growth,GMNN,Target,Target-Cell_growth
Cell_growth,LAG3,Target,Target-Cell_growth
Cell_growth,PTP4A1,Target,Target-Cell_growth
Cell_growth,AHI1,Target,Target-Cell_growth
Cell_growth,GPS2,Target,Target-Cell_growth
Cell_growth,FERRY3,Target,Target-Cell_growth
Cell_growth,CNTRL,Target,Target-Cell_growth
Cell_growth,CDC42EP1,Target,Target-Cell_growth
Cell_growth,MALT1,Target,Target-Cell_growth
Cell_growth,NLGN1,Target,Target-Cell_growth
Cell_growth,CLDN2,Target,Target-Cell_growth
Cell_growth,CLDN1,Target,Target-Cell_growth
Cell_growth,WDPCP,Target,Target-Cell_growth
Cell_growth,MEIOB,Target,Target-Cell_growth
Cell_growth,SEMA6D,Target,Target-Cell_growth
Cell_growth,SLC26A5,Target,Target-Cell_growth
Cell_growth,PDS5B,Target,Target-Cell_growth
Cell_growth,ATP2B3,Target,Target-Cell_growth
Cell_growth,GFRA1,Target,Target-Cell_growth
Cell_growth,NPPC,Target,Target-Cell_growth
Cell_growth,MFN2,Target,Target-Cell_growth
Cell_growth,SPX,Target,Target-Cell_growth
Cell_growth,SON,Target,Target-Cell_growth
Cell_growth,PIWIL4,Target,Target-Cell_growth
Cell_growth,GRN,Target,Target-Cell_growth
Cell_growth,SYT11,Target,Target-Cell_growth
Cell_growth,NOTCH3,Target,Target-Cell_growth
Cell_growth,SVEP1,Target,Target-Cell_growth
Cell_growth,FBXL7,Target,Target-Cell_growth
Cell_growth,XKR8,Target,Target-Cell_growth
Cell_growth,BTN2A2,Target,Target-Cell_growth
Cell_growth,ILDR2,Target,Target-Cell_growth
Cell_growth,BRINP1,Target,Target-Cell_growth
Cell_growth,RAET1E,Target,Target-Cell_growth
Cell_growth,SDK2,Target,Target-Cell_growth
Cell_growth,LATS2,Target,Target-Cell_growth
Cell_growth,ZP3,Target,Target-Cell_growth
Cell_growth,CLEC7A,Target,Target-Cell_growth
Cell_growth,GPR183,Target,Target-Cell_growth
Cell_growth,MEIS2,Target,Target-Cell_growth
Cell_growth,E2F1,Target,Target-Cell_growth
Cell_growth,ZNF322,Target,Target-Cell_growth
Cell_growth,TBX21,Target,Target-Cell_growth
Cell_growth,CD300LF,Target,Target-Cell_growth
Cell_growth,ZBTB1,Target,Target-Cell_growth
Cell_growth,EMC10,Target,Target-Cell_growth
Cell_growth,PPARG,Target,Target-Cell_growth
Cell_growth,HOXB8,Target,Target-Cell_growth
Cell_growth,HOXA9,Target,Target-Cell_growth
Cell_growth,MYOD1,Target,Target-Cell_growth
Cell_growth,BRINP3,Target,Target-Cell_growth
Cell_growth,SMYD2,Target,Target-Cell_growth
Cell_growth,BRINP2,Target,Target-Cell_growth
Cell_growth,IL6,Target,Target-Cell_growth
Cell_growth,SLAMF1,Target,Target-Cell_growth
Cell_growth,GFRAL,Target,Target-Cell_growth
Cell_growth,TAF6L,Target,Target-Cell_growth
Cell_growth,CDKN1B,Target,Target-Cell_growth
Cell_growth,OGDH,Target,Target-Cell_growth
Cell_growth,LOXL2,Target,Target-Cell_growth
Cell_growth,XKR4,Target,Target-Cell_growth
Cell_growth,CCDC85B,Target,Target-Cell_growth
Cell_growth,ITGA9,Target,Target-Cell_growth
Cell_growth,MEIS1,Target,Target-Cell_growth
Cell_growth,TAF5L,Target,Target-Cell_growth
Cell_growth,XKR9,Target,Target-Cell_growth
Cell_growth,PLAG1,Target,Target-Cell_growth
Cell_growth,NASP,Target,Target-Cell_growth
Cell_growth,UCHL3,Target,Target-Cell_growth
Cell_growth,FNDC5,Target,Target-Cell_growth
Cell_growth,BCL2,Target,Target-Cell_growth
Cell_growth,POU3F4,Target,Target-Cell_growth
Cell_growth,EIF2AK1,Target,Target-Cell_growth
Cell_growth,TFRC,Target,Target-Cell_growth
Cell_growth,CEBPB,Target,Target-Cell_growth
Cell_growth,TBX1,Target,Target-Cell_growth
Cell_growth,CREB1,Target,Target-Cell_growth
Cell_growth,SIX1,Target,Target-Cell_growth
Cell_growth,EFNA1,Target,Target-Cell_growth
Cell_growth,KAT7,Target,Target-Cell_growth
Cell_growth,IL4I1,Target,Target-Cell_growth
Cell_growth,FGL1,Target,Target-Cell_growth
Cell_growth,EEF1E1,Target,Target-Cell_growth
Cell_growth,CYRIB,Target,Target-Cell_growth
Cell_growth,RNF10,Target,Target-Cell_growth
Cell_growth,KDM1A,Target,Target-Cell_growth
Cell_growth,E2F3,Target,Target-Cell_growth
Cell_growth,FGR,Target,Target-Cell_growth
Cell_growth,SLC27A1,Target,Target-Cell_growth
Cell_growth,ASXL1,Target,Target-Cell_growth
Cell_growth,HAP1,Target,Target-Cell_growth
Cell_growth,APEX1,Target,Target-Cell_growth
Cell_growth,ITGB1BP1,Target,Target-Cell_growth
Cell_growth,ELAPOR2,Target,Target-Cell_growth
Cell_growth,ZNF423,Target,Target-Cell_growth
Cell_growth,HEYL,Target,Target-Cell_growth
Cell_growth,MYD88,Target,Target-Cell_growth
Cell_growth,NPPA,Target,Target-Cell_growth
Cell_growth,FAT2,Target,Target-Cell_growth
Cell_growth,HSPB6,Target,Target-Cell_growth
Cell_growth,TRIM31,Target,Target-Cell_growth
Cell_growth,BRD2,Target,Target-Cell_growth
Cell_growth,KIRREL3,Target,Target-Cell_growth
Cell_growth,USP44,Target,Target-Cell_growth
Cell_growth,TRIM56,Target,Target-Cell_growth
Cell_growth,IFITM2,Target,Target-Cell_growth
Cell_growth,TRIM8,Target,Target-Cell_growth
Cell_growth,MTCL1,Target,Target-Cell_growth
Cell_growth,GPM6B,Target,Target-Cell_growth
Cell_growth,RUNX1,Target,Target-Cell_growth
Cell_growth,IFITM1,Target,Target-Cell_growth
Cell_growth,E2F7,Target,Target-Cell_growth
Cell_growth,SOCS5,Target,Target-Cell_growth
Cell_growth,TRIM10,Target,Target-Cell_growth
Cell_growth,LPXN,Target,Target-Cell_growth
Cell_growth,TRIM11,Target,Target-Cell_growth
Cell_growth,SFRP1,Target,Target-Cell_growth
Cell_growth,PLA2G5,Target,Target-Cell_growth
Cell_growth,TRIM25,Target,Target-Cell_growth
Cell_growth,BMP7,Target,Target-Cell_growth
Cell_growth,TRIM59,Target,Target-Cell_growth
Cell_growth,IFITM3,Target,Target-Cell_growth
Cell_growth,RETN,Target,Target-Cell_growth
Cell_growth,EOMES,Target,Target-Cell_growth
Cell_growth,KLHL25,Target,Target-Cell_growth
Cell_growth,BOK,Target,Target-Cell_growth
Cell_growth,PAWR,Target,Target-Cell_growth
Cell_growth,TFPT,Target,Target-Cell_growth
Cell_growth,DLL1,Target,Target-Cell_growth
Cell_growth,MDM2,Target,Target-Cell_growth
Cell_growth,BIRC3,Target,Target-Cell_growth
Cell_growth,RIPK1,Target,Target-Cell_growth
Cell_growth,SLC2A5,Target,Target-Cell_growth
Cell_growth,KRT8,Target,Target-Cell_growth
Cell_growth,FKRP,Target,Target-Cell_growth
Cell_growth,KCNN2,Target,Target-Cell_growth
Cell_growth,DYSF,Target,Target-Cell_growth
Cell_growth,MLIP,Target,Target-Cell_growth
Cell_growth,SLC8A3,Target,Target-Cell_growth
Cell_growth,CAV3,Target,Target-Cell_growth
Cell_growth,DST,Target,Target-Cell_growth
Cell_growth,OBSCN,Target,Target-Cell_growth
Cell_growth,CLCN1,Target,Target-Cell_growth
Cell_growth,VCL,Target,Target-Cell_growth
Cell_growth,SMPD4,Target,Target-Cell_growth
Cell_growth,TRIM72,Target,Target-Cell_growth
Cell_growth,PDE2A,Target,Target-Cell_growth
Cell_growth,PDE4D,Target,Target-Cell_growth
Cell_growth,RHOA,Target,Target-Cell_growth
Cell_growth,PKN2,Target,Target-Cell_growth
Cell_growth,INAVA,Target,Target-Cell_growth
Cell_growth,RHOC,Target,Target-Cell_growth
Cell_growth,WHRN,Target,Target-Cell_growth
Cell_growth,CLIC5,Target,Target-Cell_growth
Cell_growth,MLKL,Target,Target-Cell_growth
Cell_growth,HOMER2,Target,Target-Cell_growth
Cell_growth,STRC,Target,Target-Cell_growth
Cell_growth,FSCN2,Target,Target-Cell_growth
Cell_growth,MYO3A,Target,Target-Cell_growth
Cell_growth,ESPNL,Target,Target-Cell_growth
Cell_growth,TMC2,Target,Target-Cell_growth
Cell_growth,SPESP1,Target,Target-Cell_growth
Cell_growth,ANKRD24,Target,Target-Cell_growth
Cell_growth,PIEZO1,Target,Target-Cell_growth
Cell_growth,MYO7A,Target,Target-Cell_growth
Cell_growth,FCHSD2,Target,Target-Cell_growth
Cell_growth,ESPN,Target,Target-Cell_growth
Cell_growth,PDZD7,Target,Target-Cell_growth
Cell_growth,MYO3B,Target,Target-Cell_growth
Cell_growth,ATP8B1,Target,Target-Cell_growth
Cell_growth,CD9,Target,Target-Cell_growth
Cell_growth,GRXCR1,Target,Target-Cell_growth
Cell_growth,LOXHD1,Target,Target-Cell_growth
Cell_growth,MORN4,Target,Target-Cell_growth
Cell_growth,SHISA7,Target,Target-Cell_growth
Cell_growth,TMC1,Target,Target-Cell_growth
Cell_growth,PTPRQ,Target,Target-Cell_growth
Cell_growth,PTPRR,Target,Target-Cell_growth
Cell_growth,STX4,Target,Target-Cell_growth
Cell_growth,TPRN,Target,Target-Cell_growth
Cell_growth,CDC14A,Target,Target-Cell_growth
Cell_growth,CLCN2,Target,Target-Cell_growth
Cell_growth,ADGRG1,Target,Target-Cell_growth
Cell_growth,KRT16,Target,Target-Cell_growth
Cell_growth,KCNK2,Target,Target-Cell_growth
Cell_growth,KCNAB2,Target,Target-Cell_growth
Cell_growth,PALM,Target,Target-Cell_growth
Cell_growth,MPP2,Target,Target-Cell_growth
Cell_growth,FOXM1,Target,Target-Cell_growth
Cell_growth,SGCE,Target,Target-Cell_growth
Cell_growth,GRIN2D,Target,Target-Cell_growth
Cell_growth,GRM1,Target,Target-Cell_growth
Cell_growth,GRM4,Target,Target-Cell_growth
Cell_growth,KCNK4,Target,Target-Cell_growth
Cell_growth,PPM1A,Target,Target-Cell_growth
Cell_growth,PRR7,Target,Target-Cell_growth
Cell_growth,CCDC172,Target,Target-Cell_growth
Cell_growth,TEKT5,Target,Target-Cell_growth
Cell_growth,TEKT3,Target,Target-Cell_growth
Cell_growth,SLC34A3,Target,Target-Cell_growth
Cell_growth,NCMAP,Target,Target-Cell_growth
Cell_growth,MAP2,Target,Target-Cell_growth
Cell_growth,MAP1B,Target,Target-Cell_growth
Cell_growth,MAP1A,Target,Target-Cell_growth
Cell_growth,KCNC3,Target,Target-Cell_growth
Cell_growth,CNIH3,Target,Target-Cell_growth
Cell_growth,NSG1,Target,Target-Cell_growth
Cell_growth,CUBN,Target,Target-Cell_growth
Cell_growth,SLC17A6,Target,Target-Cell_growth
Cell_growth,AQP8,Target,Target-Cell_growth
Cell_growth,DHX36,Target,Target-Cell_growth
Cell_growth,RBM3,Target,Target-Cell_growth
Cell_growth,SYP,Target,Target-Cell_growth
Cell_growth,HOMER1,Target,Target-Cell_growth
Cell_growth,PTCHD3,Target,Target-Cell_growth
Cell_growth,LYPD6,Target,Target-Cell_growth
Cell_growth,GRIP2,Target,Target-Cell_growth
Cell_growth,SCN2B,Target,Target-Cell_growth
Cell_growth,NSG2,Target,Target-Cell_growth
Cell_growth,NSF,Target,Target-Cell_growth
Cell_growth,VAMP7,Target,Target-Cell_growth
Cell_growth,LYZL4,Target,Target-Cell_growth
Cell_growth,CPEB4,Target,Target-Cell_growth
Cell_growth,BTBD8,Target,Target-Cell_growth
Cell_growth,CAPN2,Target,Target-Cell_growth
Cell_growth,MCRS1,Target,Target-Cell_growth
Cell_growth,NFASC,Target,Target-Cell_growth
Cell_growth,GRM8,Target,Target-Cell_growth
Cell_growth,PLK2,Target,Target-Cell_growth
Cell_growth,NSMF,Target,Target-Cell_growth
Cell_growth,PRKCG,Target,Target-Cell_growth
Cell_growth,EPHA5,Target,Target-Cell_growth
Cell_growth,KPNA1,Target,Target-Cell_growth
Cell_growth,ATCAY,Target,Target-Cell_growth
Cell_growth,SLC34A1,Target,Target-Cell_growth
Cell_growth,SLC20A2,Target,Target-Cell_growth
Cell_growth,SLC18A2,Target,Target-Cell_growth
Cell_growth,NHERF1,Target,Target-Cell_growth
Cell_growth,SCNN1A,Target,Target-Cell_growth
Cell_growth,SCN1B,Target,Target-Cell_growth
Cell_growth,PLPPR1,Target,Target-Cell_growth
Cell_growth,GRIN2B,Target,Target-Cell_growth
Cell_growth,GRIN2A,Target,Target-Cell_growth
Cell_growth,GRIN1,Target,Target-Cell_growth
Cell_growth,ARHGAP44,Target,Target-Cell_growth
Cell_growth,KIF1B,Target,Target-Cell_growth
Cell_growth,KCNA4,Target,Target-Cell_growth
Cell_growth,FARP1,Target,Target-Cell_growth
Cell_growth,BNIP3,Target,Target-Cell_growth
Cell_growth,PALMD,Target,Target-Cell_growth
Cell_growth,RGS12,Target,Target-Cell_growth
Cell_growth,SLC26A3,Target,Target-Cell_growth
Cell_growth,PPP3R2,Target,Target-Cell_growth
Cell_growth,PPP3CC,Target,Target-Cell_growth
Cell_growth,LRRK2,Target,Target-Cell_growth
Cell_growth,RSPH6A,Target,Target-Cell_growth
Cell_growth,PICK1,Target,Target-Cell_growth
Cell_growth,PNLIPRP2,Target,Target-Cell_growth
Cell_growth,CFAP95,Target,Target-Cell_growth
Cell_growth,ADAM22,Target,Target-Cell_growth
Cell_growth,ARL5B,Target,Target-Cell_growth
Cell_growth,DZIP1,Target,Target-Cell_growth
Cell_growth,SYT7,Target,Target-Cell_growth
Cell_growth,TEKTIP1,Target,Target-Cell_growth
Cell_growth,EPHB2,Target,Target-Cell_growth
Cell_growth,RIBC2,Target,Target-Cell_growth
Cell_growth,EFHB,Target,Target-Cell_growth
Cell_growth,CCDC42,Target,Target-Cell_growth
Cell_growth,ARHGEF15,Target,Target-Cell_growth
Cell_growth,SPMIP5,Target,Target-Cell_growth
Cell_growth,MYOC,Target,Target-Cell_growth
Cell_growth,IRGC,Target,Target-Cell_growth
Cell_growth,ENKUR,Target,Target-Cell_growth
Cell_growth,EPS8L1,Target,Target-Cell_growth
Cell_growth,DRC3,Target,Target-Cell_growth
Cell_growth,MROH2B,Target,Target-Cell_growth
Cell_growth,CFAP58,Target,Target-Cell_growth
Cell_growth,CABYR,Target,Target-Cell_growth
Cell_growth,FLACC1,Target,Target-Cell_growth
Cell_growth,TENM4,Target,Target-Cell_growth
Cell_growth,SEPTIN14,Target,Target-Cell_growth
Cell_growth,SPMIP9,Target,Target-Cell_growth
Cell_growth,CATSPERB,Target,Target-Cell_growth
Cell_growth,OPA1,Target,Target-Cell_growth
Cell_growth,CABS1,Target,Target-Cell_growth
Cell_growth,TEKTL1,Target,Target-Cell_growth
Cell_growth,CFAP53,Target,Target-Cell_growth
Cell_growth,GARIN2,Target,Target-Cell_growth
Cell_growth,SEPTIN10,Target,Target-Cell_growth
Cell_growth,SLC9B1,Target,Target-Cell_growth
Cell_growth,EFHC2,Target,Target-Cell_growth
Cell_growth,CNTNAP4,Target,Target-Cell_growth
Cell_growth,AHCYL2,Target,Target-Cell_growth
Cell_growth,SLC6A19,Target,Target-Cell_growth
Cell_growth,TBC1D21,Target,Target-Cell_growth
Cell_growth,HYAL3,Target,Target-Cell_growth
Cell_growth,SPAM1,Target,Target-Cell_growth
Cell_growth,NRSN1,Target,Target-Cell_growth
Cell_growth,CT55,Target,Target-Cell_growth
Cell_growth,PDE1A,Target,Target-Cell_growth
Cell_growth,RPGR,Target,Target-Cell_growth
Cell_growth,PDZK1,Target,Target-Cell_growth
Cell_growth,AKAP5,Target,Target-Cell_growth
Cell_growth,CFAP70,Target,Target-Cell_growth
Cell_growth,ALDH1A1,Target,Target-Cell_growth
Cell_growth,KIF9,Target,Target-Cell_growth
Cell_growth,TRAPPC4,Target,Target-Cell_growth
Cell_growth,NEFH,Target,Target-Cell_growth
Cell_growth,PIERCE2,Target,Target-Cell_growth
Cell_growth,CFAP210,Target,Target-Cell_growth
Cell_growth,VSTM5,Target,Target-Cell_growth
Cell_growth,OPHN1,Target,Target-Cell_growth
Cell_growth,PRRT2,Target,Target-Cell_growth
Cell_growth,IQCJ-SCHIP1,Target,Target-Cell_growth
Cell_growth,TMEM185A,Target,Target-Cell_growth
Cell_growth,ELFN1,Target,Target-Cell_growth
Cell_growth,NME7,Target,Target-Cell_growth
Cell_growth,CNTNAP1,Target,Target-Cell_growth
Cell_growth,SLC26A4,Target,Target-Cell_growth
Cell_growth,SPAG16,Target,Target-Cell_growth
Cell_growth,KASH5,Target,Target-Cell_growth
Cell_growth,SEPTIN4,Target,Target-Cell_growth
Cell_growth,CIMIP2B,Target,Target-Cell_growth
Cell_growth,TSSK6,Target,Target-Cell_growth
Cell_growth,GK2,Target,Target-Cell_growth
Cell_growth,GALK2,Target,Target-Cell_growth
Cell_growth,IQCG,Target,Target-Cell_growth
Cell_growth,TTLL3,Target,Target-Cell_growth
Cell_growth,MAGED4; MAGED4B,Target,Target-Cell_growth
Cell_growth,MAGEE1,Target,Target-Cell_growth
Cell_growth,MAGEC2,Target,Target-Cell_growth
Cell_growth,PRSS12,Target,Target-Cell_growth
Cell_growth,SPAG8,Target,Target-Cell_growth
Cell_growth,MNS1,Target,Target-Cell_growth
Cell_growth,CFAP68,Target,Target-Cell_growth
Cell_growth,CFAP65,Target,Target-Cell_growth
Cell_growth,NR1D1,Target,Target-Cell_growth
Cell_growth,AKAP3,Target,Target-Cell_growth
Cell_growth,CATSPERD,Target,Target-Cell_growth
Cell_growth,KIF3B,Target,Target-Cell_growth
Cell_growth,NEU4,Target,Target-Cell_growth
Cell_growth,NMB,Target,Target-Cell_growth
Cell_growth,GPNMB,Target,Target-Cell_growth
Cell_growth,TOMM20,Target,Target-Cell_growth
Cell_growth,CCDC181,Target,Target-Cell_growth
Cell_growth,CATSPERE,Target,Target-Cell_growth
Cell_growth,SAXO4,Target,Target-Cell_growth
Cell_growth,KCNA6,Target,Target-Cell_growth
Cell_growth,KCNA3,Target,Target-Cell_growth
Cell_growth,TMEM249,Target,Target-Cell_growth
Cell_growth,LYZL6,Target,Target-Cell_growth
Cell_growth,SLC9A3,Target,Target-Cell_growth
Cell_growth,ANKRD27,Target,Target-Cell_growth
Cell_growth,PODXL,Target,Target-Cell_growth
Cell_growth,ODF1,Target,Target-Cell_growth
Cell_growth,CLN3,Target,Target-Cell_growth
Cell_growth,TMEM100,Target,Target-Cell_growth
Cell_growth,SSNA1,Target,Target-Cell_growth
Cell_growth,CFAP20,Target,Target-Cell_growth
Cell_growth,ELAVL4,Target,Target-Cell_growth
Cell_growth,TUBB4B,Target,Target-Cell_growth
Cell_growth,CCDC34,Target,Target-Cell_growth
Cell_growth,GAS8,Target,Target-Cell_growth
Cell_growth,CYFIP1,Target,Target-Cell_growth
Cell_growth,RSPH9,Target,Target-Cell_growth
Cell_growth,CFAP161,Target,Target-Cell_growth
Cell_growth,ATOH7,Target,Target-Cell_growth
Cell_growth,DUSP3,Target,Target-Cell_growth
Cell_growth,CATSPER4,Target,Target-Cell_growth
Cell_growth,INPP5A,Target,Target-Cell_growth
Cell_growth,ODF2,Target,Target-Cell_growth
Cell_growth,TTLL8,Target,Target-Cell_growth
Cell_growth,ATP2B1,Target,Target-Cell_growth
Cell_growth,LIMK1,Target,Target-Cell_growth
Cell_growth,SPATA33,Target,Target-Cell_growth
Cell_growth,CYP46A1,Target,Target-Cell_growth
Cell_growth,CFAP276,Target,Target-Cell_growth
Cell_growth,MORN5,Target,Target-Cell_growth
Cell_growth,SPATA19,Target,Target-Cell_growth
Cell_growth,CFAP45,Target,Target-Cell_growth
Cell_growth,CFAP52,Target,Target-Cell_growth
Cell_growth,CIMIP2C,Target,Target-Cell_growth
Cell_growth,CFAP144,Target,Target-Cell_growth
Cell_growth,CFAP126,Target,Target-Cell_growth
Cell_growth,SLC30A3,Target,Target-Cell_growth
Cell_growth,DNALI1,Target,Target-Cell_growth
Cell_growth,TMEM108,Target,Target-Cell_growth
Cell_growth,TEKT4,Target,Target-Cell_growth
Cell_growth,NEURL1,Target,Target-Cell_growth
Cell_growth,RIBC1,Target,Target-Cell_growth
Cell_growth,CNIH2,Target,Target-Cell_growth
Cell_growth,SLC7A9,Target,Target-Cell_growth
Cell_growth,DIAPH1,Target,Target-Cell_growth
Cell_growth,TSC22D4,Target,Target-Cell_growth
Cell_growth,TSSK3,Target,Target-Cell_growth
Cell_growth,RIMS1,Target,Target-Cell_growth
Cell_growth,CIMIP2A,Target,Target-Cell_growth
Cell_growth,IGSF21,Target,Target-Cell_growth
Cell_growth,ATP2B4,Target,Target-Cell_growth
Cell_growth,CPT1C,Target,Target-Cell_growth
Cell_growth,APP,Target,Target-Cell_growth
Cell_growth,CNTNAP2,Target,Target-Cell_growth
Cell_growth,ATG16L1,Target,Target-Cell_growth
Cell_growth,TUBA1A,Target,Target-Cell_growth
Cell_growth,TCTE1,Target,Target-Cell_growth
Cell_growth,TCP11,Target,Target-Cell_growth
Cell_growth,CATSPERZ,Target,Target-Cell_growth
Cell_growth,ITLN1,Target,Target-Cell_growth
Cell_growth,TEKT1,Target,Target-Cell_growth
Cell_growth,IFT27,Target,Target-Cell_growth
Cell_growth,HDAC6,Target,Target-Cell_growth
Cell_growth,CPEB3,Target,Target-Cell_growth
Cell_growth,EFCAB6,Target,Target-Cell_growth
Cell_growth,SPMIP10,Target,Target-Cell_growth
Cell_growth,VDAC2,Target,Target-Cell_growth
Cell_growth,DNHD1,Target,Target-Cell_growth
Cell_growth,ARL8B,Target,Target-Cell_growth
Cell_growth,CALM1,Target,Target-Cell_growth
Cell_growth,CATSPER1,Target,Target-Cell_growth
Cell_growth,SLC26A6,Target,Target-Cell_growth
Cell_growth,IFT88,Target,Target-Cell_growth
Cell_growth,IQUB,Target,Target-Cell_growth
Cell_growth,DIP2B,Target,Target-Cell_growth
Cell_growth,TTC29,Target,Target-Cell_growth
Cell_growth,CABCOCO1,Target,Target-Cell_growth
Cell_growth,RSPH1,Target,Target-Cell_growth
Cell_growth,SLC22A12,Target,Target-Cell_growth
Cell_growth,BBOF1,Target,Target-Cell_growth
Cell_growth,FAM107A,Target,Target-Cell_growth
Cell_growth,TPPP2,Target,Target-Cell_growth
Cell_growth,QRICH2,Target,Target-Cell_growth
Cell_growth,ADGB,Target,Target-Cell_growth
Cell_growth,LIMA1,Target,Target-Cell_growth
Cell_growth,SPMIP6,Target,Target-Cell_growth
Cell_growth,ACE2,Target,Target-Cell_growth
Cell_growth,SLC3A1,Target,Target-Cell_growth
Cell_growth,SPACA9,Target,Target-Cell_growth
Cell_growth,DUSP21,Target,Target-Cell_growth
Cell_growth,CFAP141,Target,Target-Cell_growth
Cell_growth,C2CD6,Target,Target-Cell_growth
Cell_growth,NRXN1,Target,Target-Cell_growth
Cell_growth,NRXN3,Target,Target-Cell_growth
Cell_growth,C9orf72,Target,Target-Cell_growth
Cell_growth,GRM3,Target,Target-Cell_growth
Cell_growth,MPST,Target,Target-Cell_growth
Cell_growth,EPHA4,Target,Target-Cell_growth
Cell_growth,LGI3,Target,Target-Cell_growth
Cell_growth,SPMIP8,Target,Target-Cell_growth
Cell_growth,CIMIP4,Target,Target-Cell_growth
Cell_growth,JAM2,Target,Target-Cell_growth
Cell_growth,DLG2,Target,Target-Cell_growth
Cell_growth,GRIK2,Target,Target-Cell_growth
Cell_growth,GRIK5,Target,Target-Cell_growth
Cell_growth,GRIK3,Target,Target-Cell_growth
Cell_growth,BEGAIN,Target,Target-Cell_growth
Cell_growth,GRM2,Target,Target-Cell_growth
Cell_growth,MAP6,Target,Target-Cell_growth
Cell_growth,CFAP119,Target,Target-Cell_growth
Cell_growth,DNAJB13,Target,Target-Cell_growth
Cell_growth,CFAP107,Target,Target-Cell_growth
Cell_growth,PIERCE1,Target,Target-Cell_growth
Cell_growth,CFAP90,Target,Target-Cell_growth
Cell_growth,PACRG,Target,Target-Cell_growth
Cell_growth,EFCAB9,Target,Target-Cell_growth
Cell_growth,CIMAP1A,Target,Target-Cell_growth
Cell_growth,TEKT2,Target,Target-Cell_growth
Cell_growth,SRCIN1,Target,Target-Cell_growth
Cell_growth,ATP7A,Target,Target-Cell_growth
Cell_growth,TMEM65,Target,Target-Cell_growth
Cell_growth,NRAP,Target,Target-Cell_growth
Cell_growth,XIRP1,Target,Target-Cell_growth
Cell_growth,DSP,Target,Target-Cell_growth
Cell_growth,FXYD1,Target,Target-Cell_growth
Cell_growth,CLDN19,Target,Target-Cell_growth
Cell_growth,FCHSD1,Target,Target-Cell_growth
Cell_growth,SNX9,Target,Target-Cell_growth
Cell_growth,LMOD2,Target,Target-Cell_growth
Cell_growth,MYH7,Target,Target-Cell_growth
Cell_growth,GRIA3,Target,Target-Cell_growth
Cell_growth,SLC32A1,Target,Target-Cell_growth
Cell_growth,ABHD17A,Target,Target-Cell_growth
Cell_growth,SYT12,Target,Target-Cell_growth
Cell_growth,PCLO,Target,Target-Cell_growth
Cell_growth,CACNG5,Target,Target-Cell_growth
Cell_growth,HABP4,Target,Target-Cell_growth
Cell_growth,PDLIM1,Target,Target-Cell_growth
Cell_growth,IGSF11,Target,Target-Cell_growth
Cell_growth,ZDHHC2,Target,Target-Cell_growth
Cell_growth,KCNJ12,Target,Target-Cell_growth
Cell_growth,DMD,Target,Target-Cell_growth
Cell_growth,FAM81A,Target,Target-Cell_growth
Cell_growth,DNMBP,Target,Target-Cell_growth
Cell_growth,BSN,Target,Target-Cell_growth
Cell_growth,KCNJ2,Target,Target-Cell_growth
Cell_growth,FHL2,Target,Target-Cell_growth
Cell_growth,DTNB,Target,Target-Cell_growth
Cell_growth,LMOD1,Target,Target-Cell_growth
Cell_growth,PDLIM5,Target,Target-Cell_growth
Cell_growth,DNM3,Target,Target-Cell_growth
Cell_growth,CEFIP,Target,Target-Cell_growth
Cell_growth,ADCY1,Target,Target-Cell_growth
Cell_growth,NETO1,Target,Target-Cell_growth
Cell_growth,DAO,Target,Target-Cell_growth
Cell_growth,SYNPO2,Target,Target-Cell_growth
Cell_growth,ANKRD1,Target,Target-Cell_growth
Cell_growth,SHISA6,Target,Target-Cell_growth
Cell_growth,SEMA4C,Target,Target-Cell_growth
Cell_growth,DCAF12,Target,Target-Cell_growth
Cell_growth,IGFN1,Target,Target-Cell_growth
Cell_growth,DLG5,Target,Target-Cell_growth
Cell_growth,ARHGAP32,Target,Target-Cell_growth
Cell_growth,MYOM3,Target,Target-Cell_growth
Cell_growth,INPP4A,Target,Target-Cell_growth
Cell_growth,INSYN1,Target,Target-Cell_growth
Cell_growth,ANKRD2,Target,Target-Cell_growth
Cell_growth,FABP5,Target,Target-Cell_growth
Cell_growth,MYBPHL,Target,Target-Cell_growth
Cell_growth,ABHD17B,Target,Target-Cell_growth
Cell_growth,RAB3A,Target,Target-Cell_growth
Cell_growth,PPP1R12B,Target,Target-Cell_growth
Cell_growth,PPP1R12A,Target,Target-Cell_growth
Cell_growth,CACNG8,Target,Target-Cell_growth
Cell_growth,KY,Target,Target-Cell_growth
Cell_growth,SORCS2,Target,Target-Cell_growth
Cell_growth,FBXO45,Target,Target-Cell_growth
Cell_growth,MYOM1,Target,Target-Cell_growth
Cell_growth,STPG4,Target,Target-Cell_growth
Cell_growth,SMCR8,Target,Target-Cell_growth
Cell_growth,ARHGEF9,Target,Target-Cell_growth
Cell_growth,ARHGEF25,Target,Target-Cell_growth
Cell_growth,SEPTIN3,Target,Target-Cell_growth
Cell_growth,LZTS3,Target,Target-Cell_growth
Cell_growth,SH2D5,Target,Target-Cell_growth
Cell_growth,MYZAP,Target,Target-Cell_growth
Cell_growth,GLRX3,Target,Target-Cell_growth
Cell_growth,BCR,Target,Target-Cell_growth
Cell_growth,ACTN2,Target,Target-Cell_growth
Cell_growth,SIGMAR1,Target,Target-Cell_growth
Cell_growth,OOSP2,Target,Target-Cell_growth
Cell_growth,ABHD17C,Target,Target-Cell_growth
Cell_growth,GPHN,Target,Target-Cell_growth
Cell_growth,INSYN2A,Target,Target-Cell_growth
Cell_growth,SEPTIN5,Target,Target-Cell_growth
Cell_growth,AKAP4,Target,Target-Cell_growth
Cell_growth,IQSEC3,Target,Target-Cell_growth
Cell_growth,ALDOA,Target,Target-Cell_growth
Cell_growth,ACTA1,Target,Target-Cell_growth
Cell_growth,NEXN,Target,Target-Cell_growth
Cell_growth,SIPA1L1,Target,Target-Cell_growth
Cell_growth,UNC13A,Target,Target-Cell_growth
Cell_growth,SV2A,Target,Target-Cell_growth
Cell_growth,SHANK3,Target,Target-Cell_growth
Cell_growth,DNM1,Target,Target-Cell_growth
Cell_growth,USP45,Target,Target-Cell_growth
Cell_growth,RPH3A,Target,Target-Cell_growth
Cell_growth,TPRG1L,Target,Target-Cell_growth
Cell_growth,ARFGEF2,Target,Target-Cell_growth
Cell_growth,TANC2,Target,Target-Cell_growth
Cell_growth,PACSIN1,Target,Target-Cell_growth
Cell_growth,PDLIM4,Target,Target-Cell_growth
Cell_growth,GNAT1,Target,Target-Cell_growth
Cell_growth,CARTPT,Target,Target-Cell_growth
Cell_growth,RAB5A,Target,Target-Cell_growth
Cell_growth,RIC8A,Target,Target-Cell_growth
Cell_growth,CCDC66,Target,Target-Cell_growth
Cell_growth,SLC2A1,Target,Target-Cell_growth
Cell_growth,DRD1,Target,Target-Cell_growth
Cell_growth,ROR1,Target,Target-Cell_growth
Cell_growth,DOCK10,Target,Target-Cell_growth
Cell_growth,ASRGL1,Target,Target-Cell_growth
Cell_growth,ABHD13,Target,Target-Cell_growth
Cell_growth,NOTCH2,Target,Target-Cell_growth
Cell_growth,ABHD12,Target,Target-Cell_growth
Cell_growth,DIP2A,Target,Target-Cell_growth
Cell_growth,USH2A,Target,Target-Cell_growth
Cell_growth,RDH12,Target,Target-Cell_growth
Cell_growth,CEP250,Target,Target-Cell_growth
Cell_growth,SNCA,Target,Target-Cell_growth
Cell_growth,RD3,Target,Target-Cell_growth
Cell_growth,PTPRU,Target,Target-Cell_growth
Cell_growth,PTPRO,Target,Target-Cell_growth
Cell_growth,CTTNBP2,Target,Target-Cell_growth
Cell_growth,RHO,Target,Target-Cell_growth
Cell_growth,ARC,Target,Target-Cell_growth
Cell_growth,NOL3,Target,Target-Cell_growth
Cell_growth,WT1,Target,Target-Cell_growth
Cell_growth,DYNLT1,Target,Target-Cell_growth
Cell_growth,HKDC1,Target,Target-Cell_growth
Cell_growth,ABI2,Target,Target-Cell_growth
Cell_growth,DRAM2,Target,Target-Cell_growth
Cell_growth,CFAP418,Target,Target-Cell_growth
Cell_growth,BSG,Target,Target-Cell_growth
Cell_growth,GUCA1A,Target,Target-Cell_growth
Cell_growth,GUK1,Target,Target-Cell_growth
Cell_growth,TULP1,Target,Target-Cell_growth
Cell_growth,ADGRV1,Target,Target-Cell_growth
Cell_growth,LCA5,Target,Target-Cell_growth
Cell_growth,MYCBPAP,Target,Target-Cell_growth
Cell_growth,PRSS55,Target,Target-Cell_growth
Cell_growth,GRID1,Target,Target-Cell_growth
Cell_growth,ALPK1,Target,Target-Cell_growth
Cell_growth,ZP2,Target,Target-Cell_growth
Cell_growth,TESC,Target,Target-Cell_growth
Cell_growth,RAB27A,Target,Target-Cell_growth
Cell_growth,DAGLA,Target,Target-Cell_growth
Cell_growth,KIF3A,Target,Target-Cell_growth
Cell_growth,IFT122,Target,Target-Cell_growth
Cell_growth,KIAA1549,Target,Target-Cell_growth
Cell_growth,WDR19,Target,Target-Cell_growth
Cell_growth,RPGRIP1,Target,Target-Cell_growth
Cell_growth,CFAP410,Target,Target-Cell_growth
Cell_growth,CEP290,Target,Target-Cell_growth
Cell_growth,SHISA9,Target,Target-Cell_growth
Cell_growth,MAK,Target,Target-Cell_growth
Cell_growth,ALPK3,Target,Target-Cell_growth
Cell_growth,SPATA7,Target,Target-Cell_growth
Cell_growth,RP1L1,Target,Target-Cell_growth
Cell_growth,HELLS,Target,Target-Cell_growth
Cell_growth,EFNA2,Target,Target-Cell_growth
Cell_growth,ABCA4,Target,Target-Cell_growth
Cell_growth,MYRIP,Target,Target-Cell_growth
Cell_growth,CETN1,Target,Target-Cell_growth
Cell_growth,ATP2B2,Target,Target-Cell_growth
Cell_growth,PCDH19,Target,Target-Cell_growth
Cell_growth,ATOH8,Target,Target-Cell_growth
Cell_growth,ARHGEF7,Target,Target-Cell_growth
Cell_growth,LRRC17,Target,Target-Cell_growth
Cell_growth,GAPDHS,Target,Target-Cell_growth
Cell_growth,CFL1,Target,Target-Cell_growth
Cell_growth,RAC1,Target,Target-Cell_growth
Cell_growth,EVL,Target,Target-Cell_growth
Cell_growth,ROCK1,Target,Target-Cell_growth
Cell_growth,CARMIL1,Target,Target-Cell_growth
Cell_growth,PHACTR4,Target,Target-Cell_growth
Cell_growth,APLP2,Target,Target-Cell_growth
Cell_growth,APPL2,Target,Target-Cell_growth
Cell_growth,SMCP,Target,Target-Cell_growth
Cell_growth,FGD3,Target,Target-Cell_growth
Cell_growth,ARPIN,Target,Target-Cell_growth
Cell_growth,SPN,Target,Target-Cell_growth
Cell_growth,DEAF1,Target,Target-Cell_growth
Cell_growth,DBNL,Target,Target-Cell_growth
Cell_growth,ARHGEF6,Target,Target-Cell_growth
Cell_growth,RAB13,Target,Target-Cell_growth
Cell_growth,ILK,Target,Target-Cell_growth
Cell_growth,APPL1,Target,Target-Cell_growth
Cell_growth,SH3RF1,Target,Target-Cell_growth
Cell_growth,SORD,Target,Target-Cell_growth
Cell_growth,AIF1,Target,Target-Cell_growth
Cell_growth,DCDC2,Target,Target-Cell_growth
Cell_growth,PTPRS,Target,Target-Cell_growth
Cell_growth,BTBD3,Target,Target-Cell_growth
Cell_growth,NUP62,Target,Target-Cell_growth
Cell_growth,STUM,Target,Target-Cell_growth
Cell_growth,SYTL2,Target,Target-Cell_growth
Cell_growth,SYTL1,Target,Target-Cell_growth
Cell_growth,CITED1,Target,Target-Cell_growth
Cell_growth,CDT1,Target,Target-Cell_growth
Cell_growth,EXOC3L1,Target,Target-Cell_growth
Cell_growth,PLPPR4,Target,Target-Cell_growth
Cell_growth,RYR1,Target,Target-Cell_growth
Cell_growth,GRID2,Target,Target-Cell_growth
Cell_growth,PPP1R42,Target,Target-Cell_growth
Cell_growth,CACNG4,Target,Target-Cell_growth
Cell_growth,JPH1,Target,Target-Cell_growth
Cell_growth,CACNG3,Target,Target-Cell_growth
Cell_growth,ATP6V1E1,Target,Target-Cell_growth
Cell_growth,PSD3,Target,Target-Cell_growth
Cell_growth,ANKS4B,Target,Target-Cell_growth
Cell_growth,USH1C,Target,Target-Cell_growth
Cell_growth,SPAG17,Target,Target-Cell_growth
Cell_growth,LRGUK,Target,Target-Cell_growth
Cell_growth,ATP6V1A,Target,Target-Cell_growth
Cell_growth,RHOD,Target,Target-Cell_growth
Cell_growth,ICAM2,Target,Target-Cell_growth
Cell_growth,JPH3,Target,Target-Cell_growth
Cell_growth,PMFBP1,Target,Target-Cell_growth
Cell_growth,CASQ2,Target,Target-Cell_growth
Cell_growth,CASQ1,Target,Target-Cell_growth
Cell_growth,IFT20,Target,Target-Cell_growth
Cell_growth,SMTNL1,Target,Target-Cell_growth
Cell_growth,MYO7B,Target,Target-Cell_growth
Cell_growth,LDLR,Target,Target-Cell_growth
Cell_growth,SPATA6,Target,Target-Cell_growth
Cell_growth,DHRS7C,Target,Target-Cell_growth
Cell_growth,SUN5,Target,Target-Cell_growth
Cell_growth,PSD2,Target,Target-Cell_growth
Cell_growth,STK33,Target,Target-Cell_growth
Cell_growth,CACNG2,Target,Target-Cell_growth
Cell_growth,BAG5,Target,Target-Cell_growth
Cell_growth,THBS4,Target,Target-Cell_growth
Cell_growth,AKNA,Target,Target-Cell_growth
Cell_growth,THBS1,Target,Target-Cell_growth
Cell_growth,CFAP47,Target,Target-Cell_growth
Cell_growth,CFAP221,Target,Target-Cell_growth
Cell_growth,SLC39A9,Target,Target-Cell_growth
Cell_growth,MSN,Target,Target-Cell_growth
Cell_growth,PRCD,Target,Target-Cell_growth
Cell_growth,SYNGR2,Target,Target-Cell_growth
Cell_growth,RAB11B,Target,Target-Cell_growth
Cell_growth,SLC6A17,Target,Target-Cell_growth
Cell_growth,CACNB3,Target,Target-Cell_growth
Cell_growth,SYN3,Target,Target-Cell_growth
Cell_growth,SYN2,Target,Target-Cell_growth
Cell_growth,CACNB2,Target,Target-Cell_growth
Cell_growth,SYN1,Target,Target-Cell_growth
Cell_growth,COPS4,Target,Target-Cell_growth
Cell_growth,MYO16,Target,Target-Cell_growth
Cell_growth,NYAP1,Target,Target-Cell_growth
Cell_growth,HEXB,Target,Target-Cell_growth
Cell_growth,PADI6,Target,Target-Cell_growth
Cell_growth,SYNGR3,Target,Target-Cell_growth
Cell_growth,ASTL,Target,Target-Cell_growth
Cell_growth,NYAP2,Target,Target-Cell_growth
Cell_growth,WNT5A,Target,Target-Cell_growth
Cell_growth,KLK8,Target,Target-Cell_growth
Cell_growth,STX1A,Target,Target-Cell_growth
Cell_growth,BRSK1,Target,Target-Cell_growth
Cell_growth,MT3,Target,Target-Cell_growth
Cell_growth,MBTPS2,Target,Target-Cell_growth
Cell_growth,MBTPS1,Target,Target-Cell_growth
Cell_growth,CREB3L1,Target,Target-Cell_growth
Cell_growth,ROBO1,Target,Target-Cell_growth
Cell_growth,UPF1,Target,Target-Cell_growth
Cell_growth,AGO2,Target,Target-Cell_growth
Cell_growth,MUC1,Target,Target-Cell_growth
Cell_growth,ROBO2,Target,Target-Cell_growth
Cell_growth,RELN,Target,Target-Cell_growth
Cell_growth,GLP1R,Target,Target-Cell_growth
Cell_growth,GLUL,Target,Target-Cell_growth
Cell_growth,PLP1,Target,Target-Cell_growth
Cell_growth,MBP,Target,Target-Cell_growth
Cell_growth,PRG2,Target,Target-Cell_growth
Cell_growth,GDI1,Target,Target-Cell_growth
Cell_growth,GNAO1,Target,Target-Cell_growth
Cell_growth,GSN,Target,Target-Cell_growth
Cell_growth,CNGB1,Target,Target-Cell_growth
Cell_growth,HSP90AA1,Target,Target-Cell_growth
Cell_growth,EFCAB7,Target,Target-Cell_growth
Cell_growth,CCT2,Target,Target-Cell_growth
Cell_growth,CCT5,Target,Target-Cell_growth
Cell_growth,GNB1,Target,Target-Cell_growth
Cell_growth,GPI,Target,Target-Cell_growth
Cell_growth,CLTC,Target,Target-Cell_growth
Cell_growth,NDRG1,Target,Target-Cell_growth
Cell_growth,MIB1,Target,Target-Cell_growth
Cell_growth,WDR1,Target,Target-Cell_growth
Cell_growth,HSPA5,Target,Target-Cell_growth
Cell_growth,PDIA3,Target,Target-Cell_growth
Cell_growth,TMEM231,Target,Target-Cell_growth
Cell_growth,GOT2,Target,Target-Cell_growth
Cell_growth,GNB2,Target,Target-Cell_growth
Cell_growth,PEBP1,Target,Target-Cell_growth
Cell_growth,PRDX1,Target,Target-Cell_growth
Cell_growth,ATP5PD,Target,Target-Cell_growth
Cell_growth,DLAT,Target,Target-Cell_growth
Cell_growth,ENO2,Target,Target-Cell_growth
Cell_growth,SEPTIN8,Target,Target-Cell_growth
Cell_growth,PHGDH,Target,Target-Cell_growth
Cell_growth,BRME1,Target,Target-Cell_growth
Cell_growth,IQCE,Target,Target-Cell_growth
Cell_growth,HSF2BP,Target,Target-Cell_growth
Cell_growth,GFAP,Target,Target-Cell_growth
Cell_growth,GAPDH,Target,Target-Cell_growth
Cell_growth,EHD3,Target,Target-Cell_growth
Cell_growth,PLCB1,Target,Target-Cell_growth
Cell_growth,PKM,Target,Target-Cell_growth
Cell_growth,PGAM1,Target,Target-Cell_growth
Cell_growth,PDHA1,Target,Target-Cell_growth
Cell_growth,GPR157,Target,Target-Cell_growth
Cell_growth,IMMT,Target,Target-Cell_growth
Cell_growth,DDR2,Target,Target-Cell_growth
Cell_growth,TKT,Target,Target-Cell_growth
Cell_growth,CNTN1,Target,Target-Cell_growth
Cell_growth,GNB5,Target,Target-Cell_growth
Cell_growth,MOBP,Target,Target-Cell_growth
Cell_growth,NME2,Target,Target-Cell_growth
Cell_growth,NME1,Target,Target-Cell_growth
Cell_growth,NEFM,Target,Target-Cell_growth
Cell_growth,NEFL,Target,Target-Cell_growth
Cell_growth,SEPTIN2,Target,Target-Cell_growth
Cell_growth,HSPA8,Target,Target-Cell_growth
Cell_growth,TAGLN3,Target,Target-Cell_growth
Cell_growth,ATP5PB,Target,Target-Cell_growth
Cell_growth,NAPG,Target,Target-Cell_growth
Cell_growth,NAPA,Target,Target-Cell_growth
Cell_growth,VCP,Target,Target-Cell_growth
Cell_growth,ACO2,Target,Target-Cell_growth
Cell_growth,PPIA,Target,Target-Cell_growth
Cell_growth,NDUFS3,Target,Target-Cell_growth
Cell_growth,SCN2A,Target,Target-Cell_growth
Cell_growth,RPS27A,Target,Target-Cell_growth
Cell_growth,LDHB,Target,Target-Cell_growth
Cell_growth,NDUFS1,Target,Target-Cell_growth
Cell_growth,STXBP1,Target,Target-Cell_growth
Cell_growth,PITPNA,Target,Target-Cell_growth
Cell_growth,GDI2,Target,Target-Cell_growth
Cell_growth,INA,Target,Target-Cell_growth
Cell_growth,EVC2,Target,Target-Cell_growth
Cell_growth,HSPA9,Target,Target-Cell_growth
Cell_growth,HSPA2,Target,Target-Cell_growth
Cell_growth,HSPD1,Target,Target-Cell_growth
Cell_growth,MOG,Target,Target-Cell_growth
Cell_growth,IDH3A,Target,Target-Cell_growth
Cell_growth,DLD,Target,Target-Cell_growth
Cell_growth,UQCRC1,Target,Target-Cell_growth
Cell_growth,TUBB4A,Target,Target-Cell_growth
Cell_growth,TUBA1B,Target,Target-Cell_growth
Cell_growth,ATP5F1B,Target,Target-Cell_growth
Cell_growth,ARL13B,Target,Target-Cell_growth
Cell_growth,SAPCD2,Target,Target-Cell_growth
Cell_growth,IGSF8,Target,Target-Cell_growth
Cell_growth,GNB4,Target,Target-Cell_growth
Cell_growth,NAPB,Target,Target-Cell_growth
Cell_growth,MYH14,Target,Target-Cell_growth
Cell_growth,YWHAG,Target,Target-Cell_growth
Cell_growth,CNGA2,Target,Target-Cell_growth
Cell_growth,SEPTIN7,Target,Target-Cell_growth
Cell_growth,EVC,Target,Target-Cell_growth
Cell_growth,AMH,Target,Target-Cell_growth
Cell_growth,MIF,Target,Target-Cell_growth
Cell_growth,CCT3,Target,Target-Cell_growth
Cell_growth,UQCRFS1,Target,Target-Cell_growth
Cell_growth,TUFM,Target,Target-Cell_growth
Cell_growth,DLST,Target,Target-Cell_growth
Cell_growth,SLC25A12,Target,Target-Cell_growth
Cell_growth,TMEM17,Target,Target-Cell_growth
Cell_growth,MOSMO,Target,Target-Cell_growth
Cell_growth,ATP5F1A,Target,Target-Cell_growth
Cell_growth,ATP1B1,Target,Target-Cell_growth
Cell_growth,ATP1A3,Target,Target-Cell_growth
Cell_growth,ATP1A2,Target,Target-Cell_growth
Cell_growth,ATP1A1,Target,Target-Cell_growth
Cell_growth,CNP,Target,Target-Cell_growth
Cell_growth,CKB,Target,Target-Cell_growth
Cell_growth,SPTAN1,Target,Target-Cell_growth
Cell_growth,SOD2,Target,Target-Cell_growth
Cell_growth,SOD1,Target,Target-Cell_growth
Cell_growth,SNAP25,Target,Target-Cell_growth
Cell_growth,ASS1,Target,Target-Cell_growth
Cell_growth,ATP5PO,Target,Target-Cell_growth
Cell_growth,UBC,Target,Target-Cell_growth
Cell_growth,UBB,Target,Target-Cell_growth
Cell_growth,UBA52,Target,Target-Cell_growth
Cell_growth,TCP1,Target,Target-Cell_growth
Cell_growth,SUCLA2,Target,Target-Cell_growth
Cell_growth,UQCRC2,Target,Target-Cell_growth
Cell_growth,VAMP2,Target,Target-Cell_growth
Cell_growth,ATP5F1C,Target,Target-Cell_growth
Cell_growth,CLDN11,Target,Target-Cell_growth
Cell_growth,VDAC1,Target,Target-Cell_growth
Cell_growth,NDUFA10,Target,Target-Cell_growth
Cell_growth,CA2,Target,Target-Cell_growth
Cell_growth,CANX,Target,Target-Cell_growth
Cell_growth,SLC25A3,Target,Target-Cell_growth
Cell_growth,SLC25A5,Target,Target-Cell_growth
Cell_growth,SLC25A4,Target,Target-Cell_growth
Cell_growth,CYCS,Target,Target-Cell_growth
Cell_growth,CRYAB,Target,Target-Cell_growth
Cell_growth,COX5B,Target,Target-Cell_growth
Cell_growth,COX5A,Target,Target-Cell_growth
Cell_growth,PRDX2,Target,Target-Cell_growth
Cell_growth,ENO1,Target,Target-Cell_growth
Cell_growth,ACTR1A,Target,Target-Cell_growth
Cell_growth,RALA,Target,Target-Cell_growth
Cell_growth,STIP1,Target,Target-Cell_growth
Cell_growth,TPPP,Target,Target-Cell_growth
Cell_growth,NDUFV2,Target,Target-Cell_growth
Cell_growth,CNRIP1,Target,Target-Cell_growth
Cell_growth,EEF1A1,Target,Target-Cell_growth
Cell_growth,REC114,Target,Target-Cell_growth
Cell_growth,MYMX,Target,Target-Cell_growth
Cell_growth,GSTM1,Target,Target-Cell_growth
Cell_growth,BRCA2,Target,Target-Cell_growth
Cell_growth,EEF1A2,Target,Target-Cell_growth
Cell_growth,PRDX3,Target,Target-Cell_growth
Cell_growth,COX6A1,Target,Target-Cell_growth
Cell_growth,UCHL1,Target,Target-Cell_growth
Cell_growth,CNGA4,Target,Target-Cell_growth
Cell_growth,SDHA,Target,Target-Cell_growth
Cell_growth,MYMK,Target,Target-Cell_growth
Cell_growth,DPYSL2,Target,Target-Cell_growth
Cell_growth,FBF1,Target,Target-Cell_growth
Cell_growth,ALB,Target,Target-Cell_growth
Cell_growth,ACTG1,Target,Target-Cell_growth
Cell_growth,ACTB,Target,Target-Cell_growth
Cell_growth,MDH1,Target,Target-Cell_growth
Cell_growth,MDH2,Target,Target-Cell_growth
Cell_growth,CEP131,Target,Target-Cell_growth
Cell_growth,SLC51B,Target,Target-Cell_growth
Cell_growth,RHCG,Target,Target-Cell_growth
Cell_growth,SLC4A8,Target,Target-Cell_growth
Cell_growth,RHBG,Target,Target-Cell_growth
Cell_growth,SLC4A7,Target,Target-Cell_growth
Cell_growth,ATP12A,Target,Target-Cell_growth
Cell_growth,CRH,Target,Target-Cell_growth
Cell_growth,SLC16A10,Target,Target-Cell_growth
Cell_growth,SLC26A7,Target,Target-Cell_growth
Cell_growth,FXYD4,Target,Target-Cell_growth
Cell_growth,PLLP,Target,Target-Cell_growth
Cell_growth,SLC9A8,Target,Target-Cell_growth
Cell_growth,SLC26A1,Target,Target-Cell_growth
Cell_growth,SCNN1B,Target,Target-Cell_growth
Cell_growth,SCNN1G,Target,Target-Cell_growth
Cell_growth,SLC22A3,Target,Target-Cell_growth
Cell_growth,SLC9A4,Target,Target-Cell_growth
Cell_growth,SLC31A1,Target,Target-Cell_growth
Cell_growth,AQP1,Target,Target-Cell_growth
Cell_growth,SLC4A5,Target,Target-Cell_growth
Cell_growth,SLC15A2,Target,Target-Cell_growth
Cell_growth,SLC22A7,Target,Target-Cell_growth
Cell_growth,GP2,Target,Target-Cell_growth
Cell_growth,NHERF2,Target,Target-Cell_growth
Cell_growth,SLC16A12,Target,Target-Cell_growth
Cell_growth,AQP2,Target,Target-Cell_growth
Cell_growth,ATP1B3,Target,Target-Cell_growth
Cell_growth,ATP6V0D2,Target,Target-Cell_growth
Cell_growth,SLC13A2,Target,Target-Cell_growth
Cell_growth,SLC13A1,Target,Target-Cell_growth
Cell_growth,NAALADL1,Target,Target-Cell_growth
Cell_growth,PRKAB2,Target,Target-Cell_growth
Cell_growth,AHCYL1,Target,Target-Cell_growth
Cell_growth,PRKAA1,Target,Target-Cell_growth
Cell_growth,GUCY2D,Target,Target-Cell_growth
Cell_growth,PRKAA2,Target,Target-Cell_growth
Cell_growth,SLC34A2,Target,Target-Cell_growth
Cell_growth,RAB10,Target,Target-Cell_growth
Cell_growth,SLC4A1,Target,Target-Cell_growth
Cell_growth,SLC16A1,Target,Target-Cell_growth
Cell_growth,SLC14A2,Target,Target-Cell_growth
Cell_growth,SLC10A1,Target,Target-Cell_growth
Cell_growth,SLC29A2,Target,Target-Cell_growth
Cell_growth,NPC1L1,Target,Target-Cell_growth
Cell_growth,KCNQ1,Target,Target-Cell_growth
Cell_growth,ERBB4,Target,Target-Cell_growth
Cell_growth,TRPV1,Target,Target-Cell_growth
Cell_growth,STAB2,Target,Target-Cell_growth
Cell_growth,SHANK2,Target,Target-Cell_growth
Cell_growth,GRIN3A,Target,Target-Cell_growth
Cell_growth,DSTYK,Target,Target-Cell_growth
Cell_growth,ENPP3,Target,Target-Cell_growth
Cell_growth,SLC12A2,Target,Target-Cell_growth
Cell_growth,ADCY3,Target,Target-Cell_growth
Cell_growth,ADCY5,Target,Target-Cell_growth
Cell_growth,SLC22A1,Target,Target-Cell_growth
Cell_growth,GLI2,Target,Target-Cell_growth
Cell_growth,SLC6A18,Target,Target-Cell_growth
Cell_growth,MOK,Target,Target-Cell_growth
Cell_growth,TTLL10,Target,Target-Cell_growth
Cell_growth,ABCG8,Target,Target-Cell_growth
Cell_growth,SLC9B2,Target,Target-Cell_growth
Cell_growth,MERTK,Target,Target-Cell_growth
Cell_growth,CEP135,Target,Target-Cell_growth
Cell_growth,MKS1,Target,Target-Cell_growth
Cell_growth,CBY1,Target,Target-Cell_growth
Cell_growth,SCHIP1,Target,Target-Cell_growth
Cell_growth,DNAAF5,Target,Target-Cell_growth
Cell_growth,GRIN2C,Target,Target-Cell_growth
Cell_growth,GPR161,Target,Target-Cell_growth
Cell_growth,PDE4C,Target,Target-Cell_growth
Cell_growth,RTBDN,Target,Target-Cell_growth
Cell_growth,IFT172,Target,Target-Cell_growth
Cell_growth,SLC4A9,Target,Target-Cell_growth
Cell_growth,EPB41,Target,Target-Cell_growth
Cell_growth,SLC39A8,Target,Target-Cell_growth
Cell_growth,OFD1,Target,Target-Cell_growth
Cell_growth,TSSK4,Target,Target-Cell_growth
Cell_growth,MUSK,Target,Target-Cell_growth
Cell_growth,HYAL2,Target,Target-Cell_growth
Cell_growth,TSSK1B,Target,Target-Cell_growth
Cell_growth,CCDC40,Target,Target-Cell_growth
Cell_growth,ARL3,Target,Target-Cell_growth
Cell_growth,KIAA1210,Target,Target-Cell_growth
Cell_growth,HOATZ,Target,Target-Cell_growth
Cell_growth,SLC12A1,Target,Target-Cell_growth
Cell_growth,SLC6A12,Target,Target-Cell_growth
Cell_growth,BBS7,Target,Target-Cell_growth
Cell_growth,BSND,Target,Target-Cell_growth
Cell_growth,CALHM1,Target,Target-Cell_growth
Cell_growth,KIF19,Target,Target-Cell_growth
Cell_growth,SDC3,Target,Target-Cell_growth
Cell_growth,SLC9A2,Target,Target-Cell_growth
Cell_growth,RILPL2,Target,Target-Cell_growth
Cell_growth,KCNE2,Target,Target-Cell_growth
Cell_growth,PKD2,Target,Target-Cell_growth
Cell_growth,PRKD2,Target,Target-Cell_growth
Cell_growth,ARRB1,Target,Target-Cell_growth
Cell_growth,PRSS8,Target,Target-Cell_growth
Cell_growth,SLC4A11,Target,Target-Cell_growth
Cell_growth,DAG1,Target,Target-Cell_growth
Cell_growth,TRPV4,Target,Target-Cell_growth
Cell_growth,RACGAP1,Target,Target-Cell_growth
Cell_growth,TMEM237,Target,Target-Cell_growth
Cell_growth,CEP41,Target,Target-Cell_growth
Cell_growth,LHFPL4,Target,Target-Cell_growth
Cell_growth,LHFPL3,Target,Target-Cell_growth
Cell_growth,SGSM3,Target,Target-Cell_growth
Cell_growth,SLC16A2,Target,Target-Cell_growth
Cell_growth,SLC5A3,Target,Target-Cell_growth
Cell_growth,CFAP36,Target,Target-Cell_growth
Cell_growth,CLDN15,Target,Target-Cell_growth
Cell_growth,CLDN10,Target,Target-Cell_growth
Cell_growth,TULP3,Target,Target-Cell_growth
Cell_growth,CAMSAP3,Target,Target-Cell_growth
Cell_growth,TXNDC15,Target,Target-Cell_growth
Cell_growth,UBN1,Target,Target-Cell_growth
Cell_growth,CTNND1,Target,Target-Cell_growth
Cell_growth,B9D1,Target,Target-Cell_growth
Cell_growth,TMEM174,Target,Target-Cell_growth
Cell_growth,NPHS2,Target,Target-Cell_growth
Cell_growth,LY6G5B,Target,Target-Cell_growth
Cell_growth,SLC39A3,Target,Target-Cell_growth
Cell_growth,DNAH2,Target,Target-Cell_growth
Cell_growth,CIBAR1,Target,Target-Cell_growth
Cell_growth,KIF17,Target,Target-Cell_growth
Cell_growth,CLDN17,Target,Target-Cell_growth
Cell_growth,SLC5A1,Target,Target-Cell_growth
Cell_growth,LUZP1,Target,Target-Cell_growth
Cell_growth,ATAD1,Target,Target-Cell_growth
Cell_growth,ANXA1,Target,Target-Cell_growth
Cell_growth,MDGA1,Target,Target-Cell_growth
Cell_growth,SLC26A11,Target,Target-Cell_growth
Cell_growth,SLC29A4,Target,Target-Cell_growth
Cell_growth,DNAI4,Target,Target-Cell_growth
Cell_growth,JUP,Target,Target-Cell_growth
Cell_growth,SLC6A14,Target,Target-Cell_growth
Cell_growth,DNAI7,Target,Target-Cell_growth
Cell_growth,ABCG5,Target,Target-Cell_growth
Cell_growth,SLC14A1,Target,Target-Cell_growth
Cell_growth,ABCC5,Target,Target-Cell_growth
Cell_growth,ABCC6,Target,Target-Cell_growth
Cell_growth,ABCC4,Target,Target-Cell_growth
Cell_growth,CTSK,Target,Target-Cell_growth
Cell_growth,CCDC85C,Target,Target-Cell_growth
Cell_growth,SLC39A5,Target,Target-Cell_growth
Cell_growth,SLC46A1,Target,Target-Cell_growth
Cell_growth,SLC16A8,Target,Target-Cell_growth
Cell_growth,SLC39A4,Target,Target-Cell_growth
Cell_growth,CLSTN1,Target,Target-Cell_growth
Cell_growth,SLC23A1,Target,Target-Cell_growth
Cell_growth,SLC23A2,Target,Target-Cell_growth
Cell_growth,NEK8,Target,Target-Cell_growth
Cell_growth,NEK9,Target,Target-Cell_growth
Cell_growth,RSPH10B,Target,Target-Cell_growth
Cell_growth,KIF7,Target,Target-Cell_growth
Cell_growth,TEDC2,Target,Target-Cell_growth
Cell_growth,NME5,Target,Target-Cell_growth
Cell_growth,PKP1,Target,Target-Cell_growth
Cell_growth,SLC12A3,Target,Target-Cell_growth
Cell_growth,SMOX,Target,Target-Cell_growth
Cell_growth,SMO,Target,Target-Cell_growth
Cell_growth,CYTH3,Target,Target-Cell_growth
Cell_growth,GPR158,Target,Target-Cell_growth
Cell_growth,ANKS3,Target,Target-Cell_growth
Cell_growth,BBS5,Target,Target-Cell_growth
Cell_growth,KIF27,Target,Target-Cell_growth
Cell_growth,IFT56,Target,Target-Cell_growth
Cell_growth,RAB8A,Target,Target-Cell_growth
Cell_growth,PANX3,Target,Target-Cell_growth
Cell_growth,CYTH2,Target,Target-Cell_growth
Cell_growth,CNKSR3,Target,Target-Cell_growth
Cell_growth,MAGI1,Target,Target-Cell_growth
Cell_growth,RSPH4A,Target,Target-Cell_growth
Cell_growth,PLET1,Target,Target-Cell_growth
Cell_growth,SEMA7A,Target,Target-Cell_growth
Cell_growth,ABCC3,Target,Target-Cell_growth
Cell_growth,SLC5A2,Target,Target-Cell_growth
Cell_growth,TEDC1,Target,Target-Cell_growth
Cell_growth,ARMC9,Target,Target-Cell_growth
Cell_growth,NEU3,Target,Target-Cell_growth
Cell_growth,PERP,Target,Target-Cell_growth
Cell_growth,RILPL1,Target,Target-Cell_growth
Cell_growth,SLC39A6,Target,Target-Cell_growth
Cell_growth,WLS,Target,Target-Cell_growth
Cell_growth,ANPEP,Target,Target-Cell_growth
Cell_growth,SLC22A4,Target,Target-Cell_growth
Cell_growth,OCLN,Target,Target-Cell_growth
Cell_growth,CYLD,Target,Target-Cell_growth
Cell_growth,FRMD4B,Target,Target-Cell_growth
Cell_growth,TBPL1,Target,Target-Cell_growth
Cell_growth,MARVELD2,Target,Target-Cell_growth
Cell_growth,CLXN,Target,Target-Cell_growth
Cell_growth,SLC2A9,Target,Target-Cell_growth
Cell_growth,CILK1,Target,Target-Cell_growth
Cell_growth,CD14,Target,Target-Cell_growth
Cell_growth,CLDN4,Target,Target-Cell_growth
Cell_growth,RBM38,Target,Target-Cell_growth
Cell_growth,HDAC5,Target,Target-Cell_growth
Cell_growth,GP1BA,Target,Target-Cell_growth
Cell_growth,SPEF1,Target,Target-Cell_growth
Cell_growth,CC2D2A,Target,Target-Cell_growth
Cell_growth,SLC17A2,Target,Target-Cell_growth
Cell_growth,SLC5A8,Target,Target-Cell_growth
Cell_growth,ODAD3,Target,Target-Cell_growth
Cell_growth,SLC39A10,Target,Target-Cell_growth
Cell_growth,SLC39A14,Target,Target-Cell_growth
Cell_growth,CBLN1,Target,Target-Cell_growth
Cell_growth,CBL,Target,Target-Cell_growth
Cell_growth,CTNNA2,Target,Target-Cell_growth
Cell_growth,CTSL,Target,Target-Cell_growth
Cell_growth,CTSB,Target,Target-Cell_growth
Cell_growth,IFT43,Target,Target-Cell_growth
Cell_growth,TJP1,Target,Target-Cell_growth
Cell_growth,WNK4,Target,Target-Cell_growth
Cell_growth,SLC4A2,Target,Target-Cell_growth
Cell_growth,SLC17A4,Target,Target-Cell_growth
Cell_growth,BBS9,Target,Target-Cell_growth
Cell_growth,SLC51A,Target,Target-Cell_growth
Cell_growth,SLC43A2,Target,Target-Cell_growth
Cell_growth,GKN1,Target,Target-Cell_growth
Cell_growth,CA11,Target,Target-Cell_growth
Cell_growth,PKHD1,Target,Target-Cell_growth
Cell_growth,ZMYND10,Target,Target-Cell_growth
Cell_growth,CEP20,Target,Target-Cell_growth
Cell_growth,SLC4A4,Target,Target-Cell_growth
Cell_growth,SLC12A6,Target,Target-Cell_growth
Cell_growth,BEST2,Target,Target-Cell_growth
Cell_growth,PRND,Target,Target-Cell_growth
Cell_growth,CD81,Target,Target-Cell_growth
Cell_growth,TOGARAM1,Target,Target-Cell_growth
Cell_growth,MAPK3,Target,Target-Cell_growth
Cell_growth,MAPK1,Target,Target-Cell_growth
Cell_growth,PALS1,Target,Target-Cell_growth
Cell_growth,MYO1E,Target,Target-Cell_growth
Cell_growth,FANK1,Target,Target-Cell_growth
Cell_growth,TMEM107,Target,Target-Cell_growth
Cell_growth,LY6G5C,Target,Target-Cell_growth
Cell_growth,LY6G6D,Target,Target-Cell_growth
Cell_growth,LY6G6F,Target,Target-Cell_growth
Cell_growth,LY6G6C,Target,Target-Cell_growth
Cell_growth,TTC8,Target,Target-Cell_growth
Cell_growth,DNAJA3,Target,Target-Cell_growth
Cell_growth,MARK1,Target,Target-Cell_growth
Cell_growth,SLC16A6,Target,Target-Cell_growth
Cell_growth,AQP3,Target,Target-Cell_growth
Cell_growth,ABCC2,Target,Target-Cell_growth
Cell_growth,ACP4,Target,Target-Cell_growth
Cell_growth,SLC22A2,Target,Target-Cell_growth
Cell_growth,MARK2,Target,Target-Cell_growth
Cell_growth,SLC6A8,Target,Target-Cell_growth
Cell_growth,ABCB11,Target,Target-Cell_growth
Cell_growth,FKBPL,Target,Target-Cell_growth
Cell_growth,STK25,Target,Target-Cell_growth
Cell_growth,SULT1A3,Target,Target-Cell_growth
Cell_growth,CLDN8,Target,Target-Cell_growth
Cell_growth,CLDN7,Target,Target-Cell_growth
Cell_growth,CLDN6,Target,Target-Cell_growth
Cell_growth,CETN2,Target,Target-Cell_growth
Cell_growth,ABCG2,Target,Target-Cell_growth
Cell_growth,TTBK2,Target,Target-Cell_growth
Cell_growth,BBS2,Target,Target-Cell_growth
Cell_growth,CALHM3,Target,Target-Cell_growth
Cell_growth,SLC29A1,Target,Target-Cell_growth
Cell_growth,ATP4A,Target,Target-Cell_growth
Cell_growth,PIANP,Target,Target-Cell_growth
Cell_growth,CHGA,Target,Target-Cell_growth
Cell_growth,CHERP,Target,Target-Cell_growth
Cell_growth,DOC2B,Target,Target-Cell_growth
Cell_growth,NPY,Target,Target-Cell_growth
Cell_growth,SLC30A7,Target,Target-Cell_growth
Cell_growth,SYT4,Target,Target-Cell_growth
Cell_growth,PPFIA3,Target,Target-Cell_growth
Cell_growth,SPTBN2,Target,Target-Cell_growth
Cell_growth,TMEM95,Target,Target-Cell_growth
Cell_growth,ACRBP,Target,Target-Cell_growth
Cell_growth,SPACA6,Target,Target-Cell_growth
Cell_growth,RAB6A,Target,Target-Cell_growth
Cell_growth,TSSK2,Target,Target-Cell_growth
Cell_growth,PLA2G10,Target,Target-Cell_growth
Cell_growth,SPATA1,Target,Target-Cell_growth
Cell_growth,LY6K,Target,Target-Cell_growth
Cell_growth,OSBP2,Target,Target-Cell_growth
Cell_growth,STRIT1,Target,Target-Cell_growth
Cell_growth,PLN,Target,Target-Cell_growth
Cell_growth,PCSK4,Target,Target-Cell_growth
Cell_growth,SLN,Target,Target-Cell_growth
Cell_growth,VPS13B,Target,Target-Cell_growth
Cell_growth,REEP5,Target,Target-Cell_growth
Cell_growth,OTOF,Target,Target-Cell_growth
Cell_growth,DKKL1,Target,Target-Cell_growth
Cell_growth,BHLHA15,Target,Target-Cell_growth
Cell_growth,ATP2A1,Target,Target-Cell_growth
Cell_growth,DPEP3,Target,Target-Cell_growth
Cell_growth,MAML1,Target,Target-Cell_growth
Cell_growth,TMPRSS12,Target,Target-Cell_growth
Cell_growth,TEX22,Target,Target-Cell_growth
Cell_growth,BASP1,Target,Target-Cell_growth
Cell_growth,IQCF1,Target,Target-Cell_growth
Cell_growth,ABHD2,Target,Target-Cell_growth
Cell_growth,TXNDC8,Target,Target-Cell_growth
Cell_growth,FAM220A,Target,Target-Cell_growth
Cell_growth,RNF212B,Target,Target-Cell_growth
Cell_growth,TEX101,Target,Target-Cell_growth
Cell_growth,DMPK,Target,Target-Cell_growth
Cell_growth,FAM170B,Target,Target-Cell_growth
Cell_growth,CCDC62,Target,Target-Cell_growth
Cell_growth,SPINK2,Target,Target-Cell_growth
Cell_growth,SYCP3,Target,Target-Cell_growth
Cell_growth,KIF1A,Target,Target-Cell_growth
Cell_growth,ZDHHC15,Target,Target-Cell_growth
Cell_growth,BTD,Target,Target-Cell_growth
Cell_growth,HDAC1,Target,Target-Cell_growth
Cell_growth,TAFA1,Target,Target-Cell_growth
Cell_growth,SDC1,Target,Target-Cell_growth
Cell_growth,RYK,Target,Target-Cell_growth
Cell_growth,PPP2R2D,Target,Target-Cell_growth
Cell_growth,SEMA3C,Target,Target-Cell_growth
Cell_growth,PPP2R2A,Target,Target-Cell_growth
Cell_growth,ARHGAP35,Target,Target-Cell_growth
Cell_growth,SNAI1,Target,Target-Cell_growth
Cell_growth,ROBO3,Target,Target-Cell_growth
Cell_growth,BUB3,Target,Target-Cell_growth
Cell_growth,GIT1,Target,Target-Cell_growth
Cell_growth,THSD7A,Target,Target-Cell_growth
Cell_growth,IRAG2,Target,Target-Cell_growth
Cell_growth,ADCYAP1,Target,Target-Cell_growth
Cell_growth,TPM3,Target,Target-Cell_growth
Cell_growth,SLC12A5,Target,Target-Cell_growth
Cell_growth,CNTN4,Target,Target-Cell_growth
Cell_growth,ZAR1,Target,Target-Cell_growth
Cell_growth,ACTN3,Target,Target-Cell_growth
Cell_growth,PLEC,Target,Target-Cell_growth
Cell_growth,ROPN1L,Target,Target-Cell_growth
Cell_growth,DLX5,Target,Target-Cell_growth
Cell_growth,DYRK3,Target,Target-Cell_growth
Cell_growth,ATG14,Target,Target-Cell_growth
Cell_growth,ZAR1L,Target,Target-Cell_growth
Cell_growth,DYNC2I2,Target,Target-Cell_growth
Cell_growth,RSPH14,Target,Target-Cell_growth
Cell_growth,WDR35,Target,Target-Cell_growth
Cell_growth,ATG7,Target,Target-Cell_growth
Cell_growth,ACTR3,Target,Target-Cell_growth
Cell_growth,PARP1,Target,Target-Cell_growth
Cell_growth,SPDYA,Target,Target-Cell_growth
Cell_growth,AMBRA1,Target,Target-Cell_growth
Cell_growth,LCTL,Target,Target-Cell_growth
Cell_growth,SPAG6,Target,Target-Cell_growth
Cell_growth,HIP1,Target,Target-Cell_growth
Cell_growth,GSK3B,Target,Target-Cell_growth
Cell_growth,ZBP1,Target,Target-Cell_growth
Cell_growth,SLC15A1,Target,Target-Cell_growth
Cell_growth,DYDC1,Target,Target-Cell_growth
Cell_growth,AIFM1,Target,Target-Cell_growth
Cell_growth,RAB1A,Target,Target-Cell_growth
Cell_growth,GABARAP,Target,Target-Cell_growth
Cell_growth,FLII,Target,Target-Cell_growth
Cell_growth,GUCY2F,Target,Target-Cell_growth
Cell_growth,ADPRS,Target,Target-Cell_growth
Cell_growth,MYO1A,Target,Target-Cell_growth
Cell_growth,SUV39H2,Target,Target-Cell_growth
Cell_growth,TAFA4,Target,Target-Cell_growth
Cell_growth,ADD3,Target,Target-Cell_growth
Cell_growth,RAB32,Target,Target-Cell_growth
Cell_growth,PIK3R4,Target,Target-Cell_growth
Cell_growth,CAPZB,Target,Target-Cell_growth
Cell_growth,BMP8A,Target,Target-Cell_growth
Cell_growth,RAB9A,Target,Target-Cell_growth
Cell_growth,SGSM2,Target,Target-Cell_growth
Cell_growth,HYDIN,Target,Target-Cell_growth
Cell_growth,MYO6,Target,Target-Cell_growth
Cell_growth,MYO18A,Target,Target-Cell_growth
Cell_growth,ATG5,Target,Target-Cell_growth
Cell_growth,RCC2,Target,Target-Cell_growth
Cell_growth,EXTL3,Target,Target-Cell_growth
Cell_growth,RAB38,Target,Target-Cell_growth
Cell_growth,DNM1L,Target,Target-Cell_growth
Cell_growth,CORO2A,Target,Target-Cell_growth
Cell_growth,CORO1C,Target,Target-Cell_growth
Cell_growth,CNGA1,Target,Target-Cell_growth
Cell_growth,IFT140,Target,Target-Cell_growth
Cell_growth,TYRP1,Target,Target-Cell_growth
Cell_growth,TYR,Target,Target-Cell_growth
Cell_growth,SCIN,Target,Target-Cell_growth
Cell_growth,MYO1C,Target,Target-Cell_growth
Cell_growth,MAP1LC3B,Target,Target-Cell_growth
Cell_growth,CAPZA1,Target,Target-Cell_growth
Cell_growth,CAPZA2,Target,Target-Cell_growth
Cell_growth,REG3A,Target,Target-Cell_growth
Cell_growth,CGN,Target,Target-Cell_growth
Cell_growth,MYH10,Target,Target-Cell_growth
Cell_growth,MYH11,Target,Target-Cell_growth
Cell_growth,WDR11,Target,Target-Cell_growth
Cell_growth,INPP5E,Target,Target-Cell_growth
Cell_growth,PMPCA,Target,Target-Cell_growth
Cell_growth,STK36,Target,Target-Cell_growth
Cell_growth,GPR15LG,Target,Target-Cell_growth
Cell_growth,LST1,Target,Target-Cell_growth
Cell_growth,SLCO1B1,Target,Target-Cell_growth
Cell_growth,DCT,Target,Target-Cell_growth
Cell_growth,POU4F1,Target,Target-Cell_growth
Cell_growth,NEUROG3,Target,Target-Cell_growth
Cell_growth,FLNB,Target,Target-Cell_growth
Cell_growth,GSK3A,Target,Target-Cell_growth
Cell_growth,MYO5B,Target,Target-Cell_growth
Cell_growth,MYL12B,Target,Target-Cell_growth
Cell_growth,FLNA,Target,Target-Cell_growth
Cell_growth,MSX2,Target,Target-Cell_growth
Cell_growth,CFAP206,Target,Target-Cell_growth
Cell_growth,SLC17A8,Target,Target-Cell_growth
Cell_growth,SLC18A3,Target,Target-Cell_growth
Cell_growth,SLC17A7,Target,Target-Cell_growth
Cell_growth,SLC18B1,Target,Target-Cell_growth
Cell_growth,PTPRN2,Target,Target-Cell_growth
Cell_growth,TMEM163,Target,Target-Cell_growth
Cell_growth,THPO,Target,Target-Cell_growth
Cell_growth,HID1,Target,Target-Cell_growth
Cell_growth,DMC1,Target,Target-Cell_growth
Cell_growth,RAD51,Target,Target-Cell_growth
Cell_growth,CRY1,Target,Target-Cell_growth
Cell_growth,REEP6,Target,Target-Cell_growth
Cell_growth,MAD1L1,Target,Target-Cell_growth
Cell_growth,RPS27,Target,Target-Cell_growth
Cell_growth,TTK,Target,Target-Cell_growth
Cell_growth,MAD2L1,Target,Target-Cell_growth
Cell_growth,AGRN,Target,Target-Cell_growth
Cell_growth,DPF3,Target,Target-Cell_growth
Cell_growth,ARID1A,Target,Target-Cell_growth
Cell_growth,CEP97,Target,Target-Cell_growth
Cell_growth,ACTL6A,Target,Target-Cell_growth
Cell_growth,SMARCD1,Target,Target-Cell_growth
Cell_growth,ACTL6B,Target,Target-Cell_growth
Cell_growth,DPF1,Target,Target-Cell_growth
Cell_growth,VPS13A,Target,Target-Cell_growth
Cell_growth,SMARCC2,Target,Target-Cell_growth
Cell_growth,QKI,Target,Target-Cell_growth
Cell_growth,ZNF488,Target,Target-Cell_growth
Cell_growth,EQTN,Target,Target-Cell_growth
Cell_growth,PHF10,Target,Target-Cell_growth
Cell_growth,SMARCB1,Target,Target-Cell_growth
Cell_growth,PIKFYVE,Target,Target-Cell_growth
Cell_growth,SMARCC1,Target,Target-Cell_growth
Cell_growth,IL34,Target,Target-Cell_growth
Cell_growth,DAAM2,Target,Target-Cell_growth
Cell_growth,TENM1,Target,Target-Cell_growth
Cell_growth,CCP110,Target,Target-Cell_growth
Cell_growth,SMARCD3,Target,Target-Cell_growth
Cell_growth,SMARCA4,Target,Target-Cell_growth
Cell_growth,SMARCE1,Target,Target-Cell_growth
Cell_growth,SPACA4,Target,Target-Cell_growth
Cell_growth,IZUMO3,Target,Target-Cell_growth
Cell_growth,SLC6A4,Target,Target-Cell_growth
Cell_growth,PRAG1,Target,Target-Cell_growth
Cell_growth,SLC38A3,Target,Target-Cell_growth
Cell_growth,SLC18A1,Target,Target-Cell_growth
Cell_growth,P3H2,Target,Target-Cell_growth
Cell_growth,CXCL14,Target,Target-Cell_growth
Cell_growth,IL1RAPL1,Target,Target-Cell_growth
Cell_growth,TMEM240,Target,Target-Cell_growth
Cell_growth,LRP8,Target,Target-Cell_growth
Cell_growth,WWC1,Target,Target-Cell_growth
Cell_growth,SHOX2,Target,Target-Cell_growth
Cell_growth,PORCN,Target,Target-Cell_growth
Cell_growth,SHF,Target,Target-Cell_growth
Cell_growth,ADAMTS7,Target,Target-Cell_growth
Cell_growth,HMCN1,Target,Target-Cell_growth
Cell_growth,GNAQ,Target,Target-Cell_growth
Cell_growth,CHUK,Target,Target-Cell_growth
Cell_growth,FBN2,Target,Target-Cell_growth
Cell_growth,PTK2,Target,Target-Cell_growth
Cell_growth,PODNL1,Target,Target-Cell_growth
Cell_growth,SNED1,Target,Target-Cell_growth
Cell_growth,KCNK1,Target,Target-Cell_growth
Cell_growth,SSC5D,Target,Target-Cell_growth
Cell_growth,FYN,Target,Target-Cell_growth
Cell_growth,EFEMP2,Target,Target-Cell_growth
Cell_growth,ADAMTS4,Target,Target-Cell_growth
Cell_growth,TLN1,Target,Target-Cell_growth
Cell_growth,NID1,Target,Target-Cell_growth
Cell_growth,SH2D1B,Target,Target-Cell_growth
Cell_growth,TNC,Target,Target-Cell_growth
Cell_growth,PEAK1,Target,Target-Cell_growth
Cell_growth,PXDN,Target,Target-Cell_growth
Cell_growth,IKBKB,Target,Target-Cell_growth
Cell_growth,KRT1,Target,Target-Cell_growth
Cell_growth,LAMC1,Target,Target-Cell_growth
Cell_growth,LAMB2,Target,Target-Cell_growth
Cell_growth,LAMA1,Target,Target-Cell_growth
Cell_growth,CCDC88A,Target,Target-Cell_growth
Cell_growth,CHADL,Target,Target-Cell_growth
Cell_growth,HSPG2,Target,Target-Cell_growth
Cell_growth,EMILIN2,Target,Target-Cell_growth
Cell_growth,HEY2,Target,Target-Cell_growth
Cell_growth,HEY1,Target,Target-Cell_growth
Cell_growth,ASCL1,Target,Target-Cell_growth
Cell_growth,HAPLN2,Target,Target-Cell_growth
Cell_growth,PLCB3,Target,Target-Cell_growth
Cell_growth,EMILIN1,Target,Target-Cell_growth
Cell_growth,DSPP,Target,Target-Cell_growth
Cell_growth,HNRNPM,Target,Target-Cell_growth
Cell_growth,POU3F2,Target,Target-Cell_growth
Cell_growth,COL3A1,Target,Target-Cell_growth
Cell_growth,COL12A1,Target,Target-Cell_growth
Cell_growth,WNT7A,Target,Target-Cell_growth
Cell_growth,VLDLR,Target,Target-Cell_growth
Cell_growth,DMBT1,Target,Target-Cell_growth
Cell_growth,COL1A2,Target,Target-Cell_growth
Cell_growth,COL6A2,Target,Target-Cell_growth
Cell_growth,COL6A1,Target,Target-Cell_growth
Cell_growth,COL5A2,Target,Target-Cell_growth
Cell_growth,COL5A1,Target,Target-Cell_growth
Cell_growth,COL4A1,Target,Target-Cell_growth
Cell_growth,RECK,Target,Target-Cell_growth
Cell_growth,ZP1,Target,Target-Cell_growth
Cell_growth,FBLN2,Target,Target-Cell_growth
Cell_growth,FBN1,Target,Target-Cell_growth
Cell_growth,ADAM10,Target,Target-Cell_growth
Cell_growth,MAPK8,Target,Target-Cell_growth
Cell_growth,FN1,Target,Target-Cell_growth
Cell_growth,MYT1L,Target,Target-Cell_growth
Cell_growth,BEST1,Target,Target-Cell_growth
Cell_growth,NBN,Target,Target-Cell_growth
Cell_growth,ZNF609,Target,Target-Cell_growth
Cell_growth,ZNF207,Target,Target-Cell_growth
Cell_growth,PHLPP1,Target,Target-Cell_growth
Cell_growth,ARHGAP26,Target,Target-Cell_growth
Cell_growth,PLEKHM3,Target,Target-Cell_growth
Cell_growth,SYK,Target,Target-Cell_growth
Cell_growth,AKT1S1,Target,Target-Cell_growth
Cell_growth,DNAI3,Target,Target-Cell_growth
Cell_growth,MBNL1,Target,Target-Cell_growth
Cell_growth,MREG,Target,Target-Cell_growth
Cell_growth,PICALM,Target,Target-Cell_growth
Cell_growth,TMEM106A,Target,Target-Cell_growth
Cell_growth,TPCN2,Target,Target-Cell_growth
Cell_growth,ITGB2,Target,Target-Cell_growth
Cell_growth,FERMT3,Target,Target-Cell_growth
Cell_growth,SPP1,Target,Target-Cell_growth
Cell_growth,SGPP1,Target,Target-Cell_growth
Cell_growth,SOX11,Target,Target-Cell_growth
Cell_growth,SRSF10,Target,Target-Cell_growth
Cell_growth,FBLN5,Target,Target-Cell_growth
Cell_growth,GPRASP3,Target,Target-Cell_growth
Cell_growth,SNW1,Target,Target-Cell_growth
Cell_growth,RASSF6,Target,Target-Cell_growth
Cell_growth,FCER1G,Target,Target-Cell_growth
Cell_growth,RAMP1,Target,Target-Cell_growth
Cell_growth,PTN,Target,Target-Cell_growth
Cell_growth,RAMP2,Target,Target-Cell_growth
Cell_growth,PSORS1C2,Target,Target-Cell_growth
Cell_growth,GPC2,Target,Target-Cell_growth
Cell_growth,GABRG2,Target,Target-Cell_growth
Cell_growth,RAB28,Target,Target-Cell_growth
Cell_growth,CXCL3,Target,Target-Cell_growth
Cell_growth,FBXW5,Target,Target-Cell_growth
Cell_growth,DDIT3,Target,Target-Cell_growth
Cell_growth,PDXP,Target,Target-Cell_growth
Cell_growth,IFT57,Target,Target-Cell_growth
Cell_growth,EPHA3,Target,Target-Cell_growth
Cell_growth,PLEKHH2,Target,Target-Cell_growth
Cell_growth,DNASE1,Target,Target-Cell_growth
Cell_growth,COBL,Target,Target-Cell_growth
Cell_growth,EIF4G3,Target,Target-Cell_growth
Cell_growth,TMEM67,Target,Target-Cell_growth
Cell_growth,TTLL6,Target,Target-Cell_growth
Cell_growth,ERN2,Target,Target-Cell_growth
Cell_growth,RPS6KA1,Target,Target-Cell_growth
Cell_growth,NGEF,Target,Target-Cell_growth
Cell_growth,TNK2,Target,Target-Cell_growth
Cell_growth,NME3,Target,Target-Cell_growth
Cell_growth,PMAIP1,Target,Target-Cell_growth
Cell_growth,ERN1,Target,Target-Cell_growth
Cell_growth,SEPTIN9,Target,Target-Cell_growth
Cell_growth,SEPTIN6,Target,Target-Cell_growth
Cell_growth,PIWIL2,Target,Target-Cell_growth
Cell_growth,DNASE1L3,Target,Target-Cell_growth
Cell_growth,TCTN2,Target,Target-Cell_growth
Cell_growth,HIC1,Target,Target-Cell_growth
Cell_growth,KRT84,Target,Target-Cell_growth
Cell_growth,CFAP157,Target,Target-Cell_growth
Cell_growth,CIBAR2,Target,Target-Cell_growth
Cell_growth,TCTN1,Target,Target-Cell_growth
Cell_growth,CAMSAP2,Target,Target-Cell_growth
Cell_growth,FXR1,Target,Target-Cell_growth
Cell_growth,EPHB4,Target,Target-Cell_growth
Cell_growth,ATP8A2,Target,Target-Cell_growth
Cell_growth,SEPTIN11,Target,Target-Cell_growth
Cell_growth,CIMAP3,Target,Target-Cell_growth
Cell_growth,C2CD3,Target,Target-Cell_growth
Cell_growth,ZGLP1,Target,Target-Cell_growth
Cell_growth,ATF4,Target,Target-Cell_growth
Cell_growth,SSX2IP,Target,Target-Cell_growth
Cell_growth,ENKD1,Target,Target-Cell_growth
Cell_growth,CSNK1A1,Target,Target-Cell_growth
Cell_growth,DDX25,Target,Target-Cell_growth
Cell_growth,KRT36,Target,Target-Cell_growth
Cell_growth,SCARF1,Target,Target-Cell_growth
Cell_growth,TIAM1,Target,Target-Cell_growth
Cell_growth,B9D2,Target,Target-Cell_growth
Cell_growth,PLSCR1,Target,Target-Cell_growth
Cell_growth,EFNA3,Target,Target-Cell_growth
Cell_growth,GABRB2,Target,Target-Cell_growth
Cell_growth,GABRB3,Target,Target-Cell_growth
Cell_growth,LASP1,Target,Target-Cell_growth
Cell_growth,GABRA1,Target,Target-Cell_growth
Cell_growth,GABRA6,Target,Target-Cell_growth
Cell_growth,ATXN10,Target,Target-Cell_growth
Cell_growth,TMEM216,Target,Target-Cell_growth
Cell_growth,IFNB1,Target,Target-Cell_growth
Cell_growth,SH2B1,Target,Target-Cell_growth
Cell_growth,BCAS2,Target,Target-Cell_growth
Cell_growth,MAP3K5,Target,Target-Cell_growth
Cell_growth,FAM3B,Target,Target-Cell_growth
Cell_growth,CFAP69,Target,Target-Cell_growth
Cell_growth,ABCA3,Target,Target-Cell_growth
Cell_growth,MAFB,Target,Target-Cell_growth
Cell_growth,GFI1B,Target,Target-Cell_growth
Cell_growth,CCL2,Target,Target-Cell_growth
Cell_growth,PELO,Target,Target-Cell_growth
Cell_growth,HBS1L,Target,Target-Cell_growth
Cell_growth,H2AB1,Target,Target-Cell_growth
Cell_growth,BCS1L,Target,Target-Cell_growth
Cell_growth,DAZL,Target,Target-Cell_growth
Cell_growth,PLAAT1,Target,Target-Cell_growth
Cell_growth,NANOS1,Target,Target-Cell_growth
Cell_growth,HARS1,Target,Target-Cell_growth
Cell_growth,TRPM2,Target,Target-Cell_growth
Cell_growth,SMAD2,Target,Target-Cell_growth
Cell_growth,MEIS3,Target,Target-Cell_growth
Cell_growth,PHC2,Target,Target-Cell_growth
Cell_growth,INS,Target,Target-Cell_growth
Cell_growth,HSCB,Target,Target-Cell_growth
Cell_growth,NUDT7,Target,Target-Cell_growth
Cell_growth,FBXO10,Target,Target-Cell_growth
Cell_growth,RGPD5; RGPD6,Target,Target-Cell_growth
Cell_growth,PKLR,Target,Target-Cell_growth
Cell_growth,RGPD3,Target,Target-Cell_growth
Cell_growth,MAP2K6,Target,Target-Cell_growth
Cell_growth,CA1,Target,Target-Cell_growth
Cell_growth,RAD23A,Target,Target-Cell_growth
Cell_growth,TH,Target,Target-Cell_growth
Cell_growth,CLU,Target,Target-Cell_growth
Cell_growth,DPYD,Target,Target-Cell_growth
Cell_growth,CLCN3,Target,Target-Cell_growth
Cell_growth,SLC28A1,Target,Target-Cell_growth
Cell_growth,GOLPH3,Target,Target-Cell_growth
Cell_growth,GLRA3,Target,Target-Cell_growth
Cell_growth,SLC6A9,Target,Target-Cell_growth
Cell_growth,TESK1,Target,Target-Cell_growth
Cell_growth,PRMT1,Target,Target-Cell_growth
Cell_growth,ALDH1L1,Target,Target-Cell_growth
Cell_growth,NUP54,Target,Target-Cell_growth
Cell_growth,DGKA,Target,Target-Cell_growth
Cell_growth,MAPK8IP1,Target,Target-Cell_growth
Cell_growth,CFAP298,Target,Target-Cell_growth
Cell_growth,DYNLRB1,Target,Target-Cell_growth
Cell_growth,GPR22,Target,Target-Cell_growth
Cell_growth,SLC5A11,Target,Target-Cell_growth
Cell_growth,EHHADH,Target,Target-Cell_growth
Cell_growth,PTGS2,Target,Target-Cell_growth
Cell_growth,VPS28,Target,Target-Cell_growth
Cell_growth,CSAD,Target,Target-Cell_growth
Cell_growth,TGM2,Target,Target-Cell_growth
Cell_growth,VSTM2L,Target,Target-Cell_growth
Cell_growth,VPS26A,Target,Target-Cell_growth
Cell_growth,NUTF2,Target,Target-Cell_growth
Cell_growth,CAVIN4,Target,Target-Cell_growth
Cell_growth,ALOX15,Target,Target-Cell_growth
Cell_growth,PEX3,Target,Target-Cell_growth
Cell_growth,NT5DC2,Target,Target-Cell_growth
Cell_growth,SCN11A,Target,Target-Cell_growth
Cell_growth,SLC52A2,Target,Target-Cell_growth
Cell_growth,TTC17,Target,Target-Cell_growth
Cell_growth,SLC2A2,Target,Target-Cell_growth
Cell_growth,ME1,Target,Target-Cell_growth
Cell_growth,DNAJB9,Target,Target-Cell_growth
Cell_growth,MARCKS,Target,Target-Cell_growth
Cell_growth,CPEB2,Target,Target-Cell_growth
Cell_growth,AS3MT,Target,Target-Cell_growth
Cell_growth,SULT2A1,Target,Target-Cell_growth
Cell_growth,KCNE3,Target,Target-Cell_growth
Cell_growth,C1QBP,Target,Target-Cell_growth
Cell_growth,KCNH1,Target,Target-Cell_growth
Cell_growth,DPYS,Target,Target-Cell_growth
Cell_growth,AGTR1,Target,Target-Cell_growth
Cell_growth,APOD,Target,Target-Cell_growth
Cell_growth,CAV1,Target,Target-Cell_growth
Cell_growth,CSK,Target,Target-Cell_growth
Cell_growth,KCNK13,Target,Target-Cell_growth
Cell_growth,HRAS,Target,Target-Cell_growth
Cell_growth,PPP2R2B,Target,Target-Cell_growth
Cell_growth,MOB4,Target,Target-Cell_growth
Cell_growth,CASKIN1,Target,Target-Cell_growth
Cell_growth,SLC6A11,Target,Target-Cell_growth
Cell_growth,GABRP,Target,Target-Cell_growth
Cell_growth,BCAS1,Target,Target-Cell_growth
Cell_growth,TRPC4,Target,Target-Cell_growth
Cell_growth,MVK,Target,Target-Cell_growth
Cell_growth,APLNR,Target,Target-Cell_growth
Cell_growth,ALDH3A1,Target,Target-Cell_growth
Cell_growth,ADRB1,Target,Target-Cell_growth
Cell_growth,ADORA2A,Target,Target-Cell_growth
Cell_growth,CEL,Target,Target-Cell_growth
Cell_growth,CHRM3,Target,Target-Cell_growth
Cell_growth,GTPBP1,Target,Target-Cell_growth
Cell_growth,SH3BGRL3,Target,Target-Cell_growth
Cell_growth,WDR83,Target,Target-Cell_growth
Cell_growth,BAAT,Target,Target-Cell_growth
Cell_growth,PEX19,Target,Target-Cell_growth
Cell_growth,SGMS2,Target,Target-Cell_growth
Cell_growth,GPR88,Target,Target-Cell_growth
Cell_growth,PPM1F,Target,Target-Cell_growth
Cell_growth,MYOCD,Target,Target-Cell_growth
Cell_growth,NUP58,Target,Target-Cell_growth
Cell_growth,MLYCD,Target,Target-Cell_growth
Cell_growth,ABCA2,Target,Target-Cell_growth
Cell_growth,GNAI2,Target,Target-Cell_growth
Cell_growth,TRPM4,Target,Target-Cell_growth
Cell_growth,FOXO1,Target,Target-Cell_growth
Cell_growth,SLC38A1,Target,Target-Cell_growth
Cell_growth,NELL2,Target,Target-Cell_growth
Cell_growth,TMED10,Target,Target-Cell_growth
Cell_growth,TRAK2,Target,Target-Cell_growth
Cell_growth,GPR35,Target,Target-Cell_growth
Cell_growth,DNAAF4,Target,Target-Cell_growth
Cell_growth,SLC36A1,Target,Target-Cell_growth
Cell_growth,SLC38A5,Target,Target-Cell_growth
Cell_growth,MAP1LC3A,Target,Target-Cell_growth
Cell_growth,ARL2,Target,Target-Cell_growth
Cell_growth,KCNIP2,Target,Target-Cell_growth
Cell_growth,TRPV2,Target,Target-Cell_growth
Cell_growth,RAB14,Target,Target-Cell_growth
Cell_growth,AXIN1,Target,Target-Cell_growth
Cell_growth,SLC16A9,Target,Target-Cell_growth
Cell_growth,FXYD7,Target,Target-Cell_growth
Cell_growth,PTPRZ1,Target,Target-Cell_growth
Cell_growth,SLC9A1,Target,Target-Cell_growth
Cell_growth,SLC4A3,Target,Target-Cell_growth
Cell_growth,SLC2A3,Target,Target-Cell_growth
Cell_growth,SCN5A,Target,Target-Cell_growth
Cell_growth,SCN4A,Target,Target-Cell_growth
Cell_growth,STMN3,Target,Target-Cell_growth
Cell_growth,FASN,Target,Target-Cell_growth
Cell_growth,RAB3IP,Target,Target-Cell_growth
Cell_growth,SLC7A5,Target,Target-Cell_growth
Cell_growth,CATIP,Target,Target-Cell_growth
Cell_growth,SLC16A3,Target,Target-Cell_growth
Cell_growth,PDE4A,Target,Target-Cell_growth
Cell_growth,HPCA,Target,Target-Cell_growth
Cell_growth,GNMT,Target,Target-Cell_growth
Cell_growth,GPR171,Target,Target-Cell_growth
Cell_growth,FARSA,Target,Target-Cell_growth
Cell_growth,NFATC4,Target,Target-Cell_growth
Cell_growth,KCNQ2,Target,Target-Cell_growth
Cell_growth,PLCZ1,Target,Target-Cell_growth
Cell_growth,MX2,Target,Target-Cell_growth
Cell_growth,PRKCZ,Target,Target-Cell_growth
Cell_growth,EMB,Target,Target-Cell_growth
Cell_growth,CHP2,Target,Target-Cell_growth
Cell_growth,USP15,Target,Target-Cell_growth
Cell_growth,RASSF9,Target,Target-Cell_growth
Cell_growth,SLC5A5,Target,Target-Cell_growth
Cell_growth,BHMT,Target,Target-Cell_growth
Cell_growth,UHMK1,Target,Target-Cell_growth
Cell_growth,PLPP1,Target,Target-Cell_growth
Cell_growth,DAPK3,Target,Target-Cell_growth
Cell_growth,UNC5A,Target,Target-Cell_growth
Cell_growth,PTF1A,Target,Target-Cell_growth
Cell_growth,NFATC3,Target,Target-Cell_growth
Cell_growth,ATM,Target,Target-Cell_growth
Cell_growth,SLC47A2,Target,Target-Cell_growth
Cell_growth,CDC25B,Target,Target-Cell_growth
Cell_growth,GRAMD1B,Target,Target-Cell_growth
Cell_growth,PPP3CA,Target,Target-Cell_growth
Cell_growth,SIN3B,Target,Target-Cell_growth
Cell_growth,CYTH1,Target,Target-Cell_growth
Cell_growth,BRAT1,Target,Target-Cell_growth
Cell_growth,CLOCK,Target,Target-Cell_growth
Cell_growth,TAFA2,Target,Target-Cell_growth
Cell_growth,PRDM1,Target,Target-Cell_growth
Cell_growth,KCNT1,Target,Target-Cell_growth
Cell_growth,OLAH,Target,Target-Cell_growth
Cell_growth,ADGRL4,Target,Target-Cell_growth
Cell_growth,RNPEP,Target,Target-Cell_growth
Cell_growth,VPS35,Target,Target-Cell_growth
Cell_growth,STK17B,Target,Target-Cell_growth
Cell_growth,ASAH2,Target,Target-Cell_growth
Cell_growth,SLC2A4,Target,Target-Cell_growth
Cell_growth,MVD,Target,Target-Cell_growth
Cell_growth,VAMP8,Target,Target-Cell_growth
Cell_growth,SRRD,Target,Target-Cell_growth
Cell_growth,SLC38A2,Target,Target-Cell_growth
Cell_growth,SHPK,Target,Target-Cell_growth
Cell_growth,GPR37L1,Target,Target-Cell_growth
Cell_growth,PRSS41,Target,Target-Cell_growth
Cell_growth,AGBL4,Target,Target-Cell_growth
Cell_growth,POU4F2,Target,Target-Cell_growth
Cell_growth,NIBAN2,Target,Target-Cell_growth
Cell_growth,F8A1; F8A2; F8A3,Target,Target-Cell_growth
Cell_growth,TRADD,Target,Target-Cell_growth
Cell_growth,UBE4B,Target,Target-Cell_growth
Cell_growth,SGIP1,Target,Target-Cell_growth
Cell_growth,RPS6KA5,Target,Target-Cell_growth
Cell_growth,SLC47A1,Target,Target-Cell_growth
Cell_growth,ABHD5,Target,Target-Cell_growth
Cell_growth,EEF2,Target,Target-Cell_growth
Cell_growth,ECT2,Target,Target-Cell_growth
Cell_growth,ABCB5,Target,Target-Cell_growth
Cell_growth,RASD2,Target,Target-Cell_growth
Cell_growth,PEX5,Target,Target-Cell_growth
Cell_growth,ATP6V1G3,Target,Target-Cell_growth
Cell_growth,RNF7,Target,Target-Cell_growth
Cell_growth,RIT2,Target,Target-Cell_growth
Cell_growth,VPS36,Target,Target-Cell_growth
Cell_growth,CMTR1,Target,Target-Cell_growth
Cell_growth,MOB2,Target,Target-Cell_growth
Cell_growth,SMN1; SMN2,Target,Target-Cell_growth
Cell_growth,SNRPN,Target,Target-Cell_growth
Cell_growth,UNK,Target,Target-Cell_growth
Cell_growth,PCID2,Target,Target-Cell_growth
Cell_growth,NKD1,Target,Target-Cell_growth
Cell_growth,RANBP9,Target,Target-Cell_growth
Cell_growth,BORA,Target,Target-Cell_growth
Cell_growth,UBE2K,Target,Target-Cell_growth
Cell_growth,RAN,Target,Target-Cell_growth
Cell_growth,DAXX,Target,Target-Cell_growth
Cell_growth,RPS15,Target,Target-Cell_growth
Cell_growth,DIRAS1,Target,Target-Cell_growth
Cell_growth,RIG,Target,Target-Cell_growth
Cell_growth,EPX,Target,Target-Cell_growth
Cell_growth,FADD,Target,Target-Cell_growth
Cell_growth,NOB1,Target,Target-Cell_growth
Cell_growth,ART4,Target,Target-Cell_growth
Cell_growth,PKN1,Target,Target-Cell_growth
Cell_growth,MMS19,Target,Target-Cell_growth
Cell_growth,BTK,Target,Target-Cell_growth
Cell_growth,CADPS,Target,Target-Cell_growth
Cell_growth,WWOX,Target,Target-Cell_growth
Cell_growth,ANKLE2,Target,Target-Cell_growth
Cell_growth,DYRK2,Target,Target-Cell_growth
Cell_growth,EDAR,Target,Target-Cell_growth
Cell_growth,PABPN1,Target,Target-Cell_growth
Cell_growth,ATXN2,Target,Target-Cell_growth
Cell_growth,SETD3,Target,Target-Cell_growth
Cell_growth,NIT1,Target,Target-Cell_growth
Cell_growth,GRPR,Target,Target-Cell_growth
Cell_growth,NR3C1,Target,Target-Cell_growth
Cell_growth,IRAK3,Target,Target-Cell_growth
Cell_growth,KIAA1191,Target,Target-Cell_growth
Cell_growth,SYT6,Target,Target-Cell_growth
Cell_growth,PTPN13,Target,Target-Cell_growth
Cell_growth,RELA,Target,Target-Cell_growth
Cell_growth,SLC43A1,Target,Target-Cell_growth
Cell_growth,REEP2,Target,Target-Cell_growth
Cell_growth,SPRR2F,Target,Target-Cell_growth
Cell_growth,SPRR2G,Target,Target-Cell_growth
Cell_growth,SPRR2D,Target,Target-Cell_growth
Cell_growth,NRBP2,Target,Target-Cell_growth
Cell_growth,ZAP70,Target,Target-Cell_growth
Cell_growth,UBD,Target,Target-Cell_growth
Cell_growth,NEK4,Target,Target-Cell_growth
Cell_growth,ZBED6,Target,Target-Cell_growth
Cell_growth,SLC24A4,Target,Target-Cell_growth
Cell_growth,DSG3,Target,Target-Cell_growth
Cell_growth,IFIT1,Target,Target-Cell_growth
Cell_growth,ARL1,Target,Target-Cell_growth
Cell_growth,LYPLA2,Target,Target-Cell_growth
Cell_growth,SAMSN1,Target,Target-Cell_growth
Cell_growth,KIAA1217,Target,Target-Cell_growth
Cell_growth,KLHL31,Target,Target-Cell_growth
Cell_growth,EPOR,Target,Target-Cell_growth
Cell_growth,BATF,Target,Target-Cell_growth
Cell_growth,MAP3K20,Target,Target-Cell_growth
Cell_growth,AGBL2,Target,Target-Cell_growth
Cell_growth,TLR3,Target,Target-Cell_growth
Cell_growth,TSPAN12,Target,Target-Cell_growth
Cell_growth,NECAP1,Target,Target-Cell_growth
Cell_growth,TESPA1,Target,Target-Cell_growth
Cell_growth,PATL2,Target,Target-Cell_growth
Cell_growth,EIF4E,Target,Target-Cell_growth
Cell_growth,DENND3,Target,Target-Cell_growth
Cell_growth,DENND4C,Target,Target-Cell_growth
Cell_growth,YBX1,Target,Target-Cell_growth
Cell_growth,SYTL3,Target,Target-Cell_growth
Cell_growth,ANO9,Target,Target-Cell_growth
Cell_growth,MKNK1,Target,Target-Cell_growth
Cell_growth,STAC3,Target,Target-Cell_growth
Cell_growth,INTS13,Target,Target-Cell_growth
Cell_growth,SRPK2,Target,Target-Cell_growth
Cell_growth,MKNK2,Target,Target-Cell_growth
Cell_growth,GPR176,Target,Target-Cell_growth
Cell_growth,NLK,Target,Target-Cell_growth
Cell_growth,RIMKLB,Target,Target-Cell_growth
Cell_growth,TENT5C,Target,Target-Cell_growth
Cell_growth,PUM1,Target,Target-Cell_growth
Cell_growth,ATG13,Target,Target-Cell_growth
Cell_growth,SYT8,Target,Target-Cell_growth
Cell_growth,PERM1,Target,Target-Cell_growth
Cell_growth,TAAR9,Target,Target-Cell_growth
Cell_growth,TNFAIP8L3,Target,Target-Cell_growth
Cell_growth,FAM20B,Target,Target-Cell_growth
Cell_growth,CARHSP1,Target,Target-Cell_growth
Cell_growth,CHI3L1,Target,Target-Cell_growth
Cell_growth,RBM19,Target,Target-Cell_growth
Cell_growth,HIF3A,Target,Target-Cell_growth
Cell_growth,DDX21,Target,Target-Cell_growth
Cell_growth,DDX56,Target,Target-Cell_growth
Cell_growth,RBM44,Target,Target-Cell_growth
Cell_growth,KCNK18,Target,Target-Cell_growth
Cell_growth,FAM20C,Target,Target-Cell_growth
Cell_growth,N4BP1,Target,Target-Cell_growth
Cell_growth,RASL10B,Target,Target-Cell_growth
Cell_growth,CCDC78,Target,Target-Cell_growth
Cell_growth,OTOP1,Target,Target-Cell_growth
Cell_growth,CRTC2,Target,Target-Cell_growth
Cell_growth,METTL23,Target,Target-Cell_growth
Cell_growth,GPR83,Target,Target-Cell_growth
Cell_growth,THEMIS,Target,Target-Cell_growth
Cell_growth,SLC9A6,Target,Target-Cell_growth
Cell_growth,GCG,Target,Target-Cell_growth
Cell_growth,GABRR1,Target,Target-Cell_growth
Cell_growth,YTHDF3,Target,Target-Cell_growth
Cell_growth,STK38L,Target,Target-Cell_growth
Cell_growth,FXYD5,Target,Target-Cell_growth
Cell_growth,USP19,Target,Target-Cell_growth
Cell_growth,RNF8,Target,Target-Cell_growth
Cell_growth,METTL13,Target,Target-Cell_growth
Cell_growth,PANX1,Target,Target-Cell_growth
Cell_growth,BEX4,Target,Target-Cell_growth
Cell_growth,AIFM2,Target,Target-Cell_growth
Cell_growth,NLRP3,Target,Target-Cell_growth
Cell_growth,PRKCH,Target,Target-Cell_growth
Cell_growth,OR4M1,Target,Target-Cell_growth
Cell_growth,TES,Target,Target-Cell_growth
Cell_growth,PIK3AP1,Target,Target-Cell_growth
Cell_growth,LRBA,Target,Target-Cell_growth
Cell_growth,PDZRN3,Target,Target-Cell_growth
Cell_growth,GPR146,Target,Target-Cell_growth
Cell_growth,ABCB4,Target,Target-Cell_growth
Cell_growth,TAAR1,Target,Target-Cell_growth
Cell_growth,ILF3,Target,Target-Cell_growth
Cell_growth,TENT5A,Target,Target-Cell_growth
Cell_growth,CDYL,Target,Target-Cell_growth
Cell_growth,NIPA1,Target,Target-Cell_growth
Cell_growth,MIEN1,Target,Target-Cell_growth
Cell_growth,DCTPP1,Target,Target-Cell_growth
Cell_growth,ARRDC4,Target,Target-Cell_growth
Cell_growth,RBM46,Target,Target-Cell_growth
Cell_growth,TNK1,Target,Target-Cell_growth
Cell_growth,FAM20A,Target,Target-Cell_growth
Cell_growth,OPALIN,Target,Target-Cell_growth
Cell_growth,XK,Target,Target-Cell_growth
Cell_growth,TBATA,Target,Target-Cell_growth
Cell_growth,ATP6V1C1,Target,Target-Cell_growth
Cell_growth,SENP7,Target,Target-Cell_growth
Cell_growth,PPM1B,Target,Target-Cell_growth
Cell_growth,PINK1,Target,Target-Cell_growth
Cell_growth,MACF1,Target,Target-Cell_growth
Cell_growth,DAB1,Target,Target-Cell_growth
Cell_growth,WTAP,Target,Target-Cell_growth
Cell_growth,CSMD3,Target,Target-Cell_growth
Cell_growth,TTC5,Target,Target-Cell_growth
Cell_growth,MAST3,Target,Target-Cell_growth
Cell_growth,MYT1,Target,Target-Cell_growth
Cell_growth,MTF1,Target,Target-Cell_growth
Cell_growth,BFSP1,Target,Target-Cell_growth
Cell_growth,FZD6,Target,Target-Cell_growth
Cell_growth,FOXK2,Target,Target-Cell_growth
Cell_growth,PDCL3,Target,Target-Cell_growth
Cell_growth,ACACA,Target,Target-Cell_growth
Cell_growth,CPEB1,Target,Target-Cell_growth
Cell_growth,BTBD10,Target,Target-Cell_growth
Cell_growth,NFE2L2,Target,Target-Cell_growth
Cell_growth,SMPDL3B,Target,Target-Cell_growth
Cell_growth,CLTRN,Target,Target-Cell_growth
Cell_growth,HASPIN,Target,Target-Cell_growth
Cell_growth,OTOP3,Target,Target-Cell_growth
Cell_growth,ENPP1,Target,Target-Cell_growth
Cell_growth,NEDD9,Target,Target-Cell_growth
Cell_growth,SLC38A6,Target,Target-Cell_growth
Cell_growth,SLC25A19,Target,Target-Cell_growth
Cell_growth,FCHO2,Target,Target-Cell_growth
Cell_growth,LACC1,Target,Target-Cell_growth
Cell_growth,SAMD7,Target,Target-Cell_growth
Cell_growth,PTCH1,Target,Target-Cell_growth
Cell_growth,LGR4,Target,Target-Cell_growth
Cell_growth,PELI2,Target,Target-Cell_growth
Cell_growth,SLC36A2,Target,Target-Cell_growth
Cell_growth,INPP5F,Target,Target-Cell_growth
Cell_growth,KRT17,Target,Target-Cell_growth
Cell_growth,TEX15,Target,Target-Cell_growth
Cell_growth,ASIC1,Target,Target-Cell_growth
Cell_growth,FCMR,Target,Target-Cell_growth
Cell_growth,PPL,Target,Target-Cell_growth
Cell_growth,TICAM2,Target,Target-Cell_growth
Cell_growth,TNFRSF21,Target,Target-Cell_growth
Cell_growth,CLEC3B,Target,Target-Cell_growth
Cell_growth,TFDP1,Target,Target-Cell_growth
Cell_growth,CDKN1A,Target,Target-Cell_growth
Cell_growth,AP2A1,Target,Target-Cell_growth
Cell_growth,M1AP,Target,Target-Cell_growth
Cell_growth,MAPK14,Target,Target-Cell_growth
Cell_growth,DIS3L2,Target,Target-Cell_growth
Cell_growth,NR1D2,Target,Target-Cell_growth
Cell_growth,DPP10,Target,Target-Cell_growth
Cell_growth,SEMA6A,Target,Target-Cell_growth
Cell_growth,SLC7A10,Target,Target-Cell_growth
Cell_growth,FXR2,Target,Target-Cell_growth
Cell_growth,MYO1G,Target,Target-Cell_growth
Cell_growth,MGLL,Target,Target-Cell_growth
Cell_growth,GLI3,Target,Target-Cell_growth
Cell_growth,FMNL1,Target,Target-Cell_growth
Cell_growth,MAGEL2,Target,Target-Cell_growth
Cell_growth,RNF220,Target,Target-Cell_growth
Cell_growth,XKR5,Target,Target-Cell_growth
Cell_growth,CAVIN3,Target,Target-Cell_growth
Cell_growth,RNF2,Target,Target-Cell_growth
Cell_growth,ACE,Target,Target-Cell_growth
Cell_growth,NGB,Target,Target-Cell_growth
Cell_growth,PIAS3,Target,Target-Cell_growth
Cell_growth,GKAP1,Target,Target-Cell_growth
Cell_growth,WDR41,Target,Target-Cell_growth
Cell_growth,NEK6,Target,Target-Cell_growth
Cell_growth,ULK1,Target,Target-Cell_growth
Cell_growth,CRTC3,Target,Target-Cell_growth
Cell_growth,GRAMD1A,Target,Target-Cell_growth
Cell_growth,SRRT,Target,Target-Cell_growth
Cell_growth,OPRK1,Target,Target-Cell_growth
Cell_growth,ODC1,Target,Target-Cell_growth
Cell_growth,RBM4,Target,Target-Cell_growth
Cell_growth,ELAVL1,Target,Target-Cell_growth
Cell_growth,DAPK1,Target,Target-Cell_growth
Cell_growth,PKD2L1,Target,Target-Cell_growth
Cell_growth,FZD9,Target,Target-Cell_growth
Cell_growth,CLEC12A,Target,Target-Cell_growth
Cell_growth,PRNP,Target,Target-Cell_growth
Cell_growth,LPIN2,Target,Target-Cell_growth
Cell_growth,LPIN1,Target,Target-Cell_growth
Cell_growth,IKZF3,Target,Target-Cell_growth
Cell_growth,PLPPR5,Target,Target-Cell_growth
Cell_growth,TEX14,Target,Target-Cell_growth
Cell_growth,GPRC6A,Target,Target-Cell_growth
Cell_growth,GPRC5A,Target,Target-Cell_growth
Cell_growth,SCEL,Target,Target-Cell_growth
Cell_growth,LMBRD1,Target,Target-Cell_growth
Cell_growth,AQP7,Target,Target-Cell_growth
Cell_growth,HK1,Target,Target-Cell_growth
Cell_growth,PHACTR1,Target,Target-Cell_growth
Cell_growth,ADGRA2,Target,Target-Cell_growth
Cell_growth,PIK3R1,Target,Target-Cell_growth
Cell_growth,TTYH2,Target,Target-Cell_growth
Cell_growth,SIRT5,Target,Target-Cell_growth
Cell_growth,STRA8,Target,Target-Cell_growth
Cell_growth,TIA1,Target,Target-Cell_growth
Cell_growth,TIAL1,Target,Target-Cell_growth
Cell_growth,SLITRK1,Target,Target-Cell_growth
Cell_growth,TMEM63C,Target,Target-Cell_growth
Cell_growth,CHIA,Target,Target-Cell_growth
Cell_growth,FOXO3,Target,Target-Cell_growth
Cell_growth,ARB2A,Target,Target-Cell_growth
Cell_growth,NCF1,Target,Target-Cell_growth
Cell_growth,GCN1,Target,Target-Cell_growth
Cell_growth,YTHDF2,Target,Target-Cell_growth
Cell_growth,HIPK3,Target,Target-Cell_growth
Cell_growth,ID2,Target,Target-Cell_growth
Cell_growth,ICAM1,Target,Target-Cell_growth
Cell_growth,SLC9A9,Target,Target-Cell_growth
Cell_growth,TICAM1,Target,Target-Cell_growth
Cell_growth,TTYH3,Target,Target-Cell_growth
Cell_growth,PTPRE,Target,Target-Cell_growth
Cell_growth,EPRS1,Target,Target-Cell_growth
Cell_growth,PLXNA2,Target,Target-Cell_growth
Cell_growth,MTA1,Target,Target-Cell_growth
Cell_growth,MID1IP1,Target,Target-Cell_growth
Cell_growth,ZNF706,Target,Target-Cell_growth
Cell_growth,IFNAR1,Target,Target-Cell_growth
Cell_growth,PXK,Target,Target-Cell_growth
Cell_growth,SREBF1,Target,Target-Cell_growth
Cell_growth,GRAMD1C,Target,Target-Cell_growth
Cell_growth,DICER1,Target,Target-Cell_growth
Cell_growth,QTRT2,Target,Target-Cell_growth
Cell_growth,ACSS2,Target,Target-Cell_growth
Cell_growth,LRP1,Target,Target-Cell_growth
Cell_growth,PEG10,Target,Target-Cell_growth
Cell_growth,FBXO38,Target,Target-Cell_growth
Cell_growth,KCTD3,Target,Target-Cell_growth
Cell_growth,KCNS1,Target,Target-Cell_growth
Cell_growth,KCNS2,Target,Target-Cell_growth
Cell_growth,LIPE,Target,Target-Cell_growth
Cell_growth,LCK,Target,Target-Cell_growth
Cell_growth,CIAPIN1,Target,Target-Cell_growth
Cell_growth,KRT5,Target,Target-Cell_growth
Cell_growth,KIF20B,Target,Target-Cell_growth
Cell_growth,MAPK4,Target,Target-Cell_growth
Cell_growth,KRT2,Target,Target-Cell_growth
Cell_growth,KRT10,Target,Target-Cell_growth
Cell_growth,PSME4,Target,Target-Cell_growth
Cell_growth,TBC1D13,Target,Target-Cell_growth
Cell_growth,TRARG1,Target,Target-Cell_growth
Cell_growth,SLC1A3,Target,Target-Cell_growth
Cell_growth,XKR6,Target,Target-Cell_growth
Cell_growth,DND1,Target,Target-Cell_growth
Cell_growth,PTER,Target,Target-Cell_growth
Cell_growth,MAPK6,Target,Target-Cell_growth
Cell_growth,SGSM1,Target,Target-Cell_growth
Cell_growth,GK5,Target,Target-Cell_growth
Cell_growth,TMEM119,Target,Target-Cell_growth
Cell_growth,RAB23,Target,Target-Cell_growth
Cell_growth,RUNX2,Target,Target-Cell_growth
Cell_growth,RIC8B,Target,Target-Cell_growth
Cell_growth,DOCK5,Target,Target-Cell_growth
Cell_growth,LRRC8A,Target,Target-Cell_growth
Cell_growth,XRN1,Target,Target-Cell_growth
Cell_growth,ITGAM,Target,Target-Cell_growth
Cell_growth,ITGA6,Target,Target-Cell_growth
Cell_growth,MOV10,Target,Target-Cell_growth
Cell_growth,NLRC4,Target,Target-Cell_growth
Cell_growth,TARS3,Target,Target-Cell_growth
Cell_growth,OR51E2,Target,Target-Cell_growth
Cell_growth,SYTL4,Target,Target-Cell_growth
Cell_growth,IRF1,Target,Target-Cell_growth
Cell_growth,DGKH,Target,Target-Cell_growth
Cell_growth,AHR,Target,Target-Cell_growth
Cell_growth,EML1,Target,Target-Cell_growth
Cell_growth,HTR1B,Target,Target-Cell_growth
Cell_growth,HSP90AB1,Target,Target-Cell_growth
Cell_growth,TDRD7,Target,Target-Cell_growth
Cell_growth,NAA35,Target,Target-Cell_growth
Cell_growth,UFM1,Target,Target-Cell_growth
Cell_growth,RNF115,Target,Target-Cell_growth
Cell_growth,SMIM43,Target,Target-Cell_growth
Cell_growth,ZBED3,Target,Target-Cell_growth
Cell_growth,APLF,Target,Target-Cell_growth
Cell_growth,KCNU1,Target,Target-Cell_growth
Cell_growth,CDK2AP2,Target,Target-Cell_growth
Cell_growth,CD160,Target,Target-Cell_growth
Cell_growth,RIPK4,Target,Target-Cell_growth
Cell_growth,TTC4,Target,Target-Cell_growth
Cell_growth,TERF2IP,Target,Target-Cell_growth
Cell_growth,KLHL40,Target,Target-Cell_growth
Cell_growth,PLXDC1,Target,Target-Cell_growth
Cell_growth,FBXW11,Target,Target-Cell_growth
Cell_growth,TMEM120A,Target,Target-Cell_growth
Cell_growth,EHD2,Target,Target-Cell_growth
Cell_growth,PLXND1,Target,Target-Cell_growth
Cell_growth,PARP14,Target,Target-Cell_growth
Cell_growth,BAG6,Target,Target-Cell_growth
Cell_growth,PANK1,Target,Target-Cell_growth
Cell_growth,REEP1,Target,Target-Cell_growth
Cell_growth,BACE2,Target,Target-Cell_growth
Cell_growth,PRX,Target,Target-Cell_growth
Cell_growth,MEIOC,Target,Target-Cell_growth
Cell_growth,PML,Target,Target-Cell_growth
Cell_growth,ATOH1,Target,Target-Cell_growth
Cell_growth,MDFIC,Target,Target-Cell_growth
Cell_growth,PKMYT1,Target,Target-Cell_growth
Cell_growth,FKBP6,Target,Target-Cell_growth
Cell_growth,SPG11,Target,Target-Cell_growth
Cell_growth,AP2A2,Target,Target-Cell_growth
Cell_growth,MICAL2,Target,Target-Cell_growth
Cell_growth,CPNE6,Target,Target-Cell_growth
Cell_growth,FIGNL1,Target,Target-Cell_growth
Cell_growth,NEK7,Target,Target-Cell_growth
Cell_growth,LRRC8D,Target,Target-Cell_growth
Cell_growth,JAG2,Target,Target-Cell_growth
Cell_growth,PRMT3,Target,Target-Cell_growth
Cell_growth,DUSP29,Target,Target-Cell_growth
Cell_growth,NIF3L1,Target,Target-Cell_growth
Cell_growth,RAMP3,Target,Target-Cell_growth
Cell_growth,GPX1,Target,Target-Cell_growth
Cell_growth,PLAA,Target,Target-Cell_growth
Cell_growth,ZSWIM8,Target,Target-Cell_growth
Cell_growth,PLA2G4E,Target,Target-Cell_growth
Cell_growth,NOXO1,Target,Target-Cell_growth
Cell_growth,PYROXD1,Target,Target-Cell_growth
Cell_growth,IFT81,Target,Target-Cell_growth
Cell_growth,TMPRSS7,Target,Target-Cell_growth
Cell_growth,PIP4P1,Target,Target-Cell_growth
Cell_growth,AGBL5,Target,Target-Cell_growth
Cell_growth,TRAF6,Target,Target-Cell_growth
Cell_growth,FNIP2,Target,Target-Cell_growth
Cell_growth,PSTPIP2,Target,Target-Cell_growth
Cell_growth,FEM1B,Target,Target-Cell_growth
Cell_growth,CALHM2,Target,Target-Cell_growth
Cell_growth,DNAJC6,Target,Target-Cell_growth
Cell_growth,SLC11A2,Target,Target-Cell_growth
Cell_growth,IMPACT,Target,Target-Cell_growth
Cell_growth,FLVCR1,Target,Target-Cell_growth
Cell_growth,SAMD5,Target,Target-Cell_growth
Cell_growth,VPS4A,Target,Target-Cell_growth
Cell_growth,M6PR,Target,Target-Cell_growth
Cell_growth,RBM24,Target,Target-Cell_growth
Cell_growth,KCNH3,Target,Target-Cell_growth
Cell_growth,ANKRD16,Target,Target-Cell_growth
Cell_growth,LYN,Target,Target-Cell_growth
Cell_growth,FBXL3,Target,Target-Cell_growth
Cell_growth,PITPNC1,Target,Target-Cell_growth
Cell_growth,RPS3A,Target,Target-Cell_growth
Cell_growth,AP2B1,Target,Target-Cell_growth
Cell_growth,MFI,Target,Target-Cell_growth
Cell_growth,KCNIP3,Target,Target-Cell_growth
Cell_growth,NXT2,Target,Target-Cell_growth
Cell_growth,BLOC1S4,Target,Target-Cell_growth
Cell_growth,KCNK9,Target,Target-Cell_growth
Cell_growth,ZBTB20,Target,Target-Cell_growth
Cell_growth,GAPVD1,Target,Target-Cell_growth
Cell_growth,TBC1D15,Target,Target-Cell_growth
Cell_growth,NIPA2,Target,Target-Cell_growth
Cell_growth,EEF1D,Target,Target-Cell_growth
Cell_growth,USP2,Target,Target-Cell_growth
Cell_growth,LGI1,Target,Target-Cell_growth
Cell_growth,KCTD7,Target,Target-Cell_growth
Cell_growth,ATG4B,Target,Target-Cell_growth
Cell_growth,PITRM1,Target,Target-Cell_growth
Cell_growth,PREP,Target,Target-Cell_growth
Cell_growth,PLSCR2,Target,Target-Cell_growth
Cell_growth,ATP6V1G1,Target,Target-Cell_growth
Cell_growth,EEIG1,Target,Target-Cell_growth
Cell_growth,WEE2,Target,Target-Cell_growth
Cell_growth,AAMDC,Target,Target-Cell_growth
Cell_growth,CAMK2N1,Target,Target-Cell_growth
Cell_growth,PPP1R11,Target,Target-Cell_growth
Cell_growth,KNL1,Target,Target-Cell_growth
Cell_growth,CLEC4E,Target,Target-Cell_growth
Cell_growth,DNAJC3,Target,Target-Cell_growth
Cell_growth,VIRMA,Target,Target-Cell_growth
Cell_growth,ECHDC1,Target,Target-Cell_growth
Cell_growth,CBLL1,Target,Target-Cell_growth
Cell_growth,SUFU,Target,Target-Cell_growth
Cell_growth,DESI2,Target,Target-Cell_growth
Cell_growth,DDX1,Target,Target-Cell_growth
Cell_growth,PRKG1,Target,Target-Cell_growth
Cell_growth,YTHDC2,Target,Target-Cell_growth
Cell_growth,SH2B2,Target,Target-Cell_growth
Cell_growth,PACSIN2,Target,Target-Cell_growth
Cell_growth,PIP4P2,Target,Target-Cell_growth
Cell_growth,STING1,Target,Target-Cell_growth
Cell_growth,FBXL21P,Target,Target-Cell_growth
Cell_growth,CBLN4,Target,Target-Cell_growth
Cell_growth,SLC30A1,Target,Target-Cell_growth
Cell_growth,CYGB,Target,Target-Cell_growth
Cell_growth,SLC10A7,Target,Target-Cell_growth
Cell_growth,SLC52A3,Target,Target-Cell_growth
Cell_growth,METTL5,Target,Target-Cell_growth
Cell_growth,CPOX,Target,Target-Cell_growth
Cell_growth,CPO,Target,Target-Cell_growth
Cell_growth,ARNT2,Target,Target-Cell_growth
Cell_growth,TMEM161B,Target,Target-Cell_growth
Cell_growth,SARM1,Target,Target-Cell_growth
Cell_growth,INTU,Target,Target-Cell_growth
Cell_growth,QTRT1,Target,Target-Cell_growth
Cell_growth,IRF5,Target,Target-Cell_growth
Cell_growth,IPO7,Target,Target-Cell_growth
Cell_growth,GBA2,Target,Target-Cell_growth
Cell_growth,ANO1,Target,Target-Cell_growth
Cell_growth,AKIRIN2,Target,Target-Cell_growth
Cell_growth,TET3,Target,Target-Cell_growth
Cell_growth,SLC22A6,Target,Target-Cell_growth
Cell_growth,MYBBP1A,Target,Target-Cell_growth
Cell_growth,RHEB,Target,Target-Cell_growth
Cell_growth,ELP3,Target,Target-Cell_growth
Cell_growth,TUB,Target,Target-Cell_growth
Cell_growth,NTNG2,Target,Target-Cell_growth
Cell_growth,FBXO2,Target,Target-Cell_growth
Cell_growth,EIF2AK4,Target,Target-Cell_growth
Cell_growth,IPO5,Target,Target-Cell_growth
Cell_growth,TTYH1,Target,Target-Cell_growth
Cell_growth,FAM210A,Target,Target-Cell_growth
Cell_growth,VIM,Target,Target-Cell_growth
Cell_growth,VXN,Target,Target-Cell_growth
Cell_growth,HCN3,Target,Target-Cell_growth
Cell_growth,RGS7BP,Target,Target-Cell_growth
Cell_growth,TARS1,Target,Target-Cell_growth
Cell_growth,OTULIN,Target,Target-Cell_growth
Cell_growth,NAP1L1,Target,Target-Cell_growth
Cell_growth,NOX3,Target,Target-Cell_growth
Cell_growth,HELB,Target,Target-Cell_growth
Cell_growth,CD19,Target,Target-Cell_growth
Cell_growth,SIX4,Target,Target-Cell_growth
Cell_growth,MAPKAPK5,Target,Target-Cell_growth
Cell_growth,TFE3,Target,Target-Cell_growth
Cell_growth,ADAD2,Target,Target-Cell_growth
Cell_growth,CRTC1,Target,Target-Cell_growth
Cell_growth,DEDD,Target,Target-Cell_growth
Cell_growth,CCDC198,Target,Target-Cell_growth
Cell_growth,ZIC1,Target,Target-Cell_growth
Cell_growth,ZIC2,Target,Target-Cell_growth
Cell_growth,ZIC3,Target,Target-Cell_growth
Cell_growth,MKRN2,Target,Target-Cell_growth
Cell_growth,RPL11,Target,Target-Cell_growth
Cell_growth,TSG101,Target,Target-Cell_growth
Cell_growth,KCTD20,Target,Target-Cell_growth
Cell_growth,AP2M1,Target,Target-Cell_growth
Cell_growth,TESMIN,Target,Target-Cell_growth
Cell_growth,CALHM6,Target,Target-Cell_growth
Cell_growth,RAB31,Target,Target-Cell_growth
Cell_growth,NR1H3,Target,Target-Cell_growth
Cell_growth,NIPSNAP2,Target,Target-Cell_growth
Cell_growth,SMPD2,Target,Target-Cell_growth
Cell_growth,ELP1,Target,Target-Cell_growth
Cell_growth,SRPK1,Target,Target-Cell_growth
Cell_growth,ERI1,Target,Target-Cell_growth
Cell_growth,TMEM63A,Target,Target-Cell_growth
Cell_growth,MFSD2B,Target,Target-Cell_growth
Cell_growth,BLOC1S1,Target,Target-Cell_growth
Cell_growth,MEDAG,Target,Target-Cell_growth
Cell_growth,AGTPBP1,Target,Target-Cell_growth
Cell_growth,USP8,Target,Target-Cell_growth
Cell_growth,NTNG1,Target,Target-Cell_growth
Cell_growth,TBX2,Target,Target-Cell_growth
Cell_growth,FLVCR2,Target,Target-Cell_growth
Cell_growth,XKR7,Target,Target-Cell_growth
Cell_growth,OR4E2,Target,Target-Cell_growth
Cell_growth,TMPRSS11E,Target,Target-Cell_growth
Cell_growth,NTAQ1,Target,Target-Cell_growth
Cell_growth,CREM,Target,Target-Cell_growth
Cell_growth,CRABP2,Target,Target-Cell_growth
Cell_growth,SLC39A11,Target,Target-Cell_growth
Cell_growth,NPTXR,Target,Target-Cell_growth
Cell_growth,BEST3,Target,Target-Cell_growth
Cell_growth,IGBP1,Target,Target-Cell_growth
Cell_growth,DIAPH3,Target,Target-Cell_growth
Cell_growth,NOCT,Target,Target-Cell_growth
Cell_growth,STOML2,Target,Target-Cell_growth
Cell_growth,KEAP1,Target,Target-Cell_growth
Cell_growth,BACE1,Target,Target-Cell_growth
Cell_growth,PRKX,Target,Target-Cell_growth
Cell_growth,NFATC2,Target,Target-Cell_growth
Cell_growth,EIF4EBP2,Target,Target-Cell_growth
Cell_growth,PLA2G4A,Target,Target-Cell_growth
Cell_growth,WDFY2,Target,Target-Cell_growth
Cell_growth,THRSP,Target,Target-Cell_growth
Cell_growth,DVL1,Target,Target-Cell_growth
Cell_growth,DVL1P1,Target,Target-Cell_growth
Cell_growth,CAMK2N2,Target,Target-Cell_growth
Cell_growth,DPP6,Target,Target-Cell_growth
Cell_growth,DLX3,Target,Target-Cell_growth
Cell_growth,SMYD4,Target,Target-Cell_growth
Cell_growth,TIGAR,Target,Target-Cell_growth
Cell_growth,CRADD,Target,Target-Cell_growth
Cell_growth,MINPP1,Target,Target-Cell_growth
Cell_growth,DHFR,Target,Target-Cell_growth
Cell_growth,IGFLR1,Target,Target-Cell_growth
Cell_growth,CCNO,Target,Target-Cell_growth
Cell_growth,MEOX1,Target,Target-Cell_growth
Cell_growth,TFEB,Target,Target-Cell_growth
Cell_growth,TMEM150C,Target,Target-Cell_growth
Cell_growth,RPE65,Target,Target-Cell_growth
Cell_growth,PER2,Target,Target-Cell_growth
Cell_growth,MYRF,Target,Target-Cell_growth
Cell_growth,PLXNB2,Target,Target-Cell_growth
Cell_growth,FLOT2,Target,Target-Cell_growth
Cell_growth,VCPKMT,Target,Target-Cell_growth
Cell_growth,DAZAP1,Target,Target-Cell_growth
Cell_growth,YTHDF1,Target,Target-Cell_growth
Cell_growth,DPPA3,Target,Target-Cell_growth
Cell_growth,ATG16L2,Target,Target-Cell_growth
Cell_growth,SMPD3,Target,Target-Cell_growth
Cell_growth,TMEM63B,Target,Target-Cell_growth
Cell_growth,SKP1,Target,Target-Cell_growth
Cell_growth,CPNE2,Target,Target-Cell_growth
Cell_growth,RRAD,Target,Target-Cell_growth
Cell_growth,FNDC4,Target,Target-Cell_growth
Cell_growth,LRCH4,Target,Target-Cell_growth
Cell_growth,HTR2B,Target,Target-Cell_growth
Cell_growth,SULT4A1,Target,Target-Cell_growth
Cell_growth,ANO6,Target,Target-Cell_growth
Cell_growth,BMAL1,Target,Target-Cell_growth
Cell_growth,ANO2,Target,Target-Cell_growth
Cell_growth,LIMD1,Target,Target-Cell_growth
Cell_growth,SLC39A2,Target,Target-Cell_growth
Cell_growth,MAPKAPK2,Target,Target-Cell_growth
Cell_growth,FABP4,Target,Target-Cell_growth
Cell_growth,AOX1,Target,Target-Cell_growth
Cell_growth,SIDT2,Target,Target-Cell_growth
Cell_growth,PLAAT3,Target,Target-Cell_growth
Cell_growth,UFSP2,Target,Target-Cell_growth
Cell_growth,SYCP2,Target,Target-Cell_growth
Cell_growth,CTDSP2,Target,Target-Cell_growth
Cell_growth,SCP2,Target,Target-Cell_growth
Cell_growth,CIRBP,Target,Target-Cell_growth
Cell_growth,TALDO1,Target,Target-Cell_growth
Cell_growth,ACTL7A,Target,Target-Cell_growth
Cell_growth,STOM,Target,Target-Cell_growth
Cell_growth,PKD1L3,Target,Target-Cell_growth
Cell_growth,SERPINB6,Target,Target-Cell_growth
Cell_growth,TNFAIP8L1,Target,Target-Cell_growth
Cell_growth,MAP4K1,Target,Target-Cell_growth
Cell_growth,MAP3K12,Target,Target-Cell_growth
Cell_growth,MAP3K4,Target,Target-Cell_growth
Cell_growth,MAP2K7,Target,Target-Cell_growth
Cell_growth,MAPK10,Target,Target-Cell_growth
Cell_growth,MAPK9,Target,Target-Cell_growth
Cell_growth,DVL2,Target,Target-Cell_growth
Cell_growth,OR10J5,Target,Target-Cell_growth
Cell_growth,RSRC1,Target,Target-Cell_growth
Cell_growth,PNPLA2,Target,Target-Cell_growth
Cell_growth,SH3PXD2A,Target,Target-Cell_growth
Cell_growth,KLHL2,Target,Target-Cell_growth
Cell_growth,RBX1,Target,Target-Cell_growth
Cell_growth,BECN1,Target,Target-Cell_growth
Cell_growth,MTM1,Target,Target-Cell_growth
Cell_growth,ALOX12,Target,Target-Cell_growth
Cell_growth,NGLY1,Target,Target-Cell_growth
Cell_growth,ADCY6,Target,Target-Cell_growth
Cell_growth,ASPA,Target,Target-Cell_growth
Cell_growth,CARM1,Target,Target-Cell_growth
Cell_growth,SIK2,Target,Target-Cell_growth
Cell_growth,MIOX,Target,Target-Cell_growth
Cell_growth,GCKR,Target,Target-Cell_growth
Cell_growth,RFX2,Target,Target-Cell_growth
Cell_growth,A1CF,Target,Target-Cell_growth
Cell_growth,GNAI1,Target,Target-Cell_growth
Cell_growth,GNAI3,Target,Target-Cell_growth
Cell_growth,GPC3,Target,Target-Cell_growth
Cell_growth,KCNIP4,Target,Target-Cell_growth
Cell_growth,STUB1,Target,Target-Cell_growth
Cell_growth,KCNE1,Target,Target-Cell_growth
Cell_growth,NT5E,Target,Target-Cell_growth
Cell_growth,EFNB1,Target,Target-Cell_growth
Cell_growth,CARNMT1,Target,Target-Cell_growth
Cell_growth,CHP1,Target,Target-Cell_growth
Cell_growth,CHORDC1,Target,Target-Cell_growth
Cell_growth,SIAH1,Target,Target-Cell_growth
Cell_growth,CNR1,Target,Target-Cell_growth
Cell_growth,XPNPEP1,Target,Target-Cell_growth
Cell_growth,GABRD,Target,Target-Cell_growth
Cell_growth,STX17,Target,Target-Cell_growth
Cell_growth,RASD1,Target,Target-Cell_growth
Cell_growth,HSPA4L,Target,Target-Cell_growth
Cell_growth,ADCY2,Target,Target-Cell_growth
Cell_growth,WDR54,Target,Target-Cell_growth
Cell_growth,ARL2BP,Target,Target-Cell_growth
Cell_growth,EXOC6B,Target,Target-Cell_growth
Cell_growth,PCK1,Target,Target-Cell_growth
Cell_growth,FOSL1,Target,Target-Cell_growth
Cell_growth,CCR2,Target,Target-Cell_growth
Cell_growth,DUSP4,Target,Target-Cell_growth
Cell_growth,EXOC3,Target,Target-Cell_growth
Cell_growth,KDM8,Target,Target-Cell_growth
Cell_growth,SUN2,Target,Target-Cell_growth
Cell_growth,TTL,Target,Target-Cell_growth
Cell_growth,SCD,Target,Target-Cell_growth
Cell_growth,CCT8,Target,Target-Cell_growth
Cell_growth,AGAP1,Target,Target-Cell_growth
Cell_growth,PHC1,Target,Target-Cell_growth
Cell_growth,ACTR5,Target,Target-Cell_growth
Cell_growth,ANGPTL6,Target,Target-Cell_growth
Cell_growth,STK38,Target,Target-Cell_growth
Cell_growth,FSD1,Target,Target-Cell_growth
Cell_growth,UPF2,Target,Target-Cell_growth
Cell_growth,SUN1,Target,Target-Cell_growth
Cell_growth,RAD23B,Target,Target-Cell_growth
Cell_growth,C2,Target,Target-Cell_growth
Cell_growth,EPB41L5,Target,Target-Cell_growth
Cell_growth,ANKH,Target,Target-Cell_growth
Cell_growth,SLC27A2,Target,Target-Cell_growth
Cell_growth,NBEA,Target,Target-Cell_growth
Cell_growth,GNPDA1,Target,Target-Cell_growth
Cell_growth,BUB1B,Target,Target-Cell_growth
Cell_growth,CASZ1,Target,Target-Cell_growth
Cell_growth,GAL3ST1,Target,Target-Cell_growth
Cell_growth,EXOC5,Target,Target-Cell_growth
Cell_growth,PFDN6,Target,Target-Cell_growth
Cell_growth,SCD5,Target,Target-Cell_growth
Cell_growth,EBP,Target,Target-Cell_growth
Cell_growth,MAP3K1,Target,Target-Cell_growth
Cell_growth,VPS18,Target,Target-Cell_growth
Cell_growth,ABI3,Target,Target-Cell_growth
Cell_growth,RGPD2,Target,Target-Cell_growth
Cell_growth,CAND2,Target,Target-Cell_growth
Cell_growth,RAC3,Target,Target-Cell_growth
Cell_growth,NCOA3,Target,Target-Cell_growth
Cell_growth,RGPD4,Target,Target-Cell_growth
Cell_growth,MAP2K3,Target,Target-Cell_growth
Cell_growth,TRANK1,Target,Target-Cell_growth
Cell_growth,CPSF2,Target,Target-Cell_growth
Cell_growth,AK2,Target,Target-Cell_growth
Cell_growth,MAP2K4,Target,Target-Cell_growth
Cell_growth,HERPUD1,Target,Target-Cell_growth
Cell_growth,CALM2,Target,Target-Cell_growth
Cell_growth,NPR1,Target,Target-Cell_growth
Cell_growth,PRR13,Target,Target-Cell_growth
Cell_growth,PADI4,Target,Target-Cell_growth
Cell_growth,CPSF4,Target,Target-Cell_growth
Cell_growth,CRY2,Target,Target-Cell_growth
Cell_growth,PFDN5,Target,Target-Cell_growth
Cell_growth,DEPDC5,Target,Target-Cell_growth
Cell_growth,PLIN5,Target,Target-Cell_growth
Cell_growth,CFAP299,Target,Target-Cell_growth
Cell_growth,MOS,Target,Target-Cell_growth
Cell_growth,FFAR1,Target,Target-Cell_growth
Cell_growth,NR1I3,Target,Target-Cell_growth
Cell_growth,DHX30,Target,Target-Cell_growth
Cell_growth,SLF1,Target,Target-Cell_growth
Cell_growth,FHIT,Target,Target-Cell_growth
Cell_growth,MLST8,Target,Target-Cell_growth
Cell_growth,GNE,Target,Target-Cell_growth
Cell_growth,KCNQ3,Target,Target-Cell_growth
Cell_growth,TMEM184A,Target,Target-Cell_growth
Cell_growth,RAB26,Target,Target-Cell_growth
Cell_growth,ALDH9A1,Target,Target-Cell_growth
Cell_growth,MICU3,Target,Target-Cell_growth
Cell_growth,SLC50A1,Target,Target-Cell_growth
Cell_growth,BCAT1,Target,Target-Cell_growth
Cell_growth,P2RX3,Target,Target-Cell_growth
Cell_growth,CBS,Target,Target-Cell_growth
Cell_growth,FTH1,Target,Target-Cell_growth
Cell_growth,SCT,Target,Target-Cell_growth
Cell_growth,SS18L1,Target,Target-Cell_growth
Cell_growth,CSRNP3,Target,Target-Cell_growth
Cell_growth,E2F2,Target,Target-Cell_growth
Cell_growth,ZEB1,Target,Target-Cell_growth
Cell_growth,EPO,Target,Target-Cell_growth
Cell_growth,GABRA2,Target,Target-Cell_growth
Cell_growth,FREY1,Target,Target-Cell_growth
Cell_growth,ANGPTL4,Target,Target-Cell_growth
Cell_growth,DKK1,Target,Target-Cell_growth
Cell_growth,CHN1,Target,Target-Cell_growth
Cell_growth,HAPLN4,Target,Target-Cell_growth
Cell_growth,IL18,Target,Target-Cell_growth
Cell_growth,KIF5B,Target,Target-Cell_growth
Cell_growth,ITGB8,Target,Target-Cell_growth
Cell_growth,IRAK1,Target,Target-Cell_growth
Cell_growth,CHD8,Target,Target-Cell_growth
Cell_growth,IL17RA,Target,Target-Cell_growth
Cell_growth,LHX5,Target,Target-Cell_growth
Cell_growth,NEUROD2,Target,Target-Cell_growth
Cell_growth,NEUROG1,Target,Target-Cell_growth
Cell_growth,ASB4,Target,Target-Cell_growth
Cell_growth,FFAR2,Target,Target-Cell_growth
Cell_growth,EPHB3,Target,Target-Cell_growth
Cell_growth,COL4A4,Target,Target-Cell_growth
Cell_growth,USP27X,Target,Target-Cell_growth
Cell_growth,TCF12,Target,Target-Cell_growth
Cell_growth,SOX4,Target,Target-Cell_growth
Cell_growth,HPSE,Target,Target-Cell_growth
Cell_growth,TCF7L1,Target,Target-Cell_growth
Cell_growth,TCF3,Target,Target-Cell_growth
Cell_growth,TCF7L2,Target,Target-Cell_growth
Cell_growth,TCF4,Target,Target-Cell_growth
Cell_growth,BCL2A1,Target,Target-Cell_growth
Cell_growth,BCAN,Target,Target-Cell_growth
Cell_growth,SCG5,Target,Target-Cell_growth
Cell_growth,SNCG,Target,Target-Cell_growth
Cell_growth,TOLLIP,Target,Target-Cell_growth
Cell_growth,BAX,Target,Target-Cell_growth
Cell_growth,GREM1,Target,Target-Cell_growth
Cell_growth,NMI,Target,Target-Cell_growth
Cell_growth,TLR4,Target,Target-Cell_growth
Cell_growth,SPPL2C,Target,Target-Cell_growth
Cell_growth,MTCL2,Target,Target-Cell_growth
Cell_growth,CTCFL,Target,Target-Cell_growth
Cell_growth,PRMT7,Target,Target-Cell_growth
Cell_growth,S1PR1,Target,Target-Cell_growth
Cell_growth,UQCC6,Target,Target-Cell_growth
Cell_growth,CCDC88C,Target,Target-Cell_growth
Cell_growth,VPS45,Target,Target-Cell_growth
Cell_growth,NACC2,Target,Target-Cell_growth
Cell_growth,PRPF31,Target,Target-Cell_growth
Cell_growth,PLAGL1,Target,Target-Cell_growth
Cell_growth,MBD1,Target,Target-Cell_growth
Cell_growth,NAT9,Target,Target-Cell_growth
Cell_growth,HSPA4,Target,Target-Cell_growth
Cell_growth,FDXR,Target,Target-Cell_growth
Cell_growth,TCL1A,Target,Target-Cell_growth
Cell_growth,TCL1B,Target,Target-Cell_growth
Cell_growth,MSRB1,Target,Target-Cell_growth
Cell_growth,EPC1,Target,Target-Cell_growth
Cell_growth,CCDC80,Target,Target-Cell_growth
Cell_growth,ACSL1,Target,Target-Cell_growth
Cell_growth,CCNB1IP1,Target,Target-Cell_growth
Cell_growth,ADAM8,Target,Target-Cell_growth
Cell_growth,VTI1B,Target,Target-Cell_growth
Cell_growth,ABCD1,Target,Target-Cell_growth
Cell_growth,PER1,Target,Target-Cell_growth
Cell_growth,UGT8,Target,Target-Cell_growth
Cell_growth,OPTN,Target,Target-Cell_growth
Cell_growth,CDX2,Target,Target-Cell_growth
Cell_growth,NDEL1,Target,Target-Cell_growth
Cell_growth,GOSR2,Target,Target-Cell_growth
Cell_growth,MX1,Target,Target-Cell_growth
Cell_growth,ZDHHC3,Target,Target-Cell_growth
Cell_growth,KLC3,Target,Target-Cell_growth
Cell_growth,MEF2D,Target,Target-Cell_growth
Cell_growth,GET1,Target,Target-Cell_growth
Cell_growth,CHD6,Target,Target-Cell_growth
Cell_growth,CHD5,Target,Target-Cell_growth
Cell_growth,PLCB2,Target,Target-Cell_growth
Cell_growth,SHANK1,Target,Target-Cell_growth
Cell_growth,SULT1C2,Target,Target-Cell_growth
Cell_growth,SULT1C4,Target,Target-Cell_growth
Cell_growth,CAVIN1,Target,Target-Cell_growth
Cell_growth,PARK7,Target,Target-Cell_growth
Cell_growth,NAT8L,Target,Target-Cell_growth
Cell_growth,PCYT1A,Target,Target-Cell_growth
Cell_growth,ATL1,Target,Target-Cell_growth
Cell_growth,PTGDS,Target,Target-Cell_growth
Cell_growth,FFAR3,Target,Target-Cell_growth
Cell_growth,DCUN1D5,Target,Target-Cell_growth
Cell_growth,ZBTB38,Target,Target-Cell_growth
Cell_growth,ATF6,Target,Target-Cell_growth
Cell_growth,OPRM1,Target,Target-Cell_growth
Cell_growth,B4GALNT1,Target,Target-Cell_growth
Cell_growth,MEN1,Target,Target-Cell_growth
Cell_growth,AMACR,Target,Target-Cell_growth
Cell_growth,LIPA,Target,Target-Cell_growth
Cell_growth,RBM20,Target,Target-Cell_growth
Cell_growth,TOX3,Target,Target-Cell_growth
Cell_growth,KCND3,Target,Target-Cell_growth
Cell_growth,NMU,Target,Target-Cell_growth
Cell_growth,LRAT,Target,Target-Cell_growth
Cell_growth,DOC2A,Target,Target-Cell_growth
Cell_growth,ALX1,Target,Target-Cell_growth
Cell_growth,CARF,Target,Target-Cell_growth
Cell_growth,CDKN2AIP,Target,Target-Cell_growth
Cell_growth,NENF,Target,Target-Cell_growth
Cell_growth,PGAP1,Target,Target-Cell_growth
Cell_growth,SUCNR1,Target,Target-Cell_growth
Cell_growth,MAPK15,Target,Target-Cell_growth
Cell_growth,SLC25A25,Target,Target-Cell_growth
Cell_growth,CPQ,Target,Target-Cell_growth
Cell_growth,KLF10,Target,Target-Cell_growth
Cell_growth,CYP7A1,Target,Target-Cell_growth
Cell_growth,ECHDC3,Target,Target-Cell_growth
Cell_growth,ACAT1,Target,Target-Cell_growth
Cell_growth,SOAT1,Target,Target-Cell_growth
Cell_growth,ABCD3,Target,Target-Cell_growth
Cell_growth,HUWE1,Target,Target-Cell_growth
Cell_growth,HNRNPA2B1,Target,Target-Cell_growth
Cell_growth,PREB,Target,Target-Cell_growth
Cell_growth,GNL3,Target,Target-Cell_growth
Cell_growth,SH3BP5,Target,Target-Cell_growth
Cell_growth,SNAP23,Target,Target-Cell_growth
Cell_growth,GOLGA2,Target,Target-Cell_growth
Cell_growth,SNRK,Target,Target-Cell_growth
Cell_growth,STX12,Target,Target-Cell_growth
Cell_growth,IPMK,Target,Target-Cell_growth
Cell_growth,TIMELESS,Target,Target-Cell_growth
Cell_growth,KHDRBS3,Target,Target-Cell_growth
Cell_growth,RNF4,Target,Target-Cell_growth
Cell_growth,FARS2,Target,Target-Cell_growth
Cell_growth,TNP2,Target,Target-Cell_growth
Cell_growth,TRPM8,Target,Target-Cell_growth
Cell_growth,SOST,Target,Target-Cell_growth
Cell_growth,ECH1,Target,Target-Cell_growth
Cell_growth,CYP11A1,Target,Target-Cell_growth
Cell_growth,BCAT2,Target,Target-Cell_growth
Cell_growth,FDPS,Target,Target-Cell_growth
Cell_growth,TMEM135,Target,Target-Cell_growth
Cell_growth,LURAP1,Target,Target-Cell_growth
Cell_growth,UCP1,Target,Target-Cell_growth
Cell_growth,NUCB2,Target,Target-Cell_growth
Cell_growth,ACOT8,Target,Target-Cell_growth
Cell_growth,GGA3,Target,Target-Cell_growth
Cell_growth,APLN,Target,Target-Cell_growth
Cell_growth,TPM2,Target,Target-Cell_growth
Cell_growth,MECR,Target,Target-Cell_growth
Cell_growth,SDE2,Target,Target-Cell_growth
Cell_growth,ZHX1,Target,Target-Cell_growth
Cell_growth,NUCB1,Target,Target-Cell_growth
Cell_growth,HPGD,Target,Target-Cell_growth
Cell_growth,YIF1B,Target,Target-Cell_growth
Cell_growth,NPFFR1,Target,Target-Cell_growth
Cell_growth,PDP2,Target,Target-Cell_growth
Cell_growth,SYNGAP1,Target,Target-Cell_growth
Cell_growth,SLC35A4,Target,Target-Cell_growth
Cell_growth,TMED3,Target,Target-Cell_growth
Cell_growth,LAMP1,Target,Target-Cell_growth
Cell_growth,AGXT2,Target,Target-Cell_growth
Cell_growth,CDC42BPB,Target,Target-Cell_growth
Cell_growth,PLPP6,Target,Target-Cell_growth
Cell_growth,PDP1,Target,Target-Cell_growth
Cell_growth,HCAR2,Target,Target-Cell_growth
Cell_growth,A3GALT2,Target,Target-Cell_growth
Cell_growth,RGN,Target,Target-Cell_growth
Cell_growth,ZIC4,Target,Target-Cell_growth
Cell_growth,PPP3R1,Target,Target-Cell_growth
Cell_growth,SIN3A,Target,Target-Cell_growth
Cell_growth,KDM2A,Target,Target-Cell_growth
Cell_growth,DMRT1,Target,Target-Cell_growth
Cell_growth,SMC5,Target,Target-Cell_growth
Cell_growth,DISC1,Target,Target-Cell_growth
Cell_growth,HAO1,Target,Target-Cell_growth
Cell_growth,OPRD1,Target,Target-Cell_growth
Cell_growth,MEF2A,Target,Target-Cell_growth
Cell_growth,SLFN14,Target,Target-Cell_growth
Cell_growth,CD84,Target,Target-Cell_growth
Cell_growth,AZIN2,Target,Target-Cell_growth
Cell_growth,LGMN,Target,Target-Cell_growth
Cell_growth,TPM4,Target,Target-Cell_growth
Cell_growth,TPM1,Target,Target-Cell_growth
Cell_growth,NPC1,Target,Target-Cell_growth
Cell_growth,SPATA22,Target,Target-Cell_growth
Cell_growth,PCGF6,Target,Target-Cell_growth
Cell_growth,PIAS4,Target,Target-Cell_growth
Cell_growth,POU4F3,Target,Target-Cell_growth
Cell_growth,SPNS1,Target,Target-Cell_growth
Cell_growth,SPIN1,Target,Target-Cell_growth
Cell_growth,NIPBL,Target,Target-Cell_growth
Cell_growth,FBL,Target,Target-Cell_growth
Cell_growth,DACT2,Target,Target-Cell_growth
Cell_growth,SNAP29,Target,Target-Cell_growth
Cell_growth,PNPLA8,Target,Target-Cell_growth
Cell_growth,EHMT1,Target,Target-Cell_growth
Cell_growth,RASGRF1,Target,Target-Cell_growth
Cell_growth,MSMO1,Target,Target-Cell_growth
Cell_growth,RAD50,Target,Target-Cell_growth
Cell_growth,TTC19,Target,Target-Cell_growth
Cell_growth,RANBP2,Target,Target-Cell_growth
Cell_growth,LGSN,Target,Target-Cell_growth
Cell_growth,TADA2B,Target,Target-Cell_growth
Cell_growth,CSE1L,Target,Target-Cell_growth
Cell_growth,VAC14,Target,Target-Cell_growth
Cell_growth,TXN,Target,Target-Cell_growth
Cell_growth,SLC35B3,Target,Target-Cell_growth
Cell_growth,NXF2; NXF2B,Target,Target-Cell_growth
Cell_growth,CTPS1,Target,Target-Cell_growth
Cell_growth,POLR2C,Target,Target-Cell_growth
Cell_growth,TP53INP2,Target,Target-Cell_growth
Cell_growth,NPRL3,Target,Target-Cell_growth
Cell_growth,METTL3,Target,Target-Cell_growth
Cell_growth,THOC5,Target,Target-Cell_growth
Cell_growth,NUP153,Target,Target-Cell_growth
Cell_growth,MCM6,Target,Target-Cell_growth
Cell_growth,SEC13,Target,Target-Cell_growth
Cell_growth,RTF1,Target,Target-Cell_growth
Cell_growth,RNF139,Target,Target-Cell_growth
Cell_growth,RPS21,Target,Target-Cell_growth
Cell_growth,ZC3H3,Target,Target-Cell_growth
Cell_growth,BLVRB,Target,Target-Cell_growth
Cell_growth,CALY,Target,Target-Cell_growth
Cell_growth,EIF3J,Target,Target-Cell_growth
Cell_growth,NLRP12,Target,Target-Cell_growth
Cell_growth,ORC4,Target,Target-Cell_growth
Cell_growth,ORC6,Target,Target-Cell_growth
Cell_growth,STIL,Target,Target-Cell_growth
Cell_growth,ARR3,Target,Target-Cell_growth
Cell_growth,SPG7,Target,Target-Cell_growth
Cell_growth,METTL14,Target,Target-Cell_growth
Cell_growth,MIP,Target,Target-Cell_growth
Cell_growth,MIPEP,Target,Target-Cell_growth
Cell_growth,MAFIP,Target,Target-Cell_growth
Cell_growth,ASIP,Target,Target-Cell_growth
Cell_growth,TEF,Target,Target-Cell_growth
Cell_growth,MBL2,Target,Target-Cell_growth
Cell_growth,RANGAP1,Target,Target-Cell_growth
Cell_growth,RIF1,Target,Target-Cell_growth
Cell_growth,LRIF1,Target,Target-Cell_growth
Cell_growth,INSL6,Target,Target-Cell_growth
Cell_growth,MARS1,Target,Target-Cell_growth
Cell_growth,MXD1,Target,Target-Cell_growth
Cell_growth,NXT1,Target,Target-Cell_growth
Cell_growth,WASHC3,Target,Target-Cell_growth
Cell_growth,CDC7,Target,Target-Cell_growth
Cell_growth,ORC3,Target,Target-Cell_growth
Cell_growth,RAB11A,Target,Target-Cell_growth
Cell_growth,MAEL,Target,Target-Cell_growth
Cell_growth,OSTM1,Target,Target-Cell_growth
Cell_growth,SIRT6,Target,Target-Cell_growth
Cell_growth,MET,Target,Target-Cell_growth
Cell_growth,SLTM,Target,Target-Cell_growth
Cell_growth,ASCL5,Target,Target-Cell_growth
Cell_growth,MBOAT4,Target,Target-Cell_growth
Cell_growth,ACOD1,Target,Target-Cell_growth
Cell_growth,GNA15,Target,Target-Cell_growth
Cell_growth,EIF3K,Target,Target-Cell_growth
Cell_growth,AGR2,Target,Target-Cell_growth
Cell_growth,GCGR,Target,Target-Cell_growth
Cell_growth,PURB,Target,Target-Cell_growth
Cell_growth,PNPT1,Target,Target-Cell_growth
Cell_growth,TMEM25,Target,Target-Cell_growth
Cell_growth,RARRES2,Target,Target-Cell_growth
Cell_growth,ARL4A,Target,Target-Cell_growth
Cell_growth,TXNRD2,Target,Target-Cell_growth
Cell_growth,PLOD3,Target,Target-Cell_growth
Cell_growth,MGARP,Target,Target-Cell_growth
Cell_growth,NUDT13,Target,Target-Cell_growth
Cell_growth,SLC25A37,Target,Target-Cell_growth
Cell_growth,IP6K3,Target,Target-Cell_growth
Cell_growth,MECOM,Target,Target-Cell_growth
Cell_growth,SMARCAD1,Target,Target-Cell_growth
Cell_growth,AZIN1,Target,Target-Cell_growth
Cell_growth,TLR7,Target,Target-Cell_growth
Cell_growth,KCTD19,Target,Target-Cell_growth
Cell_growth,TBC1D23,Target,Target-Cell_growth
Cell_growth,TMEM35A,Target,Target-Cell_growth
Cell_growth,MGAT4D,Target,Target-Cell_growth
Cell_growth,EIF3A,Target,Target-Cell_growth
Cell_growth,EIF6,Target,Target-Cell_growth
Cell_growth,TERB1,Target,Target-Cell_growth
Cell_growth,MPHOSPH9,Target,Target-Cell_growth
Cell_growth,ATG12,Target,Target-Cell_growth
Cell_growth,AGPAT2,Target,Target-Cell_growth
Cell_growth,CYB561D2,Target,Target-Cell_growth
Cell_growth,STAC,Target,Target-Cell_growth
Cell_growth,RAB12,Target,Target-Cell_growth
Cell_growth,TDRD9,Target,Target-Cell_growth
Cell_growth,ABCA13,Target,Target-Cell_growth
Cell_growth,TEX55,Target,Target-Cell_growth
Cell_growth,ZCWPW1,Target,Target-Cell_growth
Cell_growth,EPAS1,Target,Target-Cell_growth
Cell_growth,CEP170,Target,Target-Cell_growth
Cell_growth,CBX7,Target,Target-Cell_growth
Cell_growth,NRBP1,Target,Target-Cell_growth
Cell_growth,SOX18,Target,Target-Cell_growth
Cell_growth,ZNF263,Target,Target-Cell_growth
Cell_growth,SYCE1,Target,Target-Cell_growth
Cell_growth,SH3GLB1,Target,Target-Cell_growth
Cell_growth,H1-4,Target,Target-Cell_growth
Cell_growth,HDAC2,Target,Target-Cell_growth
Cell_growth,LPCAT2,Target,Target-Cell_growth
Cell_growth,TERB2,Target,Target-Cell_growth
Cell_growth,VPS29,Target,Target-Cell_growth
Cell_growth,HSF5,Target,Target-Cell_growth
Cell_growth,BCL2L10,Target,Target-Cell_growth
Cell_growth,SLC25A14,Target,Target-Cell_growth
Cell_growth,ARG2,Target,Target-Cell_growth
Cell_growth,CXXC1,Target,Target-Cell_growth
Cell_growth,DYRK1A,Target,Target-Cell_growth
Cell_growth,AFF4,Target,Target-Cell_growth
Cell_growth,COPS2,Target,Target-Cell_growth
Cell_growth,GBA1,Target,Target-Cell_growth
Cell_growth,UNC93B1,Target,Target-Cell_growth
Cell_growth,DDX3X,Target,Target-Cell_growth
Cell_growth,CISD1,Target,Target-Cell_growth
Cell_growth,TAC4,Target,Target-Cell_growth
Cell_growth,ITPR2,Target,Target-Cell_growth
Cell_growth,AURKA,Target,Target-Cell_growth
Cell_growth,MAST2,Target,Target-Cell_growth
Cell_growth,ZNF445,Target,Target-Cell_growth
Cell_growth,MEI4,Target,Target-Cell_growth
Cell_growth,EIF3E,Target,Target-Cell_growth
Cell_growth,ZNF516,Target,Target-Cell_growth
Cell_growth,ZFP57,Target,Target-Cell_growth
Cell_growth,DENND5A,Target,Target-Cell_growth
Cell_growth,ALDH3A2,Target,Target-Cell_growth
Cell_growth,UBE3A,Target,Target-Cell_growth
Cell_growth,EIF3D,Target,Target-Cell_growth
Cell_growth,RAB7A,Target,Target-Cell_growth
Cell_growth,ZSCAN10,Target,Target-Cell_growth
Cell_growth,PRELID1,Target,Target-Cell_growth
Cell_growth,SKA1,Target,Target-Cell_growth
Cell_growth,NMNAT1,Target,Target-Cell_growth
Cell_growth,KANSL1,Target,Target-Cell_growth
Cell_growth,CNTD1,Target,Target-Cell_growth
Cell_growth,MAJIN,Target,Target-Cell_growth
Cell_growth,SLC25A24,Target,Target-Cell_growth
Cell_growth,NDUFA12,Target,Target-Cell_growth
Cell_growth,NUDT8,Target,Target-Cell_growth
Cell_growth,HECTD3,Target,Target-Cell_growth
Cell_growth,RAD51AP1,Target,Target-Cell_growth
Cell_growth,SYCP1,Target,Target-Cell_growth
Cell_growth,HINT2,Target,Target-Cell_growth
Cell_growth,ARHGDIA,Target,Target-Cell_growth
Cell_growth,MAF1,Target,Target-Cell_growth
Cell_growth,TOX,Target,Target-Cell_growth
Cell_growth,TNFSF11,Target,Target-Cell_growth
Cell_growth,ISL1,Target,Target-Cell_growth
Cell_growth,PIH1D1,Target,Target-Cell_growth
Cell_growth,SAYSD1,Target,Target-Cell_growth
Cell_growth,LDAH,Target,Target-Cell_growth
Cell_growth,ZFAND2B,Target,Target-Cell_growth
Cell_growth,PDE1C,Target,Target-Cell_growth
Cell_growth,RGS16,Target,Target-Cell_growth
Cell_growth,WASHC1,Target,Target-Cell_growth
Cell_growth,ABHD11,Target,Target-Cell_growth
Cell_growth,CLN5,Target,Target-Cell_growth
Cell_growth,LFNG,Target,Target-Cell_growth
Cell_growth,NUP160,Target,Target-Cell_growth
Cell_growth,RFX6,Target,Target-Cell_growth
Cell_growth,PCGF3,Target,Target-Cell_growth
Cell_growth,NEK1,Target,Target-Cell_growth
Cell_growth,TRNP1,Target,Target-Cell_growth
Cell_growth,TEN1,Target,Target-Cell_growth
Cell_growth,ZNF431,Target,Target-Cell_growth
Cell_growth,PRSS56,Target,Target-Cell_growth
Cell_growth,EIF3C,Target,Target-Cell_growth
Cell_growth,ABCD2,Target,Target-Cell_growth
Cell_growth,CENPH,Target,Target-Cell_growth
Cell_growth,CLN8,Target,Target-Cell_growth
Cell_growth,FOXL2,Target,Target-Cell_growth
Cell_growth,TSPOAP1,Target,Target-Cell_growth
Cell_growth,ARID4A,Target,Target-Cell_growth
Cell_growth,RBP1,Target,Target-Cell_growth
Cell_growth,RARA,Target,Target-Cell_growth
Cell_growth,RAP2A,Target,Target-Cell_growth
Cell_growth,RALY,Target,Target-Cell_growth
Cell_growth,FOXP3,Target,Target-Cell_growth
Cell_growth,ATP5MK,Target,Target-Cell_growth
Cell_growth,RAG1,Target,Target-Cell_growth
Cell_growth,ACACB,Target,Target-Cell_growth
Cell_growth,SLC25A41,Target,Target-Cell_growth
Cell_growth,ATF5,Target,Target-Cell_growth
Cell_growth,MACROH2A1,Target,Target-Cell_growth
Cell_growth,PITX3,Target,Target-Cell_growth
Cell_growth,ITK,Target,Target-Cell_growth
Cell_growth,RBBP4,Target,Target-Cell_growth
Cell_growth,ELL3,Target,Target-Cell_growth
Cell_growth,CRX,Target,Target-Cell_growth
Cell_growth,BAZ2A,Target,Target-Cell_growth
Cell_growth,DHRS4,Target,Target-Cell_growth
Cell_growth,FOXN4,Target,Target-Cell_growth
Cell_growth,MLH1,Target,Target-Cell_growth
Cell_growth,ERC1,Target,Target-Cell_growth
Cell_growth,CTC1,Target,Target-Cell_growth
Cell_growth,SRRM4,Target,Target-Cell_growth
Cell_growth,NRIP1,Target,Target-Cell_growth
Cell_growth,CHD2,Target,Target-Cell_growth
Cell_growth,MRPS34,Target,Target-Cell_growth
Cell_growth,MAGED1,Target,Target-Cell_growth
Cell_growth,PRDM15,Target,Target-Cell_growth
Cell_growth,KDM1B,Target,Target-Cell_growth
Cell_growth,EIF3G,Target,Target-Cell_growth
Cell_growth,RGS7,Target,Target-Cell_growth
Cell_growth,JTB,Target,Target-Cell_growth
Cell_growth,MAP3K14,Target,Target-Cell_growth
Cell_growth,TLK2,Target,Target-Cell_growth
Cell_growth,PCGF2,Target,Target-Cell_growth
Cell_growth,ADHFE1,Target,Target-Cell_growth
Cell_growth,CROCC,Target,Target-Cell_growth
Cell_growth,WIZ,Target,Target-Cell_growth
Cell_growth,ZDHHC17,Target,Target-Cell_growth
Cell_growth,MPC2,Target,Target-Cell_growth
Cell_growth,NLRP6,Target,Target-Cell_growth
Cell_growth,PAX6,Target,Target-Cell_growth
Cell_growth,GARIN1A,Target,Target-Cell_growth
Cell_growth,NR2C1,Target,Target-Cell_growth
Cell_growth,KANSL2,Target,Target-Cell_growth
Cell_growth,BRDT,Target,Target-Cell_growth
Cell_growth,PROX1,Target,Target-Cell_growth
Cell_growth,SIX6OS1,Target,Target-Cell_growth
Cell_growth,ABCD4,Target,Target-Cell_growth
Cell_growth,ULK2,Target,Target-Cell_growth
Cell_growth,TEX11,Target,Target-Cell_growth
Cell_growth,PRR19,Target,Target-Cell_growth
Cell_growth,STN1,Target,Target-Cell_growth
Cell_growth,STON1,Target,Target-Cell_growth
Cell_growth,SQSTM1,Target,Target-Cell_growth
Cell_growth,CEP57,Target,Target-Cell_growth
Cell_growth,AGPAT4,Target,Target-Cell_growth
Cell_growth,HTT,Target,Target-Cell_growth
Cell_growth,SIRT7,Target,Target-Cell_growth
Cell_growth,SLC25A44,Target,Target-Cell_growth
Cell_growth,TMEM259,Target,Target-Cell_growth
Cell_growth,HNRNPUL2,Target,Target-Cell_growth
Cell_growth,IDS,Target,Target-Cell_growth
Cell_growth,GLIS3,Target,Target-Cell_growth
Cell_growth,GDPD3,Target,Target-Cell_growth
Cell_growth,HIPK2,Target,Target-Cell_growth
Cell_growth,PKDCC,Target,Target-Cell_growth
Cell_growth,SOX30,Target,Target-Cell_growth
Cell_growth,SHOC1,Target,Target-Cell_growth
Cell_growth,GNPTG,Target,Target-Cell_growth
Cell_growth,ZNF496,Target,Target-Cell_growth
Cell_growth,PLK4,Target,Target-Cell_growth
Cell_growth,BTBD18,Target,Target-Cell_growth
Cell_growth,MDFI,Target,Target-Cell_growth
Cell_growth,PPP1R10,Target,Target-Cell_growth
Cell_growth,BPHL,Target,Target-Cell_growth
Cell_growth,COA8,Target,Target-Cell_growth
Cell_growth,FERD3L,Target,Target-Cell_growth
Cell_growth,LARP7,Target,Target-Cell_growth
Cell_growth,SLC8B1,Target,Target-Cell_growth
Cell_growth,DNAJC27,Target,Target-Cell_growth
Cell_growth,SREBF2,Target,Target-Cell_growth
Cell_growth,PAXIP1,Target,Target-Cell_growth
Cell_growth,HSD17B13,Target,Target-Cell_growth
Cell_growth,PPP2CA,Target,Target-Cell_growth
Cell_growth,NOVA1,Target,Target-Cell_growth
Cell_growth,TLR9,Target,Target-Cell_growth
Cell_growth,HPDL,Target,Target-Cell_growth
Cell_growth,LMNA,Target,Target-Cell_growth
Cell_growth,HHATL,Target,Target-Cell_growth
Cell_growth,MAPKAP1,Target,Target-Cell_growth
Cell_growth,KRT19,Target,Target-Cell_growth
Cell_growth,RAB39B,Target,Target-Cell_growth
Cell_growth,SFR1,Target,Target-Cell_growth
Cell_growth,N6AMT1,Target,Target-Cell_growth
Cell_growth,EWSR1,Target,Target-Cell_growth
Cell_growth,PNPLA7,Target,Target-Cell_growth
Cell_growth,MYBL1,Target,Target-Cell_growth
Cell_growth,ENTPD5,Target,Target-Cell_growth
Cell_growth,LETMD1,Target,Target-Cell_growth
Cell_growth,ZFP64,Target,Target-Cell_growth
Cell_growth,KCTD15,Target,Target-Cell_growth
Cell_growth,ZNF335,Target,Target-Cell_growth
Cell_growth,ZBED4,Target,Target-Cell_growth
Cell_growth,KIN,Target,Target-Cell_growth
Cell_growth,VGLL4,Target,Target-Cell_growth
Cell_growth,JAK2,Target,Target-Cell_growth
Cell_growth,ITPR1,Target,Target-Cell_growth
Cell_growth,MEIOSIN,Target,Target-Cell_growth
Cell_growth,C1QTNF3,Target,Target-Cell_growth
Cell_growth,GPAT3,Target,Target-Cell_growth
Cell_growth,IRGM,Target,Target-Cell_growth
Cell_growth,SOX17,Target,Target-Cell_growth
Cell_growth,PPM1M,Target,Target-Cell_growth
Cell_growth,MTLN,Target,Target-Cell_growth
Cell_growth,ESS2,Target,Target-Cell_growth
Cell_growth,NUDT21,Target,Target-Cell_growth
Cell_growth,PRMT5,Target,Target-Cell_growth
Cell_growth,CSNK1E,Target,Target-Cell_growth
Cell_growth,MICU1,Target,Target-Cell_growth
Cell_growth,ZFP69,Target,Target-Cell_growth
Cell_growth,EIF3H,Target,Target-Cell_growth
Cell_growth,DCTN1,Target,Target-Cell_growth
Cell_growth,PEX13,Target,Target-Cell_growth
Cell_growth,UHRF1,Target,Target-Cell_growth
Cell_growth,PEX11B,Target,Target-Cell_growth
Cell_growth,TPX2,Target,Target-Cell_growth
Cell_growth,RAP2C,Target,Target-Cell_growth
Cell_growth,MAZ,Target,Target-Cell_growth
Cell_growth,AKAP13,Target,Target-Cell_growth
Cell_growth,PIK3R2,Target,Target-Cell_growth
Cell_growth,SGO2,Target,Target-Cell_growth
Cell_growth,ZIC5,Target,Target-Cell_growth
Cell_growth,TRMU,Target,Target-Cell_growth
Cell_growth,RUSC1,Target,Target-Cell_growth
Cell_growth,XPO1,Target,Target-Cell_growth
Cell_growth,RRS1,Target,Target-Cell_growth
Cell_growth,ZNF24,Target,Target-Cell_growth
Cell_growth,POLR1B,Target,Target-Cell_growth
Cell_growth,ZFHX2,Target,Target-Cell_growth
Cell_growth,NKX2-1,Target,Target-Cell_growth
Cell_growth,ZBTB42,Target,Target-Cell_growth
Cell_growth,MFF,Target,Target-Cell_growth
Cell_growth,BICDL1,Target,Target-Cell_growth
Cell_growth,RSAD2,Target,Target-Cell_growth
Cell_growth,RORA,Target,Target-Cell_growth
Cell_growth,TLE4,Target,Target-Cell_growth
Cell_growth,IFI30,Target,Target-Cell_growth
Cell_growth,ZFYVE1,Target,Target-Cell_growth
Cell_growth,CCDC33,Target,Target-Cell_growth
Cell_growth,BRCA1,Target,Target-Cell_growth
Cell_growth,ZFPM2,Target,Target-Cell_growth
Cell_growth,SLC25A29,Target,Target-Cell_growth
Cell_growth,PDCL2,Target,Target-Cell_growth
Cell_growth,AJUBA,Target,Target-Cell_growth
Cell_growth,GSTZ1,Target,Target-Cell_growth
Cell_growth,RB1CC1,Target,Target-Cell_growth
Cell_growth,SNX10,Target,Target-Cell_growth
Cell_growth,ZDHHC13,Target,Target-Cell_growth
Cell_growth,RIOX1,Target,Target-Cell_growth
Cell_growth,GARIN5A,Target,Target-Cell_growth
Cell_growth,TET1,Target,Target-Cell_growth
Cell_growth,SYCE3,Target,Target-Cell_growth
Cell_growth,UBQLN1,Target,Target-Cell_growth
Cell_growth,RORC,Target,Target-Cell_growth
Cell_growth,MYOF,Target,Target-Cell_growth
Cell_growth,CARS2,Target,Target-Cell_growth
Cell_growth,SPATA13,Target,Target-Cell_growth
Cell_growth,CIPC,Target,Target-Cell_growth
Cell_growth,JARID2,Target,Target-Cell_growth
Cell_growth,TMEM106B,Target,Target-Cell_growth
Cell_growth,SLC17A9,Target,Target-Cell_growth
Cell_growth,RAB11FIP5,Target,Target-Cell_growth
Cell_growth,BLM,Target,Target-Cell_growth
Cell_growth,ZNF32,Target,Target-Cell_growth
Cell_growth,FUT9,Target,Target-Cell_growth
Cell_growth,PIK3R6,Target,Target-Cell_growth
Cell_growth,MDC1,Target,Target-Cell_growth
Cell_growth,BAG1,Target,Target-Cell_growth
Cell_growth,SERPINA2,Target,Target-Cell_growth
Cell_growth,ANTXR1,Target,Target-Cell_growth
Cell_growth,ATR,Target,Target-Cell_growth
Cell_growth,STAC2,Target,Target-Cell_growth
Cell_growth,SZT2,Target,Target-Cell_growth
Cell_growth,TDRKH,Target,Target-Cell_growth
Cell_growth,LETM1,Target,Target-Cell_growth
Cell_growth,PTGR3,Target,Target-Cell_growth
Cell_growth,MEST,Target,Target-Cell_growth
Cell_growth,USP30,Target,Target-Cell_growth
Cell_growth,MDM1,Target,Target-Cell_growth
Cell_growth,ZNF541,Target,Target-Cell_growth
Cell_growth,MAVS,Target,Target-Cell_growth
Cell_growth,ZNF418,Target,Target-Cell_growth
Cell_growth,ZFP90,Target,Target-Cell_growth
Cell_growth,PEG3,Target,Target-Cell_growth
Cell_growth,SYCE2,Target,Target-Cell_growth
Cell_growth,SHCBP1L,Target,Target-Cell_growth
Cell_growth,AKAP1,Target,Target-Cell_growth
Cell_growth,CPLX1,Target,Target-Cell_growth
Cell_growth,MTFR2,Target,Target-Cell_growth
Cell_growth,GARIN3,Target,Target-Cell_growth
Cell_growth,CHEK1,Target,Target-Cell_growth
Cell_growth,VWA8,Target,Target-Cell_growth
Cell_growth,PTPN12,Target,Target-Cell_growth
Cell_growth,CPSF6,Target,Target-Cell_growth
Cell_growth,TEX12,Target,Target-Cell_growth
Cell_growth,HNRNPU,Target,Target-Cell_growth
Cell_growth,RAB7B,Target,Target-Cell_growth
Cell_growth,GDPD1,Target,Target-Cell_growth
Cell_growth,RPS6KB1,Target,Target-Cell_growth
Cell_growth,PIK3CG,Target,Target-Cell_growth
Cell_growth,CECR2,Target,Target-Cell_growth
Cell_growth,IP6K2,Target,Target-Cell_growth
Cell_growth,UHRF2,Target,Target-Cell_growth
Cell_growth,TRA2A,Target,Target-Cell_growth
Cell_growth,ZDHHC12,Target,Target-Cell_growth
Cell_growth,MUSTN1,Target,Target-Cell_growth
Cell_growth,BCCIP,Target,Target-Cell_growth
Cell_growth,TMEM14C,Target,Target-Cell_growth
Cell_growth,UQCR10,Target,Target-Cell_growth
Cell_growth,CEP63,Target,Target-Cell_growth
Cell_growth,SPO16,Target,Target-Cell_growth
Cell_growth,UBXN2A,Target,Target-Cell_growth
Cell_growth,EIF3L,Target,Target-Cell_growth
Cell_growth,WRNIP1,Target,Target-Cell_growth
Cell_growth,ALDH5A1,Target,Target-Cell_growth
Cell_growth,PLD4,Target,Target-Cell_growth
Cell_growth,RICTOR,Target,Target-Cell_growth
Cell_growth,GPR75,Target,Target-Cell_growth
Cell_growth,AK4,Target,Target-Cell_growth
Cell_growth,AK3,Target,Target-Cell_growth
Cell_growth,WDR43,Target,Target-Cell_growth
Cell_growth,HSDL2,Target,Target-Cell_growth
Cell_growth,TRPM7,Target,Target-Cell_growth
Cell_growth,EIF3I,Target,Target-Cell_growth
Cell_growth,PRKN,Target,Target-Cell_growth
Cell_growth,CSNK1D,Target,Target-Cell_growth
Cell_growth,LRPPRC,Target,Target-Cell_growth
Cell_growth,SGO1,Target,Target-Cell_growth
Cell_growth,VPS50,Target,Target-Cell_growth
Cell_growth,GORAB,Target,Target-Cell_growth
Cell_growth,TAFAZZIN,Target,Target-Cell_growth
Cell_growth,WWTR1,Target,Target-Cell_growth
Cell_growth,SFXN2,Target,Target-Cell_growth
Cell_growth,POR,Target,Target-Cell_growth
Cell_growth,ZC4H2,Target,Target-Cell_growth
Cell_growth,FAM53B,Target,Target-Cell_growth
Cell_growth,HMGB2,Target,Target-Cell_growth
Cell_growth,RETREG2,Target,Target-Cell_growth
Cell_growth,GLCE,Target,Target-Cell_growth
Cell_growth,MSL1,Target,Target-Cell_growth
Cell_growth,RAP2B,Target,Target-Cell_growth
Cell_growth,ARSG,Target,Target-Cell_growth
Cell_growth,FOXJ1,Target,Target-Cell_growth
Cell_growth,PNLDC1,Target,Target-Cell_growth
Cell_growth,PYCARD,Target,Target-Cell_growth
Cell_growth,FKBP1B,Target,Target-Cell_growth
Cell_growth,FKBP9,Target,Target-Cell_growth
Cell_growth,DTL,Target,Target-Cell_growth
Cell_growth,PGBD5,Target,Target-Cell_growth
Cell_growth,VPS26B,Target,Target-Cell_growth
Cell_growth,CSRNP1,Target,Target-Cell_growth
Cell_growth,FOXI3,Target,Target-Cell_growth
Cell_growth,CSPP1,Target,Target-Cell_growth
Cell_growth,WDR81,Target,Target-Cell_growth
Cell_growth,CREBL2,Target,Target-Cell_growth
Cell_growth,FBXO5,Target,Target-Cell_growth
Cell_growth,ZNF318,Target,Target-Cell_growth
Cell_growth,ADCK2,Target,Target-Cell_growth
Cell_growth,POU3F1,Target,Target-Cell_growth
Cell_growth,COL2A1,Target,Target-Cell_growth
Cell_growth,CD74,Target,Target-Cell_growth
Cell_growth,CEP120,Target,Target-Cell_growth
Cell_growth,LMO2,Target,Target-Cell_growth
Cell_growth,APELA,Target,Target-Cell_growth
Cell_growth,KLF1,Target,Target-Cell_growth
Cell_growth,ORC5,Target,Target-Cell_growth
Cell_growth,ORC2,Target,Target-Cell_growth
Cell_growth,SLC25A2,Target,Target-Cell_growth
Cell_growth,SPEN,Target,Target-Cell_growth
Cell_growth,BTBD7,Target,Target-Cell_growth
Cell_growth,RAD21L1,Target,Target-Cell_growth
Cell_growth,SPOCD1,Target,Target-Cell_growth
Cell_growth,SOX10,Target,Target-Cell_growth
Cell_growth,TREML4,Target,Target-Cell_growth
Cell_growth,EMX1,Target,Target-Cell_growth
Cell_growth,APLP1,Target,Target-Cell_growth
Cell_growth,STAT5A,Target,Target-Cell_growth
Cell_growth,LDHD,Target,Target-Cell_growth
Cell_growth,UBE2W,Target,Target-Cell_growth
Cell_growth,MMGT1,Target,Target-Cell_growth
Cell_growth,DDRGK1,Target,Target-Cell_growth
Cell_growth,PIP4K2A,Target,Target-Cell_growth
Cell_growth,PPT1,Target,Target-Cell_growth
Cell_growth,TP53,Target,Target-Cell_growth
Cell_growth,GOLGA1,Target,Target-Cell_growth
Cell_growth,BICD2,Target,Target-Cell_growth
Cell_growth,NONO,Target,Target-Cell_growth
Cell_growth,ZDHHC7,Target,Target-Cell_growth
Cell_growth,SKOR2,Target,Target-Cell_growth
Cell_growth,CEP152,Target,Target-Cell_growth
Cell_growth,CCND1,Target,Target-Cell_growth
Cell_growth,TRA2B,Target,Target-Cell_growth
Cell_growth,TCF7,Target,Target-Cell_growth
Cell_growth,HNF1A,Target,Target-Cell_growth
Cell_growth,HSD17B10,Target,Target-Cell_growth
Cell_growth,YAF2,Target,Target-Cell_growth
Cell_growth,NOA1,Target,Target-Cell_growth
Cell_growth,COX17,Target,Target-Cell_growth
Cell_growth,RBM7,Target,Target-Cell_growth
Cell_growth,NTHL1,Target,Target-Cell_growth
Cell_growth,SLC25A23,Target,Target-Cell_growth
Cell_growth,NEIL3,Target,Target-Cell_growth
Cell_growth,LMO1,Target,Target-Cell_growth
Cell_growth,ARMH4,Target,Target-Cell_growth
Cell_growth,SGPL1,Target,Target-Cell_growth
Cell_growth,NIPSNAP1,Target,Target-Cell_growth
Cell_growth,VPS33A,Target,Target-Cell_growth
Cell_growth,RPS6KA2,Target,Target-Cell_growth
Cell_growth,DAAM1,Target,Target-Cell_growth
Cell_growth,DCLRE1B,Target,Target-Cell_growth
Cell_growth,ZC3H13,Target,Target-Cell_growth
Cell_growth,MTTP,Target,Target-Cell_growth
Cell_growth,UQCC2,Target,Target-Cell_growth
Cell_growth,CEP164,Target,Target-Cell_growth
Cell_growth,CDK5RAP2,Target,Target-Cell_growth
Cell_growth,PRDM9,Target,Target-Cell_growth
Cell_growth,LPCAT1,Target,Target-Cell_growth
Cell_growth,MTARC2,Target,Target-Cell_growth
Cell_growth,SMC6,Target,Target-Cell_growth
Cell_growth,NDE1,Target,Target-Cell_growth
Cell_growth,NDUFA13,Target,Target-Cell_growth
Cell_growth,MTDH,Target,Target-Cell_growth
Cell_growth,CBX2,Target,Target-Cell_growth
Cell_growth,CERS3,Target,Target-Cell_growth
Cell_growth,CALB1,Target,Target-Cell_growth
Cell_growth,CBX8,Target,Target-Cell_growth
Cell_growth,FOXE3,Target,Target-Cell_growth
Cell_growth,NIPAL1,Target,Target-Cell_growth
Cell_growth,CTSD,Target,Target-Cell_growth
Cell_growth,TNP1,Target,Target-Cell_growth
Cell_growth,SEC16A,Target,Target-Cell_growth
Cell_growth,GPAT4,Target,Target-Cell_growth
Cell_growth,COX4I1,Target,Target-Cell_growth
Cell_growth,AIMP1,Target,Target-Cell_growth
Cell_growth,ZBTB7B,Target,Target-Cell_growth
Cell_growth,NELFE,Target,Target-Cell_growth
Cell_growth,PCGF1,Target,Target-Cell_growth
Cell_growth,OSR2,Target,Target-Cell_growth
Cell_growth,GRHL2,Target,Target-Cell_growth
Cell_growth,GRHL1,Target,Target-Cell_growth
Cell_growth,ARL6IP1,Target,Target-Cell_growth
Cell_growth,JMJD6,Target,Target-Cell_growth
Cell_growth,H2AX,Target,Target-Cell_growth
Cell_growth,LHX3,Target,Target-Cell_growth
Cell_growth,CTR9,Target,Target-Cell_growth
Cell_growth,MNX1,Target,Target-Cell_growth
Cell_growth,GLRX5,Target,Target-Cell_growth
Cell_growth,DENND1A,Target,Target-Cell_growth
Cell_growth,WDR5,Target,Target-Cell_growth
Cell_growth,TPP1,Target,Target-Cell_growth
Cell_growth,TTPA,Target,Target-Cell_growth
Cell_growth,ACD,Target,Target-Cell_growth
Cell_growth,CCNT2,Target,Target-Cell_growth
Cell_growth,SWI5,Target,Target-Cell_growth
Cell_growth,SETD5,Target,Target-Cell_growth
Cell_growth,JPH2,Target,Target-Cell_growth
Cell_growth,PEX14,Target,Target-Cell_growth
Cell_growth,GON4L,Target,Target-Cell_growth
Cell_growth,PLSCR3,Target,Target-Cell_growth
Cell_growth,SKA3,Target,Target-Cell_growth
Cell_growth,PWWP2B,Target,Target-Cell_growth
Cell_growth,CIART,Target,Target-Cell_growth
Cell_growth,FHDC1,Target,Target-Cell_growth
Cell_growth,FAM170A,Target,Target-Cell_growth
Cell_growth,CBX4,Target,Target-Cell_growth
Cell_growth,GASK1A,Target,Target-Cell_growth
Cell_growth,TIRAP,Target,Target-Cell_growth
Cell_growth,ACSM1,Target,Target-Cell_growth
Cell_growth,MARK4,Target,Target-Cell_growth
Cell_growth,PSMA8,Target,Target-Cell_growth
Cell_growth,H1-7,Target,Target-Cell_growth
Cell_growth,PLEKHN1,Target,Target-Cell_growth
Cell_growth,TARDBP,Target,Target-Cell_growth
Cell_growth,ITM2C,Target,Target-Cell_growth
Cell_growth,PITPNB,Target,Target-Cell_growth
Cell_growth,TSPO2,Target,Target-Cell_growth
Cell_growth,TUNAR,Target,Target-Cell_growth
Cell_growth,OBI1,Target,Target-Cell_growth
Cell_growth,PDX1,Target,Target-Cell_growth
Cell_growth,PDHX,Target,Target-Cell_growth
Cell_growth,POLR1A,Target,Target-Cell_growth
Cell_growth,SARDH,Target,Target-Cell_growth
Cell_growth,RLIM,Target,Target-Cell_growth
Cell_growth,TSKS,Target,Target-Cell_growth
Cell_growth,POU2F3,Target,Target-Cell_growth
Cell_growth,TSC2,Target,Target-Cell_growth
Cell_growth,TRIM24,Target,Target-Cell_growth
Cell_growth,GZMA,Target,Target-Cell_growth
Cell_growth,SRSF1,Target,Target-Cell_growth
Cell_growth,ALOX12B,Target,Target-Cell_growth
Cell_growth,PRAP1,Target,Target-Cell_growth
Cell_growth,KAT2B,Target,Target-Cell_growth
Cell_growth,PDK2,Target,Target-Cell_growth
Cell_growth,VRK2,Target,Target-Cell_growth
Cell_growth,SLC25A32,Target,Target-Cell_growth
Cell_growth,ZNF219,Target,Target-Cell_growth
Cell_growth,NDUFA11,Target,Target-Cell_growth
Cell_growth,TEX35,Target,Target-Cell_growth
Cell_growth,MAP4K2,Target,Target-Cell_growth
Cell_growth,MAP3K7,Target,Target-Cell_growth
Cell_growth,MFSD1,Target,Target-Cell_growth
Cell_growth,DNAJC10,Target,Target-Cell_growth
Cell_growth,EIF3B,Target,Target-Cell_growth
Cell_growth,ACOT13,Target,Target-Cell_growth
Cell_growth,FBXO25,Target,Target-Cell_growth
Cell_growth,ASAH1,Target,Target-Cell_growth
Cell_growth,RCN3,Target,Target-Cell_growth
Cell_growth,GNPAT,Target,Target-Cell_growth
Cell_growth,SKA2,Target,Target-Cell_growth
Cell_growth,KGD4,Target,Target-Cell_growth
Cell_growth,MTARC1,Target,Target-Cell_growth
Cell_growth,EIF3F,Target,Target-Cell_growth
Cell_growth,CHCHD3,Target,Target-Cell_growth
Cell_growth,GLMP,Target,Target-Cell_growth
Cell_growth,CBX6,Target,Target-Cell_growth
Cell_growth,HDAC7,Target,Target-Cell_growth
Cell_growth,HDAC9,Target,Target-Cell_growth
Cell_growth,PECR,Target,Target-Cell_growth
Cell_growth,SUV39H1,Target,Target-Cell_growth
Cell_growth,NSDHL,Target,Target-Cell_growth
Cell_growth,EHMT2,Target,Target-Cell_growth
Cell_growth,PCGF5,Target,Target-Cell_growth
Cell_growth,ALAS2,Target,Target-Cell_growth
Cell_growth,UBR2,Target,Target-Cell_growth
Cell_growth,TK2,Target,Target-Cell_growth
Cell_growth,RPH3AL,Target,Target-Cell_growth
Cell_growth,DZANK1,Target,Target-Cell_growth
Cell_growth,STX8,Target,Target-Cell_growth
Cell_growth,DDO,Target,Target-Cell_growth
Cell_growth,CPT1B,Target,Target-Cell_growth
Cell_growth,CPD,Target,Target-Cell_growth
Cell_growth,ELOA,Target,Target-Cell_growth
Cell_growth,STX6,Target,Target-Cell_growth
Cell_growth,SCN7A,Target,Target-Cell_growth
Cell_growth,PRPF19,Target,Target-Cell_growth
Cell_growth,STX7,Target,Target-Cell_growth
Cell_growth,PPM1E,Target,Target-Cell_growth
Cell_growth,PXMP2,Target,Target-Cell_growth
Cell_growth,TESK2,Target,Target-Cell_growth
Cell_growth,TRIP4,Target,Target-Cell_growth
Cell_growth,TUBGCP4,Target,Target-Cell_growth
Cell_growth,PSMC3,Target,Target-Cell_growth
Cell_growth,RING1,Target,Target-Cell_growth
Cell_growth,GPX2,Target,Target-Cell_growth
Cell_growth,NXPH4,Target,Target-Cell_growth
Cell_growth,PHF1,Target,Target-Cell_growth
Cell_growth,PCYOX1,Target,Target-Cell_growth
Cell_growth,ZNF655,Target,Target-Cell_growth
Cell_growth,MBD4,Target,Target-Cell_growth
Cell_growth,CRIP1,Target,Target-Cell_growth
Cell_growth,ATXN1,Target,Target-Cell_growth
Cell_growth,TNKS,Target,Target-Cell_growth
Cell_growth,SUCO,Target,Target-Cell_growth
Cell_growth,STOML1,Target,Target-Cell_growth
Cell_growth,SRXN1,Target,Target-Cell_growth
Cell_growth,CARD16,Target,Target-Cell_growth
Cell_growth,COP1,Target,Target-Cell_growth
Cell_growth,TRIP13,Target,Target-Cell_growth
Cell_growth,PWP2,Target,Target-Cell_growth
Cell_growth,CPSF1,Target,Target-Cell_growth
Cell_growth,MGP,Target,Target-Cell_growth
Cell_growth,MBD5,Target,Target-Cell_growth
Cell_growth,TDP1,Target,Target-Cell_growth
Cell_growth,SIPA1,Target,Target-Cell_growth
Cell_growth,MIS12,Target,Target-Cell_growth
Cell_growth,PEX11G,Target,Target-Cell_growth
Cell_growth,RFC3,Target,Target-Cell_growth
Cell_growth,MED18,Target,Target-Cell_growth
Cell_growth,RGP1,Target,Target-Cell_growth
Cell_growth,RGPD1,Target,Target-Cell_growth
Cell_growth,GPT2,Target,Target-Cell_growth
Cell_growth,OMA1,Target,Target-Cell_growth
Cell_growth,MSRB2,Target,Target-Cell_growth
Cell_growth,LY6E,Target,Target-Cell_growth
Cell_growth,ZFP3,Target,Target-Cell_growth
Cell_growth,MSRB3,Target,Target-Cell_growth
Cell_growth,DNMT3A,Target,Target-Cell_growth
Cell_growth,DNMT3B,Target,Target-Cell_growth
Cell_growth,FOXS1,Target,Target-Cell_growth
Cell_growth,FTO,Target,Target-Cell_growth
Cell_growth,PDZD11,Target,Target-Cell_growth
Cell_growth,TRDMT1,Target,Target-Cell_growth
Cell_growth,MSR1,Target,Target-Cell_growth
Cell_growth,TRIB2,Target,Target-Cell_growth
Cell_growth,POLR1G,Target,Target-Cell_growth
Cell_growth,CAMTA2,Target,Target-Cell_growth
Cell_growth,TRIB1,Target,Target-Cell_growth
Cell_growth,GCH1,Target,Target-Cell_growth
Cell_growth,ELF5,Target,Target-Cell_growth
Cell_growth,XRN2,Target,Target-Cell_growth
Cell_growth,CITED4,Target,Target-Cell_growth
Cell_growth,MBD6,Target,Target-Cell_growth
Cell_growth,PEX11A,Target,Target-Cell_growth
Cell_growth,ZNF282,Target,Target-Cell_growth
Cell_growth,RDM1,Target,Target-Cell_growth
Cell_growth,TRIB3,Target,Target-Cell_growth
Cell_growth,FAS,Target,Target-Cell_growth
Cell_growth,LYPLA1,Target,Target-Cell_growth
Cell_growth,GNL1,Target,Target-Cell_growth
Cell_growth,APOC2,Target,Target-Cell_growth
Cell_growth,APC2,Target,Target-Cell_growth
Cell_growth,ANAPC2,Target,Target-Cell_growth
Cell_growth,ZFP2,Target,Target-Cell_growth
Cell_growth,UBN2,Target,Target-Cell_growth
Cell_growth,RBM25,Target,Target-Cell_growth
Cell_growth,KCNH2,Target,Target-Cell_growth
Cell_growth,SQLE,Target,Target-Cell_growth
Cell_growth,TWF1,Target,Target-Cell_growth
Cell_growth,FLOT1,Target,Target-Cell_growth
Cell_growth,SLC19A1,Target,Target-Cell_growth
Cell_growth,PXT1,Target,Target-Cell_growth
Cell_growth,CSRNP2,Target,Target-Cell_growth
Cell_growth,RASGRP4,Target,Target-Cell_growth
Cell_growth,RFX7,Target,Target-Cell_growth
Cell_growth,SASS6,Target,Target-Cell_growth
Cell_growth,TOPBP1,Target,Target-Cell_growth
Cell_growth,ECI1,Target,Target-Cell_growth
Cell_growth,KLHL17,Target,Target-Cell_growth
Cell_growth,IAPP,Target,Target-Cell_growth
Cell_growth,ESR1,Target,Target-Cell_growth
Cell_growth,EPHX1,Target,Target-Cell_growth
Cell_growth,AXIN2,Target,Target-Cell_growth
Cell_growth,GRM5,Target,Target-Cell_growth
Cell_growth,SYT1,Target,Target-Cell_growth
Cell_growth,RSPO1,Target,Target-Cell_growth
Cell_growth,PIM2,Target,Target-Cell_growth
Cell_growth,RIPK2,Target,Target-Cell_growth
Cell_growth,RBM15,Target,Target-Cell_growth
Cell_growth,MPL,Target,Target-Cell_growth
Cell_growth,NOD1,Target,Target-Cell_growth
Cell_growth,CLEC6A,Target,Target-Cell_growth
Cell_growth,TNIP1,Target,Target-Cell_growth
Cell_growth,ASB11,Target,Target-Cell_growth
Cell_growth,CYP26B1,Target,Target-Cell_growth
Cell_growth,FRZB,Target,Target-Cell_growth
Cell_growth,SOX6,Target,Target-Cell_growth
Cell_growth,SOX5,Target,Target-Cell_growth
Cell_growth,NOTUM,Target,Target-Cell_growth
Cell_growth,ADISSP,Target,Target-Cell_growth
Cell_growth,NOD2,Target,Target-Cell_growth
Cell_growth,HTR6,Target,Target-Cell_growth
Cell_growth,TAX1BP3,Target,Target-Cell_growth
Cell_growth,DRAXIN,Target,Target-Cell_growth
Cell_growth,DACT1,Target,Target-Cell_growth
Cell_growth,IL22RA1,Target,Target-Cell_growth
Cell_growth,SANBR,Target,Target-Cell_growth
Cell_growth,CD40LG,Target,Target-Cell_growth
Cell_growth,PRKCB,Target,Target-Cell_growth
Cell_growth,IRS1,Target,Target-Cell_growth
Cell_growth,AIDA,Target,Target-Cell_growth
Cell_growth,PTPRD,Target,Target-Cell_growth
Cell_growth,MAP4K4,Target,Target-Cell_growth
Cell_growth,RHBDF2,Target,Target-Cell_growth
Cell_growth,NR1H4,Target,Target-Cell_growth
Cell_growth,SLITRK2,Target,Target-Cell_growth
Cell_growth,LEFTY1,Target,Target-Cell_growth
Cell_growth,PAQR3,Target,Target-Cell_growth
Cell_growth,IL1RAP,Target,Target-Cell_growth
Cell_growth,TBK1,Target,Target-Cell_growth
Cell_growth,OTUD4,Target,Target-Cell_growth
Cell_growth,SORL1,Target,Target-Cell_growth
Cell_growth,NUP93,Target,Target-Cell_growth
Cell_growth,MINK1,Target,Target-Cell_growth
Cell_growth,RPS6KA6,Target,Target-Cell_growth
Cell_growth,WDR24,Target,Target-Cell_growth
Cell_growth,LAMTOR1,Target,Target-Cell_growth
Cell_growth,ABI1,Target,Target-Cell_growth
Cell_growth,ADRA2C,Target,Target-Cell_growth
Cell_growth,ADRA2B,Target,Target-Cell_growth
Cell_growth,ADRA2A,Target,Target-Cell_growth
Cell_growth,UTP25,Target,Target-Cell_growth
Cell_growth,UBIAD1,Target,Target-Cell_growth
Cell_growth,PEX12,Target,Target-Cell_growth
Cell_growth,PRL,Target,Target-Cell_growth
Cell_growth,AGO4,Target,Target-Cell_growth
Cell_growth,SOCS2,Target,Target-Cell_growth
Cell_growth,MED30,Target,Target-Cell_growth
Cell_growth,VPS54,Target,Target-Cell_growth
Cell_growth,MED23,Target,Target-Cell_growth
Cell_growth,SAR1A,Target,Target-Cell_growth
Cell_growth,CDC42EP5,Target,Target-Cell_growth
Cell_growth,MED31,Target,Target-Cell_growth
Cell_growth,MCM3,Target,Target-Cell_growth
Cell_growth,POU5F1,Target,Target-Cell_growth
Cell_growth,SLC22A16,Target,Target-Cell_growth
Cell_growth,MED4,Target,Target-Cell_growth
Cell_growth,MED11,Target,Target-Cell_growth
Cell_growth,CHST10,Target,Target-Cell_growth
Cell_growth,P2RX4,Target,Target-Cell_growth
Cell_growth,FDX1,Target,Target-Cell_growth
Cell_growth,CLIP2,Target,Target-Cell_growth
Cell_growth,GET3,Target,Target-Cell_growth
Cell_growth,RIDA,Target,Target-Cell_growth
Cell_growth,CLIP1,Target,Target-Cell_growth
Cell_growth,KCNK6,Target,Target-Cell_growth
Cell_growth,HSP90B1,Target,Target-Cell_growth
Cell_growth,PLAT,Target,Target-Cell_growth
Cell_growth,NDUFS2,Target,Target-Cell_growth
Cell_growth,TPR,Target,Target-Cell_growth
Cell_growth,TXNDC12,Target,Target-Cell_growth
Cell_growth,ACSS3,Target,Target-Cell_growth
Cell_growth,SNAPIN,Target,Target-Cell_growth
Cell_growth,SLC25A22,Target,Target-Cell_growth
Cell_growth,MAN2A1,Target,Target-Cell_growth
Cell_growth,PRDX4,Target,Target-Cell_growth
Cell_growth,TEPSIN,Target,Target-Cell_growth
Cell_growth,CLVS2,Target,Target-Cell_growth
Cell_growth,KCNF1,Target,Target-Cell_growth
Cell_growth,STK26,Target,Target-Cell_growth
Cell_growth,SNX27,Target,Target-Cell_growth
Cell_growth,MRPL40,Target,Target-Cell_growth
Cell_growth,UGCG,Target,Target-Cell_growth
Cell_growth,RABGGTA,Target,Target-Cell_growth
Cell_growth,VAT1,Target,Target-Cell_growth
Cell_growth,PPIB,Target,Target-Cell_growth
Cell_growth,CYP1A1,Target,Target-Cell_growth
Cell_growth,CTSE,Target,Target-Cell_growth
Cell_growth,PTCD1,Target,Target-Cell_growth
Cell_growth,STK24,Target,Target-Cell_growth
Cell_growth,VAPA,Target,Target-Cell_growth
Cell_growth,RBMXL1,Target,Target-Cell_growth
Cell_growth,SLC66A1,Target,Target-Cell_growth
Cell_growth,NOLC1,Target,Target-Cell_growth
Cell_growth,TAMM41,Target,Target-Cell_growth
Cell_growth,RABGGTB,Target,Target-Cell_growth
Cell_growth,CLVS1,Target,Target-Cell_growth
Cell_growth,VMP1,Target,Target-Cell_growth
Cell_growth,SCG2,Target,Target-Cell_growth
Cell_growth,KMO,Target,Target-Cell_growth
Cell_growth,CAMLG,Target,Target-Cell_growth
Cell_growth,MT-CYB,Target,Target-Cell_growth
Cell_growth,PMPCB,Target,Target-Cell_growth
Cell_growth,B3GAT1,Target,Target-Cell_growth
Cell_growth,CYB5B,Target,Target-Cell_growth
Cell_growth,OS9,Target,Target-Cell_growth
Cell_growth,PXMP4,Target,Target-Cell_growth
Cell_growth,CACNG7,Target,Target-Cell_growth
Cell_growth,PIGBOS1,Target,Target-Cell_growth
Cell_growth,ZC3H14,Target,Target-Cell_growth
Cell_growth,KCNG1,Target,Target-Cell_growth
Cell_growth,KCNA5,Target,Target-Cell_growth
Cell_growth,SLC25A18,Target,Target-Cell_growth
Cell_growth,CYP27A1,Target,Target-Cell_growth
Cell_growth,TAAR5,Target,Target-Cell_growth
Cell_growth,SELENOT,Target,Target-Cell_growth
Cell_growth,VPS41,Target,Target-Cell_growth
Cell_growth,CLCC1,Target,Target-Cell_growth
Cell_growth,FBXO6,Target,Target-Cell_growth
Cell_growth,NDUFS8,Target,Target-Cell_growth
Cell_growth,RPL29,Target,Target-Cell_growth
Cell_growth,RALBP1,Target,Target-Cell_growth
Cell_growth,HYOU1,Target,Target-Cell_growth
Cell_growth,ARFGEF1,Target,Target-Cell_growth
Cell_growth,PDIA4,Target,Target-Cell_growth
Cell_growth,SC5D,Target,Target-Cell_growth
Cell_growth,ACBD3,Target,Target-Cell_growth
Cell_growth,GGTA1,Target,Target-Cell_growth
Cell_growth,LAMTOR3,Target,Target-Cell_growth
Cell_growth,MT-CO1,Target,Target-Cell_growth
Cell_growth,MT-CO2,Target,Target-Cell_growth
Cell_growth,MT-CO3,Target,Target-Cell_growth
Cell_growth,MT-ND2,Target,Target-Cell_growth
Cell_growth,MBOAT1,Target,Target-Cell_growth
Cell_growth,EIF2S1,Target,Target-Cell_growth
Cell_growth,PEX10,Target,Target-Cell_growth
Cell_growth,POLD2,Target,Target-Cell_growth
Cell_growth,NSL1,Target,Target-Cell_growth
Cell_growth,ATP6AP2,Target,Target-Cell_growth
Cell_growth,AHCTF1,Target,Target-Cell_growth
Cell_growth,MED10,Target,Target-Cell_growth
Cell_growth,SF3B5,Target,Target-Cell_growth
Cell_growth,POLG,Target,Target-Cell_growth
Cell_growth,ZWILCH,Target,Target-Cell_growth
Cell_growth,NUP107,Target,Target-Cell_growth
Cell_growth,PYM1,Target,Target-Cell_growth
Cell_growth,ICE1,Target,Target-Cell_growth
Cell_growth,MED16,Target,Target-Cell_growth
Cell_growth,VTI1A,Target,Target-Cell_growth
Cell_growth,NUP50,Target,Target-Cell_growth
Cell_growth,MED24,Target,Target-Cell_growth
Cell_growth,AGO3,Target,Target-Cell_growth
Cell_growth,PARG,Target,Target-Cell_growth
Cell_growth,NELFCD,Target,Target-Cell_growth
Cell_growth,SLX1A; SLX1B,Target,Target-Cell_growth
Cell_growth,SUPT5H,Target,Target-Cell_growth
Cell_growth,CCZ1,Target,Target-Cell_growth
Cell_growth,SF3B3,Target,Target-Cell_growth
Cell_growth,POLR2A,Target,Target-Cell_growth
Cell_growth,POLR2D,Target,Target-Cell_growth
Cell_growth,RPS23,Target,Target-Cell_growth
Cell_growth,POLD1,Target,Target-Cell_growth
Cell_growth,POLD3,Target,Target-Cell_growth
Cell_growth,STON2,Target,Target-Cell_growth
Cell_growth,MED17,Target,Target-Cell_growth
Cell_growth,RPS29,Target,Target-Cell_growth
Cell_growth,MIB2,Target,Target-Cell_growth
Cell_growth,NUP214,Target,Target-Cell_growth
Cell_growth,ICE2,Target,Target-Cell_growth
Cell_growth,SYT10,Target,Target-Cell_growth
Cell_growth,RPS28,Target,Target-Cell_growth
Cell_growth,TAAR6,Target,Target-Cell_growth
Cell_growth,COX7C,Target,Target-Cell_growth
Cell_growth,ANKFY1,Target,Target-Cell_growth
Cell_growth,AFF2,Target,Target-Cell_growth
Cell_growth,SMARCA5,Target,Target-Cell_growth
Cell_growth,SMARCA1,Target,Target-Cell_growth
Cell_growth,TMEM262,Target,Target-Cell_growth
Cell_growth,NDUFC2,Target,Target-Cell_growth
Cell_growth,VPS11,Target,Target-Cell_growth
Cell_growth,ATRAID,Target,Target-Cell_growth
Cell_growth,PIGF,Target,Target-Cell_growth
Cell_growth,PSMA6,Target,Target-Cell_growth
Cell_growth,STMP1,Target,Target-Cell_growth
Cell_growth,ELOB,Target,Target-Cell_growth
Cell_growth,RPL38,Target,Target-Cell_growth
Cell_growth,CCIN,Target,Target-Cell_growth
Cell_growth,ARMC12,Target,Target-Cell_growth
Cell_growth,VPS39,Target,Target-Cell_growth
Cell_growth,UQCRB,Target,Target-Cell_growth
Cell_growth,RPL35A,Target,Target-Cell_growth
Cell_growth,TMEM165,Target,Target-Cell_growth
Cell_growth,NDUFV3,Target,Target-Cell_growth
Cell_growth,SLC22A14,Target,Target-Cell_growth
Cell_growth,TRIM71,Target,Target-Cell_growth
Cell_growth,STAG3,Target,Target-Cell_growth
Cell_growth,RC3H1,Target,Target-Cell_growth
Cell_growth,ZDHHC11,Target,Target-Cell_growth
Cell_growth,RDH5,Target,Target-Cell_growth
Cell_growth,NEURL1B,Target,Target-Cell_growth
Cell_growth,RDH16,Target,Target-Cell_growth
Cell_growth,ERFE,Target,Target-Cell_growth
Cell_growth,PJVK,Target,Target-Cell_growth
Cell_growth,PUM2,Target,Target-Cell_growth
Cell_growth,MTERF2,Target,Target-Cell_growth
Cell_growth,LIAT1,Target,Target-Cell_growth
Cell_growth,TAAR3P,Target,Target-Cell_growth
Cell_growth,DPY19L3,Target,Target-Cell_growth
Cell_growth,SYVN1,Target,Target-Cell_growth
Cell_growth,ABCB6,Target,Target-Cell_growth
Cell_growth,HVCN1,Target,Target-Cell_growth
Cell_growth,ASZ1,Target,Target-Cell_growth
Cell_growth,TMEM168,Target,Target-Cell_growth
Cell_growth,RPS5,Target,Target-Cell_growth
Cell_growth,AKAP8,Target,Target-Cell_growth
Cell_growth,GANAB,Target,Target-Cell_growth
Cell_growth,SMCHD1,Target,Target-Cell_growth
Cell_growth,VPS16,Target,Target-Cell_growth
Cell_growth,KANSL3,Target,Target-Cell_growth
Cell_growth,ZDHHC1,Target,Target-Cell_growth
Cell_growth,ATP9A,Target,Target-Cell_growth
Cell_growth,HSD17B7,Target,Target-Cell_growth
Cell_growth,RAB33B,Target,Target-Cell_growth
Cell_growth,VPS8,Target,Target-Cell_growth
Cell_growth,NKG7,Target,Target-Cell_growth
Cell_growth,RPL18,Target,Target-Cell_growth
Cell_growth,EXT1,Target,Target-Cell_growth
Cell_growth,GLIS2,Target,Target-Cell_growth
Cell_growth,RPL36A,Target,Target-Cell_growth
Cell_growth,RPL22,Target,Target-Cell_growth
Cell_growth,ACOT9,Target,Target-Cell_growth
Cell_growth,CNOT9,Target,Target-Cell_growth
Cell_growth,PSMD4,Target,Target-Cell_growth
Cell_growth,TGS1,Target,Target-Cell_growth
Cell_growth,PSMC5,Target,Target-Cell_growth
Cell_growth,TTF1,Target,Target-Cell_growth
Cell_growth,NDUFB3,Target,Target-Cell_growth
Cell_growth,RPL35,Target,Target-Cell_growth
Cell_growth,UQCC5,Target,Target-Cell_growth
Cell_growth,RPL15,Target,Target-Cell_growth
Cell_growth,UQCC4,Target,Target-Cell_growth
Cell_growth,DYNLL1,Target,Target-Cell_growth
Cell_growth,PIGO,Target,Target-Cell_growth
Cell_growth,PSMD8,Target,Target-Cell_growth
Cell_growth,CYC1,Target,Target-Cell_growth
Cell_growth,NDUFA7,Target,Target-Cell_growth
Cell_growth,ALKBH7,Target,Target-Cell_growth
Cell_growth,NDUFC1,Target,Target-Cell_growth
Cell_growth,RPL7A,Target,Target-Cell_growth
Cell_growth,UCP3,Target,Target-Cell_growth
Cell_growth,MYO5A,Target,Target-Cell_growth
Cell_growth,ZNFX1,Target,Target-Cell_growth
Cell_growth,RPL10,Target,Target-Cell_growth
Cell_growth,RPL28,Target,Target-Cell_growth
Cell_growth,RASL11A,Target,Target-Cell_growth
Cell_growth,CBX3,Target,Target-Cell_growth
Cell_growth,PPM1K,Target,Target-Cell_growth
Cell_growth,NDUFB1,Target,Target-Cell_growth
Cell_growth,MT-ND1,Target,Target-Cell_growth
Cell_growth,NBR1,Target,Target-Cell_growth
Cell_growth,SLBP,Target,Target-Cell_growth
Cell_growth,AFG3L2,Target,Target-Cell_growth
Cell_growth,DHX33,Target,Target-Cell_growth
Cell_growth,RPSA,Target,Target-Cell_growth
Cell_growth,RPSA2,Target,Target-Cell_growth
Cell_growth,METTL17,Target,Target-Cell_growth
Cell_growth,DCP1A,Target,Target-Cell_growth
Cell_growth,SEC31A,Target,Target-Cell_growth
Cell_growth,UBR4,Target,Target-Cell_growth
Cell_growth,PSMD11,Target,Target-Cell_growth
Cell_growth,CHAC1,Target,Target-Cell_growth
Cell_growth,ATP2C2,Target,Target-Cell_growth
Cell_growth,LPCAT3,Target,Target-Cell_growth
Cell_growth,SLC40A1,Target,Target-Cell_growth
Cell_growth,SLC36A4,Target,Target-Cell_growth
Cell_growth,BRD9,Target,Target-Cell_growth
Cell_growth,TXNDC5,Target,Target-Cell_growth
Cell_growth,PGRMC1,Target,Target-Cell_growth
Cell_growth,RPS17,Target,Target-Cell_growth
Cell_growth,CNOT1,Target,Target-Cell_growth
Cell_growth,PSMC4,Target,Target-Cell_growth
Cell_growth,SLC35D3,Target,Target-Cell_growth
Cell_growth,PNKP,Target,Target-Cell_growth
Cell_growth,SYNCRIP,Target,Target-Cell_growth
Cell_growth,PLD6,Target,Target-Cell_growth
Cell_growth,ATG9A,Target,Target-Cell_growth
Cell_growth,SLC7A14,Target,Target-Cell_growth
Cell_growth,LSM14B,Target,Target-Cell_growth
Cell_growth,RPL23A,Target,Target-Cell_growth
Cell_growth,LAT,Target,Target-Cell_growth
Cell_growth,CAPN6,Target,Target-Cell_growth
Cell_growth,LBR,Target,Target-Cell_growth
Cell_growth,RPS2,Target,Target-Cell_growth
Cell_growth,TDRD1,Target,Target-Cell_growth
Cell_growth,TM6SF1,Target,Target-Cell_growth
Cell_growth,XYLT1,Target,Target-Cell_growth
Cell_growth,RPL34,Target,Target-Cell_growth
Cell_growth,NDUFB10,Target,Target-Cell_growth
Cell_growth,NDUFS6,Target,Target-Cell_growth
Cell_growth,MFSD10,Target,Target-Cell_growth
Cell_growth,ARL8A,Target,Target-Cell_growth
Cell_growth,FITM1,Target,Target-Cell_growth
Cell_growth,SCNM1,Target,Target-Cell_growth
Cell_growth,RPL13A,Target,Target-Cell_growth
Cell_growth,MYORG,Target,Target-Cell_growth
Cell_growth,NODAL,Target,Target-Cell_growth
Cell_growth,MT-ND4,Target,Target-Cell_growth
Cell_growth,AP3D1,Target,Target-Cell_growth
Cell_growth,DYNLL2,Target,Target-Cell_growth
Cell_growth,OCIAD1,Target,Target-Cell_growth
Cell_growth,SS18,Target,Target-Cell_growth
Cell_growth,UBXN2B,Target,Target-Cell_growth
Cell_growth,RPS13,Target,Target-Cell_growth
Cell_growth,ATP13A1,Target,Target-Cell_growth
Cell_growth,TMEM178A,Target,Target-Cell_growth
Cell_growth,LMBR1L,Target,Target-Cell_growth
Cell_growth,ZWINT,Target,Target-Cell_growth
Cell_growth,NDUFA8,Target,Target-Cell_growth
Cell_growth,DPY19L2,Target,Target-Cell_growth
Cell_growth,SLC46A3,Target,Target-Cell_growth
Cell_growth,LMNB2,Target,Target-Cell_growth
Cell_growth,LMNB1,Target,Target-Cell_growth
Cell_growth,SLC15A4,Target,Target-Cell_growth
Cell_growth,LAMP2,Target,Target-Cell_growth
Cell_growth,MEIKIN,Target,Target-Cell_growth
Cell_growth,FITM2,Target,Target-Cell_growth
Cell_growth,TMEM120B,Target,Target-Cell_growth
Cell_growth,AADAC,Target,Target-Cell_growth
Cell_growth,ATPAF1,Target,Target-Cell_growth
Cell_growth,EPOP,Target,Target-Cell_growth
Cell_growth,EIF2AK3,Target,Target-Cell_growth
Cell_growth,UBE2I,Target,Target-Cell_growth
Cell_growth,IL17A,Target,Target-Cell_growth
Cell_growth,CNOT3,Target,Target-Cell_growth
Cell_growth,MSL2,Target,Target-Cell_growth
Cell_growth,KCND1,Target,Target-Cell_growth
Cell_growth,MAPRE1,Target,Target-Cell_growth
Cell_growth,PTDSS2,Target,Target-Cell_growth
Cell_growth,GBP7,Target,Target-Cell_growth
Cell_growth,RPS26,Target,Target-Cell_growth
Cell_growth,RPL3,Target,Target-Cell_growth
Cell_growth,HYAL1,Target,Target-Cell_growth
Cell_growth,BPNT2,Target,Target-Cell_growth
Cell_growth,GPR108,Target,Target-Cell_growth
Cell_growth,RPL41,Target,Target-Cell_growth
Cell_growth,KIFAP3,Target,Target-Cell_growth
Cell_growth,ELOC,Target,Target-Cell_growth
Cell_growth,TMEM86A,Target,Target-Cell_growth
Cell_growth,RPL4,Target,Target-Cell_growth
Cell_growth,COX6B1,Target,Target-Cell_growth
Cell_growth,DERL1,Target,Target-Cell_growth
Cell_growth,PRKCSH,Target,Target-Cell_growth
Cell_growth,SUMO1,Target,Target-Cell_growth
Cell_growth,NDUFV1,Target,Target-Cell_growth
Cell_growth,NDUFA5,Target,Target-Cell_growth
Cell_growth,NDUFB2,Target,Target-Cell_growth
Cell_growth,NDUFB4,Target,Target-Cell_growth
Cell_growth,RPL24,Target,Target-Cell_growth
Cell_growth,RPL39L,Target,Target-Cell_growth
Cell_growth,POGLUT2,Target,Target-Cell_growth
Cell_growth,RPS25,Target,Target-Cell_growth
Cell_growth,RELCH,Target,Target-Cell_growth
Cell_growth,NDUFA1,Target,Target-Cell_growth
Cell_growth,ARL6IP6,Target,Target-Cell_growth
Cell_growth,DDX6,Target,Target-Cell_growth
Cell_growth,PPOX,Target,Target-Cell_growth
Cell_growth,HCRT,Target,Target-Cell_growth
Cell_growth,SMC1B,Target,Target-Cell_growth
Cell_growth,AKAP8L,Target,Target-Cell_growth
Cell_growth,RPL36,Target,Target-Cell_growth
Cell_growth,TRAM1,Target,Target-Cell_growth
Cell_growth,PTDSS1,Target,Target-Cell_growth
Cell_growth,CYB561A3,Target,Target-Cell_growth
Cell_growth,BICRA,Target,Target-Cell_growth
Cell_growth,RPL6,Target,Target-Cell_growth
Cell_growth,PRPF40A,Target,Target-Cell_growth
Cell_growth,SLC15A3,Target,Target-Cell_growth
Cell_growth,SLC37A3,Target,Target-Cell_growth
Cell_growth,SFXN5,Target,Target-Cell_growth
Cell_growth,COX6A2,Target,Target-Cell_growth
Cell_growth,PENK,Target,Target-Cell_growth
Cell_growth,COX6C,Target,Target-Cell_growth
Cell_growth,RCC1L,Target,Target-Cell_growth
Cell_growth,LAMTOR2,Target,Target-Cell_growth
Cell_growth,RPL10L,Target,Target-Cell_growth
Cell_growth,BOP1,Target,Target-Cell_growth
Cell_growth,FIGN,Target,Target-Cell_growth
Cell_growth,KIF13A,Target,Target-Cell_growth
Cell_growth,MSL3,Target,Target-Cell_growth
Cell_growth,RPL23,Target,Target-Cell_growth
Cell_growth,DYNLRB2,Target,Target-Cell_growth
Cell_growth,PSMA2,Target,Target-Cell_growth
Cell_growth,TMEM94,Target,Target-Cell_growth
Cell_growth,TMEM79,Target,Target-Cell_growth
Cell_growth,NDUFS7,Target,Target-Cell_growth
Cell_growth,SIRT4,Target,Target-Cell_growth
Cell_growth,EP400,Target,Target-Cell_growth
Cell_growth,ATP8A1,Target,Target-Cell_growth
Cell_growth,EMD,Target,Target-Cell_growth
Cell_growth,WSCD1,Target,Target-Cell_growth
Cell_growth,H2BC1,Target,Target-Cell_growth
Cell_growth,SLC11A1,Target,Target-Cell_growth
Cell_growth,RPL17,Target,Target-Cell_growth
Cell_growth,PSMD13,Target,Target-Cell_growth
Cell_growth,CENPE,Target,Target-Cell_growth
Cell_growth,DGLUCY,Target,Target-Cell_growth
Cell_growth,ABCG4,Target,Target-Cell_growth
Cell_growth,RPS15A,Target,Target-Cell_growth
Cell_growth,LIN28A,Target,Target-Cell_growth
Cell_growth,SNX20,Target,Target-Cell_growth
Cell_growth,TNF,Target,Target-Cell_growth
Cell_growth,PPARA,Target,Target-Cell_growth
Cell_growth,CPLX2,Target,Target-Cell_growth
Cell_growth,NDUFS5,Target,Target-Cell_growth
Cell_growth,CCDC51,Target,Target-Cell_growth
Cell_growth,UQCR11,Target,Target-Cell_growth
Cell_growth,FASTK,Target,Target-Cell_growth
Cell_growth,UQCRH,Target,Target-Cell_growth
Cell_growth,RPL13,Target,Target-Cell_growth
Cell_growth,SMC3,Target,Target-Cell_growth
Cell_growth,RETREG1,Target,Target-Cell_growth
Cell_growth,RNF133,Target,Target-Cell_growth
Cell_growth,CLASP2,Target,Target-Cell_growth
Cell_growth,NDUFB11,Target,Target-Cell_growth
Cell_growth,LLPH,Target,Target-Cell_growth
Cell_growth,NDUFB9,Target,Target-Cell_growth
Cell_growth,SEC61B,Target,Target-Cell_growth
Cell_growth,RPL3L,Target,Target-Cell_growth
Cell_growth,SLC35A1,Target,Target-Cell_growth
Cell_growth,SLC25A47,Target,Target-Cell_growth
Cell_growth,SMG1,Target,Target-Cell_growth
Cell_growth,NOP53,Target,Target-Cell_growth
Cell_growth,FDFT1,Target,Target-Cell_growth
Cell_growth,LYSET,Target,Target-Cell_growth
Cell_growth,ST8SIA5,Target,Target-Cell_growth
Cell_growth,ERVMER34-1,Target,Target-Cell_growth
Cell_growth,TMEM39B,Target,Target-Cell_growth
Cell_growth,MC4R,Target,Target-Cell_growth
Cell_growth,ALKAL1,Target,Target-Cell_growth
Cell_growth,LUC7L2,Target,Target-Cell_growth
Cell_growth,SLC25A27,Target,Target-Cell_growth
Cell_growth,PQBP1,Target,Target-Cell_growth
Cell_growth,RPL8,Target,Target-Cell_growth
Cell_growth,CYBA,Target,Target-Cell_growth
Cell_growth,KCNIP1,Target,Target-Cell_growth
Cell_growth,RPS8,Target,Target-Cell_growth
Cell_growth,RPS6,Target,Target-Cell_growth
Cell_growth,RPS4X,Target,Target-Cell_growth
Cell_growth,RPS24,Target,Target-Cell_growth
Cell_growth,RPS18,Target,Target-Cell_growth
Cell_growth,RPS16,Target,Target-Cell_growth
Cell_growth,NDUFA6,Target,Target-Cell_growth
Cell_growth,SLC7A1,Target,Target-Cell_growth
Cell_growth,GFY,Target,Target-Cell_growth
Cell_growth,LSM11,Target,Target-Cell_growth
Cell_growth,GGNBP1,Target,Target-Cell_growth
Cell_growth,USPL1,Target,Target-Cell_growth
Cell_growth,SKIC2,Target,Target-Cell_growth
Cell_growth,HTRA2,Target,Target-Cell_growth
Cell_growth,SAMD11,Target,Target-Cell_growth
Cell_growth,SNRPB,Target,Target-Cell_growth
Cell_growth,SNRNP70,Target,Target-Cell_growth
Cell_growth,DCTN6,Target,Target-Cell_growth
Cell_growth,NDUFS4,Target,Target-Cell_growth
Cell_growth,NDUFA2,Target,Target-Cell_growth
Cell_growth,SH3GL2,Target,Target-Cell_growth
Cell_growth,KRT20,Target,Target-Cell_growth
Cell_growth,ATP2C1,Target,Target-Cell_growth
Cell_growth,CNOT7,Target,Target-Cell_growth
Cell_growth,RPL31,Target,Target-Cell_growth
Cell_growth,MTNAP1,Target,Target-Cell_growth
Cell_growth,U2AF1,Target,Target-Cell_growth
Cell_growth,PSMD3,Target,Target-Cell_growth
Cell_growth,IHO1,Target,Target-Cell_growth
Cell_growth,RHBDD1,Target,Target-Cell_growth
Cell_growth,CATSPER3,Target,Target-Cell_growth
Cell_growth,MISFA,Target,Target-Cell_growth
Cell_growth,TSLP,Target,Target-Cell_growth
Cell_growth,PSMC1,Target,Target-Cell_growth
Cell_growth,RPL26,Target,Target-Cell_growth
Cell_growth,UBTF,Target,Target-Cell_growth
Cell_growth,LATS1,Target,Target-Cell_growth
Cell_growth,RPL14,Target,Target-Cell_growth
Cell_growth,RPS10,Target,Target-Cell_growth
Cell_growth,PSMC6,Target,Target-Cell_growth
Cell_growth,BFSP2,Target,Target-Cell_growth
Cell_growth,RPS7,Target,Target-Cell_growth
Cell_growth,PLD3,Target,Target-Cell_growth
Cell_growth,RPS19,Target,Target-Cell_growth
Cell_growth,CISD2,Target,Target-Cell_growth
Cell_growth,PSMD5,Target,Target-Cell_growth
Cell_growth,PSMD12,Target,Target-Cell_growth
Cell_growth,ATP13A4,Target,Target-Cell_growth
Cell_growth,RPS20,Target,Target-Cell_growth
Cell_growth,C1QTNF12,Target,Target-Cell_growth
Cell_growth,NOL6,Target,Target-Cell_growth
Cell_growth,RPL21,Target,Target-Cell_growth
Cell_growth,SH3KBP1,Target,Target-Cell_growth
Cell_growth,RPL37,Target,Target-Cell_growth
Cell_growth,NDUFB8,Target,Target-Cell_growth
Cell_growth,NEPRO,Target,Target-Cell_growth
Cell_growth,RNF183,Target,Target-Cell_growth
Cell_growth,RPL39,Target,Target-Cell_growth
Cell_growth,BMF,Target,Target-Cell_growth
Cell_growth,MBOAT2,Target,Target-Cell_growth
Cell_growth,SLC25A38,Target,Target-Cell_growth
Cell_growth,CALR,Target,Target-Cell_growth
Cell_growth,SURF6,Target,Target-Cell_growth
Cell_growth,CYBB,Target,Target-Cell_growth
Cell_growth,RPS9,Target,Target-Cell_growth
Cell_growth,RPL18A,Target,Target-Cell_growth
Cell_growth,DDX4,Target,Target-Cell_growth
Cell_growth,UCP2,Target,Target-Cell_growth
Cell_growth,MT-ND3,Target,Target-Cell_growth
Cell_growth,MT-ND4L,Target,Target-Cell_growth
Cell_growth,MT-ND5,Target,Target-Cell_growth
Cell_growth,MT-ND6,Target,Target-Cell_growth
Cell_growth,DNMT1,Target,Target-Cell_growth
Cell_growth,RNF212,Target,Target-Cell_growth
Cell_growth,DBH,Target,Target-Cell_growth
Cell_growth,MARCHF1,Target,Target-Cell_growth
Cell_growth,RPS14,Target,Target-Cell_growth
Cell_growth,NDUFAB1,Target,Target-Cell_growth
Cell_growth,PSMD14,Target,Target-Cell_growth
Cell_growth,FKTN,Target,Target-Cell_growth
Cell_growth,NDUFB5,Target,Target-Cell_growth
Cell_growth,RPL7,Target,Target-Cell_growth
Cell_growth,RPL37A,Target,Target-Cell_growth
Cell_growth,RPL32,Target,Target-Cell_growth
Cell_growth,RPL30,Target,Target-Cell_growth
Cell_growth,RPL27,Target,Target-Cell_growth
Cell_growth,RPL19,Target,Target-Cell_growth
Cell_growth,NDUFB6,Target,Target-Cell_growth
Cell_growth,NRSN2,Target,Target-Cell_growth
Cell_growth,TDRD5,Target,Target-Cell_growth
Cell_growth,PSMD1,Target,Target-Cell_growth
Cell_growth,H1-0,Target,Target-Cell_growth
Cell_growth,ACOT7,Target,Target-Cell_growth
Cell_growth,HAND1,Target,Target-Cell_growth
Cell_growth,HAX1,Target,Target-Cell_growth
Cell_growth,RPL5,Target,Target-Cell_growth
Cell_growth,PSMC2,Target,Target-Cell_growth
Cell_growth,PSMD6,Target,Target-Cell_growth
Cell_growth,MYL6,Target,Target-Cell_growth
Cell_growth,TPCN1,Target,Target-Cell_growth
Cell_growth,SYNE1,Target,Target-Cell_growth
Cell_growth,ZBTB7A,Target,Target-Cell_growth
Cell_growth,TP53BP1,Target,Target-Cell_growth
Cell_growth,ARGLU1,Target,Target-Cell_growth
Cell_growth,FAU,Target,Target-Cell_growth
Cell_growth,MINAR2,Target,Target-Cell_growth
Cell_growth,NEMP1,Target,Target-Cell_growth
Cell_growth,SNX21,Target,Target-Cell_growth
Cell_growth,SRSF5,Target,Target-Cell_growth
Cell_growth,COX7A2,Target,Target-Cell_growth
Cell_growth,RAB3B,Target,Target-Cell_growth
Cell_growth,PSMD2,Target,Target-Cell_growth
Cell_growth,CATSPER2,Target,Target-Cell_growth
Cell_growth,SLC30A2,Target,Target-Cell_growth
Cell_growth,TMX4,Target,Target-Cell_growth
Cell_growth,NDUFB7,Target,Target-Cell_growth
Cell_growth,SPTLC1,Target,Target-Cell_growth
Cell_growth,RPL9; RPL9P7; RPL9P8; RPL9P9,Target,Target-Cell_growth
Cell_growth,DOLPP1,Target,Target-Cell_growth
Cell_growth,COX7B,Target,Target-Cell_growth
Cell_growth,NDUFA9,Target,Target-Cell_growth
Cell_growth,NDUFA3,Target,Target-Cell_growth
Cell_growth,ABHD6,Target,Target-Cell_growth
Cell_growth,PDZD8,Target,Target-Cell_growth
Cell_growth,RBM15B,Target,Target-Cell_growth
Cell_growth,ZDHHC5,Target,Target-Cell_growth
Cell_growth,SYNPO,Target,Target-Cell_growth
Cell_growth,ALPL,Target,Target-Cell_growth
Cell_growth,BTBD1,Target,Target-Cell_growth
Cell_growth,WSCD2,Target,Target-Cell_growth
Cell_growth,CHM,Target,Target-Cell_growth
Cell_growth,NUP98,Target,Target-Cell_growth
Cell_growth,DECR2,Target,Target-Cell_growth
Cell_growth,SCAF8,Target,Target-Cell_growth
Cell_growth,CYP2E1,Target,Target-Cell_growth
Cell_growth,LRIT1,Target,Target-Cell_growth
Cell_growth,CYB5R3,Target,Target-Cell_growth
Cell_growth,PDIA6,Target,Target-Cell_growth
Cell_growth,PAX8,Target,Target-Cell_growth
Cell_growth,PIGL,Target,Target-Cell_growth
Cell_growth,CPT1A,Target,Target-Cell_growth
Cell_growth,AQP6,Target,Target-Cell_growth
Cell_growth,ERP29,Target,Target-Cell_growth
Cell_growth,SLC30A4,Target,Target-Cell_growth
Cell_growth,PGAP2,Target,Target-Cell_growth
Cell_growth,ADAP2,Target,Target-Cell_growth
Cell_growth,UGGT1,Target,Target-Cell_growth
Cell_growth,NSFL1C,Target,Target-Cell_growth
Cell_growth,BYSL,Target,Target-Cell_growth
Cell_growth,RGS1,Target,Target-Cell_growth
Cell_growth,PES1,Target,Target-Cell_growth
Cell_growth,MCM7,Target,Target-Cell_growth
Cell_growth,MCM2,Target,Target-Cell_growth
Cell_growth,WRN,Target,Target-Cell_growth
Cell_growth,COG2,Target,Target-Cell_growth
Cell_growth,FSD2,Target,Target-Cell_growth
Cell_growth,MSI1,Target,Target-Cell_growth
Cell_growth,MAP3K6,Target,Target-Cell_growth
Cell_growth,TOMM40,Target,Target-Cell_growth
Cell_growth,MT-RNR1,Target,Target-Cell_growth
Cell_growth,CIROP,Target,Target-Cell_growth
Cell_growth,BLTP3B,Target,Target-Cell_growth
Cell_growth,POTEB3,Target,Target-Cell_growth
Cell_growth,CLRN2,Target,Target-Cell_growth
Cell_growth,ARHGAP10,Target,Target-Cell_growth
Cell_growth,ELOVL7,Target,Target-Cell_growth
Cell_growth,FRMD3,Target,Target-Cell_growth
Cell_growth,TMEM218,Target,Target-Cell_growth
Cell_growth,TYW5,Target,Target-Cell_growth
Cell_growth,GSAP,Target,Target-Cell_growth
Cell_growth,EME2,Target,Target-Cell_growth
Cell_growth,PEDS1,Target,Target-Cell_growth
Cell_growth,BDP1,Target,Target-Cell_growth
Cell_growth,NKX2-6,Target,Target-Cell_growth
Cell_growth,SDHAF1,Target,Target-Cell_growth
Cell_growth,PCARE,Target,Target-Cell_growth
Cell_growth,PCNX2,Target,Target-Cell_growth
Cell_growth,MED9,Target,Target-Cell_growth
Cell_growth,MED21,Target,Target-Cell_growth
Cell_growth,FECH,Target,Target-Cell_growth
Cell_growth,RPL27A,Target,Target-Cell_growth
Cell_growth,PSMA4,Target,Target-Cell_growth
Cell_growth,MED6,Target,Target-Cell_growth
Cell_growth,MED8,Target,Target-Cell_growth
Cell_growth,CDC42EP3,Target,Target-Cell_growth
Cell_growth,PCDHGB4,Target,Target-Cell_growth
Cell_growth,MCM4,Target,Target-Cell_growth
Cell_growth,MTREX,Target,Target-Cell_growth
Cell_growth,EBNA1BP2,Target,Target-Cell_growth
Cell_growth,PPM1D,Target,Target-Cell_growth
Cell_growth,MRPL49,Target,Target-Cell_growth
Cell_growth,UPF3A,Target,Target-Cell_growth
Cell_growth,MED28,Target,Target-Cell_growth
Cell_growth,POU2F2,Target,Target-Cell_growth
Cell_growth,MCM5,Target,Target-Cell_growth
Cell_growth,WDFY1,Target,Target-Cell_growth
Cell_growth,BICRAL,Target,Target-Cell_growth
Cell_growth,MSX1,Target,Target-Cell_growth
Cell_growth,MRE11,Target,Target-Cell_growth
Cell_growth,RNF13,Target,Target-Cell_growth
Cell_growth,SCTR,Target,Target-Cell_growth
Cell_growth,TMED2,Target,Target-Cell_growth
Cell_growth,SACM1L,Target,Target-Cell_growth
Cell_growth,GPAT2,Target,Target-Cell_growth
Cell_growth,HMCES,Target,Target-Cell_growth
Cell_growth,SEMA4D,Target,Target-Cell_growth
Cell_growth,OAS2,Target,Target-Cell_growth
Cell_growth,AKT2,Target,Target-Cell_growth
Cell_growth,AKT3,Target,Target-Cell_growth
Cell_growth,AARS2,Target,Target-Cell_growth
Cell_growth,EPB41L3,Target,Target-Cell_growth
Cell_growth,IGF2BP3,Target,Target-Cell_growth
Cell_growth,SLC1A6,Target,Target-Cell_growth
Cell_growth,TAP2,Target,Target-Cell_growth
Cell_growth,SEC14L3,Target,Target-Cell_growth
Cell_growth,HCN2,Target,Target-Cell_growth
Cell_growth,POLDIP3,Target,Target-Cell_growth
Cell_growth,ASH2L,Target,Target-Cell_growth
Cell_growth,DNAJC19,Target,Target-Cell_growth
Cell_growth,EZH1,Target,Target-Cell_growth
Cell_growth,MTF2,Target,Target-Cell_growth
Cell_growth,ISCU,Target,Target-Cell_growth
Cell_growth,LYRM4,Target,Target-Cell_growth
Cell_growth,TMEM53,Target,Target-Cell_growth
Cell_growth,SYNE3,Target,Target-Cell_growth
Cell_growth,PIGS,Target,Target-Cell_growth
Cell_growth,EZH2,Target,Target-Cell_growth
Cell_growth,KAT5,Target,Target-Cell_growth
Cell_growth,AEBP2,Target,Target-Cell_growth
Cell_growth,ITPR3,Target,Target-Cell_growth
Cell_growth,SLC1A2,Target,Target-Cell_growth
Cell_growth,SUDS3,Target,Target-Cell_growth
Cell_growth,PIGT,Target,Target-Cell_growth
Cell_growth,PHF19,Target,Target-Cell_growth
Cell_growth,SYNE4,Target,Target-Cell_growth
Cell_growth,BRD1,Target,Target-Cell_growth
Cell_growth,EED,Target,Target-Cell_growth
Cell_growth,FXN,Target,Target-Cell_growth
Cell_growth,NFS1,Target,Target-Cell_growth
Cell_growth,NECAP2,Target,Target-Cell_growth
Cell_growth,HTR7,Target,Target-Cell_growth
Cell_growth,TAP1,Target,Target-Cell_growth
Cell_growth,DNMT3L,Target,Target-Cell_growth
Cell_growth,SUZ12,Target,Target-Cell_growth
Cell_growth,SLC38A4,Target,Target-Cell_growth
Cell_growth,COPB1,Target,Target-Cell_growth
Cell_growth,COX18,Target,Target-Cell_growth
Cell_growth,CDK5RAP3,Target,Target-Cell_growth
Cell_growth,POLA2,Target,Target-Cell_growth
Cell_growth,POLA1,Target,Target-Cell_growth
Cell_growth,TAF4,Target,Target-Cell_growth
Cell_growth,TAF10,Target,Target-Cell_growth
Cell_growth,PAF1,Target,Target-Cell_growth
Cell_growth,PEX2,Target,Target-Cell_growth
Cell_growth,PRIM2,Target,Target-Cell_growth
Cell_growth,PRIM1,Target,Target-Cell_growth
Cell_growth,RP9,Target,Target-Cell_growth
Cell_growth,RAB34,Target,Target-Cell_growth
Cell_growth,SCYL1,Target,Target-Cell_growth
Cell_growth,SKIC8,Target,Target-Cell_growth
Cell_growth,PAM16,Target,Target-Cell_growth
Cell_growth,CDK5RAP1,Target,Target-Cell_growth
Cell_growth,GRIK1,Target,Target-Cell_growth
Cell_growth,TLR6,Target,Target-Cell_growth
Cell_growth,NAGK,Target,Target-Cell_growth
Cell_growth,BRCC3,Target,Target-Cell_growth
Cell_growth,NLRC5,Target,Target-Cell_growth
Cell_growth,USP29,Target,Target-Cell_growth
Cell_growth,GRIK4,Target,Target-Cell_growth
Cell_growth,AGTR2,Target,Target-Cell_growth
Cell_growth,RYR2,Target,Target-Cell_growth
Cell_growth,PTGER1,Target,Target-Cell_growth
Cell_growth,RNF135,Target,Target-Cell_growth
Cell_growth,HTR3B,Target,Target-Cell_growth
Cell_growth,RYR3,Target,Target-Cell_growth
Cell_growth,PSMB5,Target,Target-Cell_growth
Cell_growth,SLC7A13,Target,Target-Cell_growth
Cell_growth,AGXT,Target,Target-Cell_growth
Cell_growth,LTF,Target,Target-Cell_growth
Cell_growth,EN2,Target,Target-Cell_growth
Cell_growth,CCK,Target,Target-Cell_growth
Cell_growth,NGFR,Target,Target-Cell_growth
Cell_growth,DSCAML1,Target,Target-Cell_growth
Cell_growth,PADI2,Target,Target-Cell_growth
Cell_growth,GLYCAM1,Target,Target-Cell_growth
Cell_growth,CACNA1B,Target,Target-Cell_growth
Cell_growth,YES1,Target,Target-Cell_growth
Cell_growth,ALCAM,Target,Target-Cell_growth
Cell_growth,RMC1,Target,Target-Cell_growth
Cell_growth,PTPRB,Target,Target-Cell_growth
Cell_growth,S100A13,Target,Target-Cell_growth
Cell_growth,FUT2,Target,Target-Cell_growth
Cell_growth,S100A12,Target,Target-Cell_growth
Cell_growth,PNP,Target,Target-Cell_growth
Cell_growth,PBRM1,Target,Target-Cell_growth
Cell_growth,ZACN,Target,Target-Cell_growth
Cell_growth,DBP,Target,Target-Cell_growth
Cell_growth,CLINT1,Target,Target-Cell_growth
Cell_growth,DPP7,Target,Target-Cell_growth
Cell_growth,CP,Target,Target-Cell_growth
Cell_growth,AVP,Target,Target-Cell_growth
Cell_growth,SINHCAF,Target,Target-Cell_growth
Cell_growth,HEXIM2,Target,Target-Cell_growth
Cell_growth,KRT3,Target,Target-Cell_growth
Cell_growth,IVNS1ABP,Target,Target-Cell_growth
Cell_growth,DDN,Target,Target-Cell_growth
Cell_growth,PLK1,Target,Target-Cell_growth
Cell_growth,ANKLE1,Target,Target-Cell_growth
Cell_growth,UPK1B,Target,Target-Cell_growth
Cell_growth,TSPYL2,Target,Target-Cell_growth
Cell_growth,TBCD,Target,Target-Cell_growth
Cell_growth,TM7SF2,Target,Target-Cell_growth
Cell_growth,IL12A,Target,Target-Cell_growth
Cell_growth,TMSB4X,Target,Target-Cell_growth
Cell_growth,IL12B,Target,Target-Cell_growth
Cell_growth,CERK,Target,Target-Cell_growth
Cell_growth,RSPH3,Target,Target-Cell_growth
Cell_growth,TRIM5,Target,Target-Cell_growth
Cell_growth,SDK1,Target,Target-Cell_growth
Cell_growth,PCSK2,Target,Target-Cell_growth
Cell_growth,PCSK1,Target,Target-Cell_growth
Cell_growth,CACNG1,Target,Target-Cell_growth
Cell_growth,SLC9C1,Target,Target-Cell_growth
Cell_growth,KPTN,Target,Target-Cell_growth
Cell_growth,MYBPC2,Target,Target-Cell_growth
Cell_growth,CACNA2D1,Target,Target-Cell_growth
Cell_growth,CACNB1,Target,Target-Cell_growth
Cell_growth,SAG,Target,Target-Cell_growth
Cell_growth,ZP4,Target,Target-Cell_growth
Cell_growth,RDH14,Target,Target-Cell_growth
Cell_growth,MYO10,Target,Target-Cell_growth
Cell_growth,SCRN1,Target,Target-Cell_growth
Cell_growth,CMYA5,Target,Target-Cell_growth
Cell_growth,PGM1,Target,Target-Cell_growth
Cell_growth,FKBP1A,Target,Target-Cell_growth
Cell_growth,CYB561,Target,Target-Cell_growth
Cell_growth,GNAT2,Target,Target-Cell_growth
Cell_growth,CACNA1S,Target,Target-Cell_growth
Cell_growth,MAN2C1,Target,Target-Cell_growth
Cell_growth,MAN2B1,Target,Target-Cell_growth
Cell_growth,LEMD3,Target,Target-Cell_growth
Cell_growth,SLC16A7,Target,Target-Cell_growth
Cell_growth,CFAP61,Target,Target-Cell_growth
Cell_growth,CFAP251,Target,Target-Cell_growth
Cell_growth,SVIL,Target,Target-Cell_growth
Cell_growth,ANXA13,Target,Target-Cell_growth
Cell_growth,INPPL1,Target,Target-Cell_growth
Cell_growth,DRC7,Target,Target-Cell_growth
Cell_growth,TRPV5,Target,Target-Cell_growth
Cell_growth,GGCX,Target,Target-Cell_growth
Cell_growth,GC,Target,Target-Cell_growth
Cell_growth,DNAAF11,Target,Target-Cell_growth
Cell_growth,DAW1,Target,Target-Cell_growth
Cell_growth,CFAP91,Target,Target-Cell_growth
Cell_growth,CFAP300,Target,Target-Cell_growth
Cell_growth,PKD1L1,Target,Target-Cell_growth
Cell_growth,CDA,Target,Target-Cell_growth
Cell_growth,SPACA1,Target,Target-Cell_growth
Cell_growth,TMEM109,Target,Target-Cell_growth
Cell_growth,GSS,Target,Target-Cell_growth
Cell_growth,TMEM38A,Target,Target-Cell_growth
Cell_growth,LHX9,Target,Target-Cell_growth
Cell_growth,AGT,Target,Target-Cell_growth
Cell_growth,PWWP2A,Target,Target-Cell_growth
Cell_growth,CFAP74,Target,Target-Cell_growth
Cell_growth,GJA3,Target,Target-Cell_growth
Cell_growth,DRC1,Target,Target-Cell_growth
Cell_growth,CRNN,Target,Target-Cell_growth
Cell_growth,ARL6,Target,Target-Cell_growth
Cell_growth,CNGA3,Target,Target-Cell_growth
Cell_growth,CFAP46,Target,Target-Cell_growth
Cell_growth,CCDC65,Target,Target-Cell_growth
Cell_growth,CFAP54,Target,Target-Cell_growth
Cell_growth,FBXL13,Target,Target-Cell_growth
Cell_growth,IQCD,Target,Target-Cell_growth
Cell_growth,EFCAB2,Target,Target-Cell_growth
Cell_growth,IQCA1,Target,Target-Cell_growth
Cell_growth,HTR3A,Target,Target-Cell_growth
Cell_growth,ZPLD1,Target,Target-Cell_growth
Cell_growth,MFAP5,Target,Target-Cell_growth
Cell_growth,LPL,Target,Target-Cell_growth
Cell_growth,BMP6,Target,Target-Cell_growth
Cell_growth,ODAD4,Target,Target-Cell_growth
Cell_growth,ODAD2,Target,Target-Cell_growth
Cell_growth,ODAD1,Target,Target-Cell_growth
Cell_growth,DNAAF10,Target,Target-Cell_growth
Cell_growth,UPK3A,Target,Target-Cell_growth
Cell_growth,UPK1A,Target,Target-Cell_growth
Cell_growth,UPK2,Target,Target-Cell_growth
Cell_growth,IFT46,Target,Target-Cell_growth
Cell_growth,CKAP2,Target,Target-Cell_growth
Cell_growth,MPG,Target,Target-Cell_growth
Cell_growth,RIT1,Target,Target-Cell_growth
Cell_growth,PURA,Target,Target-Cell_growth
Cell_growth,CLPP,Target,Target-Cell_growth
Cell_growth,TDH,Target,Target-Cell_growth
Cell_growth,EDA,Target,Target-Cell_growth
Cell_growth,CLPB,Target,Target-Cell_growth
Cell_growth,GPT,Target,Target-Cell_growth
Cell_growth,GPR162,Target,Target-Cell_growth
Cell_growth,PPY,Target,Target-Cell_growth
Cell_growth,DUT,Target,Target-Cell_growth
Cell_growth,RPIA,Target,Target-Cell_growth
Cell_growth,GYG1,Target,Target-Cell_growth
Cell_growth,CD38,Target,Target-Cell_growth
Cell_growth,SOX21,Target,Target-Cell_growth
Cell_growth,QRFPR,Target,Target-Cell_growth
Cell_growth,CUTC,Target,Target-Cell_growth
Cell_growth,CUTA,Target,Target-Cell_growth
Cell_growth,APOBEC3G,Target,Target-Cell_growth
Cell_growth,MVP,Target,Target-Cell_growth
Cell_growth,SEPSECS,Target,Target-Cell_growth
Cell_growth,CALCR,Target,Target-Cell_growth
Cell_growth,TENT4B,Target,Target-Cell_growth
Cell_growth,CERT1,Target,Target-Cell_growth
Cell_growth,CCR1,Target,Target-Cell_growth
Cell_growth,PIK3R5,Target,Target-Cell_growth
Cell_growth,OAS1,Target,Target-Cell_growth
Cell_growth,HCRTR2,Target,Target-Cell_growth
Cell_growth,PPP2R1A,Target,Target-Cell_growth
Cell_growth,NT5C2,Target,Target-Cell_growth
Cell_growth,PAFAH2,Target,Target-Cell_growth
Cell_growth,CCL1,Target,Target-Cell_growth
Cell_growth,BCO1,Target,Target-Cell_growth
Cell_growth,AK1,Target,Target-Cell_growth
Cell_growth,FTCD,Target,Target-Cell_growth
Cell_growth,KHSRP,Target,Target-Cell_growth
Cell_growth,KIAA0586,Target,Target-Cell_growth
Cell_growth,SLC8A1,Target,Target-Cell_growth
Cell_growth,RRBP1,Target,Target-Cell_growth
Cell_growth,PPP2R5E,Target,Target-Cell_growth
Cell_growth,GRK2,Target,Target-Cell_growth
Cell_growth,PTAFR,Target,Target-Cell_growth
Cell_growth,OPLAH,Target,Target-Cell_growth
Cell_growth,TCP11L2,Target,Target-Cell_growth
Cell_growth,GUCY1B1,Target,Target-Cell_growth
Cell_growth,GABARAPL2,Target,Target-Cell_growth
Cell_growth,DNAJC5,Target,Target-Cell_growth
Cell_growth,ADCY7,Target,Target-Cell_growth
Cell_growth,PPP2CB,Target,Target-Cell_growth
Cell_growth,SULT1B1,Target,Target-Cell_growth
Cell_growth,TFPI,Target,Target-Cell_growth
Cell_growth,GALE,Target,Target-Cell_growth
Cell_growth,BAK1,Target,Target-Cell_growth
Cell_growth,TMPRSS13,Target,Target-Cell_growth
Cell_growth,GLG1,Target,Target-Cell_growth
Cell_growth,KCNH7,Target,Target-Cell_growth
Cell_growth,YPEL5,Target,Target-Cell_growth
Cell_growth,RTL10,Target,Target-Cell_growth
Cell_growth,SGTA,Target,Target-Cell_growth
Cell_growth,ASNS,Target,Target-Cell_growth
Cell_growth,SLC39A1,Target,Target-Cell_growth
Cell_growth,HLTF,Target,Target-Cell_growth
Cell_growth,CCL8,Target,Target-Cell_growth
Cell_growth,KIF2C,Target,Target-Cell_growth
Cell_growth,RCE1,Target,Target-Cell_growth
Cell_growth,SLC12A4,Target,Target-Cell_growth
Cell_growth,CCL4,Target,Target-Cell_growth
Cell_growth,PCK2,Target,Target-Cell_growth
Cell_growth,RCN1,Target,Target-Cell_growth
Cell_growth,MAPK11,Target,Target-Cell_growth
Cell_growth,CRYL1,Target,Target-Cell_growth
Cell_growth,TMEM147,Target,Target-Cell_growth
Cell_growth,THAP12,Target,Target-Cell_growth
Cell_growth,DLGAP4,Target,Target-Cell_growth
Cell_growth,SULT1E1,Target,Target-Cell_growth
Cell_growth,CS,Target,Target-Cell_growth
Cell_growth,RRM2,Target,Target-Cell_growth
Cell_growth,PABPC4,Target,Target-Cell_growth
Cell_growth,DNAAF2,Target,Target-Cell_growth
Cell_growth,SLC31A2,Target,Target-Cell_growth
Cell_growth,TAT,Target,Target-Cell_growth
Cell_growth,H1-8,Target,Target-Cell_growth
Cell_growth,TYMS,Target,Target-Cell_growth
Cell_growth,ARNT,Target,Target-Cell_growth
Cell_growth,PSMB7,Target,Target-Cell_growth
Cell_growth,MT-RNR2,Target,Target-Cell_growth
Cell_growth,SLC6A20,Target,Target-Cell_growth
Cell_growth,SIT1,Target,Target-Cell_growth
Cell_growth,TPSAB1,Target,Target-Cell_growth
Cell_growth,KCP,Target,Target-Cell_growth
Cell_growth,GGPS1,Target,Target-Cell_growth
Cell_growth,GTF2B,Target,Target-Cell_growth
Cell_growth,AR,Target,Target-Cell_growth
Cell_growth,SH2D2A,Target,Target-Cell_growth
Cell_growth,SCAP,Target,Target-Cell_growth
Cell_growth,DUSP1,Target,Target-Cell_growth
Cell_growth,MAP2K5,Target,Target-Cell_growth
Cell_growth,CARD17P,Target,Target-Cell_growth
Cell_growth,NMT1,Target,Target-Cell_growth
Cell_growth,SPP2,Target,Target-Cell_growth
Cell_growth,ALDH2,Target,Target-Cell_growth
Cell_growth,CDS1,Target,Target-Cell_growth
Cell_growth,IDH3G,Target,Target-Cell_growth
Cell_growth,TMCO1,Target,Target-Cell_growth
Cell_growth,B4GALT5,Target,Target-Cell_growth
Cell_growth,ETFDH,Target,Target-Cell_growth
Cell_growth,ABAT,Target,Target-Cell_growth
Cell_growth,GCSH,Target,Target-Cell_growth
Cell_growth,SLC25A1,Target,Target-Cell_growth
Cell_growth,LMAN2,Target,Target-Cell_growth
Cell_growth,PLA2G15,Target,Target-Cell_growth
Cell_growth,SYNJ1,Target,Target-Cell_growth
Cell_growth,DOK4,Target,Target-Cell_growth
Cell_growth,DISP3,Target,Target-Cell_growth
Cell_growth,MTFR1,Target,Target-Cell_growth
Cell_growth,BCKDHB,Target,Target-Cell_growth
Cell_growth,SARS2,Target,Target-Cell_growth
Cell_growth,ATP5IF1,Target,Target-Cell_growth
Cell_growth,MYL9,Target,Target-Cell_growth
Cell_growth,MTFMT,Target,Target-Cell_growth
Cell_growth,PPP4C,Target,Target-Cell_growth
Cell_growth,UFL1,Target,Target-Cell_growth
Cell_growth,LHCGR,Target,Target-Cell_growth
Cell_growth,EXOSC1,Target,Target-Cell_growth
Cell_growth,EXOSC2,Target,Target-Cell_growth
Cell_growth,EXOSC3,Target,Target-Cell_growth
Cell_growth,EXOSC10,Target,Target-Cell_growth
Cell_growth,HSF1,Target,Target-Cell_growth
Cell_growth,GPR68,Target,Target-Cell_growth
Cell_growth,OPN4,Target,Target-Cell_growth
Cell_growth,ABCB7,Target,Target-Cell_growth
Cell_growth,GOSR1,Target,Target-Cell_growth
Cell_growth,KIF25,Target,Target-Cell_growth
Cell_growth,TRIM21,Target,Target-Cell_growth
Cell_growth,VPS72,Target,Target-Cell_growth
Cell_growth,HDAC10,Target,Target-Cell_growth
Cell_growth,POFUT2,Target,Target-Cell_growth
Cell_growth,TDP2,Target,Target-Cell_growth
Cell_growth,ADA2,Target,Target-Cell_growth
Cell_growth,RPS12,Target,Target-Cell_growth
Cell_growth,FADS1,Target,Target-Cell_growth
Cell_growth,DBR1,Target,Target-Cell_growth
Cell_growth,GNPNAT1,Target,Target-Cell_growth
Cell_growth,GLO1,Target,Target-Cell_growth
Cell_growth,HMOX1,Target,Target-Cell_growth
Cell_growth,SEM1,Target,Target-Cell_growth
Cell_growth,TPSB2,Target,Target-Cell_growth
Cell_growth,NHLH1,Target,Target-Cell_growth
Cell_growth,SEPHS2,Target,Target-Cell_growth
Cell_growth,CPS1,Target,Target-Cell_growth
Cell_growth,RAD1,Target,Target-Cell_growth
Cell_growth,BIRC5,Target,Target-Cell_growth
Cell_growth,PPA1,Target,Target-Cell_growth
Cell_growth,LYST,Target,Target-Cell_growth
Cell_growth,CXCL8,Target,Target-Cell_growth
Cell_growth,PPA2,Target,Target-Cell_growth
Cell_growth,TERF1,Target,Target-Cell_growth
Cell_growth,BCAR3,Target,Target-Cell_growth
Cell_growth,HAT1,Target,Target-Cell_growth
Cell_growth,SPAG11B,Target,Target-Cell_growth
Cell_growth,SPAG11A,Target,Target-Cell_growth
Cell_growth,MPPE1,Target,Target-Cell_growth
Cell_growth,TBRG4,Target,Target-Cell_growth
Cell_growth,MCU,Target,Target-Cell_growth
Cell_growth,ARIH1,Target,Target-Cell_growth
Cell_growth,FICD,Target,Target-Cell_growth
Cell_growth,NLRP2,Target,Target-Cell_growth
Cell_growth,SDHC,Target,Target-Cell_growth
Cell_growth,FOLH1,Target,Target-Cell_growth
Cell_growth,PRRC2A,Target,Target-Cell_growth
Cell_growth,SDHB,Target,Target-Cell_growth
Cell_growth,DYNC1I1,Target,Target-Cell_growth
Cell_growth,MRPL57,Target,Target-Cell_growth
Cell_growth,ACADS,Target,Target-Cell_growth
Cell_growth,LONP1,Target,Target-Cell_growth
Cell_growth,CHRND,Target,Target-Cell_growth
Cell_growth,CHRNB1,Target,Target-Cell_growth
Cell_growth,PAM,Target,Target-Cell_growth
Cell_growth,MYCBP2,Target,Target-Cell_growth
Cell_growth,AP4M1,Target,Target-Cell_growth
Cell_growth,EEF1AKMT4-ECE2,Target,Target-Cell_growth
Cell_growth,MRPL51,Target,Target-Cell_growth
Cell_growth,GNRH1,Target,Target-Cell_growth
Cell_growth,SPTY2D1,Target,Target-Cell_growth
Cell_growth,TAS2R40,Target,Target-Cell_growth
Cell_growth,DPAGT1,Target,Target-Cell_growth
Cell_growth,RAB5IF,Target,Target-Cell_growth
Cell_growth,FMO1,Target,Target-Cell_growth
Cell_growth,CHGB,Target,Target-Cell_growth
Cell_growth,ECE2,Target,Target-Cell_growth
Cell_growth,PTGIS,Target,Target-Cell_growth
Cell_growth,NAPEPLD,Target,Target-Cell_growth
Cell_growth,CHRNA1,Target,Target-Cell_growth
Cell_growth,TEX2,Target,Target-Cell_growth
Cell_growth,FBXO11,Target,Target-Cell_growth
Cell_growth,RPA2,Target,Target-Cell_growth
Cell_growth,ORM1,Target,Target-Cell_growth
Cell_growth,VCX,Target,Target-Cell_growth
Cell_growth,SMU1,Target,Target-Cell_growth
Cell_growth,TOM1,Target,Target-Cell_growth
Cell_growth,CACNA1A,Target,Target-Cell_growth
Cell_growth,MGAT1,Target,Target-Cell_growth
Cell_growth,BLCAP,Target,Target-Cell_growth
Cell_growth,PSMA1,Target,Target-Cell_growth
Cell_growth,EXD1,Target,Target-Cell_growth
Cell_growth,LILRB1,Target,Target-Cell_growth
Cell_growth,WDR55,Target,Target-Cell_growth
Cell_growth,MGAT5,Target,Target-Cell_growth
Cell_growth,MTERF4,Target,Target-Cell_growth
Cell_growth,GPR89A,Target,Target-Cell_growth
Cell_growth,GPR89B,Target,Target-Cell_growth
Cell_growth,MCOLN3,Target,Target-Cell_growth
Cell_growth,PATJ,Target,Target-Cell_growth
Cell_growth,TERT,Target,Target-Cell_growth
Cell_growth,PRODH,Target,Target-Cell_growth
Cell_growth,CYP8B1,Target,Target-Cell_growth
Cell_growth,TDRD12,Target,Target-Cell_growth
Cell_growth,CNIH1,Target,Target-Cell_growth
Cell_growth,DNAJA2,Target,Target-Cell_growth
Cell_growth,CPZ,Target,Target-Cell_growth
Cell_growth,RPA1,Target,Target-Cell_growth
Cell_growth,MRPS35,Target,Target-Cell_growth
Cell_growth,MRPS28,Target,Target-Cell_growth
Cell_growth,MRPS33,Target,Target-Cell_growth
Cell_growth,MRPS31,Target,Target-Cell_growth
Cell_growth,DAP3,Target,Target-Cell_growth
Cell_growth,DLGAP3,Target,Target-Cell_growth
Cell_growth,MRPS23,Target,Target-Cell_growth
Cell_growth,BDH1,Target,Target-Cell_growth
Cell_growth,MRPS25,Target,Target-Cell_growth
Cell_growth,MRPS22,Target,Target-Cell_growth
Cell_growth,STT3A,Target,Target-Cell_growth
Cell_growth,DDOST,Target,Target-Cell_growth
Cell_growth,STT3B,Target,Target-Cell_growth
Cell_growth,MRPS9,Target,Target-Cell_growth
Cell_growth,MRPS26,Target,Target-Cell_growth
Cell_growth,MRPS24,Target,Target-Cell_growth
Cell_growth,RPE,Target,Target-Cell_growth
Cell_growth,ATP6V1G2,Target,Target-Cell_growth
Cell_growth,COPE,Target,Target-Cell_growth
Cell_growth,RNASEK,Target,Target-Cell_growth
Cell_growth,ATP6V1F,Target,Target-Cell_growth
Cell_growth,ATP6V0A1,Target,Target-Cell_growth
Cell_growth,SEC11A,Target,Target-Cell_growth
Cell_growth,ATP6V1H,Target,Target-Cell_growth
Cell_growth,SRP54,Target,Target-Cell_growth
Cell_growth,SPCS3,Target,Target-Cell_growth
Cell_growth,SPCS1,Target,Target-Cell_growth
Cell_growth,SPCS2,Target,Target-Cell_growth
Cell_growth,ATP6V0E2,Target,Target-Cell_growth
Cell_growth,SEC11C,Target,Target-Cell_growth
Cell_growth,COPA,Target,Target-Cell_growth
Cell_growth,POLD4,Target,Target-Cell_growth
Cell_growth,POLDIP2,Target,Target-Cell_growth
Cell_growth,ATP6V0B,Target,Target-Cell_growth
Cell_growth,ATP6V0D1,Target,Target-Cell_growth
Cell_growth,COPG1,Target,Target-Cell_growth
Cell_growth,ARCN1,Target,Target-Cell_growth
Cell_growth,ATP6V0C,Target,Target-Cell_growth
Cell_growth,ATP6V1D,Target,Target-Cell_growth
Cell_growth,SMDT1,Target,Target-Cell_growth
Cell_growth,FSHB,Target,Target-Cell_growth
Cell_growth,CGA,Target,Target-Cell_growth
Cell_growth,PAQR8,Target,Target-Cell_growth
Cell_growth,NR5A1,Target,Target-Cell_growth
Cell_growth,ARIH2,Target,Target-Cell_growth
Cell_growth,CDK11B,Target,Target-Cell_growth
Cell_growth,MAD2L2,Target,Target-Cell_growth
Cell_growth,CREB3,Target,Target-Cell_growth
Cell_growth,URI1,Target,Target-Cell_growth
Cell_growth,CDK11A,Target,Target-Cell_growth
Cell_growth,DCBLD2,Target,Target-Cell_growth
Cell_growth,CSNK2A1,Target,Target-Cell_growth
Cell_growth,MMP14,Target,Target-Cell_growth
Cell_growth,RERG,Target,Target-Cell_growth
Cell_growth,CEP43,Target,Target-Cell_growth
Cell_growth,CSNK2A3,Target,Target-Cell_growth
Cell_growth,CRLF3,Target,Target-Cell_growth
Cell_growth,DACT3,Target,Target-Cell_growth
Cell_growth,MUL1,Target,Target-Cell_growth
Cell_growth,BMP10,Target,Target-Cell_growth
Cell_growth,NME6,Target,Target-Cell_growth
Cell_growth,PSMD10,Target,Target-Cell_growth
Cell_growth,FHL1,Target,Target-Cell_growth
Cell_growth,BCL6,Target,Target-Cell_growth
Cell_growth,BMPR2,Target,Target-Cell_growth
Cell_growth,NAIF1,Target,Target-Cell_growth
Cell_growth,ZC3H12D,Target,Target-Cell_growth
Cell_growth,ACSL4,Target,Target-Cell_growth
Cell_growth,TCHP,Target,Target-Cell_growth
Cell_growth,DNAJB2,Target,Target-Cell_growth
Cell_growth,PRDM11,Target,Target-Cell_growth
Cell_growth,ST20,Target,Target-Cell_growth
Cell_growth,PPP1R9B,Target,Target-Cell_growth
Cell_growth,DERL2,Target,Target-Cell_growth
Cell_growth,FBP1,Target,Target-Cell_growth
Cell_growth,TMEM196,Target,Target-Cell_growth
Cell_growth,RBBP7,Target,Target-Cell_growth
Cell_growth,OSGIN1,Target,Target-Cell_growth
Cell_growth,CAPRIN2,Target,Target-Cell_growth
Cell_growth,CGRRF1,Target,Target-Cell_growth
Cell_growth,GH1,Target,Target-Cell_growth
Cell_growth,PSG9,Target,Target-Cell_growth
Cell_growth,FURIN,Target,Target-Cell_growth
Cell_growth,FGF10,Target,Target-Cell_growth
Cell_growth,FGF16,Target,Target-Cell_growth
Cell_growth,FGF4,Target,Target-Cell_growth
Cell_growth,FGF7,Target,Target-Cell_growth
Cell_growth,CDHR2,Target,Target-Cell_growth
Cell_growth,SERPINB9,Target,Target-Cell_growth
Cell_growth,S1PR3,Target,Target-Cell_growth
Cell_growth,S1PR2,Target,Target-Cell_growth
Cell_growth,ITGB4,Target,Target-Cell_growth
Cell_growth,GFRA2,Target,Target-Cell_growth
Cell_growth,BMP2,Target,Target-Cell_growth
Cell_growth,GFRA3,Target,Target-Cell_growth
Cell_growth,IDE,Target,Target-Cell_growth
Cell_growth,PRKAR2A,Target,Target-Cell_growth
Cell_growth,TMEM115,Target,Target-Cell_growth
Cell_growth,CR1,Target,Target-Cell_growth
Cell_growth,ANXA2,Target,Target-Cell_growth
Cell_growth,DDB1,Target,Target-Cell_growth
Cell_growth,TUBB,Target,Target-Cell_growth
Cell_growth,MAL2,Target,Target-Cell_growth
Cell_growth,ITGA4,Target,Target-Cell_growth
Cell_growth,SNX4,Target,Target-Cell_growth
Cell_growth,CCL26,Target,Target-Cell_growth
Cell_growth,ASCL2,Target,Target-Cell_growth
Cell_growth,HLA-DRB1,Target,Target-Cell_growth
Cell_growth,CCL21,Target,Target-Cell_growth
Cell_growth,RSU1,Target,Target-Cell_growth
Cell_growth,NCK1,Target,Target-Cell_growth
Cell_growth,BCAM,Target,Target-Cell_growth
Cell_growth,HLA-F,Target,Target-Cell_growth
Cell_growth,SKOR1,Target,Target-Cell_growth
Cell_growth,ZNF503,Target,Target-Cell_growth
Cell_growth,TREM1,Target,Target-Cell_growth
Cell_growth,TNFRSF12A,Target,Target-Cell_growth
Cell_growth,MUC13,Target,Target-Cell_growth
Cell_growth,CD300A,Target,Target-Cell_growth
Cell_growth,PRKAR1A,Target,Target-Cell_growth
Cell_growth,CD3E,Target,Target-Cell_growth
Cell_growth,WNT2,Target,Target-Cell_growth
Cell_growth,CCR10,Target,Target-Cell_growth
Cell_growth,SPARC,Target,Target-Cell_growth
Cell_growth,SKIL,Target,Target-Cell_growth
Cell_growth,CD63,Target,Target-Cell_growth
Cell_growth,C2CD4B,Target,Target-Cell_growth
Cell_growth,ALPP,Target,Target-Cell_growth
Cell_growth,SERPINE1,Target,Target-Cell_growth
Cell_growth,KRT4,Target,Target-Cell_growth
Cell_growth,AKR1C3,Target,Target-Cell_growth
Cell_growth,SELPLG,Target,Target-Cell_growth
Cell_growth,CCL25,Target,Target-Cell_growth
Cell_growth,PHLDB2,Target,Target-Cell_growth
Cell_growth,CCR9,Target,Target-Cell_growth
Cell_growth,CORO1A,Target,Target-Cell_growth
Cell_growth,HLA-DRB5,Target,Target-Cell_growth
Cell_growth,MAP2K2,Target,Target-Cell_growth
Cell_growth,RBFOX1,Target,Target-Cell_growth
Cell_growth,LCP2,Target,Target-Cell_growth
Cell_growth,NEDD4L,Target,Target-Cell_growth
Cell_growth,HLA-A,Target,Target-Cell_growth
Cell_growth,PHLDB1,Target,Target-Cell_growth
Cell_growth,VSIR,Target,Target-Cell_growth
Cell_growth,HLA-B,Target,Target-Cell_growth
Cell_growth,IGHM,Target,Target-Cell_growth
Cell_growth,PIGR,Target,Target-Cell_growth
Cell_growth,MAL,Target,Target-Cell_growth
Cell_growth,CLECL1P,Target,Target-Cell_growth
Cell_growth,CD55,Target,Target-Cell_growth
Cell_growth,HLA-DRA,Target,Target-Cell_growth
Cell_growth,SPTBN1,Target,Target-Cell_growth
Cell_growth,CCR7,Target,Target-Cell_growth
Cell_growth,CASP8,Target,Target-Cell_growth
Cell_growth,GBP1,Target,Target-Cell_growth
Cell_growth,PLVAP,Target,Target-Cell_growth
Cell_growth,CD58,Target,Target-Cell_growth
Cell_growth,CD59,Target,Target-Cell_growth
Cell_growth,PRDX5,Target,Target-Cell_growth
Cell_growth,CASP10,Target,Target-Cell_growth
Cell_growth,INPP5D,Target,Target-Cell_growth
Cell_growth,ITGB7,Target,Target-Cell_growth
Cell_growth,IL17D,Target,Target-Cell_growth
Cell_growth,LIMS1,Target,Target-Cell_growth
Cell_growth,CCL5,Target,Target-Cell_growth
Cell_growth,AJAP1,Target,Target-Cell_growth
Cell_growth,CD2,Target,Target-Cell_growth
Cell_growth,C2CD4A,Target,Target-Cell_growth
Cell_growth,PDGFA,Target,Target-Cell_growth
Cell_growth,DEFB106A,Target,Target-Cell_growth
Cell_growth,GNAS,Target,Target-Cell_growth
Cell_growth,ACAA1,Target,Target-Cell_growth
Cell_growth,CHD4,Target,Target-Cell_growth
Cell_growth,LIN7C,Target,Target-Cell_growth
Cell_growth,BOD1,Target,Target-Cell_growth
Cell_growth,FGFR2,Target,Target-Cell_growth
Cell_growth,ODAM,Target,Target-Cell_growth
Cell_growth,RPTOR,Target,Target-Cell_growth
Cell_growth,ZYX,Target,Target-Cell_growth
Cell_growth,PRKCD,Target,Target-Cell_growth
Cell_growth,IARS1,Target,Target-Cell_growth
Cell_growth,MCAM,Target,Target-Cell_growth
Cell_growth,STXBP2,Target,Target-Cell_growth
Cell_growth,RALGDS,Target,Target-Cell_growth
Cell_growth,TRAF2,Target,Target-Cell_growth
Cell_growth,MEP1A,Target,Target-Cell_growth
Cell_growth,TRAF3,Target,Target-Cell_growth
Cell_growth,ERBIN,Target,Target-Cell_growth
Cell_growth,MYADM,Target,Target-Cell_growth
Cell_growth,PTGS1,Target,Target-Cell_growth
Cell_growth,TAB3,Target,Target-Cell_growth
Cell_growth,TJP2,Target,Target-Cell_growth
Cell_growth,SLPI,Target,Target-Cell_growth
Cell_growth,USP7,Target,Target-Cell_growth
Cell_growth,USP9X,Target,Target-Cell_growth
Cell_growth,ABHD8,Target,Target-Cell_growth
Cell_growth,TPT1,Target,Target-Cell_growth
Cell_growth,DSC2,Target,Target-Cell_growth
Cell_growth,VCAN,Target,Target-Cell_growth
Cell_growth,CDK2AP1,Target,Target-Cell_growth
Cell_growth,CCDC47,Target,Target-Cell_growth
Cell_growth,CTSF,Target,Target-Cell_growth
Cell_growth,FCN1,Target,Target-Cell_growth
Cell_growth,KIF18B,Target,Target-Cell_growth
Cell_growth,MED1,Target,Target-Cell_growth
Cell_growth,SDCBP,Target,Target-Cell_growth
Cell_growth,LAD1,Target,Target-Cell_growth
Cell_growth,RHOBTB3,Target,Target-Cell_growth
Cell_growth,TNPO1,Target,Target-Cell_growth
Cell_growth,PIP4K2C,Target,Target-Cell_growth
Cell_growth,AGAP2,Target,Target-Cell_growth
Cell_growth,TGFBI,Target,Target-Cell_growth
Cell_growth,OSCP1,Target,Target-Cell_growth
Cell_growth,DPEP1,Target,Target-Cell_growth
Cell_growth,GPA33,Target,Target-Cell_growth
Cell_growth,PCOLCE,Target,Target-Cell_growth
Cell_growth,CHRNA7,Target,Target-Cell_growth
Cell_growth,BRD3,Target,Target-Cell_growth
Cell_growth,GATA6,Target,Target-Cell_growth
Cell_growth,TOMM70,Target,Target-Cell_growth
Cell_growth,LEFTY2,Target,Target-Cell_growth
Cell_growth,RGS22,Target,Target-Cell_growth
Cell_growth,THRAP3,Target,Target-Cell_growth
Cell_growth,MRC2,Target,Target-Cell_growth
Cell_growth,LAMA4,Target,Target-Cell_growth
Cell_growth,TNFRSF10B,Target,Target-Cell_growth
Cell_growth,BPTF,Target,Target-Cell_growth
Cell_growth,UBASH3A,Target,Target-Cell_growth
Cell_growth,ARHGEF5,Target,Target-Cell_growth
Cell_growth,ROCK2,Target,Target-Cell_growth
Cell_growth,AUP1,Target,Target-Cell_growth
Cell_growth,F11R,Target,Target-Cell_growth
Cell_growth,LDHA,Target,Target-Cell_growth
Cell_growth,DDX11,Target,Target-Cell_growth
Cell_growth,BCAP29,Target,Target-Cell_growth
Cell_growth,GCM1,Target,Target-Cell_growth
Cell_growth,DPP4,Target,Target-Cell_growth
Cell_growth,PZP,Target,Target-Cell_growth
Cell_growth,MARK3,Target,Target-Cell_growth
Cell_growth,ITGAX,Target,Target-Cell_growth
Cell_growth,ITGAL,Target,Target-Cell_growth
Cell_growth,SNRNP200,Target,Target-Cell_growth
Cell_growth,CD209,Target,Target-Cell_growth
Cell_growth,ITGA11,Target,Target-Cell_growth
Cell_growth,SRSF7,Target,Target-Cell_growth
Cell_growth,TXNRD1,Target,Target-Cell_growth
Cell_growth,ESM1,Target,Target-Cell_growth
Cell_growth,GLIPR2,Target,Target-Cell_growth
Cell_growth,CUL4A,Target,Target-Cell_growth
Cell_growth,MTMR2,Target,Target-Cell_growth
Cell_growth,PFN1,Target,Target-Cell_growth
Cell_growth,HSPE1,Target,Target-Cell_growth
Cell_growth,PROK2,Target,Target-Cell_growth
Cell_growth,ITGAV,Target,Target-Cell_growth
Cell_growth,GSDME,Target,Target-Cell_growth
Cell_growth,ARHGEF18,Target,Target-Cell_growth
Cell_growth,SLC19A2,Target,Target-Cell_growth
Cell_growth,TSPAN1,Target,Target-Cell_growth
Cell_growth,LGALS3BP,Target,Target-Cell_growth
Cell_growth,DHX9,Target,Target-Cell_growth
Cell_growth,AKR1C2,Target,Target-Cell_growth
Cell_growth,STC1,Target,Target-Cell_growth
Cell_growth,CD46,Target,Target-Cell_growth
Cell_growth,GALNT3,Target,Target-Cell_growth
Cell_growth,EDIL3,Target,Target-Cell_growth
Cell_growth,LTK,Target,Target-Cell_growth
Cell_growth,DEFB131A,Target,Target-Cell_growth
Cell_growth,CD1B,Target,Target-Cell_growth
Cell_growth,LILRA5,Target,Target-Cell_growth
Cell_growth,OBSL1,Target,Target-Cell_growth
Cell_growth,RRAS2,Target,Target-Cell_growth
Cell_growth,DYNC1H1,Target,Target-Cell_growth
Cell_growth,RAC2,Target,Target-Cell_growth
Cell_growth,MLEC,Target,Target-Cell_growth
Cell_growth,SAFB2,Target,Target-Cell_growth
Cell_growth,ACTC1,Target,Target-Cell_growth
Cell_growth,C16orf89,Target,Target-Cell_growth
Cell_growth,RPN1,Target,Target-Cell_growth
Cell_growth,HRNR,Target,Target-Cell_growth
Cell_growth,HSD17B4,Target,Target-Cell_growth
Cell_growth,SYNE2,Target,Target-Cell_growth
Cell_growth,B2M,Target,Target-Cell_growth
Cell_growth,MFGE8,Target,Target-Cell_growth
Cell_growth,KRT80,Target,Target-Cell_growth
Cell_growth,TAX1BP1,Target,Target-Cell_growth
Cell_growth,ALYREF,Target,Target-Cell_growth
Cell_growth,LAMA5,Target,Target-Cell_growth
Cell_growth,STX3,Target,Target-Cell_growth
Cell_growth,ANGPT2,Target,Target-Cell_growth
Cell_growth,HNRNPC,Target,Target-Cell_growth
Cell_growth,GOLGA4,Target,Target-Cell_growth
Cell_growth,PLD1,Target,Target-Cell_growth
Cell_growth,MTMR11,Target,Target-Cell_growth
Cell_growth,AFDN,Target,Target-Cell_growth
Cell_growth,SND1,Target,Target-Cell_growth
Cell_growth,IL1B,Target,Target-Cell_growth
Cell_growth,IL1A,Target,Target-Cell_growth
Cell_growth,IFNG,Target,Target-Cell_growth
Cell_growth,RBMX,Target,Target-Cell_growth
Cell_growth,CLDN5,Target,Target-Cell_growth
Cell_growth,ANGPT1,Target,Target-Cell_growth
Cell_growth,DEFB104A,Target,Target-Cell_growth
Cell_growth,ITGB5,Target,Target-Cell_growth
Cell_growth,IQCB1,Target,Target-Cell_growth
Cell_growth,TNFRSF10A,Target,Target-Cell_growth
Cell_growth,PECAM1,Target,Target-Cell_growth
Cell_growth,ANXA6,Target,Target-Cell_growth
Cell_growth,IBSP,Target,Target-Cell_growth
Cell_growth,ANXA5,Target,Target-Cell_growth
Cell_growth,NEBL,Target,Target-Cell_growth
Cell_growth,TMOD1,Target,Target-Cell_growth
Cell_growth,RSL1D1,Target,Target-Cell_growth
Cell_growth,C3,Target,Target-Cell_growth
Cell_growth,A2M,Target,Target-Cell_growth
Cell_growth,HDAC4,Target,Target-Cell_growth
Cell_growth,CDKL1,Target,Target-Cell_growth
Cell_growth,PEX1,Target,Target-Cell_growth
Cell_growth,GREB1,Target,Target-Cell_growth
Cell_growth,MST1R,Target,Target-Cell_growth
Cell_growth,KRT9,Target,Target-Cell_growth
Cell_growth,LTBP2,Target,Target-Cell_growth
Cell_growth,CD40,Target,Target-Cell_growth
Cell_growth,CYP2J2,Target,Target-Cell_growth
Cell_growth,NUDT6,Target,Target-Cell_growth
Cell_growth,COL18A1,Target,Target-Cell_growth
Cell_growth,DEFA3,Target,Target-Cell_growth
Cell_growth,DEFA1,Target,Target-Cell_growth
Cell_growth,GLRX,Target,Target-Cell_growth
Cell_growth,PGK1,Target,Target-Cell_growth
Cell_growth,RBSN,Target,Target-Cell_growth
Cell_growth,EXOSC9,Target,Target-Cell_growth
Cell_growth,CAPG,Target,Target-Cell_growth
Cell_growth,CARD11,Target,Target-Cell_growth
Cell_growth,RETNLB,Target,Target-Cell_growth
Cell_growth,NCR3,Target,Target-Cell_growth
Cell_growth,HSPA1A,Target,Target-Cell_growth
Cell_growth,HSPA1B,Target,Target-Cell_growth
Cell_growth,TEK,Target,Target-Cell_growth
Cell_growth,APOE,Target,Target-Cell_growth
Cell_growth,APOA1,Target,Target-Cell_growth
Cell_growth,RAPGEF6,Target,Target-Cell_growth
Cell_growth,ITGA3,Target,Target-Cell_growth
Cell_growth,GTPBP4,Target,Target-Cell_growth
Cell_growth,PTGFR,Target,Target-Cell_growth
Cell_growth,RIMS2,Target,Target-Cell_growth
Cell_growth,TNIK,Target,Target-Cell_growth
Cell_growth,ZNF804A,Target,Target-Cell_growth
Cell_growth,CD80,Target,Target-Cell_growth
Cell_growth,DNAJC13,Target,Target-Cell_growth
Cell_growth,COL26A1,Target,Target-Cell_growth
Cell_growth,STMN2,Target,Target-Cell_growth
Cell_growth,IER3IP1,Target,Target-Cell_growth
Cell_growth,OTX2,Target,Target-Cell_growth
Cell_growth,LRRTM1,Target,Target-Cell_growth
Cell_growth,SETX,Target,Target-Cell_growth
Cell_growth,KLRF1,Target,Target-Cell_growth
Cell_growth,GSDMB,Target,Target-Cell_growth
Cell_growth,DEFA4,Target,Target-Cell_growth
Cell_growth,CXCL12,Target,Target-Cell_growth
Cell_growth,ALDH3B1,Target,Target-Cell_growth
Cell_growth,SMOC2,Target,Target-Cell_growth
Cell_growth,TSPAN4,Target,Target-Cell_growth
Cell_growth,CAVIN2,Target,Target-Cell_growth
Cell_growth,RASIP1,Target,Target-Cell_growth
Cell_growth,EPPIN,Target,Target-Cell_growth
Cell_growth,CASC2,Target,Target-Cell_growth
Cell_growth,NLRP7,Target,Target-Cell_growth
Cell_growth,MUC4,Target,Target-Cell_growth
Cell_growth,NECTIN2,Target,Target-Cell_growth
Cell_growth,CLIC1,Target,Target-Cell_growth
Cell_growth,ADTRP,Target,Target-Cell_growth
Cell_growth,HEG1,Target,Target-Cell_growth
Cell_growth,XDH,Target,Target-Cell_growth
Cell_growth,GPRC5C,Target,Target-Cell_growth
Cell_growth,PBLD,Target,Target-Cell_growth
Cell_growth,CALM3,Target,Target-Cell_growth
Cell_growth,GSTP1,Target,Target-Cell_growth
Cell_growth,RAB15,Target,Target-Cell_growth
Cell_growth,SERPINH1,Target,Target-Cell_growth
Cell_growth,DUOX2,Target,Target-Cell_growth
Cell_growth,CAPS,Target,Target-Cell_growth
Cell_growth,UNC13D,Target,Target-Cell_growth
Cell_growth,MME,Target,Target-Cell_growth
Cell_growth,DUOXA2,Target,Target-Cell_growth
Cell_growth,MT1F,Target,Target-Cell_growth
Cell_growth,MT1E,Target,Target-Cell_growth
Cell_growth,YWHAZ,Target,Target-Cell_growth
Cell_growth,ERLIN2,Target,Target-Cell_growth
Cell_growth,AMN,Target,Target-Cell_growth
Cell_growth,SERPINB3,Target,Target-Cell_growth
Cell_growth,TUBA1C,Target,Target-Cell_growth
Cell_growth,HAS3,Target,Target-Cell_growth
Cell_growth,APBB2,Target,Target-Cell_growth
Cell_growth,MUC16,Target,Target-Cell_growth
Cell_growth,TAGLN2,Target,Target-Cell_growth
Cell_growth,STRAP,Target,Target-Cell_growth
Cell_growth,MT1X,Target,Target-Cell_growth
Cell_growth,JAK1,Target,Target-Cell_growth
Cell_growth,IKBKE,Target,Target-Cell_growth
Cell_growth,FGF14,Target,Target-Cell_growth
Cell_growth,FGF19,Target,Target-Cell_growth
Cell_growth,FGF9,Target,Target-Cell_growth
Cell_growth,FGF17,Target,Target-Cell_growth
Cell_growth,DIPK2A,Target,Target-Cell_growth
Cell_growth,KIF21A,Target,Target-Cell_growth
Cell_growth,ING5,Target,Target-Cell_growth
Cell_growth,MT1G,Target,Target-Cell_growth
Cell_growth,CLEC11A,Target,Target-Cell_growth
Cell_growth,API5,Target,Target-Cell_growth
Cell_growth,NRP1,Target,Target-Cell_growth
Cell_growth,IL11,Target,Target-Cell_growth
Cell_growth,GHR,Target,Target-Cell_growth
Cell_growth,ARTN,Target,Target-Cell_growth
Cell_growth,PSPN,Target,Target-Cell_growth
Cell_growth,FLT4,Target,Target-Cell_growth
Cell_growth,FGFR3,Target,Target-Cell_growth
Cell_growth,TRIM16,Target,Target-Cell_growth
Cell_growth,KLB,Target,Target-Cell_growth
Cell_growth,ALOX15B,Target,Target-Cell_growth
Cell_growth,LACRT,Target,Target-Cell_growth
Cell_growth,BNIPL,Target,Target-Cell_growth
Cell_growth,FGFR4,Target,Target-Cell_growth
Cell_growth,PDCD1,Target,Target-Cell_growth
Cell_growth,KLHL22,Target,Target-Cell_growth
Cell_growth,AHCY,Target,Target-Cell_growth
Cell_growth,SCAMP2,Target,Target-Cell_growth
Cell_growth,LSP1,Target,Target-Cell_growth
Cell_growth,NAMPT,Target,Target-Cell_growth
Cell_growth,STMN1,Target,Target-Cell_growth
Cell_growth,PLCG2,Target,Target-Cell_growth
Cell_growth,CAND1,Target,Target-Cell_growth
Cell_growth,NEDD8,Target,Target-Cell_growth
Cell_growth,ACLY,Target,Target-Cell_growth
Cell_growth,SSR4,Target,Target-Cell_growth
Cell_growth,CD79B,Target,Target-Cell_growth
Cell_growth,CHMP4B,Target,Target-Cell_growth
Cell_growth,CCT6A,Target,Target-Cell_growth
Cell_growth,PSMA7,Target,Target-Cell_growth
Cell_growth,WARS1,Target,Target-Cell_growth
Cell_growth,ABCC1,Target,Target-Cell_growth
Cell_growth,SUB1,Target,Target-Cell_growth
Cell_growth,IST1,Target,Target-Cell_growth
Cell_growth,H3-3A,Target,Target-Cell_growth
Cell_growth,SRI,Target,Target-Cell_growth
Cell_growth,RAB1B,Target,Target-Cell_growth
Cell_growth,CR2,Target,Target-Cell_growth
Cell_growth,H2BC9,Target,Target-Cell_growth
Cell_growth,CD101,Target,Target-Cell_growth
Cell_growth,EHD4,Target,Target-Cell_growth
Cell_growth,WASF2,Target,Target-Cell_growth
Cell_growth,CD22,Target,Target-Cell_growth
Cell_growth,CYFIP2,Target,Target-Cell_growth
Cell_growth,PEF1,Target,Target-Cell_growth
Cell_growth,ANXA11,Target,Target-Cell_growth
Cell_growth,DBI,Target,Target-Cell_growth
Cell_growth,RUVBL1,Target,Target-Cell_growth
Cell_growth,GRHPR,Target,Target-Cell_growth
Cell_growth,RUVBL2,Target,Target-Cell_growth
Cell_growth,NXNL1,Target,Target-Cell_growth
Cell_growth,PSMB1,Target,Target-Cell_growth
Cell_growth,H2AC7,Target,Target-Cell_growth
Cell_growth,SLC44A1,Target,Target-Cell_growth
Cell_growth,H2BC13,Target,Target-Cell_growth
Cell_growth,H2AC14,Target,Target-Cell_growth
Cell_growth,H2BC15,Target,Target-Cell_growth
Cell_growth,GNG5,Target,Target-Cell_growth
Cell_growth,HSPH1,Target,Target-Cell_growth
Cell_growth,STXBP3,Target,Target-Cell_growth
Cell_growth,CCT7,Target,Target-Cell_growth
Cell_growth,CPNE1,Target,Target-Cell_growth
Cell_growth,INSR,Target,Target-Cell_growth
Cell_growth,BLVRA,Target,Target-Cell_growth
Cell_growth,ANP32B,Target,Target-Cell_growth
Cell_growth,DOCK2,Target,Target-Cell_growth
Cell_growth,SCARB1,Target,Target-Cell_growth
Cell_growth,PTBP1,Target,Target-Cell_growth
Cell_growth,PCBP1,Target,Target-Cell_growth
Cell_growth,PSMB9,Target,Target-Cell_growth
Cell_growth,PSMB6,Target,Target-Cell_growth
Cell_growth,SERBP1,Target,Target-Cell_growth
Cell_growth,VAMP5,Target,Target-Cell_growth
Cell_growth,CSNK2B,Target,Target-Cell_growth
Cell_growth,CD82,Target,Target-Cell_growth
Cell_growth,CNDP2,Target,Target-Cell_growth
Cell_growth,PDCD5,Target,Target-Cell_growth
Cell_growth,APEH,Target,Target-Cell_growth
Cell_growth,LCP1,Target,Target-Cell_growth
Cell_growth,CPNE3,Target,Target-Cell_growth
Cell_growth,YWHAQ,Target,Target-Cell_growth
Cell_growth,CLIC4,Target,Target-Cell_growth
Cell_growth,PSAT1,Target,Target-Cell_growth
Cell_growth,HLA-C,Target,Target-Cell_growth
Cell_growth,H2AC20,Target,Target-Cell_growth
Cell_growth,SVIP,Target,Target-Cell_growth
Cell_growth,GOT1,Target,Target-Cell_growth
Cell_growth,H3-4,Target,Target-Cell_growth
Cell_growth,HPRT1,Target,Target-Cell_growth
Cell_growth,FAM234A,Target,Target-Cell_growth
Cell_growth,CCT4,Target,Target-Cell_growth
Cell_growth,UGP2,Target,Target-Cell_growth
Cell_growth,H2AC12,Target,Target-Cell_growth
Cell_growth,ARPC5,Target,Target-Cell_growth
Cell_growth,RAB5C,Target,Target-Cell_growth
Cell_growth,AKR1A1,Target,Target-Cell_growth
Cell_growth,HLA-E,Target,Target-Cell_growth
Cell_growth,SCAMP3,Target,Target-Cell_growth
Cell_growth,TUBA4A,Target,Target-Cell_growth
Cell_growth,NCL,Target,Target-Cell_growth
Cell_growth,TYK2,Target,Target-Cell_growth
Cell_growth,RP2,Target,Target-Cell_growth
Cell_growth,ANXA7,Target,Target-Cell_growth
Cell_growth,ITIH2,Target,Target-Cell_growth
Cell_growth,ANXA4,Target,Target-Cell_growth
Cell_growth,TMED9,Target,Target-Cell_growth
Cell_growth,MBLAC2,Target,Target-Cell_growth
Cell_growth,NCR3LG1,Target,Target-Cell_growth
Cell_growth,PFKP,Target,Target-Cell_growth
Cell_growth,CRYZ,Target,Target-Cell_growth
Cell_growth,CAP1,Target,Target-Cell_growth
Cell_growth,GGT1,Target,Target-Cell_growth
Cell_growth,PGD,Target,Target-Cell_growth
Cell_growth,RFTN1,Target,Target-Cell_growth
Cell_growth,RPLP0,Target,Target-Cell_growth
Cell_growth,RPLP2,Target,Target-Cell_growth
Cell_growth,EEF1A1P5,Target,Target-Cell_growth
Cell_growth,COTL1,Target,Target-Cell_growth
Cell_growth,CHMP1B,Target,Target-Cell_growth
Cell_growth,LY75,Target,Target-Cell_growth
Cell_growth,NPEPPS,Target,Target-Cell_growth
Cell_growth,GART,Target,Target-Cell_growth
Cell_growth,PSMA3,Target,Target-Cell_growth
Cell_growth,EPB41L2,Target,Target-Cell_growth
Cell_growth,YWHAE,Target,Target-Cell_growth
Cell_growth,PPP1CA,Target,Target-Cell_growth
Cell_growth,HINT1,Target,Target-Cell_growth
Cell_growth,PSMB2,Target,Target-Cell_growth
Cell_growth,PSMB3,Target,Target-Cell_growth
Cell_growth,ARPC4,Target,Target-Cell_growth
Cell_growth,AARS1,Target,Target-Cell_growth
Cell_growth,UBA1,Target,Target-Cell_growth
Cell_growth,GNG2,Target,Target-Cell_growth
Cell_growth,WAS,Target,Target-Cell_growth
Cell_growth,PAICS,Target,Target-Cell_growth
Cell_growth,HBA1,Target,Target-Cell_growth
Cell_growth,RPL10A,Target,Target-Cell_growth
Cell_growth,SSBP1,Target,Target-Cell_growth
Cell_growth,H2BC10,Target,Target-Cell_growth
Cell_growth,H4C1,Target,Target-Cell_growth
Cell_growth,MARCKSL1,Target,Target-Cell_growth
Cell_growth,H2AC11,Target,Target-Cell_growth
Cell_growth,ARHGDIB,Target,Target-Cell_growth
Cell_growth,NRAS,Target,Target-Cell_growth
Cell_growth,H2AC18,Target,Target-Cell_growth
Cell_growth,AKR1B1,Target,Target-Cell_growth
Cell_growth,IMPDH2,Target,Target-Cell_growth
Cell_growth,RAP1B,Target,Target-Cell_growth
Cell_growth,HNRNPK,Target,Target-Cell_growth
Cell_growth,H2BC14,Target,Target-Cell_growth
Cell_growth,RASAL3,Target,Target-Cell_growth
Cell_growth,PSMD7,Target,Target-Cell_growth
Cell_growth,CPNE8,Target,Target-Cell_growth
Cell_growth,RPL26L1,Target,Target-Cell_growth
Cell_growth,PFKL,Target,Target-Cell_growth
Cell_growth,H3C1,Target,Target-Cell_growth
Cell_growth,DARS1,Target,Target-Cell_growth
Cell_growth,EIF2S3,Target,Target-Cell_growth
Cell_growth,NACA,Target,Target-Cell_growth
Cell_growth,CACYBP,Target,Target-Cell_growth
Cell_growth,GSTO1,Target,Target-Cell_growth
Cell_growth,UBE2N,Target,Target-Cell_growth
Cell_growth,RAB5B,Target,Target-Cell_growth
Cell_growth,ARPC3,Target,Target-Cell_growth
Cell_growth,ARPC2,Target,Target-Cell_growth
Cell_growth,ARPC1B,Target,Target-Cell_growth
Cell_growth,DPP3,Target,Target-Cell_growth
Cell_growth,EPHB1,Target,Target-Cell_growth
Cell_growth,CHMP5,Target,Target-Cell_growth
Cell_growth,ARF3,Target,Target-Cell_growth
Cell_growth,PALS2,Target,Target-Cell_growth
Cell_growth,UBE2V1,Target,Target-Cell_growth
Cell_growth,SHMT2,Target,Target-Cell_growth
Cell_growth,ACTR2,Target,Target-Cell_growth
Cell_growth,LAT2,Target,Target-Cell_growth
Cell_growth,PFAS,Target,Target-Cell_growth
Cell_growth,LAP3,Target,Target-Cell_growth
Cell_growth,NCKAP1L,Target,Target-Cell_growth
Cell_growth,GOLGA7,Target,Target-Cell_growth
Cell_growth,IGHA1,Target,Target-Cell_growth
Cell_growth,MELTF,Target,Target-Cell_growth
Cell_growth,ST13P4,Target,Target-Cell_growth
Cell_growth,YWHAB,Target,Target-Cell_growth
Cell_growth,ATIC,Target,Target-Cell_growth
Cell_growth,POMC,Target,Target-Cell_growth
Cell_growth,ARF4,Target,Target-Cell_growth
Cell_growth,DNAJA1,Target,Target-Cell_growth
Cell_growth,H2BC5,Target,Target-Cell_growth
Cell_growth,PSMB4,Target,Target-Cell_growth
Cell_growth,PSMA5,Target,Target-Cell_growth
Cell_growth,PSMB8,Target,Target-Cell_growth
Cell_growth,GCA,Target,Target-Cell_growth
Cell_growth,MOB1B,Target,Target-Cell_growth
Cell_growth,APRT,Target,Target-Cell_growth
Cell_growth,TMC6,Target,Target-Cell_growth
Cell_growth,MTHFD1,Target,Target-Cell_growth
Cell_growth,ARPC5L,Target,Target-Cell_growth
Cell_growth,CD48,Target,Target-Cell_growth
Cell_growth,PIM1,Target,Target-Cell_growth
Cell_growth,TNFAIP3,Target,Target-Cell_growth
Cell_growth,NCSTN,Target,Target-Cell_growth
Cell_growth,KPRP,Target,Target-Cell_growth
Cell_growth,TNFRSF8,Target,Target-Cell_growth
Cell_growth,MACROH2A2,Target,Target-Cell_growth
Cell_growth,YWHAH,Target,Target-Cell_growth
Cell_growth,PI4KA,Target,Target-Cell_growth
Cell_growth,ADGRE5,Target,Target-Cell_growth
Cell_growth,SH3BGRL,Target,Target-Cell_growth
Cell_growth,KPNB1,Target,Target-Cell_growth
Cell_growth,SNRPD2,Target,Target-Cell_growth
Cell_growth,CD37,Target,Target-Cell_growth
Cell_growth,CHMP2A,Target,Target-Cell_growth
Cell_growth,CAD,Target,Target-Cell_growth
Cell_growth,GFPT1,Target,Target-Cell_growth
Cell_growth,WNK3,Target,Target-Cell_growth
Cell_growth,MS4A1,Target,Target-Cell_growth
Cell_growth,H3C13,Target,Target-Cell_growth
Cell_growth,ENTPD1,Target,Target-Cell_growth
Cell_growth,CA4,Target,Target-Cell_growth
Cell_growth,GNG7,Target,Target-Cell_growth
Cell_growth,ICAM3,Target,Target-Cell_growth
Cell_growth,MYL12A,Target,Target-Cell_growth
Cell_growth,EIF4A1,Target,Target-Cell_growth
Cell_growth,LIN7A,Target,Target-Cell_growth
Cell_growth,VASP,Target,Target-Cell_growth
Cell_growth,RPL12,Target,Target-Cell_growth
Cell_growth,PRDX6,Target,Target-Cell_growth
Cell_growth,ST13,Target,Target-Cell_growth
Cell_growth,H2AJ,Target,Target-Cell_growth
Cell_growth,ALDOC,Target,Target-Cell_growth
Cell_growth,TMC8,Target,Target-Cell_growth
Cell_growth,SLC1A5,Target,Target-Cell_growth
Cell_growth,SLC1A4,Target,Target-Cell_growth
Cell_growth,MOB1A,Target,Target-Cell_growth
Cell_growth,FH,Target,Target-Cell_growth
Cell_growth,CHMP6,Target,Target-Cell_growth
Cell_growth,RNH1,Target,Target-Cell_growth
Cell_growth,PILRA,Target,Target-Cell_growth
Cell_growth,PSME1,Target,Target-Cell_growth
Cell_growth,HNRNPA1,Target,Target-Cell_growth
Cell_growth,OLA1,Target,Target-Cell_growth
Cell_growth,SLAMF6,Target,Target-Cell_growth
Cell_growth,FCER2,Target,Target-Cell_growth
Cell_growth,SLC44A2,Target,Target-Cell_growth
Cell_growth,H2BC18,Target,Target-Cell_growth
Cell_growth,RHOG,Target,Target-Cell_growth
Cell_growth,SYT2,Target,Target-Cell_growth
Cell_growth,SYT17,Target,Target-Cell_growth
Cell_growth,CPNE5,Target,Target-Cell_growth
Cell_growth,SMURF1,Target,Target-Cell_growth
Cell_growth,ITSN2,Target,Target-Cell_growth
Cell_growth,CPNE9,Target,Target-Cell_growth
Cell_growth,SYT3,Target,Target-Cell_growth
Cell_growth,RASAL1,Target,Target-Cell_growth
Cell_growth,CEACAM6,Target,Target-Cell_growth
Cell_growth,ITFG1,Target,Target-Cell_growth
Cell_growth,HCFC2,Target,Target-Cell_growth
Cell_growth,ICOS,Target,Target-Cell_growth
Cell_growth,CD7,Target,Target-Cell_growth
Cell_growth,CEACAM7,Target,Target-Cell_growth
Cell_growth,AVEN,Target,Target-Cell_growth
Cell_growth,CEACAM8,Target,Target-Cell_growth
Cell_growth,PSCA,Target,Target-Cell_growth
Cell_growth,CEACAM4,Target,Target-Cell_growth
Cell_growth,CEACAM5,Target,Target-Cell_growth
Cell_growth,ING2,Target,Target-Cell_growth
Cell_growth,AREG,Target,Target-Cell_growth
Cell_growth,VEGFC,Target,Target-Cell_growth
Cell_growth,VEGFB,Target,Target-Cell_growth
Cell_growth,VEGFD,Target,Target-Cell_growth
Cell_growth,PDGFC,Target,Target-Cell_growth
Cell_growth,ING3,Target,Target-Cell_growth
Cell_growth,ING1,Target,Target-Cell_growth
Cell_growth,PTEN,Target,Target-Cell_growth
Cell_growth,GDF9,Target,Target-Cell_growth
Cell_growth,GDF3,Target,Target-Cell_growth
Cell_growth,HGF,Target,Target-Cell_growth
Cell_growth,GDF10,Target,Target-Cell_growth
Cell_growth,TBX5,Target,Target-Cell_growth
Cell_growth,ARMC10,Target,Target-Cell_growth
Cell_growth,GLMN,Target,Target-Cell_growth
Cell_growth,TGFBR2,Target,Target-Cell_growth
Cell_growth,ACVRL1,Target,Target-Cell_growth
Cell_growth,EFEMP1,Target,Target-Cell_growth
Cell_growth,LTBP3,Target,Target-Cell_growth
Cell_growth,SNX1,Target,Target-Cell_growth
Cell_growth,SNX2,Target,Target-Cell_growth
Cell_growth,RAPGEF1,Target,Target-Cell_growth
Cell_growth,WFIKKN1,Target,Target-Cell_growth
Cell_growth,FBXW7-AS1,Target,Target-Cell_growth
Cell_growth,WFIKKN2,Target,Target-Cell_growth
Cell_growth,IGF1R,Target,Target-Cell_growth
Cell_growth,IL6R,Target,Target-Cell_growth
Cell_growth,VASN,Target,Target-Cell_growth
Cell_growth,FAM83B,Target,Target-Cell_growth
Cell_growth,CCR5,Target,Target-Cell_growth
Cell_growth,ACKR2,Target,Target-Cell_growth
Cell_growth,ACKR4,Target,Target-Cell_growth
Cell_growth,ACKR3,Target,Target-Cell_growth
Cell_growth,CXCR1,Target,Target-Cell_growth
Cell_growth,CXCR3,Target,Target-Cell_growth
Cell_growth,EPHX2,Target,Target-Cell_growth
Cell_growth,CD274,Target,Target-Cell_growth
Cell_growth,CD6,Target,Target-Cell_growth
Cell_growth,CD244,Target,Target-Cell_growth
Cell_growth,ESAM,Target,Target-Cell_growth
Cell_growth,CD33,Target,Target-Cell_growth
Cell_growth,PDCD2,Target,Target-Cell_growth
Cell_growth,CNMD,Target,Target-Cell_growth
Cell_growth,AAMP,Target,Target-Cell_growth
Cell_growth,VCAM1,Target,Target-Cell_growth
Cell_growth,CD1C,Target,Target-Cell_growth
Cell_growth,RAD17,Target,Target-Cell_growth
Cell_growth,MNDA,Target,Target-Cell_growth
Cell_growth,CD5,Target,Target-Cell_growth
Cell_growth,CD72,Target,Target-Cell_growth
Cell_growth,LECT2,Target,Target-Cell_growth
Cell_growth,TMEM30B,Target,Target-Cell_growth
Cell_growth,ZMIZ2,Target,Target-Cell_growth
Cell_growth,PTPRK,Target,Target-Cell_growth
Cell_growth,PIAS2,Target,Target-Cell_growth
Cell_growth,ZMIZ1,Target,Target-Cell_growth
Cell_growth,EP300,Target,Target-Cell_growth
Cell_growth,ALK,Target,Target-Cell_growth
Cell_growth,TELO2,Target,Target-Cell_growth
Cell_growth,CLEC2B,Target,Target-Cell_growth
Cell_growth,IFNAR2,Target,Target-Cell_growth
Cell_growth,ADAM19,Target,Target-Cell_growth
Cell_growth,DUSP22,Target,Target-Cell_growth
Cell_growth,SH2D1A,Target,Target-Cell_growth
Cell_growth,BTRC,Target,Target-Cell_growth
Cell_growth,ALKAL2,Target,Target-Cell_growth
Cell_growth,NECTIN4,Target,Target-Cell_growth
Cell_growth,IGFBP5,Target,Target-Cell_growth
Cell_growth,FUBP3,Target,Target-Cell_growth
Cell_growth,TMEFF1,Target,Target-Cell_growth
Cell_growth,FBLN1,Target,Target-Cell_growth
Cell_growth,GHITM,Target,Target-Cell_growth
Cell_growth,MST1,Target,Target-Cell_growth
Cell_growth,IGFBP3,Target,Target-Cell_growth
Cell_growth,CCN6,Target,Target-Cell_growth
Cell_growth,ETFRF1,Target,Target-Cell_growth
Cell_growth,CCN2,Target,Target-Cell_growth
Cell_growth,IGFBP6,Target,Target-Cell_growth
Cell_growth,APBB1IP,Target,Target-Cell_growth
Cell_growth,IGFBP1,Target,Target-Cell_growth
Cell_growth,CALCA,Target,Target-Cell_growth
Cell_growth,TOR2A,Target,Target-Cell_growth
Cell_growth,PAK1,Target,Target-Cell_growth
Cell_growth,AHNAK,Target,Target-Cell_growth
Cell_growth,ANXA9,Target,Target-Cell_growth
Cell_growth,FLCN,Target,Target-Cell_growth
Cell_growth,COL13A1,Target,Target-Cell_growth
Cell_growth,KRIT1,Target,Target-Cell_growth
Cell_growth,SELP,Target,Target-Cell_growth
Cell_growth,KIRREL1,Target,Target-Cell_growth
Cell_growth,CD93,Target,Target-Cell_growth
Cell_growth,RPGRIP1L,Target,Target-Cell_growth
Cell_growth,NPHP4,Target,Target-Cell_growth
Cell_growth,SDCCAG8,Target,Target-Cell_growth
Cell_growth,APOLD1,Target,Target-Cell_growth
Cell_growth,PLEKHG4B,Target,Target-Cell_growth
Cell_growth,CDH24,Target,Target-Cell_growth
Cell_growth,PTK7,Target,Target-Cell_growth
Cell_growth,STAB1,Target,Target-Cell_growth
Cell_growth,PTPRM,Target,Target-Cell_growth
Cell_growth,BAIAP2L2,Target,Target-Cell_growth
Cell_growth,FAT1,Target,Target-Cell_growth
Cell_growth,JAM3,Target,Target-Cell_growth
Cell_growth,PKP4,Target,Target-Cell_growth
Cell_growth,TRIM33,Target,Target-Cell_growth
Cell_growth,IL17F,Target,Target-Cell_growth
Cell_growth,LYL1,Target,Target-Cell_growth
Cell_growth,ZFHX3,Target,Target-Cell_growth
Cell_growth,IRS2,Target,Target-Cell_growth
Cell_growth,SOCS1,Target,Target-Cell_growth
Cell_growth,GAREM1,Target,Target-Cell_growth
Cell_growth,SMAD4,Target,Target-Cell_growth
Cell_growth,ERBB2,Target,Target-Cell_growth
Cell_growth,RUNX3,Target,Target-Cell_growth
Cell_growth,FAM83A,Target,Target-Cell_growth
Cell_growth,SLC30A10,Target,Target-Cell_growth
Cell_growth,ELMOD1,Target,Target-Cell_growth
Cell_growth,ELMO3,Target,Target-Cell_growth
Cell_growth,GMCL2,Target,Target-Cell_growth
Cell_growth,CDC27,Target,Target-Cell_growth
Cell_growth,CDC23,Target,Target-Cell_growth
Cell_growth,CDK7,Target,Target-Cell_growth
Cell_growth,CDK10,Target,Target-Cell_growth
Cell_growth,CDK20,Target,Target-Cell_growth
Cell_growth,DFFA,Target,Target-Cell_growth
Cell_growth,ELMOD2,Target,Target-Cell_growth
Cell_growth,ELMOD3,Target,Target-Cell_growth
Cell_growth,CDK14,Target,Target-Cell_growth
Cell_growth,BTG1,Target,Target-Cell_growth
Cell_growth,PRP4K,Target,Target-Cell_growth
Cell_growth,CDC16,Target,Target-Cell_growth
Cell_growth,CDK15,Target,Target-Cell_growth
Cell_growth,ELMO2,Target,Target-Cell_growth
Cell_growth,CDKL5,Target,Target-Cell_growth
Cell_growth,CDK6,Target,Target-Cell_growth
Cell_growth,ANAPC7,Target,Target-Cell_growth
Cell_growth,BTG2,Target,Target-Cell_growth
Cell_growth,CHL1,Target,Target-Cell_growth
Cell_growth,KIR2DL4,Target,Target-Cell_growth
Cell_growth,BANK1,Target,Target-Cell_growth
Cell_growth,TCTA,Target,Target-Cell_growth
Cell_growth,TRAV27,Target,Target-Cell_growth
Cell_growth,MCTS1,Target,Target-Cell_growth
Cell_growth,CDIP1,Target,Target-Cell_growth
Cell_growth,CD247,Target,Target-Cell_growth
Cell_growth,CDCA7L,Target,Target-Cell_growth
Cell_growth,CDC45,Target,Target-Cell_growth
Cell_growth,PDCD2L,Target,Target-Cell_growth
Cell_growth,RAD9B,Target,Target-Cell_growth
Cell_growth,KIR2DS1,Target,Target-Cell_growth
Cell_growth,KIR2DS5,Target,Target-Cell_growth
Cell_growth,LLGL2,Target,Target-Cell_growth
Cell_growth,DELE1,Target,Target-Cell_growth
Cell_growth,MADCAM1,Target,Target-Cell_growth
Cell_growth,BCL9L,Target,Target-Cell_growth
Cell_growth,NET1,Target,Target-Cell_growth
Cell_growth,TRBV19,Target,Target-Cell_growth
Cell_growth,RAD9A,Target,Target-Cell_growth
Cell_growth,CD8A,Target,Target-Cell_growth
Cell_growth,BCAP31,Target,Target-Cell_growth
Cell_growth,PTCRA,Target,Target-Cell_growth
Cell_growth,CD28,Target,Target-Cell_growth
Cell_growth,KIR2DS4,Target,Target-Cell_growth
Cell_growth,KIR2DS2,Target,Target-Cell_growth
Cell_growth,KIR3DL2,Target,Target-Cell_growth
Cell_growth,KIR2DL3,Target,Target-Cell_growth
Cell_growth,KIR2DL1,Target,Target-Cell_growth
Cell_growth,CD3G,Target,Target-Cell_growth
Cell_growth,SMAD6,Target,Target-Cell_growth
Cell_growth,FAM83G,Target,Target-Cell_growth
Cell_growth,TMEM102,Target,Target-Cell_growth
Cell_growth,LILRB2,Target,Target-Cell_growth
Cell_growth,AGGF1,Target,Target-Cell_growth
Cell_growth,CX3CL1,Target,Target-Cell_growth
Cell_growth,NLGN4X,Target,Target-Cell_growth
Cell_growth,GJD3,Target,Target-Cell_growth
Cell_growth,PPFIBP1,Target,Target-Cell_growth
Cell_growth,ARFIP2,Target,Target-Cell_growth
Cell_growth,TIGIT,Target,Target-Cell_growth
Cell_growth,VTN,Target,Target-Cell_growth
Cell_growth,GPR37,Target,Target-Cell_growth
Cell_growth,IL15RA,Target,Target-Cell_growth
Cell_growth,SMIM1,Target,Target-Cell_growth
Cell_growth,CD109,Target,Target-Cell_growth
Cell_growth,ZG16B,Target,Target-Cell_growth
Cell_growth,CLMP,Target,Target-Cell_growth
Cell_growth,PTPRT,Target,Target-Cell_growth
Cell_growth,IGSF3,Target,Target-Cell_growth
Cell_growth,LMO7,Target,Target-Cell_growth
Cell_growth,ADGRG2,Target,Target-Cell_growth
Cell_growth,CYP2W1,Target,Target-Cell_growth
Cell_growth,ERMN,Target,Target-Cell_growth
Cell_growth,NOTCH4,Target,Target-Cell_growth
Cell_growth,SCUBE1,Target,Target-Cell_growth
Cell_growth,PCSK9,Target,Target-Cell_growth
Cell_growth,HOXB9,Target,Target-Cell_growth
Cell_growth,AVL9,Target,Target-Cell_growth
Cell_growth,F3,Target,Target-Cell_growth
Cell_growth,EID1,Target,Target-Cell_growth
Cell_growth,GPC6,Target,Target-Cell_growth
Cell_growth,CLEC2D,Target,Target-Cell_growth
Cell_growth,PLXNB3,Target,Target-Cell_growth
Cell_growth,IGFBP7,Target,Target-Cell_growth
Cell_growth,LILRB4,Target,Target-Cell_growth
Cell_growth,P2RY1,Target,Target-Cell_growth
Cell_growth,AOC3,Target,Target-Cell_growth
Cell_growth,SPINK5,Target,Target-Cell_growth
Cell_growth,FAM83D,Target,Target-Cell_growth
Cell_growth,TPBG,Target,Target-Cell_growth
Cell_growth,ITGA8,Target,Target-Cell_growth
Cell_growth,USP14,Target,Target-Cell_growth
Cell_growth,PTK6,Target,Target-Cell_growth
Cell_growth,LPAR2,Target,Target-Cell_growth
Cell_growth,TREML2,Target,Target-Cell_growth
Cell_growth,FAM110C,Target,Target-Cell_growth
Cell_growth,TNFRSF1A,Target,Target-Cell_growth
Cell_growth,FCRL5,Target,Target-Cell_growth
Cell_growth,MAP1S,Target,Target-Cell_growth
Cell_growth,KANK1,Target,Target-Cell_growth
Cell_growth,EFNB2,Target,Target-Cell_growth
Cell_growth,SLC26A9,Target,Target-Cell_growth
Cell_growth,CD24,Target,Target-Cell_growth
Cell_growth,IL23R,Target,Target-Cell_growth
Cell_growth,FOLR1,Target,Target-Cell_growth
Cell_growth,GLDN,Target,Target-Cell_growth
Cell_growth,FCER1A,Target,Target-Cell_growth
Cell_growth,NARS1,Target,Target-Cell_growth
Cell_growth,RASGEF1A,Target,Target-Cell_growth
Cell_growth,CEP85,Target,Target-Cell_growth
Cell_growth,IQGAP2,Target,Target-Cell_growth
Cell_growth,VWF,Target,Target-Cell_growth
Cell_growth,C2CD5,Target,Target-Cell_growth
Cell_growth,GPSM1,Target,Target-Cell_growth
Cell_growth,DUOX1,Target,Target-Cell_growth
Cell_growth,ANLN,Target,Target-Cell_growth
Cell_growth,FCRL1,Target,Target-Cell_growth
Cell_growth,FCRL2,Target,Target-Cell_growth
Cell_growth,PROCR,Target,Target-Cell_growth
Cell_growth,APMAP,Target,Target-Cell_growth
Cell_growth,GP6,Target,Target-Cell_growth
Cell_growth,PPFIA1,Target,Target-Cell_growth
Cell_growth,FCRL4,Target,Target-Cell_growth
Cell_growth,IL2RB,Target,Target-Cell_growth
Cell_growth,IL21,Target,Target-Cell_growth
Cell_growth,RC3H2,Target,Target-Cell_growth
Cell_growth,LAPTM4B,Target,Target-Cell_growth
Cell_growth,CLDND1,Target,Target-Cell_growth
Cell_growth,SLC7A11,Target,Target-Cell_growth
Cell_growth,PACC1,Target,Target-Cell_growth
Cell_growth,MYO9B,Target,Target-Cell_growth
Cell_growth,ADAM15,Target,Target-Cell_growth
Cell_growth,CPM,Target,Target-Cell_growth
Cell_growth,NLGN3,Target,Target-Cell_growth
Cell_growth,IRAK4,Target,Target-Cell_growth
Cell_growth,ELANE,Target,Target-Cell_growth
Cell_growth,PTGFRN,Target,Target-Cell_growth
Cell_growth,ITGA2B,Target,Target-Cell_growth
Cell_growth,C9,Target,Target-Cell_growth
Cell_growth,TF,Target,Target-Cell_growth
Cell_growth,PRLR,Target,Target-Cell_growth
Cell_growth,SCUBE3,Target,Target-Cell_growth
Cell_growth,SLIT2,Target,Target-Cell_growth
Cell_growth,HLA-DMA,Target,Target-Cell_growth
Cell_growth,AMOT,Target,Target-Cell_growth
Cell_growth,TLR2,Target,Target-Cell_growth
Cell_growth,MAEA,Target,Target-Cell_growth
Cell_growth,IL2RG,Target,Target-Cell_growth
Cell_growth,SPTB,Target,Target-Cell_growth
Cell_growth,IGF2R,Target,Target-Cell_growth
Cell_growth,DSG2,Target,Target-Cell_growth
Cell_growth,AZGP1,Target,Target-Cell_growth
Cell_growth,COL16A1,Target,Target-Cell_growth
Cell_growth,CSPG4,Target,Target-Cell_growth
Cell_growth,P2RY12,Target,Target-Cell_growth
Cell_growth,TINAG,Target,Target-Cell_growth
Cell_growth,FERMT1,Target,Target-Cell_growth
Cell_growth,GIPC1,Target,Target-Cell_growth
Cell_growth,ADA,Target,Target-Cell_growth
Cell_growth,MICA,Target,Target-Cell_growth
Cell_growth,SHROOM4,Target,Target-Cell_growth
Cell_growth,CLEC17A,Target,Target-Cell_growth
Cell_growth,TBC1D2,Target,Target-Cell_growth
Cell_growth,PAFAH1B1,Target,Target-Cell_growth
Cell_growth,FCRL3,Target,Target-Cell_growth
Cell_growth,CAPN5,Target,Target-Cell_growth
Cell_growth,ZNF808,Target,Target-Cell_growth
Cell_growth,MPZL1,Target,Target-Cell_growth
Cell_growth,IGFL2,Target,Target-Cell_growth
Cell_growth,IGFL3,Target,Target-Cell_growth
Cell_growth,FRS2,Target,Target-Cell_growth
Cell_growth,IGFL1,Target,Target-Cell_growth
Cell_growth,TGFBR3,Target,Target-Cell_growth
Cell_growth,FIBP,Target,Target-Cell_growth
Cell_growth,TBRG1,Target,Target-Cell_growth
Cell_growth,SLIT3,Target,Target-Cell_growth
Cell_growth,SLIT1,Target,Target-Cell_growth
Cell_growth,MMRN2,Target,Target-Cell_growth
Cell_growth,LAMB3,Target,Target-Cell_growth
Cell_growth,GADD45A,Target,Target-Cell_growth
Cell_growth,GADD45B,Target,Target-Cell_growth
Cell_growth,GADD45G,Target,Target-Cell_growth
Cell_growth,IGFBPL1,Target,Target-Cell_growth
Cell_growth,EPS8L3,Target,Target-Cell_growth
Cell_growth,AMHR2,Target,Target-Cell_growth
Cell_growth,R3HCC1L,Target,Target-Cell_growth
Cell_growth,CCND3,Target,Target-Cell_growth
Cell_growth,CCND2,Target,Target-Cell_growth
Cell_growth,CDC25A,Target,Target-Cell_growth
Cell_growth,TRIM65,Target,Target-Cell_growth
Cell_growth,PVR,Target,Target-Cell_growth
Cell_growth,ZNF410,Target,Target-Cell_growth
Cell_growth,CD69,Target,Target-Cell_growth
Cell_growth,LGALS1,Target,Target-Cell_growth
Cell_growth,FUBP1,Target,Target-Cell_growth
Cell_growth,LILRA2,Target,Target-Cell_growth
Cell_growth,IGSF1,Target,Target-Cell_growth
Cell_growth,NOM1,Target,Target-Cell_growth
Cell_growth,PBXIP1,Target,Target-Cell_growth
Cell_growth,LILRB3,Target,Target-Cell_growth
Cell_growth,TRB,Target,Target-Cell_growth
Cell_growth,CENPF,Target,Target-Cell_growth
Cell_growth,A1BG,Target,Target-Cell_growth
Cell_growth,LAIR1,Target,Target-Cell_growth
Cell_growth,DTWD1,Target,Target-Cell_growth
Cell_growth,CWC25,Target,Target-Cell_growth
Cell_growth,CWC15,Target,Target-Cell_growth
Cell_growth,LILRA4,Target,Target-Cell_growth
Cell_growth,DCST1,Target,Target-Cell_growth
Cell_growth,OSCAR,Target,Target-Cell_growth
Cell_growth,ITPRIPL1,Target,Target-Cell_growth
Cell_growth,LRIT3,Target,Target-Cell_growth
Cell_growth,SEMA6C,Target,Target-Cell_growth
Cell_growth,MAPK7,Target,Target-Cell_growth
Cell_growth,MTSS2,Target,Target-Cell_growth
Cell_growth,PDPK1,Target,Target-Cell_growth
Cell_growth,LEPROT,Target,Target-Cell_growth
Cell_growth,SKI,Target,Target-Cell_growth
Cell_growth,PDE3A,Target,Target-Cell_growth
Cell_growth,LDLRAD4,Target,Target-Cell_growth
Cell_growth,WNT10A,Target,Target-Cell_growth
Cell_growth,WNT4,Target,Target-Cell_growth
Cell_growth,VEPH1,Target,Target-Cell_growth
Cell_growth,HAS1,Target,Target-Cell_growth
Cell_growth,HAS2,Target,Target-Cell_growth
Cell_growth,SOCS4,Target,Target-Cell_growth
Cell_growth,BOD1L1,Target,Target-Cell_growth
Cell_growth,PBK,Target,Target-Cell_growth
Cell_growth,TRA,Target,Target-Cell_growth
Cell_growth,KLRF2,Target,Target-Cell_growth
Cell_growth,VTCN1,Target,Target-Cell_growth
Cell_growth,LIMS2,Target,Target-Cell_growth
Cell_growth,RHEX,Target,Target-Cell_growth
Cell_growth,FSTL3,Target,Target-Cell_growth
Cell_growth,B4GALNT2,Target,Target-Cell_growth
Cell_growth,HTN1,Target,Target-Cell_growth
Cell_growth,SIRPG,Target,Target-Cell_growth
Cell_growth,CD47,Target,Target-Cell_growth
Cell_growth,PLPP3,Target,Target-Cell_growth
Cell_growth,APOA5,Target,Target-Cell_growth
Cell_growth,DNER,Target,Target-Cell_growth
Cell_growth,IGF2BP2,Target,Target-Cell_growth
Cell_growth,IGFALS,Target,Target-Cell_growth
Cell_growth,EPS15L1,Target,Target-Cell_growth
Cell_growth,TGFB1I1,Target,Target-Cell_growth
Cell_growth,AURKB,Target,Target-Cell_growth
Cell_growth,CACNA2D4,Target,Target-Cell_growth
Cell_growth,TMEM14B,Target,Target-Cell_growth
Cell_growth,H1-9P,Target,Target-Cell_growth
Cell_growth,CCL7,Target,Target-Cell_growth
Cell_growth,CLTCL1,Target,Target-Cell_growth
Cell_growth,FN3K,Target,Target-Cell_growth
Cell_growth,MGAT3,Target,Target-Cell_growth
Cell_growth,USH1G,Target,Target-Cell_growth
Cell_growth,OTUD6B,Target,Target-Cell_growth
Cell_growth,RIGI,Target,Target-Cell_growth
Cell_growth,TMIGD2,Target,Target-Cell_growth
Cell_growth,MRFAP1L2,Target,Target-Cell_growth
Cell_growth,CDC42EP2,Target,Target-Cell_growth
Cell_growth,COL7A1,Target,Target-Cell_growth
Cell_growth,ZNF324,Target,Target-Cell_growth
Cell_growth,CKLF,Target,Target-Cell_growth
Cell_growth,ANGPTL3,Target,Target-Cell_growth
Cell_growth,STK39,Target,Target-Cell_growth
Cell_growth,FCN2,Target,Target-Cell_growth
Cell_growth,SLC20A1,Target,Target-Cell_growth
Cell_growth,TNFRSF14,Target,Target-Cell_growth
Cell_growth,GBF1,Target,Target-Cell_growth
Cell_growth,CCL24,Target,Target-Cell_growth
Cell_growth,KAT6A,Target,Target-Cell_growth
Cell_growth,PRCC,Target,Target-Cell_growth
Cell_growth,LEO1,Target,Target-Cell_growth
Cell_growth,CEMP1,Target,Target-Cell_growth
Cell_growth,GSTK1,Target,Target-Cell_growth
Cell_growth,AZU1,Target,Target-Cell_growth
Cell_growth,HMGA1,Target,Target-Cell_growth
Cell_growth,SETSIP,Target,Target-Cell_growth
Cell_growth,LAMA3,Target,Target-Cell_growth
Cell_growth,TST,Target,Target-Cell_growth
Cell_growth,CDC42EP4,Target,Target-Cell_growth
Cell_growth,HHLA2,Target,Target-Cell_growth
Cell_growth,FCN3,Target,Target-Cell_growth
Cell_growth,VAV3,Target,Target-Cell_growth
Cell_growth,TAOK2,Target,Target-Cell_growth
Cell_growth,TCFL5,Target,Target-Cell_growth
Cell_growth,COL8A1,Target,Target-Cell_growth
Cell_growth,EGLN2,Target,Target-Cell_growth
Cell_growth,ACTL8,Target,Target-Cell_growth
Cell_growth,PLK3,Target,Target-Cell_growth
Cell_growth,ITGA7,Target,Target-Cell_growth
Cell_growth,SLA2,Target,Target-Cell_growth
Cell_growth,RASSF1,Target,Target-Cell_growth
Cell_growth,ENPP2,Target,Target-Cell_growth
Cell_growth,DUX4L9,Target,Target-Cell_growth
Cell_growth,ADARB1,Target,Target-Cell_growth
Cell_growth,MMP8,Target,Target-Cell_growth
Cell_growth,GPR4,Target,Target-Cell_growth
Cell_growth,BDH2,Target,Target-Cell_growth
Cell_growth,GSTA2,Target,Target-Cell_growth
Cell_growth,NCOA6,Target,Target-Cell_growth
Cell_growth,NUPR2,Target,Target-Cell_growth
Cell_growth,NQO1,Target,Target-Cell_growth
Cell_growth,PKN3,Target,Target-Cell_growth
Cell_growth,FIGNL2,Target,Target-Cell_growth
Cell_growth,TNFSF14,Target,Target-Cell_growth
Cell_growth,MLLT3,Target,Target-Cell_growth
Cell_growth,VAV2,Target,Target-Cell_growth
Cell_growth,VAV1,Target,Target-Cell_growth
Cell_growth,IL4,Target,Target-Cell_growth
Cell_growth,PPP1CB,Target,Target-Cell_growth
Cell_growth,ACADVL,Target,Target-Cell_growth
Cell_growth,COL11A1,Target,Target-Cell_growth
Cell_growth,MR1,Target,Target-Cell_growth
Cell_growth,PLXNB1,Target,Target-Cell_growth
Cell_growth,MEAK7,Target,Target-Cell_growth
Cell_growth,C4A,Target,Target-Cell_growth
Cell_growth,TFAP2A,Target,Target-Cell_growth
Cell_growth,BIRC2,Target,Target-Cell_growth
Cell_growth,HOXD3,Target,Target-Cell_growth
Cell_growth,C6orf89,Target,Target-Cell_growth
Cell_growth,CLC,Target,Target-Cell_growth
Cell_growth,HFE,Target,Target-Cell_growth
Cell_growth,CCL11,Target,Target-Cell_growth
Cell_growth,HIPK1,Target,Target-Cell_growth
Cell_growth,LGALS3,Target,Target-Cell_growth
Cell_growth,MMP15,Target,Target-Cell_growth
Cell_growth,NOX5,Target,Target-Cell_growth
Cell_growth,MMP9,Target,Target-Cell_growth
Cell_growth,CCNF,Target,Target-Cell_growth
Cell_growth,ELOVL5,Target,Target-Cell_growth
Cell_growth,DHRS2,Target,Target-Cell_growth
Cell_growth,YY1AP1,Target,Target-Cell_growth
Cell_growth,LRRC8E,Target,Target-Cell_growth
Cell_growth,CSF2,Target,Target-Cell_growth
Cell_growth,GNA12,Target,Target-Cell_growth
Cell_growth,EHF,Target,Target-Cell_growth
Cell_growth,ESX1,Target,Target-Cell_growth
Cell_growth,SRR,Target,Target-Cell_growth
Cell_growth,PABPC1,Target,Target-Cell_growth
Cell_growth,CASP6,Target,Target-Cell_growth
Cell_growth,FST,Target,Target-Cell_growth
Cell_growth,IRF2BP2,Target,Target-Cell_growth
Cell_growth,GSTA1,Target,Target-Cell_growth
Cell_growth,IGHE,Target,Target-Cell_growth
Cell_growth,C5AR2,Target,Target-Cell_growth
Cell_growth,TPD52,Target,Target-Cell_growth
Cell_growth,CCL13,Target,Target-Cell_growth
Cell_growth,CNN3,Target,Target-Cell_growth
Cell_growth,TMIGD1,Target,Target-Cell_growth
Cell_growth,HNRNPH3,Target,Target-Cell_growth
Cell_growth,CDC42BPG,Target,Target-Cell_growth
Cell_growth,GCLC,Target,Target-Cell_growth
Cell_growth,GLI1,Target,Target-Cell_growth
Cell_growth,NLRC3,Target,Target-Cell_growth
Cell_growth,SOS1,Target,Target-Cell_growth
Cell_growth,CFH,Target,Target-Cell_growth
Cell_growth,INHBA,Target,Target-Cell_growth
Cell_growth,CARMIL2,Target,Target-Cell_growth
Cell_growth,DUOXA1,Target,Target-Cell_growth
Cell_growth,C5AR1,Target,Target-Cell_growth
Cell_growth,ACTA2,Target,Target-Cell_growth
Cell_growth,FASLG,Target,Target-Cell_growth
Cell_growth,MYLK2,Target,Target-Cell_growth
Cell_growth,PRR11,Target,Target-Cell_growth
Cell_growth,BEX2,Target,Target-Cell_growth
Cell_growth,MMP2,Target,Target-Cell_growth
Cell_growth,SELENOS,Target,Target-Cell_growth
Cell_growth,SIPA1L3,Target,Target-Cell_growth
Cell_growth,NUAK1,Target,Target-Cell_growth
Cell_growth,ZBTB49,Target,Target-Cell_growth
Cell_growth,CD276,Target,Target-Cell_growth
Cell_growth,LGALS8,Target,Target-Cell_growth
Cell_growth,ULBP1,Target,Target-Cell_growth
Cell_growth,ULBP2,Target,Target-Cell_growth
Cell_growth,ULBP3,Target,Target-Cell_growth
Cell_growth,WNT7B,Target,Target-Cell_growth
Cell_growth,IFIT5,Target,Target-Cell_growth
Cell_growth,CES1,Target,Target-Cell_growth
Cell_growth,TAGLN,Target,Target-Cell_growth
Cell_growth,IGSF23,Target,Target-Cell_growth
Cell_growth,ADRM1,Target,Target-Cell_growth
Cell_growth,COPS7A,Target,Target-Cell_growth
Cell_growth,MED7,Target,Target-Cell_growth
Cell_growth,SART1,Target,Target-Cell_growth
Cell_growth,COPS7B,Target,Target-Cell_growth
Cell_growth,EIF3M,Target,Target-Cell_growth
Cell_growth,ERBB3,Target,Target-Cell_growth
Cell_growth,SOSTDC1,Target,Target-Cell_growth
Cell_growth,NBL1,Target,Target-Cell_growth
Cell_growth,TNFAIP6,Target,Target-Cell_growth
Cell_growth,UNC5D,Target,Target-Cell_growth
Cell_growth,DENND6A,Target,Target-Cell_growth
Cell_growth,DEFB118,Target,Target-Cell_growth
Cell_growth,TBX3,Target,Target-Cell_growth
Cell_growth,LGR6,Target,Target-Cell_growth
Cell_growth,USP4,Target,Target-Cell_growth
Cell_growth,EIF2B5,Target,Target-Cell_growth
Cell_growth,TCAF1,Target,Target-Cell_growth
Cell_growth,WNT5B,Target,Target-Cell_growth
Cell_growth,BIRC7,Target,Target-Cell_growth
Cell_growth,SERPINB1,Target,Target-Cell_growth
Cell_growth,KLRC2,Target,Target-Cell_growth
Cell_growth,BTN3A1,Target,Target-Cell_growth
Cell_growth,CHMP3,Target,Target-Cell_growth
Cell_growth,ZNF639,Target,Target-Cell_growth
Cell_growth,KCNMA1,Target,Target-Cell_growth
Cell_growth,TP53I13,Target,Target-Cell_growth
Cell_growth,EIF2B4,Target,Target-Cell_growth
Cell_growth,TXNIP,Target,Target-Cell_growth
Cell_growth,HLA-G,Target,Target-Cell_growth
Cell_growth,AVPR1B,Target,Target-Cell_growth
Cell_growth,SUSD2,Target,Target-Cell_growth
Cell_growth,RASA1,Target,Target-Cell_growth
Cell_growth,PRAME,Target,Target-Cell_growth
Cell_growth,EGLN3,Target,Target-Cell_growth
Cell_growth,RFPL1,Target,Target-Cell_growth
Cell_growth,PF4,Target,Target-Cell_growth
Cell_growth,RAET1G,Target,Target-Cell_growth
Cell_growth,TCAF2,Target,Target-Cell_growth
Cell_growth,HLA-DRB3,Target,Target-Cell_growth
Cell_growth,CAMK1,Target,Target-Cell_growth
Cell_growth,NUPR1,Target,Target-Cell_growth
Cell_growth,TEC,Target,Target-Cell_growth
Cell_growth,STAT4,Target,Target-Cell_growth
Cell_growth,TAF6,Target,Target-Cell_growth
Cell_growth,NUMB,Target,Target-Cell_growth
Cell_growth,RNF20,Target,Target-Cell_growth
Cell_growth,PIK3CB,Target,Target-Cell_growth
Cell_growth,ICOSLG,Target,Target-Cell_growth
Cell_growth,EIF2B1,Target,Target-Cell_growth
Cell_growth,CCDC125,Target,Target-Cell_growth
Cell_growth,EIF2B3,Target,Target-Cell_growth
Cell_growth,RPRD1B,Target,Target-Cell_growth
Cell_growth,ETS1,Target,Target-Cell_growth
Cell_growth,BLK,Target,Target-Cell_growth
Cell_growth,CCDC25,Target,Target-Cell_growth
Cell_growth,DLC1,Target,Target-Cell_growth
Cell_growth,PRTN3,Target,Target-Cell_growth
Cell_growth,HLA-DPB1,Target,Target-Cell_growth
Cell_growth,PLEKHA1,Target,Target-Cell_growth
Cell_growth,KLRD1,Target,Target-Cell_growth
Cell_growth,CHMP2B,Target,Target-Cell_growth
Cell_growth,KMT2A,Target,Target-Cell_growth
Cell_growth,ITGB6,Target,Target-Cell_growth
Cell_growth,PODN,Target,Target-Cell_growth
Cell_growth,CXCL9,Target,Target-Cell_growth
Cell_growth,CXCL10,Target,Target-Cell_growth
Cell_growth,EPHA1,Target,Target-Cell_growth
Cell_growth,RND1,Target,Target-Cell_growth
Cell_growth,HLA-DQB1,Target,Target-Cell_growth
Cell_growth,KNG1,Target,Target-Cell_growth
Cell_growth,GPR15,Target,Target-Cell_growth
Cell_growth,EIF2B2,Target,Target-Cell_growth
Cell_growth,RNF31,Target,Target-Cell_growth
Cell_growth,GGA1,Target,Target-Cell_growth
Cell_growth,GGA2,Target,Target-Cell_growth
Cell_growth,SAA1,Target,Target-Cell_growth
Cell_growth,RBCK1,Target,Target-Cell_growth
Cell_growth,SLURP1,Target,Target-Cell_growth
Cell_growth,C1QTNF8,Target,Target-Cell_growth
Cell_growth,MICB,Target,Target-Cell_growth
Cell_growth,CD226,Target,Target-Cell_growth
Cell_growth,MYLK,Target,Target-Cell_growth
Cell_growth,ACER3,Target,Target-Cell_growth
Cell_growth,ARHGEF39,Target,Target-Cell_growth
Cell_growth,ROR2,Target,Target-Cell_growth
Cell_growth,PDCD11,Target,Target-Cell_growth
Cell_growth,ZBTB7C,Target,Target-Cell_growth
Cell_growth,MCC,Target,Target-Cell_growth
Cell_growth,ASXL2,Target,Target-Cell_growth
Cell_growth,CCDC57,Target,Target-Cell_growth
Cell_growth,DYNAP,Target,Target-Cell_growth
Cell_growth,IL7R,Target,Target-Cell_growth
Cell_growth,ADIRF,Target,Target-Cell_growth
Cell_growth,TPD52L1,Target,Target-Cell_growth
Cell_growth,CDKN2A,Target,Target-Cell_growth
Cell_growth,TMEM250,Target,Target-Cell_growth
Cell_growth,WASHC2C,Target,Target-Cell_growth
Cell_growth,IL27,Target,Target-Cell_growth
Cell_growth,BLOC1S2,Target,Target-Cell_growth
Cell_growth,HOXA7,Target,Target-Cell_growth
Cell_growth,HS3ST5,Target,Target-Cell_growth
Cell_growth,NKX3-1,Target,Target-Cell_growth
Cell_growth,SECTM1,Target,Target-Cell_growth
Cell_growth,KLRC1,Target,Target-Cell_growth
Cell_growth,CDH26,Target,Target-Cell_growth
Cell_growth,BLOC1S5,Target,Target-Cell_growth
Cell_growth,KIF14,Target,Target-Cell_growth
Cell_growth,USP17L6P,Target,Target-Cell_growth
Cell_growth,RAB25,Target,Target-Cell_growth
Cell_growth,CDC25C,Target,Target-Cell_growth
Cell_growth,TNIP2,Target,Target-Cell_growth
Cell_growth,ZNF16,Target,Target-Cell_growth
Cell_growth,ACSL3,Target,Target-Cell_growth
Cell_growth,IL31RA,Target,Target-Cell_growth
Cell_growth,HOXA5,Target,Target-Cell_growth
Cell_growth,CAPN7,Target,Target-Cell_growth
Cell_growth,WDR6,Target,Target-Cell_growth
Cell_growth,ECM1,Target,Target-Cell_growth
Cell_growth,BLOC1S6,Target,Target-Cell_growth
Cell_growth,CLEC4A,Target,Target-Cell_growth
Cell_growth,IL26,Target,Target-Cell_growth
Cell_growth,CRLF2,Target,Target-Cell_growth
Cell_growth,TSPYL5,Target,Target-Cell_growth
Cell_growth,TRIM62,Target,Target-Cell_growth
Cell_growth,TFAP4,Target,Target-Cell_growth
Cell_growth,SOX7,Target,Target-Cell_growth
Cell_growth,KANK2,Target,Target-Cell_growth
Cell_growth,NF2,Target,Target-Cell_growth
Cell_growth,ACER2,Target,Target-Cell_growth
Cell_growth,ARG1,Target,Target-Cell_growth
Cell_growth,FLT3LG,Target,Target-Cell_growth
Cell_growth,UBE2A,Target,Target-Cell_growth
Cell_growth,CTSG,Target,Target-Cell_growth
Cell_growth,USP22,Target,Target-Cell_growth
Cell_growth,SLC27A4,Target,Target-Cell_growth
Cell_growth,CDC73,Target,Target-Cell_growth
Cell_growth,DPP9,Target,Target-Cell_growth
Cell_growth,USP37,Target,Target-Cell_growth
Cell_growth,NANOGP8,Target,Target-Cell_growth
Cell_growth,DPP8,Target,Target-Cell_growth
Cell_growth,ENPP7,Target,Target-Cell_growth
Cell_growth,S100A7,Target,Target-Cell_growth
Cell_growth,P3H3,Target,Target-Cell_growth
Cell_growth,TCIM,Target,Target-Cell_growth
Cell_growth,HACD1,Target,Target-Cell_growth
Cell_growth,FOXO4,Target,Target-Cell_growth
Cell_growth,LY9,Target,Target-Cell_growth
Cell_growth,GAB2,Target,Target-Cell_growth
Cell_growth,MINAR1,Target,Target-Cell_growth
Cell_growth,TRIM35,Target,Target-Cell_growth
Cell_growth,GFRA4,Target,Target-Cell_growth
Cell_growth,IFNA2,Target,Target-Cell_growth
Cell_growth,NDNF,Target,Target-Cell_growth
Cell_growth,TIMP1,Target,Target-Cell_growth
Cell_growth,LGALS16,Target,Target-Cell_growth
Cell_growth,PLEKHG3,Target,Target-Cell_growth
Cell_growth,CCKBR,Target,Target-Cell_growth
Cell_growth,VASH1,Target,Target-Cell_growth
Cell_growth,IFIT3,Target,Target-Cell_growth
Cell_growth,ZNF580,Target,Target-Cell_growth
Cell_growth,NCCRP1,Target,Target-Cell_growth
Cell_growth,ST18,Target,Target-Cell_growth
Cell_growth,ANXA3,Target,Target-Cell_growth
Cell_growth,PEPD,Target,Target-Cell_growth
Cell_growth,ALDH1A2,Target,Target-Cell_growth
Cell_growth,LRRC15,Target,Target-Cell_growth
Cell_growth,IFNL1,Target,Target-Cell_growth
Cell_growth,PIBF1,Target,Target-Cell_growth
Cell_growth,PPP2R5C,Target,Target-Cell_growth
Cell_growth,CBFA2T3,Target,Target-Cell_growth
Cell_growth,NPM1,Target,Target-Cell_growth
Cell_growth,CCNY,Target,Target-Cell_growth
Cell_growth,SLC22A13,Target,Target-Cell_growth
Cell_growth,UBE2O,Target,Target-Cell_growth
Cell_growth,TRIP6,Target,Target-Cell_growth
Cell_growth,TLR5,Target,Target-Cell_growth
Cell_growth,ERAP1,Target,Target-Cell_growth
Cell_growth,XRCC4,Target,Target-Cell_growth
Cell_growth,LOXL3,Target,Target-Cell_growth
Cell_growth,TM4SF5,Target,Target-Cell_growth
Cell_growth,TRIM26,Target,Target-Cell_growth
Cell_growth,TMPRSS2,Target,Target-Cell_growth
Cell_growth,COMMD1,Target,Target-Cell_growth
Cell_growth,WEE1,Target,Target-Cell_growth
Cell_growth,MID2,Target,Target-Cell_growth
Cell_growth,TRIM38,Target,Target-Cell_growth
Cell_growth,IKBKG,Target,Target-Cell_growth
Cell_growth,BRD7,Target,Target-Cell_growth
Cell_growth,SNX3,Target,Target-Cell_growth
Cell_growth,KRT6A,Target,Target-Cell_growth
Cell_growth,STAT2,Target,Target-Cell_growth
Cell_growth,MIR155HG,Target,Target-Cell_growth
Cell_growth,JAK3,Target,Target-Cell_growth
Cell_growth,IL18R1,Target,Target-Cell_growth
Cell_growth,OLFM4,Target,Target-Cell_growth
Cell_growth,TFDP3,Target,Target-Cell_growth
Cell_growth,PLA2G3,Target,Target-Cell_growth
Cell_growth,RIC3,Target,Target-Cell_growth
Cell_growth,MN1,Target,Target-Cell_growth
Cell_growth,SNX33,Target,Target-Cell_growth
Cell_growth,JPT2,Target,Target-Cell_growth
Cell_growth,CIITA,Target,Target-Cell_growth
Cell_growth,ARID3C,Target,Target-Cell_growth
Cell_growth,ATP2A2,Target,Target-Cell_growth
Cell_growth,SRGAP2C,Target,Target-Cell_growth
Cell_growth,S100A8,Target,Target-Cell_growth
Cell_growth,S100A9,Target,Target-Cell_growth
Cell_growth,DUX4,Target,Target-Cell_growth
Cell_growth,BCL2L14,Target,Target-Cell_growth
Cell_growth,PMP22,Target,Target-Cell_growth
Cell_growth,MKI67,Target,Target-Cell_growth
Cell_growth,STK4,Target,Target-Cell_growth
Cell_growth,NEK2,Target,Target-Cell_growth
Cell_growth,IFI27,Target,Target-Cell_growth
Cell_growth,EMP3,Target,Target-Cell_growth
Cell_growth,EMP1,Target,Target-Cell_growth
Cell_growth,PODXL2,Target,Target-Cell_growth
Cell_growth,OGT,Target,Target-Cell_growth
Cell_growth,DCTN3,Target,Target-Cell_growth
Cell_growth,POPDC2,Target,Target-Cell_growth
Cell_growth,PGM5,Target,Target-Cell_growth
Cell_growth,PDE9A,Target,Target-Cell_growth
Cell_growth,ACTL9,Target,Target-Cell_growth
Cell_growth,CST11,Target,Target-Cell_growth
Cell_growth,MB,Target,Target-Cell_growth
Cell_growth,TACR1,Target,Target-Cell_growth
Cell_growth,TACR2,Target,Target-Cell_growth
Cell_growth,DEFB132,Target,Target-Cell_growth
Cell_growth,WBP2NL,Target,Target-Cell_growth
Cell_growth,PCDH11Y,Target,Target-Cell_growth
Cell_growth,GABBR1,Target,Target-Cell_growth
Cell_growth,BID,Target,Target-Cell_growth
Cell_growth,GABBR2,Target,Target-Cell_growth
Cell_growth,ETAA1,Target,Target-Cell_growth
Cell_growth,PGAM4,Target,Target-Cell_growth
Cell_growth,GARS1,Target,Target-Cell_growth
Cell_growth,SCN9A,Target,Target-Cell_growth
Cell_growth,SLC26A8,Target,Target-Cell_growth
Cell_growth,L3MBTL1,Target,Target-Cell_growth
Cell_growth,SPAST,Target,Target-Cell_growth
Cell_growth,CCDC146,Target,Target-Cell_growth
Cell_growth,GPR179,Target,Target-Cell_growth
Cell_growth,SAXO1,Target,Target-Cell_growth
Cell_growth,DNAH17,Target,Target-Cell_growth
Cell_growth,DNAH8,Target,Target-Cell_growth
Cell_growth,SMN1,Target,Target-Cell_growth
Cell_growth,CUL3,Target,Target-Cell_growth
Cell_growth,FSIP2,Target,Target-Cell_growth
Cell_growth,TMEM222,Target,Target-Cell_growth
Cell_growth,MLPH,Target,Target-Cell_growth
Cell_growth,SPEF2,Target,Target-Cell_growth
Cell_growth,BMI1,Target,Target-Cell_growth
Cell_growth,DCX,Target,Target-Cell_growth
Cell_growth,TACR3,Target,Target-Cell_growth
Cell_growth,SLC9A5,Target,Target-Cell_growth
Cell_growth,NAE1,Target,Target-Cell_growth
Cell_growth,KIF13B,Target,Target-Cell_growth
Cell_growth,CTNND2,Target,Target-Cell_growth
Cell_growth,DEFB1,Target,Target-Cell_growth
Cell_growth,SLC5A7,Target,Target-Cell_growth
Cell_growth,CCSAP,Target,Target-Cell_growth
Cell_growth,DCDC2C,Target,Target-Cell_growth
Cell_growth,CYBRD1,Target,Target-Cell_growth
Cell_growth,ACADM,Target,Target-Cell_growth
Cell_growth,CLEC12B,Target,Target-Cell_growth
Cell_growth,STRADA,Target,Target-Cell_growth
Cell_growth,TAOK1,Target,Target-Cell_growth
Cell_growth,B4GALT1,Target,Target-Cell_growth
Cell_growth,BBC3,Target,Target-Cell_growth
Cell_growth,TMEM266,Target,Target-Cell_growth
Cell_growth,GCHFR,Target,Target-Cell_growth
Cell_growth,SEPTIN12,Target,Target-Cell_growth
Cell_growth,ZBTB16,Target,Target-Cell_growth
Cell_growth,ZMYND12,Target,Target-Cell_growth
Cell_growth,ACAD9,Target,Target-Cell_growth
Cell_growth,TTN,Target,Target-Cell_growth
Cell_growth,DNAJB4,Target,Target-Cell_growth
Cell_growth,SIMC1,Target,Target-Cell_growth
Cell_growth,CFL2,Target,Target-Cell_growth
Cell_growth,DNAJB6,Target,Target-Cell_growth
Cell_growth,NEB,Target,Target-Cell_growth
Cell_growth,THSD1,Target,Target-Cell_growth
Cell_growth,LMOD3,Target,Target-Cell_growth
Cell_growth,MYPN,Target,Target-Cell_growth
Cell_growth,SYNM,Target,Target-Cell_growth
Cell_growth,GUCA1B,Target,Target-Cell_growth
Cell_growth,THBS2,Target,Target-Cell_growth
Cell_growth,SERPINA5,Target,Target-Cell_growth
Cell_growth,HPS4,Target,Target-Cell_growth
Cell_growth,PTCHD1,Target,Target-Cell_growth
Cell_growth,PPBP,Target,Target-Cell_growth
Cell_growth,VPS33B,Target,Target-Cell_growth
Cell_growth,FRMPD4,Target,Target-Cell_growth
Cell_growth,PPFIA2,Target,Target-Cell_growth
Cell_growth,TBCC,Target,Target-Cell_growth
Cell_growth,KIF20A,Target,Target-Cell_growth
Cell_growth,ENTR1,Target,Target-Cell_growth
Cell_growth,IFT52,Target,Target-Cell_growth
Cell_growth,CDKN2B,Target,Target-Cell_growth
Cell_growth,MYEF2,Target,Target-Cell_growth
Cell_growth,PRC1,Target,Target-Cell_growth
Cell_growth,OCRL,Target,Target-Cell_growth
Cell_growth,COL17A1,Target,Target-Cell_growth
Cell_growth,MTMR14,Target,Target-Cell_growth
Cell_growth,PIP5K1A,Target,Target-Cell_growth
Cell_growth,ASAP3,Target,Target-Cell_growth
Cell_growth,SCYL3,Target,Target-Cell_growth
Cell_growth,TMEM87A,Target,Target-Cell_growth
Cell_growth,CD2AP,Target,Target-Cell_growth
Cell_growth,KIF18A,Target,Target-Cell_growth
Cell_growth,IFI16,Target,Target-Cell_growth
Cell_growth,PARVB,Target,Target-Cell_growth
Cell_growth,WASH3P,Target,Target-Cell_growth
Cell_growth,STX2,Target,Target-Cell_growth
Cell_growth,PEAR1,Target,Target-Cell_growth
Cell_growth,DGKZ,Target,Target-Cell_growth
Cell_growth,ATP1A4,Target,Target-Cell_growth
Cell_growth,IGHG1,Target,Target-Cell_growth
Cell_growth,PLCE1,Target,Target-Cell_growth
Cell_growth,P2RX7,Target,Target-Cell_growth
Cell_growth,S100A11,Target,Target-Cell_growth
Cell_growth,KITLG,Target,Target-Cell_growth
Cell_growth,ARVCF,Target,Target-Cell_growth
Cell_growth,PDE1B,Target,Target-Cell_growth
Cell_growth,PIP5K1B,Target,Target-Cell_growth
Cell_growth,S100A6,Target,Target-Cell_growth
Cell_growth,BNIP1,Target,Target-Cell_growth
Cell_growth,CLSPN,Target,Target-Cell_growth
Cell_growth,COLEC12,Target,Target-Cell_growth
Cell_growth,AKAP6,Target,Target-Cell_growth
Cell_growth,UBE2S,Target,Target-Cell_growth
Cell_growth,S100A1,Target,Target-Cell_growth
Cell_growth,PSD4,Target,Target-Cell_growth
Cell_growth,ATP2A3,Target,Target-Cell_growth
Cell_growth,ARHGEF2,Target,Target-Cell_growth
Cell_growth,CBLIF,Target,Target-Cell_growth
Cell_growth,GAP43,Target,Target-Cell_growth
Cell_growth,CALML4,Target,Target-Cell_growth
Cell_growth,SNTG1,Target,Target-Cell_growth
Cell_growth,FGA,Target,Target-Cell_growth
Cell_growth,PLEK,Target,Target-Cell_growth
Cell_growth,HBB,Target,Target-Cell_growth
Cell_growth,BMX,Target,Target-Cell_growth
Cell_growth,TBC1D10C,Target,Target-Cell_growth
Cell_growth,CELA2A,Target,Target-Cell_growth
Cell_growth,HSPB1,Target,Target-Cell_growth
Cell_growth,CSRP1,Target,Target-Cell_growth
Cell_growth,TEAD3,Target,Target-Cell_growth
Cell_growth,KCNN4,Target,Target-Cell_growth
Cell_growth,METAP1,Target,Target-Cell_growth
Cell_growth,NEK11,Target,Target-Cell_growth
Cell_growth,TNNT1,Target,Target-Cell_growth
Cell_growth,TMEM230,Target,Target-Cell_growth
Cell_growth,TNNC1,Target,Target-Cell_growth
Cell_growth,COPS5,Target,Target-Cell_growth
Cell_growth,TNNC2,Target,Target-Cell_growth
Cell_growth,TNNI3,Target,Target-Cell_growth
Cell_growth,TMOD4,Target,Target-Cell_growth
Cell_growth,TNNT2,Target,Target-Cell_growth
Cell_growth,TNNT3,Target,Target-Cell_growth
Cell_growth,TNNI2,Target,Target-Cell_growth
Cell_growth,CACNG6,Target,Target-Cell_growth
Cell_growth,FOXN3,Target,Target-Cell_growth
Cell_growth,CDC14B,Target,Target-Cell_growth
Cell_growth,CAMP,Target,Target-Cell_growth
Cell_growth,VAMP1,Target,Target-Cell_growth
Cell_growth,CRISP3,Target,Target-Cell_growth
Cell_growth,KPNA4,Target,Target-Cell_growth
Cell_growth,ADGRB3,Target,Target-Cell_growth
Cell_growth,RECQL5,Target,Target-Cell_growth
Cell_growth,LORICRIN,Target,Target-Cell_growth
Cell_growth,CYP4F2,Target,Target-Cell_growth
Cell_growth,SCNN1D,Target,Target-Cell_growth
Cell_growth,TMEM123,Target,Target-Cell_growth
Cell_growth,SEL1L2,Target,Target-Cell_growth
Cell_growth,KLHL24,Target,Target-Cell_growth
Cell_growth,ANK3,Target,Target-Cell_growth
Cell_growth,AQP5,Target,Target-Cell_growth
Cell_growth,ANKRD45,Target,Target-Cell_growth
Cell_growth,MASTL,Target,Target-Cell_growth
Cell_growth,CYP4A11,Target,Target-Cell_growth
Cell_growth,CIMIP1,Target,Target-Cell_growth
Cell_growth,DSG1,Target,Target-Cell_growth
Cell_growth,SLC5A6,Target,Target-Cell_growth
Cell_growth,BBS1,Target,Target-Cell_growth
Cell_growth,DOCK8,Target,Target-Cell_growth
Cell_growth,POF1B,Target,Target-Cell_growth
Cell_growth,SLCO2B1,Target,Target-Cell_growth
Cell_growth,SLC22A8,Target,Target-Cell_growth
Cell_growth,SLC22A9,Target,Target-Cell_growth
Cell_growth,PLEKHA7,Target,Target-Cell_growth
Cell_growth,ROPN1B,Target,Target-Cell_growth
Cell_growth,DNAH5,Target,Target-Cell_growth
Cell_growth,TRAF3IP1,Target,Target-Cell_growth
Cell_growth,SLC17A3,Target,Target-Cell_growth
Cell_growth,CSTA,Target,Target-Cell_growth
Cell_growth,SBDS,Target,Target-Cell_growth
Cell_growth,P2RX2,Target,Target-Cell_growth
Cell_growth,SLC43A3,Target,Target-Cell_growth
Cell_growth,EXOC2,Target,Target-Cell_growth
Cell_growth,RAB11FIP3,Target,Target-Cell_growth
Cell_growth,RRP7A,Target,Target-Cell_growth
Cell_growth,SNX5,Target,Target-Cell_growth
Cell_growth,CLDN16,Target,Target-Cell_growth
Cell_growth,CCDC39,Target,Target-Cell_growth
Cell_growth,ADGRE2,Target,Target-Cell_growth
Cell_growth,DNAI1,Target,Target-Cell_growth
Cell_growth,SLC7A8,Target,Target-Cell_growth
Cell_growth,ZFYVE19,Target,Target-Cell_growth
Cell_growth,IVL,Target,Target-Cell_growth
Cell_growth,F2,Target,Target-Cell_growth
Cell_growth,SLC7A7,Target,Target-Cell_growth
Cell_growth,ENOX2,Target,Target-Cell_growth
Cell_growth,TBC1D30,Target,Target-Cell_growth
Cell_growth,ABCC11,Target,Target-Cell_growth
Cell_growth,TMEM138,Target,Target-Cell_growth
Cell_growth,IL10RA,Target,Target-Cell_growth
Cell_growth,SLC22A11,Target,Target-Cell_growth
Cell_growth,ANK2,Target,Target-Cell_growth
Cell_growth,TGM3,Target,Target-Cell_growth
Cell_growth,SLCO1B3,Target,Target-Cell_growth
Cell_growth,TJP3,Target,Target-Cell_growth
Cell_growth,OR2A4,Target,Target-Cell_growth
Cell_growth,KIFC3,Target,Target-Cell_growth
Cell_growth,ABCC10,Target,Target-Cell_growth
Cell_growth,KLK7,Target,Target-Cell_growth
Cell_growth,CRB1,Target,Target-Cell_growth
Cell_growth,SPRR1A,Target,Target-Cell_growth
Cell_growth,TAS2R43,Target,Target-Cell_growth
Cell_growth,WDR73,Target,Target-Cell_growth
Cell_growth,LPO,Target,Target-Cell_growth
Cell_growth,KIAA0319,Target,Target-Cell_growth
Cell_growth,SPRR1B,Target,Target-Cell_growth
Cell_growth,STRN,Target,Target-Cell_growth
Cell_growth,MUC17,Target,Target-Cell_growth
Cell_growth,SLC17A1,Target,Target-Cell_growth
Cell_growth,ATP7B,Target,Target-Cell_growth
Cell_growth,TCIRG1,Target,Target-Cell_growth
Cell_growth,RAB11FIP4,Target,Target-Cell_growth
Cell_growth,C2orf50,Target,Target-Cell_growth
Cell_growth,CEP19,Target,Target-Cell_growth
Cell_growth,UBXN10,Target,Target-Cell_growth
Cell_growth,CCDC85A,Target,Target-Cell_growth
Cell_growth,AQP10,Target,Target-Cell_growth
Cell_growth,ADCY10,Target,Target-Cell_growth
Cell_growth,CADPS2,Target,Target-Cell_growth
Cell_growth,ABCA12,Target,Target-Cell_growth
Cell_growth,FOLR2,Target,Target-Cell_growth
Cell_growth,DNAH9,Target,Target-Cell_growth
Cell_growth,UMOD,Target,Target-Cell_growth
Cell_growth,LDLRAP1,Target,Target-Cell_growth
Cell_growth,BBS4,Target,Target-Cell_growth
Cell_growth,FRMD5,Target,Target-Cell_growth
Cell_growth,CEP126,Target,Target-Cell_growth
Cell_growth,EVPL,Target,Target-Cell_growth
Cell_growth,SLC44A4,Target,Target-Cell_growth
Cell_growth,TSHR,Target,Target-Cell_growth
Cell_growth,SLCO2A1,Target,Target-Cell_growth
Cell_growth,ERICH3,Target,Target-Cell_growth
Cell_growth,GPR143,Target,Target-Cell_growth
Cell_growth,CLCNKB,Target,Target-Cell_growth
Cell_growth,BBIP1,Target,Target-Cell_growth
Cell_growth,DYNC2LI1,Target,Target-Cell_growth
Cell_growth,ABCB1,Target,Target-Cell_growth
Cell_growth,NPHP3,Target,Target-Cell_growth
Cell_growth,HEPH,Target,Target-Cell_growth
Cell_growth,PFKM,Target,Target-Cell_growth
Cell_growth,SLC5A12,Target,Target-Cell_growth
Cell_growth,MGAM,Target,Target-Cell_growth
Cell_growth,UNC119B,Target,Target-Cell_growth
Cell_growth,KCNJ4,Target,Target-Cell_growth
Cell_growth,AKAP7,Target,Target-Cell_growth
Cell_growth,MACIR,Target,Target-Cell_growth
Cell_growth,PARD6B,Target,Target-Cell_growth
Cell_growth,TRPM6,Target,Target-Cell_growth
Cell_growth,TGM1,Target,Target-Cell_growth
Cell_growth,CPLANE2,Target,Target-Cell_growth
Cell_growth,SLC30A5,Target,Target-Cell_growth
Cell_growth,SLCO3A1,Target,Target-Cell_growth
Cell_growth,FRMPD2,Target,Target-Cell_growth
Cell_growth,KLK5,Target,Target-Cell_growth
Cell_growth,DNAH11,Target,Target-Cell_growth
Cell_growth,SLCO1A2,Target,Target-Cell_growth
Cell_growth,SPACA3,Target,Target-Cell_growth
Cell_growth,DYNLT4,Target,Target-Cell_growth
Cell_growth,ZPBP,Target,Target-Cell_growth
Cell_growth,PATE4,Target,Target-Cell_growth
Cell_growth,PRSS37,Target,Target-Cell_growth
Cell_growth,STIM1,Target,Target-Cell_growth
Cell_growth,EXOC7,Target,Target-Cell_growth
Cell_growth,SPACDR,Target,Target-Cell_growth
Cell_growth,Q9N2J8,Target,Target-Cell_growth
Cell_growth,ERVK-6,Target,Target-Cell_growth
Cell_growth,CHD3,Target,Target-Cell_growth
Cell_growth,ERVK-19,Target,Target-Cell_growth
Cell_growth,ERVFC1-1,Target,Target-Cell_growth
Cell_growth,ERVPABLB-1,Target,Target-Cell_growth
Cell_growth,ERVFRD-1,Target,Target-Cell_growth
Cell_growth,ERVFC1,Target,Target-Cell_growth
Cell_growth,SPATA2,Target,Target-Cell_growth
Cell_growth,MAU2,Target,Target-Cell_growth
Cell_growth,CFLAR,Target,Target-Cell_growth
Cell_growth,TMEM167B,Target,Target-Cell_growth
Cell_growth,RHNO1,Target,Target-Cell_growth
Cell_growth,STEAP2,Target,Target-Cell_growth
Cell_growth,ERVK-21,Target,Target-Cell_growth
Cell_growth,ERVS71-1,Target,Target-Cell_growth
Cell_growth,ERVW-1,Target,Target-Cell_growth
Cell_growth,HERVK_113,Target,Target-Cell_growth
Cell_growth,IFFO1,Target,Target-Cell_growth
Cell_growth,PDS5A,Target,Target-Cell_growth
Cell_growth,RPA4,Target,Target-Cell_growth
Cell_growth,TMEM167A,Target,Target-Cell_growth
Cell_growth,ERVK-8,Target,Target-Cell_growth
Cell_growth,ERVK-9,Target,Target-Cell_growth
Cell_growth,SCART1,Target,Target-Cell_growth
Cell_growth,DNAAF1,Target,Target-Cell_growth
Cell_growth,TAF1L,Target,Target-Cell_growth
Cell_growth,RAB27B,Target,Target-Cell_growth
Cell_growth,BIN1,Target,Target-Cell_growth
Cell_growth,SMC2,Target,Target-Cell_growth
Cell_growth,TMEM33,Target,Target-Cell_growth
Cell_growth,G0S2,Target,Target-Cell_growth
Cell_growth,MLANA,Target,Target-Cell_growth
Cell_growth,ACIN1,Target,Target-Cell_growth
Cell_growth,RAB22A,Target,Target-Cell_growth
Cell_growth,DDX47,Target,Target-Cell_growth
Cell_growth,RNF41,Target,Target-Cell_growth
Cell_growth,CAMSAP1,Target,Target-Cell_growth
Cell_growth,NCAPD3,Target,Target-Cell_growth
Cell_growth,CEP295,Target,Target-Cell_growth
Cell_growth,PMEL,Target,Target-Cell_growth
Cell_growth,MSMP,Target,Target-Cell_growth
Cell_growth,GJA8,Target,Target-Cell_growth
Cell_growth,CHMP1A,Target,Target-Cell_growth
Cell_growth,SNX18,Target,Target-Cell_growth
Cell_growth,MLLT11,Target,Target-Cell_growth
Cell_growth,AKAP14,Target,Target-Cell_growth
Cell_growth,MFSD12,Target,Target-Cell_growth
Cell_growth,SMC4,Target,Target-Cell_growth
Cell_growth,NAA50,Target,Target-Cell_growth
Cell_growth,NCAPD2,Target,Target-Cell_growth
Cell_growth,KIF2A,Target,Target-Cell_growth
Cell_growth,H2BW1,Target,Target-Cell_growth
Cell_growth,SNAI2,Target,Target-Cell_growth
Cell_growth,LCT,Target,Target-Cell_growth
Cell_growth,NCAPG,Target,Target-Cell_growth
Cell_growth,TNFSF10,Target,Target-Cell_growth
Cell_growth,SORT1,Target,Target-Cell_growth
Cell_growth,CTNS,Target,Target-Cell_growth
Cell_growth,NCAPH,Target,Target-Cell_growth
Cell_growth,SLC35G2,Target,Target-Cell_growth
Cell_growth,SLC35F1,Target,Target-Cell_growth
Cell_growth,TK1,Target,Target-Cell_growth
Cell_growth,PSRC1,Target,Target-Cell_growth
Cell_growth,KNTC1,Target,Target-Cell_growth
Cell_growth,ZW10,Target,Target-Cell_growth
Cell_growth,ODF2L,Target,Target-Cell_growth
Cell_growth,TOM1L1,Target,Target-Cell_growth
Cell_growth,TAPT1,Target,Target-Cell_growth
Cell_growth,TRIM32,Target,Target-Cell_growth
Cell_growth,TOM1L2,Target,Target-Cell_growth
Cell_growth,SNTB2,Target,Target-Cell_growth
Cell_growth,H2BC11,Target,Target-Cell_growth
Cell_growth,LIMK2,Target,Target-Cell_growth
Cell_growth,NPPB,Target,Target-Cell_growth
Cell_growth,UNC13B,Target,Target-Cell_growth
Cell_growth,TMEM164,Target,Target-Cell_growth
Cell_growth,MAP4,Target,Target-Cell_growth
Cell_growth,CAPN1,Target,Target-Cell_growth
Cell_growth,AKAP12,Target,Target-Cell_growth
Cell_growth,WNT2B,Target,Target-Cell_growth
Cell_growth,LPP,Target,Target-Cell_growth
Cell_growth,STX16,Target,Target-Cell_growth
Cell_growth,CXCL11,Target,Target-Cell_growth
Cell_growth,NCKAP1,Target,Target-Cell_growth
Cell_growth,LRP5,Target,Target-Cell_growth
Cell_growth,CCL22,Target,Target-Cell_growth
Cell_growth,HPSE2,Target,Target-Cell_growth
Cell_growth,DIXDC1,Target,Target-Cell_growth
Cell_growth,PPP1CC,Target,Target-Cell_growth
Cell_growth,TNS4,Target,Target-Cell_growth
Cell_growth,CCL17,Target,Target-Cell_growth
Cell_growth,CNN2,Target,Target-Cell_growth
Cell_growth,LCE3B,Target,Target-Cell_growth
Cell_growth,LCE3A,Target,Target-Cell_growth
Cell_growth,TRAF5,Target,Target-Cell_growth
Cell_growth,CD99L2,Target,Target-Cell_growth
Cell_growth,MAML2,Target,Target-Cell_growth
Cell_growth,PCBP2,Target,Target-Cell_growth
Cell_growth,CLIC3,Target,Target-Cell_growth
Cell_growth,TAC1,Target,Target-Cell_growth
Cell_growth,OPTC,Target,Target-Cell_growth
Cell_growth,ROMO1,Target,Target-Cell_growth
Cell_growth,IL2,Target,Target-Cell_growth
Cell_growth,RRAS,Target,Target-Cell_growth
Cell_growth,FZD7,Target,Target-Cell_growth
Cell_growth,PLAU,Target,Target-Cell_growth
Cell_growth,MAML3,Target,Target-Cell_growth
Cell_growth,FZD4,Target,Target-Cell_growth
Cell_growth,XCL1,Target,Target-Cell_growth
Cell_growth,NTS,Target,Target-Cell_growth
Cell_growth,ADAMTS10,Target,Target-Cell_growth
Cell_growth,FES,Target,Target-Cell_growth
Cell_growth,SCARF2,Target,Target-Cell_growth
Cell_growth,CASS4,Target,Target-Cell_growth
Cell_growth,FZD3,Target,Target-Cell_growth
Cell_growth,FHL3,Target,Target-Cell_growth
Cell_growth,DOCK7,Target,Target-Cell_growth
Cell_growth,FZD1,Target,Target-Cell_growth
Cell_growth,SNTB1,Target,Target-Cell_growth
Cell_growth,LYZ,Target,Target-Cell_growth
Cell_growth,TNS1,Target,Target-Cell_growth
Cell_growth,TLN2,Target,Target-Cell_growth
Cell_growth,TNS3,Target,Target-Cell_growth
Cell_growth,ZG16,Target,Target-Cell_growth
Cell_growth,H2BC12,Target,Target-Cell_growth
Cell_growth,LCE3C,Target,Target-Cell_growth
Cell_growth,MPRIP,Target,Target-Cell_growth
Cell_growth,SORBS3,Target,Target-Cell_growth
Cell_growth,DEFA6,Target,Target-Cell_growth
Cell_growth,DEFA5,Target,Target-Cell_growth
Cell_growth,RPLP1,Target,Target-Cell_growth
Cell_growth,IHH,Target,Target-Cell_growth
Cell_growth,HTN3,Target,Target-Cell_growth
Cell_growth,CCL18,Target,Target-Cell_growth
Cell_growth,FOCAD,Target,Target-Cell_growth
Cell_growth,ELN,Target,Target-Cell_growth
Cell_growth,TGM4,Target,Target-Cell_growth
Cell_growth,ISG15,Target,Target-Cell_growth
Cell_growth,FZD2,Target,Target-Cell_growth
Cell_growth,ADAMTSL5,Target,Target-Cell_growth
Cell_growth,COMP,Target,Target-Cell_growth
Cell_growth,SPRY4,Target,Target-Cell_growth
Cell_growth,COL6A3,Target,Target-Cell_growth
Cell_growth,ADD1,Target,Target-Cell_growth
Cell_growth,GIT2,Target,Target-Cell_growth
Cell_growth,SEMG1,Target,Target-Cell_growth
Cell_growth,FZD5,Target,Target-Cell_growth
Cell_growth,LAYN,Target,Target-Cell_growth
Cell_growth,TSPAN9,Target,Target-Cell_growth
Cell_growth,PGLYRP3,Target,Target-Cell_growth
Cell_growth,PGLYRP4,Target,Target-Cell_growth
Cell_growth,ENG,Target,Target-Cell_growth
Cell_growth,PARVA,Target,Target-Cell_growth
Cell_growth,RND3,Target,Target-Cell_growth
Cell_growth,CD99,Target,Target-Cell_growth
Cell_growth,DEFB103A,Target,Target-Cell_growth
Cell_growth,G3BP1,Target,Target-Cell_growth
Cell_growth,DEFB4A,Target,Target-Cell_growth
Cell_growth,NRARP,Target,Target-Cell_growth
Cell_growth,HACD3,Target,Target-Cell_growth
Cell_growth,ARHGAP22,Target,Target-Cell_growth
Cell_growth,FBLN7,Target,Target-Cell_growth
Cell_growth,CNN1,Target,Target-Cell_growth
Cell_growth,TNS2,Target,Target-Cell_growth
Cell_growth,KRAS,Target,Target-Cell_growth
Cell_growth,MUC7,Target,Target-Cell_growth
Cell_growth,CD151,Target,Target-Cell_growth
Cell_growth,MFAP4,Target,Target-Cell_growth
Cell_growth,MFAP1,Target,Target-Cell_growth
Cell_growth,DEFB128,Target,Target-Cell_growth
Cell_growth,CDH13,Target,Target-Cell_growth
Cell_growth,CXCL13,Target,Target-Cell_growth
Cell_growth,COCH,Target,Target-Cell_growth
Cell_growth,SCARB2,Target,Target-Cell_growth
Cell_growth,BUB1,Target,Target-Cell_growth
Cell_growth,CSRP2,Target,Target-Cell_growth
Cell_growth,RNASE7,Target,Target-Cell_growth
Cell_growth,PAK4,Target,Target-Cell_growth
Cell_growth,FBLIM1,Target,Target-Cell_growth
Cell_growth,CCL19,Target,Target-Cell_growth
Cell_growth,SOD3,Target,Target-Cell_growth
Cell_growth,GNLY,Target,Target-Cell_growth
Cell_growth,SPOCK3,Target,Target-Cell_growth
Cell_growth,RPL9,Target,Target-Cell_growth
Cell_growth,CASK,Target,Target-Cell_growth
Cell_growth,WNT3,Target,Target-Cell_growth
Cell_growth,DEDD2,Target,Target-Cell_growth
Cell_growth,HAMP,Target,Target-Cell_growth
Cell_growth,LAMA2,Target,Target-Cell_growth
Cell_growth,PLAUR,Target,Target-Cell_growth
Cell_growth,NAT10,Target,Target-Cell_growth
Cell_growth,AFAP1,Target,Target-Cell_growth
Cell_growth,KIF23,Target,Target-Cell_growth
Cell_growth,TRIOBP,Target,Target-Cell_growth
Cell_growth,PGLYRP1,Target,Target-Cell_growth
Cell_growth,LRP6,Target,Target-Cell_growth
Cell_growth,CXCL2,Target,Target-Cell_growth
Cell_growth,FERMT2,Target,Target-Cell_growth
Cell_growth,CXCL6,Target,Target-Cell_growth
Cell_growth,CD177,Target,Target-Cell_growth
Cell_growth,IL15,Target,Target-Cell_growth
Cell_growth,CHRNB4,Target,Target-Cell_growth
Cell_growth,SERPINF1,Target,Target-Cell_growth
Cell_growth,CHRNA5,Target,Target-Cell_growth
Cell_growth,PRG3,Target,Target-Cell_growth
Cell_growth,LYVE1,Target,Target-Cell_growth
Cell_growth,CCDC61,Target,Target-Cell_growth
Cell_growth,CALCRL,Target,Target-Cell_growth
Cell_growth,SLC45A2,Target,Target-Cell_growth
Cell_growth,MRC1,Target,Target-Cell_growth
Cell_growth,PLA2G1B,Target,Target-Cell_growth
Cell_growth,RTKN,Target,Target-Cell_growth
Cell_growth,CFAP77,Target,Target-Cell_growth
Cell_growth,IRF3,Target,Target-Cell_growth
Cell_growth,ADM,Target,Target-Cell_growth
Cell_growth,GRK4,Target,Target-Cell_growth
Cell_growth,CHRNA3,Target,Target-Cell_growth
Cell_growth,KIF11,Target,Target-Cell_growth
Cell_growth,XIAP,Target,Target-Cell_growth
Cell_growth,OCA2,Target,Target-Cell_growth
Cell_growth,GRK3,Target,Target-Cell_growth
Cell_growth,CEP162,Target,Target-Cell_growth
Cell_growth,BRMS1,Target,Target-Cell_growth
Cell_growth,CHRNA2,Target,Target-Cell_growth
Cell_growth,NAIP,Target,Target-Cell_growth
Cell_growth,BANF1,Target,Target-Cell_growth
Cell_growth,PTPN2,Target,Target-Cell_growth
Cell_growth,CHRNB2,Target,Target-Cell_growth
Cell_growth,CHRNA4,Target,Target-Cell_growth
Cell_growth,NRG1,Target,Target-Cell_growth
Cell_growth,UBE2C,Target,Target-Cell_growth
Cell_growth,RBPMS,Target,Target-Cell_growth
Cell_growth,C2CD2L,Target,Target-Cell_growth
Cell_growth,ZNF385B,Target,Target-Cell_growth
Cell_growth,BLOC1S3,Target,Target-Cell_growth
Cell_growth,CD300H,Target,Target-Cell_growth
Cell_growth,POC1B,Target,Target-Cell_growth
Cell_growth,DYNC2I1,Target,Target-Cell_growth
Cell_growth,DZIP1L,Target,Target-Cell_growth
Cell_growth,ZNF70,Target,Target-Cell_growth
Cell_growth,ZNF622,Target,Target-Cell_growth
Cell_growth,ASPH,Target,Target-Cell_growth
Cell_growth,CNOT4,Target,Target-Cell_growth
Cell_growth,TBC1D31,Target,Target-Cell_growth
Cell_growth,POC1A,Target,Target-Cell_growth
Cell_growth,PTPN23,Target,Target-Cell_growth
Cell_growth,TMX1,Target,Target-Cell_growth
Cell_growth,PPP1R13B,Target,Target-Cell_growth
Cell_growth,TP53BP2,Target,Target-Cell_growth
Cell_growth,STIMATE,Target,Target-Cell_growth
Cell_growth,LANCL2,Target,Target-Cell_growth
Cell_growth,TOPORS,Target,Target-Cell_growth
Cell_growth,RTTN,Target,Target-Cell_growth
Cell_growth,CRK,Target,Target-Cell_growth
Cell_growth,DDR1,Target,Target-Cell_growth
Cell_growth,PRXL2A,Target,Target-Cell_growth
Cell_growth,JADE1,Target,Target-Cell_growth
Cell_growth,ZNF365,Target,Target-Cell_growth
Cell_growth,NPM2,Target,Target-Cell_growth
Cell_growth,GYPC,Target,Target-Cell_growth
Cell_growth,ARL6IP5,Target,Target-Cell_growth
Cell_growth,RABEP2,Target,Target-Cell_growth
Cell_growth,RABL2B,Target,Target-Cell_growth
Cell_growth,ANAPC11,Target,Target-Cell_growth
Cell_growth,CASP9,Target,Target-Cell_growth
Cell_growth,PRKCI,Target,Target-Cell_growth
Cell_growth,GFI1,Target,Target-Cell_growth
Cell_growth,C1QTNF1,Target,Target-Cell_growth
Cell_growth,WRAP73,Target,Target-Cell_growth
Cell_growth,TBC1D7,Target,Target-Cell_growth
Cell_growth,CBFA2T2,Target,Target-Cell_growth
Cell_growth,SPTBN4,Target,Target-Cell_growth
Cell_growth,CEP78,Target,Target-Cell_growth
Cell_growth,CHEK2,Target,Target-Cell_growth
Cell_growth,OSBPL8,Target,Target-Cell_growth
Cell_growth,IFI35,Target,Target-Cell_growth
Cell_growth,NDC80,Target,Target-Cell_growth
Cell_growth,TAC3,Target,Target-Cell_growth
Cell_growth,ZNF675,Target,Target-Cell_growth
Cell_growth,GPR55,Target,Target-Cell_growth
Cell_growth,MOSPD2,Target,Target-Cell_growth
Cell_growth,DEFB124,Target,Target-Cell_growth
Cell_growth,S100A14,Target,Target-Cell_growth
Cell_growth,SLURP2,Target,Target-Cell_growth
Cell_growth,PDE4DIP,Target,Target-Cell_growth
Cell_growth,AREL1,Target,Target-Cell_growth
Cell_growth,NECAB3,Target,Target-Cell_growth
Cell_growth,CNEP1R1,Target,Target-Cell_growth
Cell_growth,PNPLA1,Target,Target-Cell_growth
Cell_growth,TMEM131L,Target,Target-Cell_growth
Cell_growth,ENDOV,Target,Target-Cell_growth
Cell_growth,OTULINL,Target,Target-Cell_growth
Cell_growth,FAM193B,Target,Target-Cell_growth
Cell_growth,RHAG,Target,Target-Cell_growth
Cell_growth,IL4R,Target,Target-Cell_growth
Cell_growth,CCNYL1,Target,Target-Cell_growth
Cell_growth,SP100,Target,Target-Cell_growth
Cell_growth,AMER2,Target,Target-Cell_growth
Cell_growth,WIPI1,Target,Target-Cell_growth
Cell_growth,GLRA2,Target,Target-Cell_growth
Cell_growth,PTTG1IP,Target,Target-Cell_growth
Cell_growth,METTL4,Target,Target-Cell_growth
Cell_growth,MTURN,Target,Target-Cell_growth
Cell_growth,ASCC3,Target,Target-Cell_growth
Cell_growth,MIER2,Target,Target-Cell_growth
Cell_growth,UNC80,Target,Target-Cell_growth
Cell_growth,RALGAPA2,Target,Target-Cell_growth
Cell_growth,PTPN9,Target,Target-Cell_growth
Cell_growth,MAGEA1,Target,Target-Cell_growth
Cell_growth,ZNF746,Target,Target-Cell_growth
Cell_growth,DOCK4,Target,Target-Cell_growth
Cell_growth,PTH1R,Target,Target-Cell_growth
Cell_growth,ADIPOR2,Target,Target-Cell_growth
Cell_growth,SPART,Target,Target-Cell_growth
Cell_growth,SLC2A7,Target,Target-Cell_growth
Cell_growth,WNT1,Target,Target-Cell_growth
Cell_growth,NLRP10,Target,Target-Cell_growth
Cell_growth,BLMH,Target,Target-Cell_growth
Cell_growth,OVCA2,Target,Target-Cell_growth
Cell_growth,RFFL,Target,Target-Cell_growth
Cell_growth,ENTREP1,Target,Target-Cell_growth
Cell_growth,PTGER2,Target,Target-Cell_growth
Cell_growth,PTGER3,Target,Target-Cell_growth
Cell_growth,SSH1,Target,Target-Cell_growth
Cell_growth,ITSN1,Target,Target-Cell_growth
Cell_growth,IFNL4,Target,Target-Cell_growth
Cell_growth,NUBP1,Target,Target-Cell_growth
Cell_growth,AK9,Target,Target-Cell_growth
Cell_growth,PDXK,Target,Target-Cell_growth
Cell_growth,PIK3C2B,Target,Target-Cell_growth
Cell_growth,ANXA8,Target,Target-Cell_growth
Cell_growth,DGKD,Target,Target-Cell_growth
Cell_growth,ANO5,Target,Target-Cell_growth
Cell_growth,CYP2D7,Target,Target-Cell_growth
Cell_growth,HSPB3,Target,Target-Cell_growth
Cell_growth,OPN5,Target,Target-Cell_growth
Cell_growth,PTP4A2,Target,Target-Cell_growth
Cell_growth,GEMIN2,Target,Target-Cell_growth
Cell_growth,SPIN4,Target,Target-Cell_growth
Cell_growth,RBMS3,Target,Target-Cell_growth
Cell_growth,BACH1,Target,Target-Cell_growth
Cell_growth,MYCNOS,Target,Target-Cell_growth
Cell_growth,POLR3A,Target,Target-Cell_growth
Cell_growth,SERPINB8,Target,Target-Cell_growth
Cell_growth,CERKL,Target,Target-Cell_growth
Cell_growth,TMEM198,Target,Target-Cell_growth
Cell_growth,CHAF1B,Target,Target-Cell_growth
Cell_growth,RNF182,Target,Target-Cell_growth
Cell_growth,OPN1MW,Target,Target-Cell_growth
Cell_growth,KCTD17,Target,Target-Cell_growth
Cell_growth,CPSF7,Target,Target-Cell_growth
Cell_growth,DRAM1,Target,Target-Cell_growth
Cell_growth,TMEM86B,Target,Target-Cell_growth
Cell_growth,LZTR1,Target,Target-Cell_growth
Cell_growth,NSUN2,Target,Target-Cell_growth
Cell_growth,LSM12,Target,Target-Cell_growth
Cell_growth,KCTD5,Target,Target-Cell_growth
Cell_growth,TMEM258,Target,Target-Cell_growth
Cell_growth,ARRDC1,Target,Target-Cell_growth
Cell_growth,SEC24C,Target,Target-Cell_growth
Cell_growth,SRARP,Target,Target-Cell_growth
Cell_growth,FTSJ1,Target,Target-Cell_growth
Cell_growth,HTR5A,Target,Target-Cell_growth
Cell_growth,PSMG1,Target,Target-Cell_growth
Cell_growth,MFHAS1,Target,Target-Cell_growth
Cell_growth,ARMC5,Target,Target-Cell_growth
Cell_growth,ANKRD9,Target,Target-Cell_growth
Cell_growth,ADGRD1,Target,Target-Cell_growth
Cell_growth,SLC22A18,Target,Target-Cell_growth
Cell_growth,GSTCD,Target,Target-Cell_growth
Cell_growth,MMACHC,Target,Target-Cell_growth
Cell_growth,CMAHP,Target,Target-Cell_growth
Cell_growth,PIK3C3,Target,Target-Cell_growth
Cell_growth,REPS1,Target,Target-Cell_growth
Cell_growth,SPSB1,Target,Target-Cell_growth
Cell_growth,NEU2,Target,Target-Cell_growth
Cell_growth,HCN4,Target,Target-Cell_growth
Cell_growth,RABGAP1,Target,Target-Cell_growth
Cell_growth,ISG20,Target,Target-Cell_growth
Cell_growth,EEF1AKMT3,Target,Target-Cell_growth
Cell_growth,GMPPB,Target,Target-Cell_growth
Cell_growth,TTC28,Target,Target-Cell_growth
Cell_growth,FBXO7,Target,Target-Cell_growth
Cell_growth,RTCB,Target,Target-Cell_growth
Cell_growth,MOCS3,Target,Target-Cell_growth
Cell_growth,SLU7,Target,Target-Cell_growth
Cell_growth,ENTPD6,Target,Target-Cell_growth
Cell_growth,TNFAIP8,Target,Target-Cell_growth
Cell_growth,THRA,Target,Target-Cell_growth
Cell_growth,EIF2S2,Target,Target-Cell_growth
Cell_growth,ATXN7L3B,Target,Target-Cell_growth
Cell_growth,HLCS,Target,Target-Cell_growth
Cell_growth,P2RX5,Target,Target-Cell_growth
Cell_growth,NAPRT,Target,Target-Cell_growth
Cell_growth,NAA80,Target,Target-Cell_growth
Cell_growth,AKR1B15,Target,Target-Cell_growth
Cell_growth,TOP2B,Target,Target-Cell_growth
Cell_growth,ITPKB,Target,Target-Cell_growth
Cell_growth,FSHR,Target,Target-Cell_growth
Cell_growth,RNF34,Target,Target-Cell_growth
Cell_growth,KCNK3,Target,Target-Cell_growth
Cell_growth,FBXW7,Target,Target-Cell_growth
Cell_growth,CCS,Target,Target-Cell_growth
Cell_growth,MEOX2,Target,Target-Cell_growth
Cell_growth,C8orf17,Target,Target-Cell_growth
Cell_growth,NDUFAF6,Target,Target-Cell_growth
Cell_growth,ZFP42,Target,Target-Cell_growth
Cell_growth,TM7SF3,Target,Target-Cell_growth
Cell_growth,NLRP4,Target,Target-Cell_growth
Cell_growth,ELAC1,Target,Target-Cell_growth
Cell_growth,FCHO1,Target,Target-Cell_growth
Cell_growth,SOCS7,Target,Target-Cell_growth
Cell_growth,HNMT,Target,Target-Cell_growth
Cell_growth,FIRRM,Target,Target-Cell_growth
Cell_growth,CARD8,Target,Target-Cell_growth
Cell_growth,EFR3B,Target,Target-Cell_growth
Cell_growth,TRIM52,Target,Target-Cell_growth
Cell_growth,ZNRF1,Target,Target-Cell_growth
Cell_growth,CARMIL3,Target,Target-Cell_growth
Cell_growth,TP53INP1,Target,Target-Cell_growth
Cell_growth,ADIPOR1,Target,Target-Cell_growth
Cell_growth,TGM6,Target,Target-Cell_growth
Cell_growth,SBF1,Target,Target-Cell_growth
Cell_growth,KIF4A,Target,Target-Cell_growth
Cell_growth,TENT5B,Target,Target-Cell_growth
Cell_growth,HSPB7,Target,Target-Cell_growth
Cell_growth,DAGLB,Target,Target-Cell_growth
Cell_growth,DRG1,Target,Target-Cell_growth
Cell_growth,NDOR1,Target,Target-Cell_growth
Cell_growth,ITM2B,Target,Target-Cell_growth
Cell_growth,NUDC,Target,Target-Cell_growth
Cell_growth,RNF14,Target,Target-Cell_growth
Cell_growth,RNF6,Target,Target-Cell_growth
Cell_growth,GEMIN4,Target,Target-Cell_growth
Cell_growth,RTRAF,Target,Target-Cell_growth
Cell_growth,ORAI1,Target,Target-Cell_growth
Cell_growth,PAXBP1,Target,Target-Cell_growth
Cell_growth,CTDP1,Target,Target-Cell_growth
Cell_growth,ADCY4,Target,Target-Cell_growth
Cell_growth,TLCD1,Target,Target-Cell_growth
Cell_growth,MITF,Target,Target-Cell_growth
Cell_growth,HSPB2,Target,Target-Cell_growth
Cell_growth,RBM47,Target,Target-Cell_growth
Cell_growth,CLDN14,Target,Target-Cell_growth
Cell_growth,PROKR2,Target,Target-Cell_growth
Cell_growth,RAP1GAP,Target,Target-Cell_growth
Cell_growth,TNNI3K,Target,Target-Cell_growth
Cell_growth,TIFA,Target,Target-Cell_growth
Cell_growth,WIPI2,Target,Target-Cell_growth
Cell_growth,GSTT1,Target,Target-Cell_growth
Cell_growth,PRSS33,Target,Target-Cell_growth
Cell_growth,GGCT,Target,Target-Cell_growth
Cell_growth,TRPV3,Target,Target-Cell_growth
Cell_growth,DCPS,Target,Target-Cell_growth
Cell_growth,SEC24B,Target,Target-Cell_growth
Cell_growth,GEMIN6,Target,Target-Cell_growth
Cell_growth,COPS9,Target,Target-Cell_growth
Cell_growth,HTR3C,Target,Target-Cell_growth
Cell_growth,RUFY2,Target,Target-Cell_growth
Cell_growth,DDX42,Target,Target-Cell_growth
Cell_growth,PEX7,Target,Target-Cell_growth
Cell_growth,PIR,Target,Target-Cell_growth
Cell_growth,LIPH,Target,Target-Cell_growth
Cell_growth,PTPN14,Target,Target-Cell_growth
Cell_growth,ZNHIT3,Target,Target-Cell_growth
Cell_growth,OASL,Target,Target-Cell_growth
Cell_growth,TARBP2,Target,Target-Cell_growth
Cell_growth,TRUB1,Target,Target-Cell_growth
Cell_growth,TUT4,Target,Target-Cell_growth
Cell_growth,DCAF8,Target,Target-Cell_growth
Cell_growth,SELE,Target,Target-Cell_growth
Cell_growth,EIF5A,Target,Target-Cell_growth
Cell_growth,BARD1,Target,Target-Cell_growth
Cell_growth,ABCA8,Target,Target-Cell_growth
Cell_growth,SFRP4,Target,Target-Cell_growth
Cell_growth,NR0B2,Target,Target-Cell_growth
Cell_growth,EEF1G,Target,Target-Cell_growth
Cell_growth,SEC23A,Target,Target-Cell_growth
Cell_growth,STYX,Target,Target-Cell_growth
Cell_growth,SLC22A17,Target,Target-Cell_growth
Cell_growth,RDH10,Target,Target-Cell_growth
Cell_growth,ZNF425,Target,Target-Cell_growth
Cell_growth,TTMP,Target,Target-Cell_growth
Cell_growth,SASH1,Target,Target-Cell_growth
Cell_growth,PHF14,Target,Target-Cell_growth
Cell_growth,WDFY3,Target,Target-Cell_growth
Cell_growth,TMCC1,Target,Target-Cell_growth
Cell_growth,NT5C,Target,Target-Cell_growth
Cell_growth,METTL6,Target,Target-Cell_growth
Cell_growth,CELF3,Target,Target-Cell_growth
Cell_growth,WDR20,Target,Target-Cell_growth
Cell_growth,GLYCTK,Target,Target-Cell_growth
Cell_growth,PHYHIP,Target,Target-Cell_growth
Cell_growth,BAP1,Target,Target-Cell_growth
Cell_growth,MRPS27,Target,Target-Cell_growth
Cell_growth,PSMF1,Target,Target-Cell_growth
Cell_growth,TLCD3A,Target,Target-Cell_growth
Cell_growth,SEC14L1,Target,Target-Cell_growth
Cell_growth,TBC1D16,Target,Target-Cell_growth
Cell_growth,MAP4K3,Target,Target-Cell_growth
Cell_growth,MMAA,Target,Target-Cell_growth
Cell_growth,GRAMD2A,Target,Target-Cell_growth
Cell_growth,APOBEC3F,Target,Target-Cell_growth
Cell_growth,HMGCLL1,Target,Target-Cell_growth
Cell_growth,ARMC8,Target,Target-Cell_growth
Cell_growth,CREBRF,Target,Target-Cell_growth
Cell_growth,SIGLEC1,Target,Target-Cell_growth
Cell_growth,MPLKIP,Target,Target-Cell_growth
Cell_growth,LMO3,Target,Target-Cell_growth
Cell_growth,UBXN6,Target,Target-Cell_growth
Cell_growth,RBM45,Target,Target-Cell_growth
Cell_growth,HAAO,Target,Target-Cell_growth
Cell_growth,PTPA,Target,Target-Cell_growth
Cell_growth,UTRN,Target,Target-Cell_growth
Cell_growth,PEX5L,Target,Target-Cell_growth
Cell_growth,TBCK,Target,Target-Cell_growth
Cell_growth,AIP,Target,Target-Cell_growth
Cell_growth,TMEM192,Target,Target-Cell_growth
Cell_growth,KLHDC8B,Target,Target-Cell_growth
Cell_growth,DDX39A,Target,Target-Cell_growth
Cell_growth,NUDT1,Target,Target-Cell_growth
Cell_growth,MICAL1,Target,Target-Cell_growth
Cell_growth,SYMPK,Target,Target-Cell_growth
Cell_growth,CREBBP,Target,Target-Cell_growth
Cell_growth,ACMSD,Target,Target-Cell_growth
Cell_growth,KBTBD2,Target,Target-Cell_growth
Cell_growth,LRRC8C,Target,Target-Cell_growth
Cell_growth,ETFBKMT,Target,Target-Cell_growth
Cell_growth,PARP9,Target,Target-Cell_growth
Cell_growth,DDX60,Target,Target-Cell_growth
Cell_growth,GPBAR1,Target,Target-Cell_growth
Cell_growth,USP6NL,Target,Target-Cell_growth
Cell_growth,TBCB,Target,Target-Cell_growth
Cell_growth,ELP5,Target,Target-Cell_growth
Cell_growth,MYCBP,Target,Target-Cell_growth
Cell_growth,KCNG4,Target,Target-Cell_growth
Cell_growth,DNAJA4,Target,Target-Cell_growth
Cell_growth,ENPP6,Target,Target-Cell_growth
Cell_growth,ANO7,Target,Target-Cell_growth
Cell_growth,TWIST2,Target,Target-Cell_growth
Cell_growth,NR0B1,Target,Target-Cell_growth
Cell_growth,INTS11,Target,Target-Cell_growth
Cell_growth,RNF187,Target,Target-Cell_growth
Cell_growth,BTN3A3,Target,Target-Cell_growth
Cell_growth,GPX4,Target,Target-Cell_growth
Cell_growth,SERPINB5,Target,Target-Cell_growth
Cell_growth,PIK3C2A,Target,Target-Cell_growth
Cell_growth,MITD1,Target,Target-Cell_growth
Cell_growth,CMKLR1,Target,Target-Cell_growth
Cell_growth,TRIM37,Target,Target-Cell_growth
Cell_growth,PLCB4,Target,Target-Cell_growth
Cell_growth,PMVK,Target,Target-Cell_growth
Cell_growth,ACTRT1,Target,Target-Cell_growth
Cell_growth,SLC2A14,Target,Target-Cell_growth
Cell_growth,DTX3L,Target,Target-Cell_growth
Cell_growth,GSTT2B,Target,Target-Cell_growth
Cell_growth,GSTT2,Target,Target-Cell_growth
Cell_growth,TRIM48,Target,Target-Cell_growth
Cell_growth,CDAN1,Target,Target-Cell_growth
Cell_growth,ARHGAP12,Target,Target-Cell_growth
Cell_growth,UBR1,Target,Target-Cell_growth
Cell_growth,PREX1,Target,Target-Cell_growth
Cell_growth,LARP4B,Target,Target-Cell_growth
Cell_growth,LPGAT1,Target,Target-Cell_growth
Cell_growth,NCF4,Target,Target-Cell_growth
Cell_growth,EEA1,Target,Target-Cell_growth
Cell_growth,GPR20,Target,Target-Cell_growth
Cell_growth,MON1B,Target,Target-Cell_growth
Cell_growth,LTN1,Target,Target-Cell_growth
Cell_growth,SPSB2,Target,Target-Cell_growth
Cell_growth,NALCN,Target,Target-Cell_growth
Cell_growth,SLC22A15,Target,Target-Cell_growth
Cell_growth,RTKN2,Target,Target-Cell_growth
Cell_growth,LARP4,Target,Target-Cell_growth
Cell_growth,GPR31,Target,Target-Cell_growth
Cell_growth,KATNAL2,Target,Target-Cell_growth
Cell_growth,CMTR2,Target,Target-Cell_growth
Cell_growth,ZNF540,Target,Target-Cell_growth
Cell_growth,CIAO2B,Target,Target-Cell_growth
Cell_growth,TPRKB,Target,Target-Cell_growth
Cell_growth,EXOSC8,Target,Target-Cell_growth
Cell_growth,EMC9,Target,Target-Cell_growth
Cell_growth,MPIG6B,Target,Target-Cell_growth
Cell_growth,OLFM2,Target,Target-Cell_growth
Cell_growth,APOBEC3D,Target,Target-Cell_growth
Cell_growth,SAR1B,Target,Target-Cell_growth
Cell_growth,AP4B1,Target,Target-Cell_growth
Cell_growth,CDIN1,Target,Target-Cell_growth
Cell_growth,TEX264,Target,Target-Cell_growth
Cell_growth,MEMO1,Target,Target-Cell_growth
Cell_growth,NOSIP,Target,Target-Cell_growth
Cell_growth,OAS3,Target,Target-Cell_growth
Cell_growth,ADORA1,Target,Target-Cell_growth
Cell_growth,LRPAP1,Target,Target-Cell_growth
Cell_growth,KLHL20,Target,Target-Cell_growth
Cell_growth,HMOX2,Target,Target-Cell_growth
Cell_growth,SSUH2,Target,Target-Cell_growth
Cell_growth,CHRNA9,Target,Target-Cell_growth
Cell_growth,PCBP3,Target,Target-Cell_growth
Cell_growth,MTMR6,Target,Target-Cell_growth
Cell_growth,MTMR7,Target,Target-Cell_growth
Cell_growth,TRPC6,Target,Target-Cell_growth
Cell_growth,CPNE7,Target,Target-Cell_growth
Cell_growth,FLG,Target,Target-Cell_growth
Cell_growth,SCCPDH,Target,Target-Cell_growth
Cell_growth,TM4SF1,Target,Target-Cell_growth
Cell_growth,XPR1,Target,Target-Cell_growth
Cell_growth,NHLRC2,Target,Target-Cell_growth
Cell_growth,THOC1,Target,Target-Cell_growth
Cell_growth,TMEM233,Target,Target-Cell_growth
Cell_growth,AFG2A,Target,Target-Cell_growth
Cell_growth,UBE2G2,Target,Target-Cell_growth
Cell_growth,GRSF1,Target,Target-Cell_growth
Cell_growth,MAP3K7CL,Target,Target-Cell_growth
Cell_growth,IRF8,Target,Target-Cell_growth
Cell_growth,DIABLO,Target,Target-Cell_growth
Cell_growth,WBP2,Target,Target-Cell_growth
Cell_growth,TRIM63,Target,Target-Cell_growth
Cell_growth,FBXO32,Target,Target-Cell_growth
Cell_growth,SLC6A2,Target,Target-Cell_growth
Cell_growth,ENC1,Target,Target-Cell_growth
Cell_growth,TAAR8,Target,Target-Cell_growth
Cell_growth,ALDH1A3,Target,Target-Cell_growth
Cell_growth,CLUH,Target,Target-Cell_growth
Cell_growth,PABIR1,Target,Target-Cell_growth
Cell_growth,MFAP3L,Target,Target-Cell_growth
Cell_growth,VWCE,Target,Target-Cell_growth
Cell_growth,AOC2,Target,Target-Cell_growth
Cell_growth,OR5AN1,Target,Target-Cell_growth
Cell_growth,HEBP2,Target,Target-Cell_growth
Cell_growth,SCN10A,Target,Target-Cell_growth
Cell_growth,NPFFR2,Target,Target-Cell_growth
Cell_growth,KCNMB2,Target,Target-Cell_growth
Cell_growth,USP16,Target,Target-Cell_growth
Cell_growth,NOX1,Target,Target-Cell_growth
Cell_growth,ABCF1,Target,Target-Cell_growth
Cell_growth,PUS1,Target,Target-Cell_growth
Cell_growth,SRPRB,Target,Target-Cell_growth
Cell_growth,HSPA6,Target,Target-Cell_growth
Cell_growth,EEF1AKMT2,Target,Target-Cell_growth
Cell_growth,UCHL5,Target,Target-Cell_growth
Cell_growth,PHLDA3,Target,Target-Cell_growth
Cell_growth,C2CD2,Target,Target-Cell_growth
Cell_growth,TSTD1,Target,Target-Cell_growth
Cell_growth,DBF4B,Target,Target-Cell_growth
Cell_growth,ZNF330,Target,Target-Cell_growth
Cell_growth,ANKRD17,Target,Target-Cell_growth
Cell_growth,EEF2KMT,Target,Target-Cell_growth
Cell_growth,PGM2,Target,Target-Cell_growth
Cell_growth,PAIP1,Target,Target-Cell_growth
Cell_growth,USP12,Target,Target-Cell_growth
Cell_growth,IMPDH1,Target,Target-Cell_growth
Cell_growth,NEIL1,Target,Target-Cell_growth
Cell_growth,PFDN2,Target,Target-Cell_growth
Cell_growth,LGALS13,Target,Target-Cell_growth
Cell_growth,LHPP,Target,Target-Cell_growth
Cell_growth,UBE2B,Target,Target-Cell_growth
Cell_growth,PRSS50,Target,Target-Cell_growth
Cell_growth,BAIAP2L1,Target,Target-Cell_growth
Cell_growth,USP25,Target,Target-Cell_growth
Cell_growth,ANKZF1,Target,Target-Cell_growth
Cell_growth,UXT,Target,Target-Cell_growth
Cell_growth,DDX20,Target,Target-Cell_growth
Cell_growth,MVB12A,Target,Target-Cell_growth
Cell_growth,PIN4,Target,Target-Cell_growth
Cell_growth,SCAND3,Target,Target-Cell_growth
Cell_growth,DNAJB8,Target,Target-Cell_growth
Cell_growth,RBM33,Target,Target-Cell_growth
Cell_growth,STEAP1,Target,Target-Cell_growth
Cell_growth,UBQLN2,Target,Target-Cell_growth
Cell_growth,NXF1,Target,Target-Cell_growth
Cell_growth,RITA1,Target,Target-Cell_growth
Cell_growth,SRMS,Target,Target-Cell_growth
Cell_growth,CA9,Target,Target-Cell_growth
Cell_growth,ANO4,Target,Target-Cell_growth
Cell_growth,HAGH,Target,Target-Cell_growth
Cell_growth,FBXL15,Target,Target-Cell_growth
Cell_growth,STAP1,Target,Target-Cell_growth
Cell_growth,TP53TG3,Target,Target-Cell_growth
Cell_growth,VTA1,Target,Target-Cell_growth
Cell_growth,CA3,Target,Target-Cell_growth
Cell_growth,ARFGAP3,Target,Target-Cell_growth
Cell_growth,PADI3,Target,Target-Cell_growth
Cell_growth,KYNU,Target,Target-Cell_growth
Cell_growth,ZNRF3,Target,Target-Cell_growth
Cell_growth,MMADHC,Target,Target-Cell_growth
Cell_growth,PPM1H,Target,Target-Cell_growth
Cell_growth,BOLA2,Target,Target-Cell_growth
Cell_growth,STRIP2,Target,Target-Cell_growth
Cell_growth,TBC1D24,Target,Target-Cell_growth
Cell_growth,METTL2A,Target,Target-Cell_growth
Cell_growth,HERC2,Target,Target-Cell_growth
Cell_growth,SLC16A11,Target,Target-Cell_growth
Cell_growth,TMEM127,Target,Target-Cell_growth
Cell_growth,E2F4,Target,Target-Cell_growth
Cell_growth,INKA1,Target,Target-Cell_growth
Cell_growth,COLEC10,Target,Target-Cell_growth
Cell_growth,MLX,Target,Target-Cell_growth
Cell_growth,UAP1,Target,Target-Cell_growth
Cell_growth,LY96,Target,Target-Cell_growth
Cell_growth,MORC2,Target,Target-Cell_growth
Cell_growth,KLHL3,Target,Target-Cell_growth
Cell_growth,FAM98B,Target,Target-Cell_growth
Cell_growth,NDRG3,Target,Target-Cell_growth
Cell_growth,MTMR8,Target,Target-Cell_growth
Cell_growth,ELP4,Target,Target-Cell_growth
Cell_growth,PNMA1,Target,Target-Cell_growth
Cell_growth,SERGEF,Target,Target-Cell_growth
Cell_growth,ZRANB1,Target,Target-Cell_growth
Cell_growth,NPVF,Target,Target-Cell_growth
Cell_growth,FAXDC2,Target,Target-Cell_growth
Cell_growth,WWC3,Target,Target-Cell_growth
Cell_growth,ABHD14B,Target,Target-Cell_growth
Cell_growth,ADAP1,Target,Target-Cell_growth
Cell_growth,RNF123,Target,Target-Cell_growth
Cell_growth,PADI1,Target,Target-Cell_growth
Cell_growth,ACSL5,Target,Target-Cell_growth
Cell_growth,ITCH,Target,Target-Cell_growth
Cell_growth,EPB41L4B,Target,Target-Cell_growth
Cell_growth,CRYGC,Target,Target-Cell_growth
Cell_growth,RARS1,Target,Target-Cell_growth
Cell_growth,AMER1,Target,Target-Cell_growth
Cell_growth,HOOK1,Target,Target-Cell_growth
Cell_growth,LGR5,Target,Target-Cell_growth
Cell_growth,ACSBG1,Target,Target-Cell_growth
Cell_growth,SNF8,Target,Target-Cell_growth
Cell_growth,KATNA1,Target,Target-Cell_growth
Cell_growth,SDCBP2,Target,Target-Cell_growth
Cell_growth,TPTE2,Target,Target-Cell_growth
Cell_growth,CCDC8,Target,Target-Cell_growth
Cell_growth,ECD,Target,Target-Cell_growth
Cell_growth,FLG2,Target,Target-Cell_growth
Cell_growth,GBP3,Target,Target-Cell_growth
Cell_growth,AP5M1,Target,Target-Cell_growth
Cell_growth,KCNE5,Target,Target-Cell_growth
Cell_growth,NT5C3A,Target,Target-Cell_growth
Cell_growth,ATP11C,Target,Target-Cell_growth
Cell_growth,GGT7,Target,Target-Cell_growth
Cell_growth,INTS2,Target,Target-Cell_growth
Cell_growth,SHARPIN,Target,Target-Cell_growth
Cell_growth,DAPK2,Target,Target-Cell_growth
Cell_growth,TNFSF13,Target,Target-Cell_growth
Cell_growth,IDH1,Target,Target-Cell_growth
Cell_growth,SUSD3,Target,Target-Cell_growth
Cell_growth,CBR3,Target,Target-Cell_growth
Cell_growth,TRIM36,Target,Target-Cell_growth
Cell_growth,ADRB2,Target,Target-Cell_growth
Cell_growth,DUSP7,Target,Target-Cell_growth
Cell_growth,DUSP6,Target,Target-Cell_growth
Cell_growth,L1RE1,Target,Target-Cell_growth
Cell_growth,NFU1,Target,Target-Cell_growth
Cell_growth,TNFSF13B,Target,Target-Cell_growth
Cell_growth,DAPP1,Target,Target-Cell_growth
Cell_growth,ATXN8OS,Target,Target-Cell_growth
Cell_growth,MKKS,Target,Target-Cell_growth
Cell_growth,RHOJ,Target,Target-Cell_growth
Cell_growth,NXF3,Target,Target-Cell_growth
Cell_growth,DMAP1,Target,Target-Cell_growth
Cell_growth,OSGEP,Target,Target-Cell_growth
Cell_growth,CD320,Target,Target-Cell_growth
Cell_growth,TUBB1,Target,Target-Cell_growth
Cell_growth,SAV1,Target,Target-Cell_growth
Cell_growth,PPP4R4,Target,Target-Cell_growth
Cell_growth,TBC1D17,Target,Target-Cell_growth
Cell_growth,MEFV,Target,Target-Cell_growth
Cell_growth,CUL1,Target,Target-Cell_growth
Cell_growth,MTMR3,Target,Target-Cell_growth
Cell_growth,MTMR1,Target,Target-Cell_growth
Cell_growth,YRDC,Target,Target-Cell_growth
Cell_growth,TTC7B,Target,Target-Cell_growth
Cell_growth,SALL1,Target,Target-Cell_growth
Cell_growth,RANBP3,Target,Target-Cell_growth
Cell_growth,RNF167,Target,Target-Cell_growth
Cell_growth,EXO5,Target,Target-Cell_growth
Cell_growth,AGPAT3,Target,Target-Cell_growth
Cell_growth,EML3,Target,Target-Cell_growth
Cell_growth,APOBEC3C,Target,Target-Cell_growth
Cell_growth,UBQLN4,Target,Target-Cell_growth
Cell_growth,CDC42SE2,Target,Target-Cell_growth
Cell_growth,PLSCR4,Target,Target-Cell_growth
Cell_growth,DEFB130A,Target,Target-Cell_growth
Cell_growth,YARS1,Target,Target-Cell_growth
Cell_growth,ILRUN,Target,Target-Cell_growth
Cell_growth,AASDHPPT,Target,Target-Cell_growth
Cell_growth,SMYD5,Target,Target-Cell_growth
Cell_growth,CASR,Target,Target-Cell_growth
Cell_growth,UNC93A,Target,Target-Cell_growth
Cell_growth,OPRL1,Target,Target-Cell_growth
Cell_growth,PYDC2,Target,Target-Cell_growth
Cell_growth,ETNK1,Target,Target-Cell_growth
Cell_growth,TNFAIP1,Target,Target-Cell_growth
Cell_growth,EML4,Target,Target-Cell_growth
Cell_growth,METTL16,Target,Target-Cell_growth
Cell_growth,KCNMB4,Target,Target-Cell_growth
Cell_growth,CRYAA,Target,Target-Cell_growth
Cell_growth,LARP6,Target,Target-Cell_growth
Cell_growth,RIOK1,Target,Target-Cell_growth
Cell_growth,UVRAG,Target,Target-Cell_growth
Cell_growth,ZKSCAN3,Target,Target-Cell_growth
Cell_growth,ORAI3,Target,Target-Cell_growth
Cell_growth,VPS25,Target,Target-Cell_growth
Cell_growth,TXNDC17,Target,Target-Cell_growth
Cell_growth,NAA38,Target,Target-Cell_growth
Cell_growth,HAPSTR1,Target,Target-Cell_growth
Cell_growth,MFSD13A,Target,Target-Cell_growth
Cell_growth,ACBD6,Target,Target-Cell_growth
Cell_growth,AXDND1,Target,Target-Cell_growth
Cell_growth,HSPB9,Target,Target-Cell_growth
Cell_growth,EXOSC4,Target,Target-Cell_growth
Cell_growth,SLC41A2,Target,Target-Cell_growth
Cell_growth,USP47,Target,Target-Cell_growth
Cell_growth,CDC123,Target,Target-Cell_growth
Cell_growth,GRAP2,Target,Target-Cell_growth
Cell_growth,KCNMB3,Target,Target-Cell_growth
Cell_growth,UBR5,Target,Target-Cell_growth
Cell_growth,RPS6KA4,Target,Target-Cell_growth
Cell_growth,INMT,Target,Target-Cell_growth
Cell_growth,USP38,Target,Target-Cell_growth
Cell_growth,SERPINB13,Target,Target-Cell_growth
Cell_growth,MIGA1,Target,Target-Cell_growth
Cell_growth,OPN1SW,Target,Target-Cell_growth
Cell_growth,EEF1B2,Target,Target-Cell_growth
Cell_growth,EDNRB,Target,Target-Cell_growth
Cell_growth,CLDN9,Target,Target-Cell_growth
Cell_growth,STK17A,Target,Target-Cell_growth
Cell_growth,ABCA1,Target,Target-Cell_growth
Cell_growth,CTDNEP1,Target,Target-Cell_growth
Cell_growth,FOXR1,Target,Target-Cell_growth
Cell_growth,KATNAL1,Target,Target-Cell_growth
Cell_growth,CDHR3,Target,Target-Cell_growth
Cell_growth,ANKRD13D,Target,Target-Cell_growth
Cell_growth,SARG,Target,Target-Cell_growth
Cell_growth,KLHDC10,Target,Target-Cell_growth
Cell_growth,TRIM13,Target,Target-Cell_growth
Cell_growth,EIF5B,Target,Target-Cell_growth
Cell_growth,PAGE4,Target,Target-Cell_growth
Cell_growth,HGSNAT,Target,Target-Cell_growth
Cell_growth,XPC,Target,Target-Cell_growth
Cell_growth,SLFN13,Target,Target-Cell_growth
Cell_growth,KATNB1,Target,Target-Cell_growth
Cell_growth,IYD,Target,Target-Cell_growth
Cell_growth,TRAF4,Target,Target-Cell_growth
Cell_growth,CMKLR2,Target,Target-Cell_growth
Cell_growth,ULK3,Target,Target-Cell_growth
Cell_growth,SHQ1,Target,Target-Cell_growth
Cell_growth,BARGIN,Target,Target-Cell_growth
Cell_growth,GNA11,Target,Target-Cell_growth
Cell_growth,ADI1,Target,Target-Cell_growth
Cell_growth,DUSP26,Target,Target-Cell_growth
Cell_growth,THUMPD3,Target,Target-Cell_growth
Cell_growth,CCDC32,Target,Target-Cell_growth
Cell_growth,HTATIP2,Target,Target-Cell_growth
Cell_growth,GOLGA3,Target,Target-Cell_growth
Cell_growth,TMEM97,Target,Target-Cell_growth
Cell_growth,TMEM41B,Target,Target-Cell_growth
Cell_growth,EIF2AK2,Target,Target-Cell_growth
Cell_growth,FEM1A,Target,Target-Cell_growth
Cell_growth,EIF4E2,Target,Target-Cell_growth
Cell_growth,NMT2,Target,Target-Cell_growth
Cell_growth,OGA,Target,Target-Cell_growth
Cell_growth,ARMH3,Target,Target-Cell_growth
Cell_growth,PASK,Target,Target-Cell_growth
Cell_growth,AIRIM,Target,Target-Cell_growth
Cell_growth,KCNAB1,Target,Target-Cell_growth
Cell_growth,ALG10B,Target,Target-Cell_growth
Cell_growth,NCBP2,Target,Target-Cell_growth
Cell_growth,KPNA2,Target,Target-Cell_growth
Cell_growth,GK,Target,Target-Cell_growth
Cell_growth,THOC7,Target,Target-Cell_growth
Cell_growth,HSPA14,Target,Target-Cell_growth
Cell_growth,TUBGCP3,Target,Target-Cell_growth
Cell_growth,TRABD2B,Target,Target-Cell_growth
Cell_growth,ETF1,Target,Target-Cell_growth
Cell_growth,USP10,Target,Target-Cell_growth
Cell_growth,GINS1,Target,Target-Cell_growth
Cell_growth,RRP1B,Target,Target-Cell_growth
Cell_growth,INCA1,Target,Target-Cell_growth
Cell_growth,LAGE3,Target,Target-Cell_growth
Cell_growth,IL13RA2,Target,Target-Cell_growth
Cell_growth,ZDHHC20,Target,Target-Cell_growth
Cell_growth,NUDT16,Target,Target-Cell_growth
Cell_growth,TSSC4,Target,Target-Cell_growth
Cell_growth,SNX11,Target,Target-Cell_growth
Cell_growth,ZNF268,Target,Target-Cell_growth
Cell_growth,HCRTR1,Target,Target-Cell_growth
Cell_growth,SCN1A,Target,Target-Cell_growth
Cell_growth,MGRN1,Target,Target-Cell_growth
Cell_growth,DRD3,Target,Target-Cell_growth
Cell_growth,MPZ,Target,Target-Cell_growth
Cell_growth,SET,Target,Target-Cell_growth
Cell_growth,ADRA1B,Target,Target-Cell_growth
Cell_growth,HRH1,Target,Target-Cell_growth
Cell_growth,ADRA1A,Target,Target-Cell_growth
Cell_growth,XG,Target,Target-Cell_growth
Cell_growth,SPRR2A,Target,Target-Cell_growth
Cell_growth,FPR2,Target,Target-Cell_growth
Cell_growth,HTR1A,Target,Target-Cell_growth
Cell_growth,CCL23,Target,Target-Cell_growth
Cell_growth,PTPN7,Target,Target-Cell_growth
Cell_growth,FRK,Target,Target-Cell_growth
Cell_growth,TXK,Target,Target-Cell_growth
Cell_growth,XPOT,Target,Target-Cell_growth
Cell_growth,DENR,Target,Target-Cell_growth
Cell_growth,SPSB4,Target,Target-Cell_growth
Cell_growth,BABAM2,Target,Target-Cell_growth
Cell_growth,XRCC3,Target,Target-Cell_growth
Cell_growth,YOD1,Target,Target-Cell_growth
Cell_growth,TNFSF12,Target,Target-Cell_growth
Cell_growth,LAMTOR5,Target,Target-Cell_growth
Cell_growth,RAD51C,Target,Target-Cell_growth
Cell_growth,OSBP,Target,Target-Cell_growth
Cell_growth,MMUT,Target,Target-Cell_growth
Cell_growth,CACNA1G,Target,Target-Cell_growth
Cell_growth,FAHD1,Target,Target-Cell_growth
Cell_growth,DNAJB1,Target,Target-Cell_growth
Cell_growth,CDH3,Target,Target-Cell_growth
Cell_growth,ATF2,Target,Target-Cell_growth
Cell_growth,NCS1,Target,Target-Cell_growth
Cell_growth,LANCL1,Target,Target-Cell_growth
Cell_growth,ALDOB,Target,Target-Cell_growth
Cell_growth,LDHAL6A,Target,Target-Cell_growth
Cell_growth,STRADB,Target,Target-Cell_growth
Cell_growth,MTMR12,Target,Target-Cell_growth
Cell_growth,TNKS1BP1,Target,Target-Cell_growth
Cell_growth,IL9R,Target,Target-Cell_growth
Cell_growth,MBLAC1,Target,Target-Cell_growth
Cell_growth,RGS6,Target,Target-Cell_growth
Cell_growth,TRIM2,Target,Target-Cell_growth
Cell_growth,TRIM4,Target,Target-Cell_growth
Cell_growth,SPRR2E,Target,Target-Cell_growth
Cell_growth,TRIM7,Target,Target-Cell_growth
Cell_growth,NLRP1,Target,Target-Cell_growth
Cell_growth,NALF1,Target,Target-Cell_growth
Cell_growth,ARL4D,Target,Target-Cell_growth
Cell_growth,IMPA1,Target,Target-Cell_growth
Cell_growth,JMJD7,Target,Target-Cell_growth
Cell_growth,PLA2G4B,Target,Target-Cell_growth
Cell_growth,METTL21C,Target,Target-Cell_growth
Cell_growth,DGKG,Target,Target-Cell_growth
Cell_growth,DESI1,Target,Target-Cell_growth
Cell_growth,TUT7,Target,Target-Cell_growth
Cell_growth,FAM174B,Target,Target-Cell_growth
Cell_growth,CARS1,Target,Target-Cell_growth
Cell_growth,MAP3K2,Target,Target-Cell_growth
Cell_growth,PTPN4,Target,Target-Cell_growth
Cell_growth,KHDC3L,Target,Target-Cell_growth
Cell_growth,KRTAP6-1,Target,Target-Cell_growth
Cell_growth,ERGIC2,Target,Target-Cell_growth
Cell_growth,IER5,Target,Target-Cell_growth
Cell_growth,OR2AT4,Target,Target-Cell_growth
Cell_growth,IFITM5,Target,Target-Cell_growth
Cell_growth,COX19,Target,Target-Cell_growth
Cell_growth,ALDH7A1,Target,Target-Cell_growth
Cell_growth,FAM171A1,Target,Target-Cell_growth
Cell_growth,UBXN1,Target,Target-Cell_growth
Cell_growth,TPD52L2,Target,Target-Cell_growth
Cell_growth,TXNL1,Target,Target-Cell_growth
Cell_growth,DCDC1,Target,Target-Cell_growth
Cell_growth,ARRB2,Target,Target-Cell_growth
Cell_growth,DHH,Target,Target-Cell_growth
Cell_growth,AQP9,Target,Target-Cell_growth
Cell_growth,HTR3D,Target,Target-Cell_growth
Cell_growth,ARHGAP25,Target,Target-Cell_growth
Cell_growth,METTL18,Target,Target-Cell_growth
Cell_growth,KRT18,Target,Target-Cell_growth
Cell_growth,ZNF689,Target,Target-Cell_growth
Cell_growth,NWD1,Target,Target-Cell_growth
Cell_growth,AP5Z1,Target,Target-Cell_growth
Cell_growth,WNK2,Target,Target-Cell_growth
Cell_growth,GIMAP6,Target,Target-Cell_growth
Cell_growth,NPR2,Target,Target-Cell_growth
Cell_growth,LRRC8B,Target,Target-Cell_growth
Cell_growth,DRD4,Target,Target-Cell_growth
Cell_growth,SEPHS1,Target,Target-Cell_growth
Cell_growth,INTS5,Target,Target-Cell_growth
Cell_growth,PJA2,Target,Target-Cell_growth
Cell_growth,ALKBH8,Target,Target-Cell_growth
Cell_growth,TTI1,Target,Target-Cell_growth
Cell_growth,DGKE,Target,Target-Cell_growth
Cell_growth,EIF4G1,Target,Target-Cell_growth
Cell_growth,RAB40AL,Target,Target-Cell_growth
Cell_growth,NAA30,Target,Target-Cell_growth
Cell_growth,CRYM,Target,Target-Cell_growth
Cell_growth,TBC1D8B,Target,Target-Cell_growth
Cell_growth,MAP4K5,Target,Target-Cell_growth
Cell_growth,ZNF397,Target,Target-Cell_growth
Cell_growth,NPSR1,Target,Target-Cell_growth
Cell_growth,RNF213,Target,Target-Cell_growth
Cell_growth,RASA4,Target,Target-Cell_growth
Cell_growth,TSPAN5,Target,Target-Cell_growth
Cell_growth,USP46,Target,Target-Cell_growth
Cell_growth,PRMT9,Target,Target-Cell_growth
Cell_growth,DUSP13A,Target,Target-Cell_growth
Cell_growth,WWC2,Target,Target-Cell_growth
Cell_growth,WDR91,Target,Target-Cell_growth
Cell_growth,NPAT,Target,Target-Cell_growth
Cell_growth,XRRA1,Target,Target-Cell_growth
Cell_growth,DUS1L,Target,Target-Cell_growth
Cell_growth,METTL2B,Target,Target-Cell_growth
Cell_growth,TTLL12,Target,Target-Cell_growth
Cell_growth,ABCG1,Target,Target-Cell_growth
Cell_growth,EFR3A,Target,Target-Cell_growth
Cell_growth,POU2AF3,Target,Target-Cell_growth
Cell_growth,TRIM14,Target,Target-Cell_growth
Cell_growth,CRPPA,Target,Target-Cell_growth
Cell_growth,TMEM150A,Target,Target-Cell_growth
Cell_growth,UBE2L3,Target,Target-Cell_growth
Cell_growth,TRPC3,Target,Target-Cell_growth
Cell_growth,APOBEC3H,Target,Target-Cell_growth
Cell_growth,CRHR1,Target,Target-Cell_growth
Cell_growth,TMPRSS11B,Target,Target-Cell_growth
Cell_growth,GRK5,Target,Target-Cell_growth
Cell_growth,HSPA1L,Target,Target-Cell_growth
Cell_growth,HMBOX1,Target,Target-Cell_growth
Cell_growth,PSME3,Target,Target-Cell_growth
Cell_growth,ABCE1,Target,Target-Cell_growth
Cell_growth,CYSRT1,Target,Target-Cell_growth
Cell_growth,HOXA10,Target,Target-Cell_growth
Cell_growth,GLRB,Target,Target-Cell_growth
Cell_growth,PARM1,Target,Target-Cell_growth
Cell_growth,UBE2D1,Target,Target-Cell_growth
Cell_growth,SLC13A5,Target,Target-Cell_growth
Cell_growth,LRSAM1,Target,Target-Cell_growth
Cell_growth,TDRP,Target,Target-Cell_growth
Cell_growth,ANKRD13B,Target,Target-Cell_growth
Cell_growth,EIF4ENIF1,Target,Target-Cell_growth
Cell_growth,MPDZ,Target,Target-Cell_growth
Cell_growth,DNAJB5,Target,Target-Cell_growth
Cell_growth,SLITRK6,Target,Target-Cell_growth
Cell_growth,C10orf90,Target,Target-Cell_growth
Cell_growth,DAZ1,Target,Target-Cell_growth
Cell_growth,ZCCHC4,Target,Target-Cell_growth
Cell_growth,CNGB3,Target,Target-Cell_growth
Cell_growth,KCNQ5,Target,Target-Cell_growth
Cell_growth,KLHL1,Target,Target-Cell_growth
Cell_growth,CNOT6L,Target,Target-Cell_growth
Cell_growth,PRMT8,Target,Target-Cell_growth
Cell_growth,PSAP,Target,Target-Cell_growth
Cell_growth,PFDN4,Target,Target-Cell_growth
Cell_growth,BIRC6,Target,Target-Cell_growth
Cell_growth,SIGLEC10,Target,Target-Cell_growth
Cell_growth,DNAAF6,Target,Target-Cell_growth
Cell_growth,XPNPEP3,Target,Target-Cell_growth
Cell_growth,DUSP12,Target,Target-Cell_growth
Cell_growth,KIF16B,Target,Target-Cell_growth
Cell_growth,DZIP3,Target,Target-Cell_growth
Cell_growth,FCRL6,Target,Target-Cell_growth
Cell_growth,EDF1,Target,Target-Cell_growth
Cell_growth,MIDN,Target,Target-Cell_growth
Cell_growth,MAP3K8,Target,Target-Cell_growth
Cell_growth,APOBEC1,Target,Target-Cell_growth
Cell_growth,NAA10,Target,Target-Cell_growth
Cell_growth,UBA7,Target,Target-Cell_growth
Cell_growth,RGS2,Target,Target-Cell_growth
Cell_growth,EIF2D,Target,Target-Cell_growth
Cell_growth,GOPC,Target,Target-Cell_growth
Cell_growth,SRA1,Target,Target-Cell_growth
Cell_growth,SKAP1,Target,Target-Cell_growth
Cell_growth,TRIM69,Target,Target-Cell_growth
Cell_growth,EZHIP,Target,Target-Cell_growth
Cell_growth,DDIT4,Target,Target-Cell_growth
Cell_growth,HNRNPL,Target,Target-Cell_growth
Cell_growth,TRPM3,Target,Target-Cell_growth
Cell_growth,ANO8,Target,Target-Cell_growth
Cell_growth,ZFYVE28,Target,Target-Cell_growth
Cell_growth,SLC52A1,Target,Target-Cell_growth
Cell_growth,SPAG5,Target,Target-Cell_growth
Cell_growth,AFTPH,Target,Target-Cell_growth
Cell_growth,STRN3,Target,Target-Cell_growth
Cell_growth,RBM22,Target,Target-Cell_growth
Cell_growth,ARMC1,Target,Target-Cell_growth
Cell_growth,MTMR9,Target,Target-Cell_growth
Cell_growth,CACNA1H,Target,Target-Cell_growth
Cell_growth,SLC2A13,Target,Target-Cell_growth
Cell_growth,ANO10,Target,Target-Cell_growth
Cell_growth,POLR3B,Target,Target-Cell_growth
Cell_growth,LIPI,Target,Target-Cell_growth
Cell_growth,FANCI,Target,Target-Cell_growth
Cell_growth,INTS7,Target,Target-Cell_growth
Cell_growth,FAM111A,Target,Target-Cell_growth
Cell_growth,SETD4,Target,Target-Cell_growth
Cell_growth,GBP4,Target,Target-Cell_growth
Cell_growth,TRNT1,Target,Target-Cell_growth
Cell_growth,JMJD4,Target,Target-Cell_growth
Cell_growth,RNF122,Target,Target-Cell_growth
Cell_growth,RBM14,Target,Target-Cell_growth
Cell_growth,GIMAP4,Target,Target-Cell_growth
Cell_growth,EXOC1,Target,Target-Cell_growth
Cell_growth,CHODL,Target,Target-Cell_growth
Cell_growth,ATP8B2,Target,Target-Cell_growth
Cell_growth,ATP11A,Target,Target-Cell_growth
Cell_growth,TXNDC2,Target,Target-Cell_growth
Cell_growth,NAA20,Target,Target-Cell_growth
Cell_growth,UFSP1,Target,Target-Cell_growth
Cell_growth,SERINC5,Target,Target-Cell_growth
Cell_growth,RRAGC,Target,Target-Cell_growth
Cell_growth,PVRIG,Target,Target-Cell_growth
Cell_growth,PIDD1,Target,Target-Cell_growth
Cell_growth,PLEKHA2,Target,Target-Cell_growth
Cell_growth,KCNK12,Target,Target-Cell_growth
Cell_growth,KBTBD6,Target,Target-Cell_growth
Cell_growth,ADSS1,Target,Target-Cell_growth
Cell_growth,CENATAC,Target,Target-Cell_growth
Cell_growth,SMG6,Target,Target-Cell_growth
Cell_growth,TRABD2A,Target,Target-Cell_growth
Cell_growth,BTN3A2,Target,Target-Cell_growth
Cell_growth,CCNB1,Target,Target-Cell_growth
Cell_growth,ZNF598,Target,Target-Cell_growth
Cell_growth,EPCIP,Target,Target-Cell_growth
Cell_growth,UBAP1,Target,Target-Cell_growth
Cell_growth,TAB2,Target,Target-Cell_growth
Cell_growth,SLC9A7,Target,Target-Cell_growth
Cell_growth,CRBN,Target,Target-Cell_growth
Cell_growth,PPP1R16B,Target,Target-Cell_growth
Cell_growth,ORAI2,Target,Target-Cell_growth
Cell_growth,POLR1C,Target,Target-Cell_growth
Cell_growth,ALKBH4,Target,Target-Cell_growth
Cell_growth,SCN3B,Target,Target-Cell_growth
Cell_growth,AATF,Target,Target-Cell_growth
Cell_growth,SCN3A,Target,Target-Cell_growth
Cell_growth,ZNF395,Target,Target-Cell_growth
Cell_growth,PAAT,Target,Target-Cell_growth
Cell_growth,PRRG2,Target,Target-Cell_growth
Cell_growth,DEPP1,Target,Target-Cell_growth
Cell_growth,SMIM45,Target,Target-Cell_growth
Cell_growth,SCN8A,Target,Target-Cell_growth
Cell_growth,AURKC,Target,Target-Cell_growth
Cell_growth,BAIAP2,Target,Target-Cell_growth
Cell_growth,PTGES2,Target,Target-Cell_growth
Cell_growth,TTC12,Target,Target-Cell_growth
Cell_growth,RMND5A,Target,Target-Cell_growth
Cell_growth,GEMIN7,Target,Target-Cell_growth
Cell_growth,ATG3,Target,Target-Cell_growth
Cell_growth,METTL8,Target,Target-Cell_growth
Cell_growth,TRAK1,Target,Target-Cell_growth
Cell_growth,FRMD6,Target,Target-Cell_growth
Cell_growth,SETD1B,Target,Target-Cell_growth
Cell_growth,SHOC2,Target,Target-Cell_growth
Cell_growth,WDR26,Target,Target-Cell_growth
Cell_growth,ZNF396,Target,Target-Cell_growth
Cell_growth,SLC6A13,Target,Target-Cell_growth
Cell_growth,GRM6,Target,Target-Cell_growth
Cell_growth,SHMT1,Target,Target-Cell_growth
Cell_growth,CNOT2,Target,Target-Cell_growth
Cell_growth,TRIM27,Target,Target-Cell_growth
Cell_growth,SPG21,Target,Target-Cell_growth
Cell_growth,MAPK8IP2,Target,Target-Cell_growth
Cell_growth,CSTB,Target,Target-Cell_growth
Cell_growth,PPIL2,Target,Target-Cell_growth
Cell_growth,THEM4,Target,Target-Cell_growth
Cell_growth,HEPACAM2,Target,Target-Cell_growth
Cell_growth,SELL,Target,Target-Cell_growth
Cell_growth,CNTLN,Target,Target-Cell_growth
Cell_growth,MTMR10,Target,Target-Cell_growth
Cell_growth,UBL7,Target,Target-Cell_growth
Cell_growth,TP53RK,Target,Target-Cell_growth
Cell_growth,UBA5,Target,Target-Cell_growth
Cell_growth,STK3,Target,Target-Cell_growth
Cell_growth,JMJD8,Target,Target-Cell_growth
Cell_growth,AICDA,Target,Target-Cell_growth
Cell_growth,PAK2,Target,Target-Cell_growth
Cell_growth,GEMIN8,Target,Target-Cell_growth
Cell_growth,AIMP2,Target,Target-Cell_growth
Cell_growth,SNPH,Target,Target-Cell_growth
Cell_growth,BAMBI,Target,Target-Cell_growth
Cell_growth,EGLN1,Target,Target-Cell_growth
Cell_growth,BABAM1,Target,Target-Cell_growth
Cell_growth,CMTM6,Target,Target-Cell_growth
Cell_growth,SETD1A,Target,Target-Cell_growth
Cell_growth,GID8,Target,Target-Cell_growth
Cell_growth,HIF1AN,Target,Target-Cell_growth
Cell_growth,RHBDL2,Target,Target-Cell_growth
Cell_growth,PITHD1,Target,Target-Cell_growth
Cell_growth,KCMF1,Target,Target-Cell_growth
Cell_growth,BRPF1,Target,Target-Cell_growth
Cell_growth,NECAB2,Target,Target-Cell_growth
Cell_growth,NFKB1,Target,Target-Cell_growth
Cell_growth,MCRIP2,Target,Target-Cell_growth
Cell_growth,BCDIN3D,Target,Target-Cell_growth
Cell_growth,CAMKMT,Target,Target-Cell_growth
Cell_growth,NFKB2,Target,Target-Cell_growth
Cell_growth,WAPL,Target,Target-Cell_growth
Cell_growth,GABRB1,Target,Target-Cell_growth
Cell_growth,AFG2B,Target,Target-Cell_growth
Cell_growth,LARS1,Target,Target-Cell_growth
Cell_growth,KLHL9,Target,Target-Cell_growth
Cell_growth,MAP10,Target,Target-Cell_growth
Cell_growth,UNC79,Target,Target-Cell_growth
Cell_growth,SPAG1,Target,Target-Cell_growth
Cell_growth,CCM2,Target,Target-Cell_growth
Cell_growth,USP36,Target,Target-Cell_growth
Cell_growth,CRACR2A,Target,Target-Cell_growth
Cell_growth,STIM2,Target,Target-Cell_growth
Cell_growth,ATP10D,Target,Target-Cell_growth
Cell_growth,APCDD1,Target,Target-Cell_growth
Cell_growth,PRMT2,Target,Target-Cell_growth
Cell_growth,AMBP,Target,Target-Cell_growth
Cell_growth,TEX44,Target,Target-Cell_growth
Cell_growth,LBH,Target,Target-Cell_growth
Cell_growth,KHDC4,Target,Target-Cell_growth
Cell_growth,PARP10,Target,Target-Cell_growth
Cell_growth,SLFN12,Target,Target-Cell_growth
Cell_growth,NELL1,Target,Target-Cell_growth
Cell_growth,HIKESHI,Target,Target-Cell_growth
Cell_growth,DNAJC7,Target,Target-Cell_growth
Cell_growth,ENDOU,Target,Target-Cell_growth
Cell_growth,C12orf57,Target,Target-Cell_growth
Cell_growth,BZW1,Target,Target-Cell_growth
Cell_growth,CASTOR1,Target,Target-Cell_growth
Cell_growth,CRIPTO3,Target,Target-Cell_growth
Cell_growth,AKR1D1,Target,Target-Cell_growth
Cell_growth,FAM9B,Target,Target-Cell_growth
Cell_growth,PRKAR2B,Target,Target-Cell_growth
Cell_growth,HTR3E,Target,Target-Cell_growth
Cell_growth,CEP55,Target,Target-Cell_growth
Cell_growth,VIPR2,Target,Target-Cell_growth
Cell_growth,ADCYAP1R1,Target,Target-Cell_growth
Cell_growth,EIF1,Target,Target-Cell_growth
Cell_growth,MOCS2,Target,Target-Cell_growth
Cell_growth,PDYN,Target,Target-Cell_growth
Cell_growth,RAB11FIP2,Target,Target-Cell_growth
Cell_growth,ESRRA,Target,Target-Cell_growth
Cell_growth,APOBEC3A,Target,Target-Cell_growth
Cell_growth,UBL4A,Target,Target-Cell_growth
Cell_growth,G6PD,Target,Target-Cell_growth
Cell_growth,TRIM23,Target,Target-Cell_growth
Cell_growth,HTR2C,Target,Target-Cell_growth
Cell_growth,TOP2A,Target,Target-Cell_growth
Cell_growth,ERCC2,Target,Target-Cell_growth
Cell_growth,RALB,Target,Target-Cell_growth
Cell_growth,PYGB,Target,Target-Cell_growth
Cell_growth,GET4,Target,Target-Cell_growth
Cell_growth,STH,Target,Target-Cell_growth
Cell_growth,SPPL2B,Target,Target-Cell_growth
Cell_growth,RRAGA,Target,Target-Cell_growth
Cell_growth,SCN4B,Target,Target-Cell_growth
Cell_growth,UMPS,Target,Target-Cell_growth
Cell_growth,SLC6A6,Target,Target-Cell_growth
Cell_growth,CACNB4,Target,Target-Cell_growth
Cell_growth,MIGA2,Target,Target-Cell_growth
Cell_growth,ACO1,Target,Target-Cell_growth
Cell_growth,PCP4,Target,Target-Cell_growth
Cell_growth,COMT,Target,Target-Cell_growth
Cell_growth,USP50,Target,Target-Cell_growth
Cell_growth,PPID,Target,Target-Cell_growth
Cell_growth,CHRM2,Target,Target-Cell_growth
Cell_growth,DRD5,Target,Target-Cell_growth
Cell_growth,FAF1,Target,Target-Cell_growth
Cell_growth,PIWIL3,Target,Target-Cell_growth
Cell_growth,RNF144B,Target,Target-Cell_growth
Cell_growth,POGZ,Target,Target-Cell_growth
Cell_growth,TBC1D10A,Target,Target-Cell_growth
Cell_growth,LYSMD3,Target,Target-Cell_growth
Cell_growth,CLDN12,Target,Target-Cell_growth
Cell_growth,ALOX5,Target,Target-Cell_growth
Cell_growth,BHLHA9,Target,Target-Cell_growth
Cell_growth,ZC3HAV1,Target,Target-Cell_growth
Cell_growth,DYM,Target,Target-Cell_growth
Cell_growth,KRT74,Target,Target-Cell_growth
Cell_growth,ADCY9,Target,Target-Cell_growth
Cell_growth,NEMF,Target,Target-Cell_growth
Cell_growth,B3GNTL1,Target,Target-Cell_growth
Cell_growth,USP6,Target,Target-Cell_growth
Cell_growth,BCL2L1,Target,Target-Cell_growth
Cell_growth,KRT7,Target,Target-Cell_growth
Cell_growth,BPIFB3,Target,Target-Cell_growth
Cell_growth,HCN1,Target,Target-Cell_growth
Cell_growth,STARD9,Target,Target-Cell_growth
Cell_growth,PTPN1,Target,Target-Cell_growth
Cell_growth,DFFB,Target,Target-Cell_growth
Cell_growth,CIAO1,Target,Target-Cell_growth
Cell_growth,CLEC16A,Target,Target-Cell_growth
Cell_growth,TBC1D10B,Target,Target-Cell_growth
Cell_growth,FMNL3,Target,Target-Cell_growth
Cell_growth,HTR2A,Target,Target-Cell_growth
Cell_growth,HTR1D,Target,Target-Cell_growth
Cell_growth,ZDHHC21,Target,Target-Cell_growth
Cell_growth,SPATA18,Target,Target-Cell_growth
Cell_growth,IFNGR2,Target,Target-Cell_growth
Cell_growth,ZFYVE26,Target,Target-Cell_growth
Cell_growth,ARL4C,Target,Target-Cell_growth
Cell_growth,BRAP,Target,Target-Cell_growth
Cell_growth,FANCC,Target,Target-Cell_growth
Cell_growth,GEM,Target,Target-Cell_growth
Cell_growth,DRG2,Target,Target-Cell_growth
Cell_growth,SH3BP4,Target,Target-Cell_growth
Cell_growth,GSKIP,Target,Target-Cell_growth
Cell_growth,CLEC1B,Target,Target-Cell_growth
Cell_growth,MARCHF2,Target,Target-Cell_growth
Cell_growth,ADAR,Target,Target-Cell_growth
Cell_growth,SFTA3,Target,Target-Cell_growth
Cell_growth,TANGO2,Target,Target-Cell_growth
Cell_growth,ATE1,Target,Target-Cell_growth
Cell_growth,EPM2A,Target,Target-Cell_growth
Cell_growth,VIPR1,Target,Target-Cell_growth
Cell_growth,PLP2,Target,Target-Cell_growth
Cell_growth,EMC8,Target,Target-Cell_growth
Cell_growth,TBPL2,Target,Target-Cell_growth
Cell_growth,CD164,Target,Target-Cell_growth
Cell_growth,AGL,Target,Target-Cell_growth
Cell_growth,RASGRP2,Target,Target-Cell_growth
Cell_growth,LRP12,Target,Target-Cell_growth
Cell_growth,CHMP4C,Target,Target-Cell_growth
Cell_growth,RAP1GDS1,Target,Target-Cell_growth
Cell_growth,TLCD2,Target,Target-Cell_growth
Cell_growth,NFKBIA,Target,Target-Cell_growth
Cell_growth,LRRC26,Target,Target-Cell_growth
Cell_growth,LRRC70,Target,Target-Cell_growth
Cell_growth,PTPN3,Target,Target-Cell_growth
Cell_growth,ENPEP,Target,Target-Cell_growth
Cell_growth,RIC1,Target,Target-Cell_growth
Cell_growth,GTDC1,Target,Target-Cell_growth
Cell_growth,SIAH2,Target,Target-Cell_growth
Cell_growth,INPP5B,Target,Target-Cell_growth
Cell_growth,RNF25,Target,Target-Cell_growth
Cell_growth,PDE6D,Target,Target-Cell_growth
Cell_growth,BAIAP3,Target,Target-Cell_growth
Cell_growth,DUSP18,Target,Target-Cell_growth
Cell_growth,CASTOR2,Target,Target-Cell_growth
Cell_growth,KCNJ6,Target,Target-Cell_growth
Cell_growth,KCNJ1,Target,Target-Cell_growth
Cell_growth,KCNT2,Target,Target-Cell_growth
Cell_growth,P2RX1,Target,Target-Cell_growth
Cell_growth,GALK1,Target,Target-Cell_growth
Cell_growth,RNF130,Target,Target-Cell_growth
Cell_growth,ZNF354C,Target,Target-Cell_growth
Cell_growth,SNRPD3,Target,Target-Cell_growth
Cell_growth,SNRPD1,Target,Target-Cell_growth
Cell_growth,SNRPG,Target,Target-Cell_growth
Cell_growth,SNRPF,Target,Target-Cell_growth
Cell_growth,SNRPE,Target,Target-Cell_growth
Cell_growth,RIMOC1,Target,Target-Cell_growth
Cell_growth,MYADML2,Target,Target-Cell_growth
Cell_growth,DGKQ,Target,Target-Cell_growth
Cell_growth,HMGN2,Target,Target-Cell_growth
Cell_growth,STARD4,Target,Target-Cell_growth
Cell_growth,RPAP2,Target,Target-Cell_growth
Cell_growth,WASL,Target,Target-Cell_growth
Cell_growth,PYCR3,Target,Target-Cell_growth
Cell_growth,DLEC1,Target,Target-Cell_growth
Cell_growth,PLPP2,Target,Target-Cell_growth
Cell_growth,RGS10,Target,Target-Cell_growth
Cell_growth,FYB2,Target,Target-Cell_growth
Cell_growth,TMEM150B,Target,Target-Cell_growth
Cell_growth,CHKA,Target,Target-Cell_growth
Cell_growth,IFNGR1,Target,Target-Cell_growth
Cell_growth,OPN3,Target,Target-Cell_growth
Cell_growth,C3AR1,Target,Target-Cell_growth
Cell_growth,CARD9,Target,Target-Cell_growth
Cell_growth,HSPB8,Target,Target-Cell_growth
Cell_growth,FBXO9,Target,Target-Cell_growth
Cell_growth,GBA3,Target,Target-Cell_growth
Cell_growth,OSBPL2,Target,Target-Cell_growth
Cell_growth,DDX41,Target,Target-Cell_growth
Cell_growth,SAMD9,Target,Target-Cell_growth
Cell_growth,THBD,Target,Target-Cell_growth
Cell_growth,TRPV6,Target,Target-Cell_growth
Cell_growth,DHX37,Target,Target-Cell_growth
Cell_growth,NXF5,Target,Target-Cell_growth
Cell_growth,APIP,Target,Target-Cell_growth
Cell_growth,NUDT3,Target,Target-Cell_growth
Cell_growth,WNT11,Target,Target-Cell_growth
Cell_growth,NCBP3,Target,Target-Cell_growth
Cell_growth,NAP1L4,Target,Target-Cell_growth
Cell_growth,MGST2,Target,Target-Cell_growth
Cell_growth,FRMD8,Target,Target-Cell_growth
Cell_growth,HELZ2,Target,Target-Cell_growth
Cell_growth,TRIM34,Target,Target-Cell_growth
Cell_growth,HYCC1,Target,Target-Cell_growth
Cell_growth,GSDMC,Target,Target-Cell_growth
Cell_growth,NIFK,Target,Target-Cell_growth
Cell_growth,PER3,Target,Target-Cell_growth
Cell_growth,GNB1L,Target,Target-Cell_growth
Cell_growth,DUSP16,Target,Target-Cell_growth
Cell_growth,SLC35G1,Target,Target-Cell_growth
Cell_growth,EIF2A,Target,Target-Cell_growth
Cell_growth,CHMP4A,Target,Target-Cell_growth
Cell_growth,SLC46A2,Target,Target-Cell_growth
Cell_growth,EIF5,Target,Target-Cell_growth
Cell_growth,LARP1,Target,Target-Cell_growth
Cell_growth,CARD14,Target,Target-Cell_growth
Cell_growth,NAA15,Target,Target-Cell_growth
Cell_growth,TMEM50B,Target,Target-Cell_growth
Cell_growth,NUFIP2,Target,Target-Cell_growth
Cell_growth,KANK4,Target,Target-Cell_growth
Cell_growth,CNST,Target,Target-Cell_growth
Cell_growth,FAM47E,Target,Target-Cell_growth
Cell_growth,STRA6,Target,Target-Cell_growth
Cell_growth,BRIP1,Target,Target-Cell_growth
Cell_growth,ARL16,Target,Target-Cell_growth
Cell_growth,KCNJ18,Target,Target-Cell_growth
Cell_growth,MAPKBP1,Target,Target-Cell_growth
Cell_growth,MCM3AP,Target,Target-Cell_growth
Cell_growth,ATP10A,Target,Target-Cell_growth
Cell_growth,IL5RA,Target,Target-Cell_growth
Cell_growth,WDR77,Target,Target-Cell_growth
Cell_growth,PAIP2,Target,Target-Cell_growth
Cell_growth,ECSIT,Target,Target-Cell_growth
Cell_growth,KLHDC3,Target,Target-Cell_growth
Cell_growth,SLMAP,Target,Target-Cell_growth
Cell_growth,ADGRB2,Target,Target-Cell_growth
Cell_growth,DHX16,Target,Target-Cell_growth
Cell_growth,ANP32A,Target,Target-Cell_growth
Cell_growth,CSF2RB,Target,Target-Cell_growth
Cell_growth,KLK13,Target,Target-Cell_growth
Cell_growth,RAB29,Target,Target-Cell_growth
Cell_growth,NLRP2B,Target,Target-Cell_growth
Cell_growth,MAP3K10,Target,Target-Cell_growth
Cell_growth,MTCP1,Target,Target-Cell_growth
Cell_growth,TMEM170B,Target,Target-Cell_growth
Cell_growth,MC1R,Target,Target-Cell_growth
Cell_growth,RBPMS2,Target,Target-Cell_growth
Cell_growth,SKIC3,Target,Target-Cell_growth
Cell_growth,LRRC9,Target,Target-Cell_growth
Cell_growth,KLK6,Target,Target-Cell_growth
Cell_growth,SULT2B1,Target,Target-Cell_growth
Cell_growth,ATP8B4,Target,Target-Cell_growth
Cell_growth,TANK,Target,Target-Cell_growth
Cell_growth,GPR135,Target,Target-Cell_growth
Cell_growth,ANKRD13A,Target,Target-Cell_growth
Cell_growth,FNIP1,Target,Target-Cell_growth
Cell_growth,TRIM22,Target,Target-Cell_growth
Cell_growth,MPHOSPH8,Target,Target-Cell_growth
Cell_growth,DNAJC2,Target,Target-Cell_growth
Cell_growth,GEMIN5,Target,Target-Cell_growth
Cell_growth,TAF15,Target,Target-Cell_growth
Cell_growth,RNPS1,Target,Target-Cell_growth
Cell_growth,NIBAN1,Target,Target-Cell_growth
Cell_growth,RHEBL1,Target,Target-Cell_growth
Cell_growth,WDR48,Target,Target-Cell_growth
Cell_growth,UBL5,Target,Target-Cell_growth
Cell_growth,KCNG3,Target,Target-Cell_growth
Cell_growth,IFIT2,Target,Target-Cell_growth
Cell_growth,GPR61,Target,Target-Cell_growth
Cell_growth,GPR62,Target,Target-Cell_growth
Cell_growth,SCAMP5,Target,Target-Cell_growth
Cell_growth,GGT5,Target,Target-Cell_growth
Cell_growth,PRRG4,Target,Target-Cell_growth
Cell_growth,CAMK1D,Target,Target-Cell_growth
Cell_growth,REG4,Target,Target-Cell_growth
Cell_growth,IFIH1,Target,Target-Cell_growth
Cell_growth,SLC2A11,Target,Target-Cell_growth
Cell_growth,DNAJC9,Target,Target-Cell_growth
Cell_growth,TAB1,Target,Target-Cell_growth
Cell_growth,TSC22D1,Target,Target-Cell_growth
Cell_growth,CLEC4D,Target,Target-Cell_growth
Cell_growth,ACOT11,Target,Target-Cell_growth
Cell_growth,ASB10,Target,Target-Cell_growth
Cell_growth,NRL,Target,Target-Cell_growth
Cell_growth,VPS37B,Target,Target-Cell_growth
Cell_growth,ANKRA2,Target,Target-Cell_growth
Cell_growth,VIPAS39,Target,Target-Cell_growth
Cell_growth,ZCCHC3,Target,Target-Cell_growth
Cell_growth,IPO9,Target,Target-Cell_growth
Cell_growth,PANK3,Target,Target-Cell_growth
Cell_growth,TMPRSS6,Target,Target-Cell_growth
Cell_growth,TRIM45,Target,Target-Cell_growth
Cell_growth,RNF146,Target,Target-Cell_growth
Cell_growth,TMEM117,Target,Target-Cell_growth
Cell_growth,HERC5,Target,Target-Cell_growth
Cell_growth,ERVH48-1,Target,Target-Cell_growth
Cell_growth,DPH3,Target,Target-Cell_growth
Cell_growth,DTWD2,Target,Target-Cell_growth
Cell_growth,RMND5B,Target,Target-Cell_growth
Cell_growth,XPO7,Target,Target-Cell_growth
Cell_growth,CYTH4,Target,Target-Cell_growth
Cell_growth,S100A16,Target,Target-Cell_growth
Cell_growth,CRYZL1,Target,Target-Cell_growth
Cell_growth,BAG3,Target,Target-Cell_growth
Cell_growth,LSG1,Target,Target-Cell_growth
Cell_growth,APOB,Target,Target-Cell_growth
Cell_growth,ACP1,Target,Target-Cell_growth
Cell_growth,NAA16,Target,Target-Cell_growth
Cell_growth,LPAR6,Target,Target-Cell_growth
Cell_growth,DMWD,Target,Target-Cell_growth
Cell_growth,MVB12B,Target,Target-Cell_growth
Cell_growth,MCRIP1,Target,Target-Cell_growth
Cell_growth,FAM181A,Target,Target-Cell_growth
Cell_growth,CASP8AP2,Target,Target-Cell_growth
Cell_growth,PARP4,Target,Target-Cell_growth
Cell_growth,CLNS1A,Target,Target-Cell_growth
Cell_growth,GAN,Target,Target-Cell_growth
Cell_growth,TLK1,Target,Target-Cell_growth
Cell_growth,RBPJ,Target,Target-Cell_growth
Cell_growth,GPATCH3,Target,Target-Cell_growth
Cell_growth,DIRAS2,Target,Target-Cell_growth
Cell_growth,PRKRA,Target,Target-Cell_growth
Cell_growth,DNAJC12,Target,Target-Cell_growth
Cell_growth,DDX39B,Target,Target-Cell_growth
Cell_growth,RNF43,Target,Target-Cell_growth
Cell_growth,NCF2,Target,Target-Cell_growth
Cell_growth,INTS3,Target,Target-Cell_growth
Cell_growth,KLHDC1,Target,Target-Cell_growth
Cell_growth,PUS10,Target,Target-Cell_growth
Cell_growth,ITPKC,Target,Target-Cell_growth
Cell_growth,BZW2,Target,Target-Cell_growth
Cell_growth,QARS1,Target,Target-Cell_growth
Cell_growth,SESN3,Target,Target-Cell_growth
Cell_growth,STK11IP,Target,Target-Cell_growth
Cell_growth,POLB,Target,Target-Cell_growth
Cell_growth,FBXL14,Target,Target-Cell_growth
Cell_growth,ADAM17,Target,Target-Cell_growth
Cell_growth,LRRC14,Target,Target-Cell_growth
Cell_growth,KARS1,Target,Target-Cell_growth
Cell_growth,DAZAP2,Target,Target-Cell_growth
Cell_growth,SNX17,Target,Target-Cell_growth
Cell_growth,DCUN1D3,Target,Target-Cell_growth
Cell_growth,ABRAXAS2,Target,Target-Cell_growth
Cell_growth,MAD2L1BP,Target,Target-Cell_growth
Cell_growth,EMC2,Target,Target-Cell_growth
Cell_growth,PI4K2B,Target,Target-Cell_growth
Cell_growth,WDR37,Target,Target-Cell_growth
Cell_growth,LSM14A,Target,Target-Cell_growth
Cell_growth,SLC44A5,Target,Target-Cell_growth
Cell_growth,IL7,Target,Target-Cell_growth
Cell_growth,CTNNBL1,Target,Target-Cell_growth
Cell_growth,C3orf38,Target,Target-Cell_growth
Cell_growth,EID2B,Target,Target-Cell_growth
Cell_growth,FATE1,Target,Target-Cell_growth
Cell_growth,IL18RAP,Target,Target-Cell_growth
Cell_growth,ARAF,Target,Target-Cell_growth
Cell_growth,RPS27L,Target,Target-Cell_growth
Cell_growth,PTPMT1,Target,Target-Cell_growth
Cell_growth,RPS6KA3,Target,Target-Cell_growth
Cell_growth,SAP18,Target,Target-Cell_growth
Cell_growth,PPIF,Target,Target-Cell_growth
Cell_growth,NAT8B,Target,Target-Cell_growth
Cell_growth,TP63,Target,Target-Cell_growth
Cell_growth,NUMBL,Target,Target-Cell_growth
Cell_growth,STYXL1,Target,Target-Cell_growth
Cell_growth,FABP1,Target,Target-Cell_growth
Cell_growth,CENPJ,Target,Target-Cell_growth
Cell_growth,SPSB3,Target,Target-Cell_growth
Cell_growth,IL1RL1,Target,Target-Cell_growth
Cell_growth,IL10RB,Target,Target-Cell_growth
Cell_growth,ERCC3,Target,Target-Cell_growth
Cell_growth,IL13,Target,Target-Cell_growth
Cell_growth,PANO1,Target,Target-Cell_growth
Cell_growth,RBM5,Target,Target-Cell_growth
Cell_growth,IL5,Target,Target-Cell_growth
Cell_growth,CEP44,Target,Target-Cell_growth
Cell_growth,IL10,Target,Target-Cell_growth
Cell_growth,TRAF3IP2,Target,Target-Cell_growth
Cell_growth,IL12RB1,Target,Target-Cell_growth
Cell_growth,IL11RA,Target,Target-Cell_growth
Cell_growth,STAT6,Target,Target-Cell_growth
Cell_growth,DTX1,Target,Target-Cell_growth
Cell_growth,LRRC4C,Target,Target-Cell_growth
Cell_growth,HHIP,Target,Target-Cell_growth
Cell_growth,TRAF1,Target,Target-Cell_growth
Cell_growth,TCTN3,Target,Target-Cell_growth
Cell_growth,UBE2Z,Target,Target-Cell_growth
Cell_growth,MTCH1,Target,Target-Cell_growth
Cell_growth,IL2RA,Target,Target-Cell_growth
Cell_growth,FOXA1,Target,Target-Cell_growth
Cell_growth,IL12RB2,Target,Target-Cell_growth
Cell_growth,LUM,Target,Target-Cell_growth
Cell_growth,IL3,Target,Target-Cell_growth
Cell_growth,BNIP3L,Target,Target-Cell_growth
Cell_growth,IFNK,Target,Target-Cell_growth
Cell_growth,BRAF,Target,Target-Cell_growth
Cell_growth,PIP5KL1,Target,Target-Cell_growth
Cell_growth,IL9,Target,Target-Cell_growth
Cell_growth,ADAMTSL4,Target,Target-Cell_growth
Cell_growth,IL3RA,Target,Target-Cell_growth
Cell_growth,MADD,Target,Target-Cell_growth
Cell_growth,NUAK2,Target,Target-Cell_growth
Cell_growth,ITGA10,Target,Target-Cell_growth
Cell_growth,TNIP3,Target,Target-Cell_growth
Cell_growth,IRAK2,Target,Target-Cell_growth
Cell_growth,TRIL,Target,Target-Cell_growth
Cell_growth,FOXC2,Target,Target-Cell_growth
Cell_growth,AEN,Target,Target-Cell_growth
Cell_growth,FCGR1A,Target,Target-Cell_growth
Cell_growth,EPHA10,Target,Target-Cell_growth
Cell_growth,TP73,Target,Target-Cell_growth
Cell_growth,USP28,Target,Target-Cell_growth
Cell_growth,SRD5A3,Target,Target-Cell_growth
Cell_growth,ASCC1,Target,Target-Cell_growth
Cell_growth,ITPKA,Target,Target-Cell_growth
Cell_growth,ACOT4,Target,Target-Cell_growth
Cell_growth,AKTIP,Target,Target-Cell_growth
Cell_growth,MACROD2,Target,Target-Cell_growth
Cell_growth,GORASP2,Target,Target-Cell_growth
Cell_growth,TRIM66,Target,Target-Cell_growth
Cell_growth,TMEM89,Target,Target-Cell_growth
Cell_growth,ZNF408,Target,Target-Cell_growth
Cell_growth,MRPL43,Target,Target-Cell_growth
Cell_growth,ZDHHC22,Target,Target-Cell_growth
Cell_growth,GUCY1A1,Target,Target-Cell_growth
Cell_growth,C2orf69,Target,Target-Cell_growth
Cell_growth,TPI1,Target,Target-Cell_growth
Cell_growth,NHEJ1,Target,Target-Cell_growth
Cell_growth,RNF152,Target,Target-Cell_growth
Cell_growth,TRERF1,Target,Target-Cell_growth
Cell_growth,H2BC17,Target,Target-Cell_growth
Cell_growth,NFYA,Target,Target-Cell_growth
Cell_growth,CEP112,Target,Target-Cell_growth
Cell_growth,ZNF513,Target,Target-Cell_growth
Cell_growth,H2BC3,Target,Target-Cell_growth
Cell_growth,PUS7,Target,Target-Cell_growth
Cell_growth,NAAA,Target,Target-Cell_growth
Cell_growth,S100A5,Target,Target-Cell_growth
Cell_growth,ZNF366,Target,Target-Cell_growth
Cell_growth,AKAP17A,Target,Target-Cell_growth
Cell_growth,ACSF3,Target,Target-Cell_growth
Cell_growth,SPMIP4,Target,Target-Cell_growth
Cell_growth,NADK2,Target,Target-Cell_growth
Cell_growth,WDR45B,Target,Target-Cell_growth
Cell_growth,TTC3,Target,Target-Cell_growth
Cell_growth,POLR2K,Target,Target-Cell_growth
Cell_growth,RYBP,Target,Target-Cell_growth
Cell_growth,STAG2,Target,Target-Cell_growth
Cell_growth,MICOS10,Target,Target-Cell_growth
Cell_growth,AHDC1,Target,Target-Cell_growth
Cell_growth,NDUFAF8,Target,Target-Cell_growth
Cell_growth,EIF4EBP1,Target,Target-Cell_growth
Cell_growth,SLC35F6,Target,Target-Cell_growth
Cell_growth,UBE2QL1,Target,Target-Cell_growth
Cell_growth,DCTN2,Target,Target-Cell_growth
Cell_growth,IZUMO4,Target,Target-Cell_growth
Cell_growth,KLK1,Target,Target-Cell_growth
Cell_growth,CYP2F1,Target,Target-Cell_growth
Cell_growth,H2BC26,Target,Target-Cell_growth
Cell_growth,ALKBH1,Target,Target-Cell_growth
Cell_growth,MAGEA2,Target,Target-Cell_growth
Cell_growth,SHLD2,Target,Target-Cell_growth
Cell_growth,NAGS,Target,Target-Cell_growth
Cell_growth,ORMDL3,Target,Target-Cell_growth
Cell_growth,CNTROB,Target,Target-Cell_growth
Cell_growth,ZPBP2,Target,Target-Cell_growth
Cell_growth,MIER1,Target,Target-Cell_growth
Cell_growth,MSH2,Target,Target-Cell_growth
Cell_growth,NMUR1,Target,Target-Cell_growth
Cell_growth,WDR74,Target,Target-Cell_growth
Cell_growth,TMEM190,Target,Target-Cell_growth
Cell_growth,CRAT,Target,Target-Cell_growth
Cell_growth,MIEF1,Target,Target-Cell_growth
Cell_growth,DNA2,Target,Target-Cell_growth
Cell_growth,WNT10B,Target,Target-Cell_growth
Cell_growth,BNIP2,Target,Target-Cell_growth
Cell_growth,ABCB9,Target,Target-Cell_growth
Cell_growth,CHAMP1,Target,Target-Cell_growth
Cell_growth,L3MBTL3,Target,Target-Cell_growth
Cell_growth,FOXL1,Target,Target-Cell_growth
Cell_growth,BCKDK,Target,Target-Cell_growth
Cell_growth,FOXF2,Target,Target-Cell_growth
Cell_growth,POFUT1,Target,Target-Cell_growth
Cell_growth,TOR3A,Target,Target-Cell_growth
Cell_growth,PHYH,Target,Target-Cell_growth
Cell_growth,ILF2,Target,Target-Cell_growth
Cell_growth,ETFA,Target,Target-Cell_growth
Cell_growth,ZNF750,Target,Target-Cell_growth
Cell_growth,IFRD2,Target,Target-Cell_growth
Cell_growth,SF3A3,Target,Target-Cell_growth
Cell_growth,CHAF1A,Target,Target-Cell_growth
Cell_growth,IK,Target,Target-Cell_growth
Cell_growth,TBC1D25,Target,Target-Cell_growth
Cell_growth,AURKAIP1,Target,Target-Cell_growth
Cell_growth,MRPL22,Target,Target-Cell_growth
Cell_growth,GLDC,Target,Target-Cell_growth
Cell_growth,UIMC1,Target,Target-Cell_growth
Cell_growth,CEP68,Target,Target-Cell_growth
Cell_growth,HMGCR,Target,Target-Cell_growth
Cell_growth,NBAS,Target,Target-Cell_growth
Cell_growth,DNTT,Target,Target-Cell_growth
Cell_growth,XRCC5,Target,Target-Cell_growth
Cell_growth,FHIP1B,Target,Target-Cell_growth
Cell_growth,ZC3H8,Target,Target-Cell_growth
Cell_growth,MRPL50,Target,Target-Cell_growth
Cell_growth,JAGN1,Target,Target-Cell_growth
Cell_growth,SLC25A51,Target,Target-Cell_growth
Cell_growth,DHRSX,Target,Target-Cell_growth
Cell_growth,KCNRG,Target,Target-Cell_growth
Cell_growth,IWS1,Target,Target-Cell_growth
Cell_growth,SETDB2,Target,Target-Cell_growth
Cell_growth,MARF1,Target,Target-Cell_growth
Cell_growth,CENPT,Target,Target-Cell_growth
Cell_growth,ZNF451,Target,Target-Cell_growth
Cell_growth,PYCR2,Target,Target-Cell_growth
Cell_growth,DCAF1,Target,Target-Cell_growth
Cell_growth,FAM3D,Target,Target-Cell_growth
Cell_growth,HADHA,Target,Target-Cell_growth
Cell_growth,MIEF2,Target,Target-Cell_growth
Cell_growth,TADA1,Target,Target-Cell_growth
Cell_growth,PINX1,Target,Target-Cell_growth
Cell_growth,SLC25A36,Target,Target-Cell_growth
Cell_growth,SAMHD1,Target,Target-Cell_growth
Cell_growth,HAUS1,Target,Target-Cell_growth
Cell_growth,WDR45,Target,Target-Cell_growth
Cell_growth,ZNF711,Target,Target-Cell_growth
Cell_growth,NTSR1,Target,Target-Cell_growth
Cell_growth,NOC2L,Target,Target-Cell_growth
Cell_growth,ZNF501,Target,Target-Cell_growth
Cell_growth,PCYT1B,Target,Target-Cell_growth
Cell_growth,PHC3,Target,Target-Cell_growth
Cell_growth,HDAC11,Target,Target-Cell_growth
Cell_growth,TMEM186,Target,Target-Cell_growth
Cell_growth,USP17L24,Target,Target-Cell_growth
Cell_growth,SLC25A11,Target,Target-Cell_growth
Cell_growth,MRPL23,Target,Target-Cell_growth
Cell_growth,POC5,Target,Target-Cell_growth
Cell_growth,H2AC6,Target,Target-Cell_growth
Cell_growth,MED12,Target,Target-Cell_growth
Cell_growth,EXT2,Target,Target-Cell_growth
Cell_growth,ERO1A,Target,Target-Cell_growth
Cell_growth,CUL5,Target,Target-Cell_growth
Cell_growth,PRR5L,Target,Target-Cell_growth
Cell_growth,SERTAD3,Target,Target-Cell_growth
Cell_growth,COX14,Target,Target-Cell_growth
Cell_growth,MYOM2,Target,Target-Cell_growth
Cell_growth,NUDT5,Target,Target-Cell_growth
Cell_growth,AANAT,Target,Target-Cell_growth
Cell_growth,TOR1B,Target,Target-Cell_growth
Cell_growth,ZNF35,Target,Target-Cell_growth
Cell_growth,KRT13,Target,Target-Cell_growth
Cell_growth,RARG,Target,Target-Cell_growth
Cell_growth,NCBP1,Target,Target-Cell_growth
Cell_growth,SPANXB1,Target,Target-Cell_growth
Cell_growth,ZDHHC6,Target,Target-Cell_growth
Cell_growth,ESRP2,Target,Target-Cell_growth
Cell_growth,COX7A2L,Target,Target-Cell_growth
Cell_growth,SOCS3,Target,Target-Cell_growth
Cell_growth,CUX2,Target,Target-Cell_growth
Cell_growth,BHLHE40,Target,Target-Cell_growth
Cell_growth,GALT,Target,Target-Cell_growth
Cell_growth,YTHDC1,Target,Target-Cell_growth
Cell_growth,SEMG2,Target,Target-Cell_growth
Cell_growth,C19orf12,Target,Target-Cell_growth
Cell_growth,MAGOHB,Target,Target-Cell_growth
Cell_growth,ATP11B,Target,Target-Cell_growth
Cell_growth,B3GALNT2,Target,Target-Cell_growth
Cell_growth,DTX4,Target,Target-Cell_growth
Cell_growth,TBX18,Target,Target-Cell_growth
Cell_growth,SLC25A28,Target,Target-Cell_growth
Cell_growth,CA5B,Target,Target-Cell_growth
Cell_growth,SUPT3H,Target,Target-Cell_growth
Cell_growth,GPC4,Target,Target-Cell_growth
Cell_growth,MRPL24,Target,Target-Cell_growth
Cell_growth,B3GALT5,Target,Target-Cell_growth
Cell_growth,LUC7L3,Target,Target-Cell_growth
Cell_growth,RNF169,Target,Target-Cell_growth
Cell_growth,TP53TG5,Target,Target-Cell_growth
Cell_growth,RXYLT1,Target,Target-Cell_growth
Cell_growth,DYNC2H1,Target,Target-Cell_growth
Cell_growth,POU3F3,Target,Target-Cell_growth
Cell_growth,ATL2,Target,Target-Cell_growth
Cell_growth,S1PR4,Target,Target-Cell_growth
Cell_growth,TBP,Target,Target-Cell_growth
Cell_growth,CHFR,Target,Target-Cell_growth
Cell_growth,RNF125,Target,Target-Cell_growth
Cell_growth,SLC25A10,Target,Target-Cell_growth
Cell_growth,HESX1,Target,Target-Cell_growth
Cell_growth,ZMYM2,Target,Target-Cell_growth
Cell_growth,ASF1A,Target,Target-Cell_growth
Cell_growth,SEL1L,Target,Target-Cell_growth
Cell_growth,HJURP,Target,Target-Cell_growth
Cell_growth,VDAC3,Target,Target-Cell_growth
Cell_growth,KDM4E,Target,Target-Cell_growth
Cell_growth,POLK,Target,Target-Cell_growth
Cell_growth,FOXA2,Target,Target-Cell_growth
Cell_growth,TENT4A,Target,Target-Cell_growth
Cell_growth,METTL1,Target,Target-Cell_growth
Cell_growth,TRAF3IP3,Target,Target-Cell_growth
Cell_growth,LRWD1,Target,Target-Cell_growth
Cell_growth,FAF2,Target,Target-Cell_growth
Cell_growth,ZNF12,Target,Target-Cell_growth
Cell_growth,DENND4B,Target,Target-Cell_growth
Cell_growth,MSH3,Target,Target-Cell_growth
Cell_growth,CDS2,Target,Target-Cell_growth
Cell_growth,LRRC45,Target,Target-Cell_growth
Cell_growth,NUP37,Target,Target-Cell_growth
Cell_growth,TRRAP,Target,Target-Cell_growth
Cell_growth,LSM4,Target,Target-Cell_growth
Cell_growth,LSM5,Target,Target-Cell_growth
Cell_growth,CEP83,Target,Target-Cell_growth
Cell_growth,AMMECR1,Target,Target-Cell_growth
Cell_growth,USP32,Target,Target-Cell_growth
Cell_growth,INTS12,Target,Target-Cell_growth
Cell_growth,OARD1,Target,Target-Cell_growth
Cell_growth,SAMM50,Target,Target-Cell_growth
Cell_growth,MAOB,Target,Target-Cell_growth
Cell_growth,ZNF91,Target,Target-Cell_growth
Cell_growth,AKAP9,Target,Target-Cell_growth
Cell_growth,VRK1,Target,Target-Cell_growth
Cell_growth,AGPAT1,Target,Target-Cell_growth
Cell_growth,CBX1,Target,Target-Cell_growth
Cell_growth,H2AZ2,Target,Target-Cell_growth
Cell_growth,H2AC4,Target,Target-Cell_growth
Cell_growth,ZNRF4,Target,Target-Cell_growth
Cell_growth,RNASET2,Target,Target-Cell_growth
Cell_growth,DEPDC1,Target,Target-Cell_growth
Cell_growth,ZDHHC19,Target,Target-Cell_growth
Cell_growth,FAR1,Target,Target-Cell_growth
Cell_growth,TXNL4A,Target,Target-Cell_growth
Cell_growth,HAUS7,Target,Target-Cell_growth
Cell_growth,QRFP,Target,Target-Cell_growth
Cell_growth,PTCD2,Target,Target-Cell_growth
Cell_growth,NPAS2,Target,Target-Cell_growth
Cell_growth,GLS,Target,Target-Cell_growth
Cell_growth,LITAF,Target,Target-Cell_growth
Cell_growth,PCF11,Target,Target-Cell_growth
Cell_growth,DOK1,Target,Target-Cell_growth
Cell_growth,SF3A1,Target,Target-Cell_growth
Cell_growth,NUP133,Target,Target-Cell_growth
Cell_growth,SEC23B,Target,Target-Cell_growth
Cell_growth,SF3B4,Target,Target-Cell_growth
Cell_growth,SAFB,Target,Target-Cell_growth
Cell_growth,HNRNPA3,Target,Target-Cell_growth
Cell_growth,FUT6,Target,Target-Cell_growth
Cell_growth,GCFC2,Target,Target-Cell_growth
Cell_growth,FOXE1,Target,Target-Cell_growth
Cell_growth,CLP1,Target,Target-Cell_growth
Cell_growth,IRF7,Target,Target-Cell_growth
Cell_growth,GSTM3,Target,Target-Cell_growth
Cell_growth,ZNF432,Target,Target-Cell_growth
Cell_growth,WWP2,Target,Target-Cell_growth
Cell_growth,C18orf32,Target,Target-Cell_growth
Cell_growth,MRPL30,Target,Target-Cell_growth
Cell_growth,TRMT10A,Target,Target-Cell_growth
Cell_growth,FNDC8,Target,Target-Cell_growth
Cell_growth,MCAT,Target,Target-Cell_growth
Cell_growth,TAF1,Target,Target-Cell_growth
Cell_growth,RAPGEF5,Target,Target-Cell_growth
Cell_growth,TM9SF4,Target,Target-Cell_growth
Cell_growth,SLC39A7,Target,Target-Cell_growth
Cell_growth,TKFC,Target,Target-Cell_growth
Cell_growth,HAPSTR2,Target,Target-Cell_growth
Cell_growth,DNAJB14,Target,Target-Cell_growth
Cell_growth,SAMD9L,Target,Target-Cell_growth
Cell_growth,GOLGA5,Target,Target-Cell_growth
Cell_growth,PASD1,Target,Target-Cell_growth
Cell_growth,VRK3,Target,Target-Cell_growth
Cell_growth,DDB2,Target,Target-Cell_growth
Cell_growth,SLC35B2,Target,Target-Cell_growth
Cell_growth,NPLOC4,Target,Target-Cell_growth
Cell_growth,GDAP1,Target,Target-Cell_growth
Cell_growth,TMTC3,Target,Target-Cell_growth
Cell_growth,PPP1R35,Target,Target-Cell_growth
Cell_growth,CEP76,Target,Target-Cell_growth
Cell_growth,LACTB,Target,Target-Cell_growth
Cell_growth,SHLD1,Target,Target-Cell_growth
Cell_growth,EYA3,Target,Target-Cell_growth
Cell_growth,S100A4,Target,Target-Cell_growth
Cell_growth,SUPV3L1,Target,Target-Cell_growth
Cell_growth,CKAP2L,Target,Target-Cell_growth
Cell_growth,SH3RF2,Target,Target-Cell_growth
Cell_growth,HRK,Target,Target-Cell_growth
Cell_growth,SLX4,Target,Target-Cell_growth
Cell_growth,GNPTAB,Target,Target-Cell_growth
Cell_growth,P3H4,Target,Target-Cell_growth
Cell_growth,DPF2,Target,Target-Cell_growth
Cell_growth,PXYLP1,Target,Target-Cell_growth
Cell_growth,GRHL3,Target,Target-Cell_growth
Cell_growth,TFAP2C,Target,Target-Cell_growth
Cell_growth,TCP10L,Target,Target-Cell_growth
Cell_growth,MRPL41,Target,Target-Cell_growth
Cell_growth,COG7,Target,Target-Cell_growth
Cell_growth,GNPDA2,Target,Target-Cell_growth
Cell_growth,ACOX2,Target,Target-Cell_growth
Cell_growth,PTGES3,Target,Target-Cell_growth
Cell_growth,SPRYD4,Target,Target-Cell_growth
Cell_growth,TRAPPC12,Target,Target-Cell_growth
Cell_growth,TM9SF2,Target,Target-Cell_growth
Cell_growth,TEAD2,Target,Target-Cell_growth
Cell_growth,TEAD4,Target,Target-Cell_growth
Cell_growth,TERF2,Target,Target-Cell_growth
Cell_growth,STAG1,Target,Target-Cell_growth
Cell_growth,TAF7,Target,Target-Cell_growth
Cell_growth,TAF5,Target,Target-Cell_growth
Cell_growth,TYSND1,Target,Target-Cell_growth
Cell_growth,RNF138,Target,Target-Cell_growth
Cell_growth,POLR2I,Target,Target-Cell_growth
Cell_growth,HEXIM1,Target,Target-Cell_growth
Cell_growth,AFG1L,Target,Target-Cell_growth
Cell_growth,H1-3,Target,Target-Cell_growth
Cell_growth,H1-5,Target,Target-Cell_growth
Cell_growth,NOMO1,Target,Target-Cell_growth
Cell_growth,PCM1,Target,Target-Cell_growth
Cell_growth,PEA15,Target,Target-Cell_growth
Cell_growth,HELQ,Target,Target-Cell_growth
Cell_growth,DDX54,Target,Target-Cell_growth
Cell_growth,SGPP2,Target,Target-Cell_growth
Cell_growth,SLF2,Target,Target-Cell_growth
Cell_growth,ALMS1,Target,Target-Cell_growth
Cell_growth,RUBCN,Target,Target-Cell_growth
Cell_growth,CCHCR1,Target,Target-Cell_growth
Cell_growth,TBC1D5,Target,Target-Cell_growth
Cell_growth,GCC2,Target,Target-Cell_growth
Cell_growth,ZDHHC14,Target,Target-Cell_growth
Cell_growth,SMARCD2,Target,Target-Cell_growth
Cell_growth,GPKOW,Target,Target-Cell_growth
Cell_growth,PELP1,Target,Target-Cell_growth
Cell_growth,ATP10B,Target,Target-Cell_growth
Cell_growth,TLR1,Target,Target-Cell_growth
Cell_growth,DLGAP5,Target,Target-Cell_growth
Cell_growth,PUM3,Target,Target-Cell_growth
Cell_growth,DHCR24,Target,Target-Cell_growth
Cell_growth,KLHL12,Target,Target-Cell_growth
Cell_growth,KMT2E,Target,Target-Cell_growth
Cell_growth,ALDH1L2,Target,Target-Cell_growth
Cell_growth,CCDC116,Target,Target-Cell_growth
Cell_growth,RNF168,Target,Target-Cell_growth
Cell_growth,SRY,Target,Target-Cell_growth
Cell_growth,AGRP,Target,Target-Cell_growth
Cell_growth,RNF103,Target,Target-Cell_growth
Cell_growth,UFD1,Target,Target-Cell_growth
Cell_growth,CCDC170,Target,Target-Cell_growth
Cell_growth,PTRH2,Target,Target-Cell_growth
Cell_growth,BOLA1,Target,Target-Cell_growth
Cell_growth,NCOR1,Target,Target-Cell_growth
Cell_growth,FIS1,Target,Target-Cell_growth
Cell_growth,TRIM3,Target,Target-Cell_growth
Cell_growth,PPIL1,Target,Target-Cell_growth
Cell_growth,MRPL11,Target,Target-Cell_growth
Cell_growth,SF3B6,Target,Target-Cell_growth
Cell_growth,TMED7,Target,Target-Cell_growth
Cell_growth,CELF2,Target,Target-Cell_growth
Cell_growth,NPEPL1,Target,Target-Cell_growth
Cell_growth,MRRF,Target,Target-Cell_growth
Cell_growth,ZDHHC9,Target,Target-Cell_growth
Cell_growth,MTCH2,Target,Target-Cell_growth
Cell_growth,C1orf131,Target,Target-Cell_growth
Cell_growth,RBMX2,Target,Target-Cell_growth
Cell_growth,KLHDC2,Target,Target-Cell_growth
Cell_growth,DYNC1LI1,Target,Target-Cell_growth
Cell_growth,LSM2,Target,Target-Cell_growth
Cell_growth,AVPR1A,Target,Target-Cell_growth
Cell_growth,AMDHD2,Target,Target-Cell_growth
Cell_growth,FAN1,Target,Target-Cell_growth
Cell_growth,DHCR7,Target,Target-Cell_growth
Cell_growth,PPARGC1A,Target,Target-Cell_growth
Cell_growth,SLC38A9,Target,Target-Cell_growth
Cell_growth,RTN3,Target,Target-Cell_growth
Cell_growth,WBP4,Target,Target-Cell_growth
Cell_growth,SAE1,Target,Target-Cell_growth
Cell_growth,HSD17B11,Target,Target-Cell_growth
Cell_growth,MBD2,Target,Target-Cell_growth
Cell_growth,SCAF4,Target,Target-Cell_growth
Cell_growth,SUMF1,Target,Target-Cell_growth
Cell_growth,SUMF2,Target,Target-Cell_growth
Cell_growth,RNF144A,Target,Target-Cell_growth
Cell_growth,SLC27A3,Target,Target-Cell_growth
Cell_growth,CCDC14,Target,Target-Cell_growth
Cell_growth,HSD17B3,Target,Target-Cell_growth
Cell_growth,GCAT,Target,Target-Cell_growth
Cell_growth,GLYR1,Target,Target-Cell_growth
Cell_growth,PRPF38A,Target,Target-Cell_growth
Cell_growth,POMGNT2,Target,Target-Cell_growth
Cell_growth,FSBP,Target,Target-Cell_growth
Cell_growth,NFIA,Target,Target-Cell_growth
Cell_growth,TFCP2,Target,Target-Cell_growth
Cell_growth,CAPZA3,Target,Target-Cell_growth
Cell_growth,WDR4,Target,Target-Cell_growth
Cell_growth,H2BC12L,Target,Target-Cell_growth
Cell_growth,H1-1,Target,Target-Cell_growth
Cell_growth,ESCO1,Target,Target-Cell_growth
Cell_growth,GTPBP3,Target,Target-Cell_growth
Cell_growth,ALAD,Target,Target-Cell_growth
Cell_growth,UTP4,Target,Target-Cell_growth
Cell_growth,TMBIM1,Target,Target-Cell_growth
Cell_growth,SPTSSA,Target,Target-Cell_growth
Cell_growth,NCLN,Target,Target-Cell_growth
Cell_growth,PSMG2,Target,Target-Cell_growth
Cell_growth,KMT5A,Target,Target-Cell_growth
Cell_growth,TMEM203,Target,Target-Cell_growth
Cell_growth,PPP2R3C,Target,Target-Cell_growth
Cell_growth,WASHC5,Target,Target-Cell_growth
Cell_growth,ZNF281,Target,Target-Cell_growth
Cell_growth,RNF40,Target,Target-Cell_growth
Cell_growth,MTERF3,Target,Target-Cell_growth
Cell_growth,RAB3C,Target,Target-Cell_growth
Cell_growth,YEATS4,Target,Target-Cell_growth
Cell_growth,ARK2N,Target,Target-Cell_growth
Cell_growth,EIF1AX,Target,Target-Cell_growth
Cell_growth,PEX16,Target,Target-Cell_growth
Cell_growth,PTGDR2,Target,Target-Cell_growth
Cell_growth,SNX14,Target,Target-Cell_growth
Cell_growth,PISD,Target,Target-Cell_growth
Cell_growth,INSIG2,Target,Target-Cell_growth
Cell_growth,VOPP1,Target,Target-Cell_growth
Cell_growth,OTUB2,Target,Target-Cell_growth
Cell_growth,RBM8A,Target,Target-Cell_growth
Cell_growth,LDAF1,Target,Target-Cell_growth
Cell_growth,POLR2B,Target,Target-Cell_growth
Cell_growth,GIMAP2,Target,Target-Cell_growth
Cell_growth,NCOR2,Target,Target-Cell_growth
Cell_growth,NIPSNAP3A,Target,Target-Cell_growth
Cell_growth,FBH1,Target,Target-Cell_growth
Cell_growth,HILPDA,Target,Target-Cell_growth
Cell_growth,TNPO3,Target,Target-Cell_growth
Cell_growth,ACR,Target,Target-Cell_growth
Cell_growth,CMAS,Target,Target-Cell_growth
Cell_growth,EARS2,Target,Target-Cell_growth
Cell_growth,UTP18,Target,Target-Cell_growth
Cell_growth,ZNF37A,Target,Target-Cell_growth
Cell_growth,NOMO2,Target,Target-Cell_growth
Cell_growth,FOXRED1,Target,Target-Cell_growth
Cell_growth,TOR1AIP2,Target,Target-Cell_growth
Cell_growth,COQ8B,Target,Target-Cell_growth
Cell_growth,BICD1,Target,Target-Cell_growth
Cell_growth,GLUD1,Target,Target-Cell_growth
Cell_growth,KATNBL1,Target,Target-Cell_growth
Cell_growth,GATAD2A,Target,Target-Cell_growth
Cell_growth,TMEM126A,Target,Target-Cell_growth
Cell_growth,CERS1,Target,Target-Cell_growth
Cell_growth,SPRTN,Target,Target-Cell_growth
Cell_growth,ZBTB48,Target,Target-Cell_growth
Cell_growth,MED13,Target,Target-Cell_growth
Cell_growth,TRAPPC2,Target,Target-Cell_growth
Cell_growth,NFKBIL1,Target,Target-Cell_growth
Cell_growth,SAP30BP,Target,Target-Cell_growth
Cell_growth,TRMT112,Target,Target-Cell_growth
Cell_growth,CYB5R1,Target,Target-Cell_growth
Cell_growth,NR2F1,Target,Target-Cell_growth
Cell_growth,NR2F6,Target,Target-Cell_growth
Cell_growth,MBD3L2,Target,Target-Cell_growth
Cell_growth,RAB4A,Target,Target-Cell_growth
Cell_growth,SFMBT1,Target,Target-Cell_growth
Cell_growth,MAFA,Target,Target-Cell_growth
Cell_growth,NEDD1,Target,Target-Cell_growth
Cell_growth,GIMAP7,Target,Target-Cell_growth
Cell_growth,PTCD3,Target,Target-Cell_growth
Cell_growth,TMA16,Target,Target-Cell_growth
Cell_growth,COQ8A,Target,Target-Cell_growth
Cell_growth,TRPS1,Target,Target-Cell_growth
Cell_growth,LSM8,Target,Target-Cell_growth
Cell_growth,CEP70,Target,Target-Cell_growth
Cell_growth,SRP68,Target,Target-Cell_growth
Cell_growth,B4GALT7,Target,Target-Cell_growth
Cell_growth,RAD51D,Target,Target-Cell_growth
Cell_growth,TMEM87B,Target,Target-Cell_growth
Cell_growth,RTN1,Target,Target-Cell_growth
Cell_growth,H2BC21,Target,Target-Cell_growth
Cell_growth,CRTAP,Target,Target-Cell_growth
Cell_growth,MRPS30,Target,Target-Cell_growth
Cell_growth,RAB18,Target,Target-Cell_growth
Cell_growth,VCPIP1,Target,Target-Cell_growth
Cell_growth,CIZ1,Target,Target-Cell_growth
Cell_growth,ZMYND8,Target,Target-Cell_growth
Cell_growth,TTC7A,Target,Target-Cell_growth
Cell_growth,SEC16B,Target,Target-Cell_growth
Cell_growth,ISY1,Target,Target-Cell_growth
Cell_growth,PMS2,Target,Target-Cell_growth
Cell_growth,PMS1,Target,Target-Cell_growth
Cell_growth,EPDR1,Target,Target-Cell_growth
Cell_growth,MTRFR,Target,Target-Cell_growth
Cell_growth,HIC2,Target,Target-Cell_growth
Cell_growth,COG3,Target,Target-Cell_growth
Cell_growth,PLEKHA8,Target,Target-Cell_growth
Cell_growth,ACAD11,Target,Target-Cell_growth
Cell_growth,TRIT1,Target,Target-Cell_growth
Cell_growth,ZBTB21,Target,Target-Cell_growth
Cell_growth,KDM2B,Target,Target-Cell_growth
Cell_growth,COQ9,Target,Target-Cell_growth
Cell_growth,MRPL53,Target,Target-Cell_growth
Cell_growth,KIFBP,Target,Target-Cell_growth
Cell_growth,ZNRF2,Target,Target-Cell_growth
Cell_growth,MALSU1,Target,Target-Cell_growth
Cell_growth,MTUS2,Target,Target-Cell_growth
Cell_growth,HOOK2,Target,Target-Cell_growth
Cell_growth,FNDC3A,Target,Target-Cell_growth
Cell_growth,APOBEC3B,Target,Target-Cell_growth
Cell_growth,SPDL1,Target,Target-Cell_growth
Cell_growth,PARP2,Target,Target-Cell_growth
Cell_growth,WARS2,Target,Target-Cell_growth
Cell_growth,COX11,Target,Target-Cell_growth
Cell_growth,ZNF256,Target,Target-Cell_growth
Cell_growth,INO80,Target,Target-Cell_growth
Cell_growth,DENND2A,Target,Target-Cell_growth
Cell_growth,ABCC12,Target,Target-Cell_growth
Cell_growth,ZNF777,Target,Target-Cell_growth
Cell_growth,BRPF3,Target,Target-Cell_growth
Cell_growth,ZDHHC8,Target,Target-Cell_growth
Cell_growth,XAB2,Target,Target-Cell_growth
Cell_growth,DNPEP,Target,Target-Cell_growth
Cell_growth,DECR1,Target,Target-Cell_growth
Cell_growth,MRPL46,Target,Target-Cell_growth
Cell_growth,MPV17L,Target,Target-Cell_growth
Cell_growth,CDKN3,Target,Target-Cell_growth
Cell_growth,USP17L2,Target,Target-Cell_growth
Cell_growth,TBR1,Target,Target-Cell_growth
Cell_growth,AMFR,Target,Target-Cell_growth
Cell_growth,PARL,Target,Target-Cell_growth
Cell_growth,ASGR2,Target,Target-Cell_growth
Cell_growth,INTS6,Target,Target-Cell_growth
Cell_growth,MYO19,Target,Target-Cell_growth
Cell_growth,RBMY1C,Target,Target-Cell_growth
Cell_growth,MCM8,Target,Target-Cell_growth
Cell_growth,DDX27,Target,Target-Cell_growth
Cell_growth,SYF2,Target,Target-Cell_growth
Cell_growth,MTX2,Target,Target-Cell_growth
Cell_growth,SRP14,Target,Target-Cell_growth
Cell_growth,CENPB,Target,Target-Cell_growth
Cell_growth,LMAN2L,Target,Target-Cell_growth
Cell_growth,POLQ,Target,Target-Cell_growth
Cell_growth,AGA,Target,Target-Cell_growth
Cell_growth,MRPL18,Target,Target-Cell_growth
Cell_growth,MAGT1,Target,Target-Cell_growth
Cell_growth,ALX4,Target,Target-Cell_growth
Cell_growth,DNTTIP1,Target,Target-Cell_growth
Cell_growth,QRSL1,Target,Target-Cell_growth
Cell_growth,TRMT2B,Target,Target-Cell_growth
Cell_growth,HACL1,Target,Target-Cell_growth
Cell_growth,RNF185,Target,Target-Cell_growth
Cell_growth,RAB6C,Target,Target-Cell_growth
Cell_growth,CEP95,Target,Target-Cell_growth
Cell_growth,HACD2,Target,Target-Cell_growth
Cell_growth,MRPL48,Target,Target-Cell_growth
Cell_growth,PPP2R3A,Target,Target-Cell_growth
Cell_growth,NSRP1,Target,Target-Cell_growth
Cell_growth,BRD8,Target,Target-Cell_growth
Cell_growth,SCO1,Target,Target-Cell_growth
Cell_growth,GATB,Target,Target-Cell_growth
Cell_growth,PCIF1,Target,Target-Cell_growth
Cell_growth,KLF7,Target,Target-Cell_growth
Cell_growth,EBF3,Target,Target-Cell_growth
Cell_growth,COPRS,Target,Target-Cell_growth
Cell_growth,DGUOK,Target,Target-Cell_growth
Cell_growth,OAZ3,Target,Target-Cell_growth
Cell_growth,FAM209A,Target,Target-Cell_growth
Cell_growth,BANF2,Target,Target-Cell_growth
Cell_growth,ATP13A2,Target,Target-Cell_growth
Cell_growth,ZHX3,Target,Target-Cell_growth
Cell_growth,PNRC2,Target,Target-Cell_growth
Cell_growth,ACP6,Target,Target-Cell_growth
Cell_growth,ZDHHC4,Target,Target-Cell_growth
Cell_growth,OSGEPL1,Target,Target-Cell_growth
Cell_growth,CCNE1,Target,Target-Cell_growth
Cell_growth,RNF113A,Target,Target-Cell_growth
Cell_growth,GPR42,Target,Target-Cell_growth
Cell_growth,INSIG1,Target,Target-Cell_growth
Cell_growth,ADCK1,Target,Target-Cell_growth
Cell_growth,MRPL52,Target,Target-Cell_growth
Cell_growth,PITX1,Target,Target-Cell_growth
Cell_growth,PLA2G2A,Target,Target-Cell_growth
Cell_growth,MBOAT7,Target,Target-Cell_growth
Cell_growth,C17orf75,Target,Target-Cell_growth
Cell_growth,TMEM134,Target,Target-Cell_growth
Cell_growth,INIP,Target,Target-Cell_growth
Cell_growth,MRPL17,Target,Target-Cell_growth
Cell_growth,RAD18,Target,Target-Cell_growth
Cell_growth,COG5,Target,Target-Cell_growth
Cell_growth,CREBZF,Target,Target-Cell_growth
Cell_growth,PLA2G4C,Target,Target-Cell_growth
Cell_growth,NSMCE2,Target,Target-Cell_growth
Cell_growth,SPANXA1,Target,Target-Cell_growth
Cell_growth,GLRX2,Target,Target-Cell_growth
Cell_growth,CMC2,Target,Target-Cell_growth
Cell_growth,BAZ1A,Target,Target-Cell_growth
Cell_growth,REEP4,Target,Target-Cell_growth
Cell_growth,ABCB10,Target,Target-Cell_growth
Cell_growth,HAUS4,Target,Target-Cell_growth
Cell_growth,AAAS,Target,Target-Cell_growth
Cell_growth,SDR39U1,Target,Target-Cell_growth
Cell_growth,CHD1L,Target,Target-Cell_growth
Cell_growth,GTF2H3,Target,Target-Cell_growth
Cell_growth,GTF2H2,Target,Target-Cell_growth
Cell_growth,KLF9,Target,Target-Cell_growth
Cell_growth,TUBB2A,Target,Target-Cell_growth
Cell_growth,LONP2,Target,Target-Cell_growth
Cell_growth,PRM2,Target,Target-Cell_growth
Cell_growth,TMBIM4,Target,Target-Cell_growth
Cell_growth,CT83,Target,Target-Cell_growth
Cell_growth,HOOK3,Target,Target-Cell_growth
Cell_growth,THOC6,Target,Target-Cell_growth
Cell_growth,HNRNPUL1,Target,Target-Cell_growth
Cell_growth,OTUD3,Target,Target-Cell_growth
Cell_growth,MORN3,Target,Target-Cell_growth
Cell_growth,TCEAL7,Target,Target-Cell_growth
Cell_growth,GEN1,Target,Target-Cell_growth
Cell_growth,STX10,Target,Target-Cell_growth
Cell_growth,SRP19,Target,Target-Cell_growth
Cell_growth,NUDT16L1,Target,Target-Cell_growth
Cell_growth,MRPL45,Target,Target-Cell_growth
Cell_growth,BCKDHA,Target,Target-Cell_growth
Cell_growth,CUX1,Target,Target-Cell_growth
Cell_growth,TPRXL,Target,Target-Cell_growth
Cell_growth,CCDC15,Target,Target-Cell_growth
Cell_growth,BUD13,Target,Target-Cell_growth
Cell_growth,POLR2E,Target,Target-Cell_growth
Cell_growth,PLCD4,Target,Target-Cell_growth
Cell_growth,TLE5,Target,Target-Cell_growth
Cell_growth,FASTKD3,Target,Target-Cell_growth
Cell_growth,EBF4,Target,Target-Cell_growth
Cell_growth,CCDC77,Target,Target-Cell_growth
Cell_growth,ATXN7L3,Target,Target-Cell_growth
Cell_growth,ZNF827,Target,Target-Cell_growth
Cell_growth,FYCO1,Target,Target-Cell_growth
Cell_growth,CCNB2,Target,Target-Cell_growth
Cell_growth,ACOX3,Target,Target-Cell_growth
Cell_growth,RTEL1,Target,Target-Cell_growth
Cell_growth,CASC3,Target,Target-Cell_growth
Cell_growth,CA5A,Target,Target-Cell_growth
Cell_growth,RFWD3,Target,Target-Cell_growth
Cell_growth,PLEKHM1,Target,Target-Cell_growth
Cell_growth,CEP128,Target,Target-Cell_growth
Cell_growth,SPATA31F1,Target,Target-Cell_growth
Cell_growth,HIRIP3,Target,Target-Cell_growth
Cell_growth,ELOVL1,Target,Target-Cell_growth
Cell_growth,TRMT61B,Target,Target-Cell_growth
Cell_growth,LINC-PINT,Target,Target-Cell_growth
Cell_growth,CCDC174,Target,Target-Cell_growth
Cell_growth,DPCD,Target,Target-Cell_growth
Cell_growth,HAUS3,Target,Target-Cell_growth
Cell_growth,BEND3,Target,Target-Cell_growth
Cell_growth,CCDC102B,Target,Target-Cell_growth
Cell_growth,MRPL2,Target,Target-Cell_growth
Cell_growth,CCDC22,Target,Target-Cell_growth
Cell_growth,RXRA,Target,Target-Cell_growth
Cell_growth,CSNK2A2,Target,Target-Cell_growth
Cell_growth,C2orf49,Target,Target-Cell_growth
Cell_growth,TMEM241,Target,Target-Cell_growth
Cell_growth,TUBB2B,Target,Target-Cell_growth
Cell_growth,SATB1,Target,Target-Cell_growth
Cell_growth,CNIH4,Target,Target-Cell_growth
Cell_growth,ACSM2B,Target,Target-Cell_growth
Cell_growth,NOP2,Target,Target-Cell_growth
Cell_growth,NTMT1,Target,Target-Cell_growth
Cell_growth,RSRP1,Target,Target-Cell_growth
Cell_growth,PAN3,Target,Target-Cell_growth
Cell_growth,DDX23,Target,Target-Cell_growth
Cell_growth,RNFT1,Target,Target-Cell_growth
Cell_growth,CCDC28B,Target,Target-Cell_growth
Cell_growth,ZNF354A,Target,Target-Cell_growth
Cell_growth,PLIN3,Target,Target-Cell_growth
Cell_growth,LMX1B,Target,Target-Cell_growth
Cell_growth,UGT1A9,Target,Target-Cell_growth
Cell_growth,DLX1,Target,Target-Cell_growth
Cell_growth,AARSD1,Target,Target-Cell_growth
Cell_growth,MCMBP,Target,Target-Cell_growth
Cell_growth,DCTN5,Target,Target-Cell_growth
Cell_growth,MTA3,Target,Target-Cell_growth
Cell_growth,TSBP1,Target,Target-Cell_growth
Cell_growth,ZNF788P,Target,Target-Cell_growth
Cell_growth,NDFIP1,Target,Target-Cell_growth
Cell_growth,PHAF1,Target,Target-Cell_growth
Cell_growth,POLR3GL,Target,Target-Cell_growth
Cell_growth,HAUS8,Target,Target-Cell_growth
Cell_growth,CCNT1,Target,Target-Cell_growth
Cell_growth,TUBGCP2,Target,Target-Cell_growth
Cell_growth,KRT76,Target,Target-Cell_growth
Cell_growth,FLI1,Target,Target-Cell_growth
Cell_growth,ATG101,Target,Target-Cell_growth
Cell_growth,TMEM175,Target,Target-Cell_growth
Cell_growth,TUBA3E,Target,Target-Cell_growth
Cell_growth,RMND1,Target,Target-Cell_growth
Cell_growth,MARCHF5,Target,Target-Cell_growth
Cell_growth,PARPBP,Target,Target-Cell_growth
Cell_growth,GON7,Target,Target-Cell_growth
Cell_growth,MRPL16,Target,Target-Cell_growth
Cell_growth,ZNF300,Target,Target-Cell_growth
Cell_growth,NACC1,Target,Target-Cell_growth
Cell_growth,SDHAF2,Target,Target-Cell_growth
Cell_growth,JUN,Target,Target-Cell_growth
Cell_growth,POLR2G,Target,Target-Cell_growth
Cell_growth,ESPL1,Target,Target-Cell_growth
Cell_growth,TRIP12,Target,Target-Cell_growth
Cell_growth,ALKBH5,Target,Target-Cell_growth
Cell_growth,TRIM68,Target,Target-Cell_growth
Cell_growth,LMAN1,Target,Target-Cell_growth
Cell_growth,SNX8,Target,Target-Cell_growth
Cell_growth,CKAP5,Target,Target-Cell_growth
Cell_growth,VPS53,Target,Target-Cell_growth
Cell_growth,SUMO3,Target,Target-Cell_growth
Cell_growth,OXCT1,Target,Target-Cell_growth
Cell_growth,GFER,Target,Target-Cell_growth
Cell_growth,SNU13,Target,Target-Cell_growth
Cell_growth,WDR83OS,Target,Target-Cell_growth
Cell_growth,HACD4,Target,Target-Cell_growth
Cell_growth,NOMO3,Target,Target-Cell_growth
Cell_growth,FNTB,Target,Target-Cell_growth
Cell_growth,FNTA,Target,Target-Cell_growth
Cell_growth,NTMT2,Target,Target-Cell_growth
Cell_growth,XRCC2,Target,Target-Cell_growth
Cell_growth,B4GAT1,Target,Target-Cell_growth
Cell_growth,MYSM1,Target,Target-Cell_growth
Cell_growth,RPS4Y1,Target,Target-Cell_growth
Cell_growth,SLC27A5,Target,Target-Cell_growth
Cell_growth,MZT2A,Target,Target-Cell_growth
Cell_growth,CREB3L2,Target,Target-Cell_growth
Cell_growth,HMGCL,Target,Target-Cell_growth
Cell_growth,NFRKB,Target,Target-Cell_growth
Cell_growth,MRPL33,Target,Target-Cell_growth
Cell_growth,CYP1A2,Target,Target-Cell_growth
Cell_growth,MPO,Target,Target-Cell_growth
Cell_growth,ATPSCKMT,Target,Target-Cell_growth
Cell_growth,SPOP,Target,Target-Cell_growth
Cell_growth,HMGN1,Target,Target-Cell_growth
Cell_growth,ARHGAP11A,Target,Target-Cell_growth
Cell_growth,SFXN4,Target,Target-Cell_growth
Cell_growth,ATP9B,Target,Target-Cell_growth
Cell_growth,PSEN2,Target,Target-Cell_growth
Cell_growth,WDR33,Target,Target-Cell_growth
Cell_growth,XPO4,Target,Target-Cell_growth
Cell_growth,SRSF2,Target,Target-Cell_growth
Cell_growth,KRT15,Target,Target-Cell_growth
Cell_growth,LRRCC1,Target,Target-Cell_growth
Cell_growth,CSAG1,Target,Target-Cell_growth
Cell_growth,CLK3,Target,Target-Cell_growth
Cell_growth,CLK2,Target,Target-Cell_growth
Cell_growth,YLPM1,Target,Target-Cell_growth
Cell_growth,TRIM15,Target,Target-Cell_growth
Cell_growth,DPY30,Target,Target-Cell_growth
Cell_growth,NMES1,Target,Target-Cell_growth
Cell_growth,CTCF,Target,Target-Cell_growth
Cell_growth,SLC28A2,Target,Target-Cell_growth
Cell_growth,CALU,Target,Target-Cell_growth
Cell_growth,IDH3B,Target,Target-Cell_growth
Cell_growth,ZBTB14,Target,Target-Cell_growth
Cell_growth,GRAMD4,Target,Target-Cell_growth
Cell_growth,ECPAS,Target,Target-Cell_growth
Cell_growth,TUBB8,Target,Target-Cell_growth
Cell_growth,UGT1A4,Target,Target-Cell_growth
Cell_growth,H2AB2,Target,Target-Cell_growth
Cell_growth,UGT1A1,Target,Target-Cell_growth
Cell_growth,SLC25A20,Target,Target-Cell_growth
Cell_growth,AP1G1,Target,Target-Cell_growth
Cell_growth,ELF1,Target,Target-Cell_growth
Cell_growth,GATC,Target,Target-Cell_growth
Cell_growth,BUD23,Target,Target-Cell_growth
Cell_growth,MPV17,Target,Target-Cell_growth
Cell_growth,ACAA2,Target,Target-Cell_growth
Cell_growth,REP15,Target,Target-Cell_growth
Cell_growth,CENPA,Target,Target-Cell_growth
Cell_growth,LIPT2,Target,Target-Cell_growth
Cell_growth,HHAT,Target,Target-Cell_growth
Cell_growth,PRPF3,Target,Target-Cell_growth
Cell_growth,HNRNPR,Target,Target-Cell_growth
Cell_growth,WDR62,Target,Target-Cell_growth
Cell_growth,ATP5F1EP2,Target,Target-Cell_growth
Cell_growth,MTSS1,Target,Target-Cell_growth
Cell_growth,CTIF,Target,Target-Cell_growth
Cell_growth,POLR2L,Target,Target-Cell_growth
Cell_growth,RNMT,Target,Target-Cell_growth
Cell_growth,METTL15,Target,Target-Cell_growth
Cell_growth,CTBP1-DT,Target,Target-Cell_growth
Cell_growth,C0HM83,Target,Target-Cell_growth
Cell_growth,MLDHR,Target,Target-Cell_growth
Cell_growth,H2AZ1,Target,Target-Cell_growth
Cell_growth,LAMTOR4,Target,Target-Cell_growth
Cell_growth,MAP3K13,Target,Target-Cell_growth
Cell_growth,KNSTRN,Target,Target-Cell_growth
Cell_growth,CCDC69,Target,Target-Cell_growth
Cell_growth,ZNHIT1,Target,Target-Cell_growth
Cell_growth,ZNF766,Target,Target-Cell_growth
Cell_growth,KCTD1,Target,Target-Cell_growth
Cell_growth,TTLL5,Target,Target-Cell_growth
Cell_growth,NFYB,Target,Target-Cell_growth
Cell_growth,KDM3A,Target,Target-Cell_growth
Cell_growth,S100A10,Target,Target-Cell_growth
Cell_growth,PRPF4,Target,Target-Cell_growth
Cell_growth,LDB3,Target,Target-Cell_growth
Cell_growth,RRP8,Target,Target-Cell_growth
Cell_growth,POLR2J,Target,Target-Cell_growth
Cell_growth,POLR2H,Target,Target-Cell_growth
Cell_growth,DAOA,Target,Target-Cell_growth
Cell_growth,PCNT,Target,Target-Cell_growth
Cell_growth,CD1D,Target,Target-Cell_growth
Cell_growth,MZT1,Target,Target-Cell_growth
Cell_growth,P3H1,Target,Target-Cell_growth
Cell_growth,POLN,Target,Target-Cell_growth
Cell_growth,ELOVL6,Target,Target-Cell_growth
Cell_growth,KIF22,Target,Target-Cell_growth
Cell_growth,RHOXF1,Target,Target-Cell_growth
Cell_growth,PRPF8,Target,Target-Cell_growth
Cell_growth,CBX5,Target,Target-Cell_growth
Cell_growth,YY1,Target,Target-Cell_growth
Cell_growth,ACADSB,Target,Target-Cell_growth
Cell_growth,ENDOG,Target,Target-Cell_growth
Cell_growth,EDC4,Target,Target-Cell_growth
Cell_growth,MED27,Target,Target-Cell_growth
Cell_growth,HNF1B,Target,Target-Cell_growth
Cell_growth,CYLC1,Target,Target-Cell_growth
Cell_growth,GSPT1,Target,Target-Cell_growth
Cell_growth,FUS,Target,Target-Cell_growth
Cell_growth,SUMO4,Target,Target-Cell_growth
Cell_growth,TIMP3,Target,Target-Cell_growth
Cell_growth,MRPL58,Target,Target-Cell_growth
Cell_growth,ATF7IP,Target,Target-Cell_growth
Cell_growth,MRPL14,Target,Target-Cell_growth
Cell_growth,MORC3,Target,Target-Cell_growth
Cell_growth,PIP,Target,Target-Cell_growth
Cell_growth,MAGOH,Target,Target-Cell_growth
Cell_growth,TDG,Target,Target-Cell_growth
Cell_growth,MRNIP,Target,Target-Cell_growth
Cell_growth,OR1D2,Target,Target-Cell_growth
Cell_growth,C9orf78,Target,Target-Cell_growth
Cell_growth,SRSP,Target,Target-Cell_growth
Cell_growth,MYCN,Target,Target-Cell_growth
Cell_growth,YY2,Target,Target-Cell_growth
Cell_growth,POLR2F,Target,Target-Cell_growth
Cell_growth,GATAD1,Target,Target-Cell_growth
Cell_growth,TMEM223,Target,Target-Cell_growth
Cell_growth,USP11,Target,Target-Cell_growth
Cell_growth,ZCCHC8,Target,Target-Cell_growth
Cell_growth,ABRAXAS1,Target,Target-Cell_growth
Cell_growth,ARSK,Target,Target-Cell_growth
Cell_growth,SUMO2,Target,Target-Cell_growth
Cell_growth,PET117,Target,Target-Cell_growth
Cell_growth,NPC2,Target,Target-Cell_growth
Cell_growth,LCLAT1,Target,Target-Cell_growth
Cell_growth,HMGB4,Target,Target-Cell_growth
Cell_growth,ARSL,Target,Target-Cell_growth
Cell_growth,SGSH,Target,Target-Cell_growth
Cell_growth,DDX46,Target,Target-Cell_growth
Cell_growth,SUMO1P1,Target,Target-Cell_growth
Cell_growth,RAB43,Target,Target-Cell_growth
Cell_growth,MECP2,Target,Target-Cell_growth
Cell_growth,PPARGC1B,Target,Target-Cell_growth
Cell_growth,PHF13,Target,Target-Cell_growth
Cell_growth,MZT2B,Target,Target-Cell_growth
Cell_growth,FAAP20,Target,Target-Cell_growth
Cell_growth,SPI1,Target,Target-Cell_growth
Cell_growth,EPHX3,Target,Target-Cell_growth
Cell_growth,KLHL15,Target,Target-Cell_growth
Cell_growth,PRIMPOL,Target,Target-Cell_growth
Cell_growth,DNAJC8,Target,Target-Cell_growth
Cell_growth,PRDM5,Target,Target-Cell_growth
Cell_growth,NSUN3,Target,Target-Cell_growth
Cell_growth,PRDM8,Target,Target-Cell_growth
Cell_growth,PRDM10,Target,Target-Cell_growth
Cell_growth,EXOSC5,Target,Target-Cell_growth
Cell_growth,ASH1L,Target,Target-Cell_growth
Cell_growth,INCENP,Target,Target-Cell_growth
Cell_growth,COPS3,Target,Target-Cell_growth
Cell_growth,PPIE,Target,Target-Cell_growth
Cell_growth,PRMT6,Target,Target-Cell_growth
Cell_growth,RRAGD,Target,Target-Cell_growth
Cell_growth,DDX5,Target,Target-Cell_growth
Cell_growth,WDR90,Target,Target-Cell_growth
Cell_growth,GAS2L3,Target,Target-Cell_growth
Cell_growth,H3-5,Target,Target-Cell_growth
Cell_growth,DHFR2,Target,Target-Cell_growth
Cell_growth,BRD4,Target,Target-Cell_growth
Cell_growth,PNPLA4,Target,Target-Cell_growth
Cell_growth,PAN2,Target,Target-Cell_growth
Cell_growth,BUD31,Target,Target-Cell_growth
Cell_growth,NFYC,Target,Target-Cell_growth
Cell_growth,BRI3BP,Target,Target-Cell_growth
Cell_growth,MRPL47,Target,Target-Cell_growth
Cell_growth,MRS2,Target,Target-Cell_growth
Cell_growth,IDI1,Target,Target-Cell_growth
Cell_growth,CIR1,Target,Target-Cell_growth
Cell_growth,TRIM39,Target,Target-Cell_growth
Cell_growth,NCKAP5L,Target,Target-Cell_growth
Cell_growth,EPG5,Target,Target-Cell_growth
Cell_growth,H2AC1,Target,Target-Cell_growth
Cell_growth,XPO6,Target,Target-Cell_growth
Cell_growth,PHF12,Target,Target-Cell_growth
Cell_growth,ARX,Target,Target-Cell_growth
Cell_growth,MRPL28,Target,Target-Cell_growth
Cell_growth,HAUS2,Target,Target-Cell_growth
Cell_growth,SMIM14,Target,Target-Cell_growth
Cell_growth,THAP1,Target,Target-Cell_growth
Cell_growth,TMEM38B,Target,Target-Cell_growth
Cell_growth,MRPS18A,Target,Target-Cell_growth
Cell_growth,INTS10,Target,Target-Cell_growth
Cell_growth,ASF1B,Target,Target-Cell_growth
Cell_growth,DDX18,Target,Target-Cell_growth
Cell_growth,GSDMA,Target,Target-Cell_growth
Cell_growth,ATL3,Target,Target-Cell_growth
Cell_growth,ATAD3A,Target,Target-Cell_growth
Cell_growth,DNAJC11,Target,Target-Cell_growth
Cell_growth,EXD2,Target,Target-Cell_growth
Cell_growth,ZNF317,Target,Target-Cell_growth
Cell_growth,PLIN4,Target,Target-Cell_growth
Cell_growth,ZNF385A,Target,Target-Cell_growth
Cell_growth,RCHY1,Target,Target-Cell_growth
Cell_growth,POT1,Target,Target-Cell_growth
Cell_growth,NDFIP2,Target,Target-Cell_growth
Cell_growth,INTS9,Target,Target-Cell_growth
Cell_growth,ABCB8,Target,Target-Cell_growth
Cell_growth,AP5S1,Target,Target-Cell_growth
Cell_growth,AGPAT5,Target,Target-Cell_growth
Cell_growth,ALDH18A1,Target,Target-Cell_growth
Cell_growth,DGAT2,Target,Target-Cell_growth
Cell_growth,PRKDC,Target,Target-Cell_growth
Cell_growth,RPL13AP3,Target,Target-Cell_growth
Cell_growth,CCDC38,Target,Target-Cell_growth
Cell_growth,PIGZ,Target,Target-Cell_growth
Cell_growth,SLC25A42,Target,Target-Cell_growth
Cell_growth,ARFRP1,Target,Target-Cell_growth
Cell_growth,UGT1A8,Target,Target-Cell_growth
Cell_growth,UGT1A10,Target,Target-Cell_growth
Cell_growth,UGT1A7,Target,Target-Cell_growth
Cell_growth,H3-7,Target,Target-Cell_growth
Cell_growth,SP110,Target,Target-Cell_growth
Cell_growth,ROPN1,Target,Target-Cell_growth
Cell_growth,MYG1,Target,Target-Cell_growth
Cell_growth,ELOVL3,Target,Target-Cell_growth
Cell_growth,ESCO2,Target,Target-Cell_growth
Cell_growth,NFE4,Target,Target-Cell_growth
Cell_growth,ZNF589,Target,Target-Cell_growth
Cell_growth,ERCC6,Target,Target-Cell_growth
Cell_growth,SUGCT,Target,Target-Cell_growth
Cell_growth,MARCHF3,Target,Target-Cell_growth
Cell_growth,PROSER3,Target,Target-Cell_growth
Cell_growth,MARCHF6-DT,Target,Target-Cell_growth
Cell_growth,DONSON,Target,Target-Cell_growth
Cell_growth,TECR,Target,Target-Cell_growth
Cell_growth,RMDN3,Target,Target-Cell_growth
Cell_growth,MRPL39,Target,Target-Cell_growth
Cell_growth,COA4,Target,Target-Cell_growth
Cell_growth,NMNAT3,Target,Target-Cell_growth
Cell_growth,CEP89,Target,Target-Cell_growth
Cell_growth,RUFY1,Target,Target-Cell_growth
Cell_growth,RSF1,Target,Target-Cell_growth
Cell_growth,RAB4B,Target,Target-Cell_growth
Cell_growth,TRIM28,Target,Target-Cell_growth
Cell_growth,CETN3,Target,Target-Cell_growth
Cell_growth,TBXT,Target,Target-Cell_growth
Cell_growth,PGRMC2,Target,Target-Cell_growth
Cell_growth,GPX7,Target,Target-Cell_growth
Cell_growth,SPANXC,Target,Target-Cell_growth
Cell_growth,DNAJB12,Target,Target-Cell_growth
Cell_growth,BET1,Target,Target-Cell_growth
Cell_growth,NPFF,Target,Target-Cell_growth
Cell_growth,PPP4R2,Target,Target-Cell_growth
Cell_growth,MDN1,Target,Target-Cell_growth
Cell_growth,SCML2,Target,Target-Cell_growth
Cell_growth,TMT1A,Target,Target-Cell_growth
Cell_growth,INKA2,Target,Target-Cell_growth
Cell_growth,KAT14,Target,Target-Cell_growth
Cell_growth,SIRT3,Target,Target-Cell_growth
Cell_growth,MUS81,Target,Target-Cell_growth
Cell_growth,CCDC115,Target,Target-Cell_growth
Cell_growth,NRDE2,Target,Target-Cell_growth
Cell_growth,AUNIP,Target,Target-Cell_growth
Cell_growth,SCLT1,Target,Target-Cell_growth
Cell_growth,LDHC,Target,Target-Cell_growth
Cell_growth,EXO1,Target,Target-Cell_growth
Cell_growth,APAF1,Target,Target-Cell_growth
Cell_growth,ANKRD26,Target,Target-Cell_growth
Cell_growth,NUBPL,Target,Target-Cell_growth
Cell_growth,ZMAT2,Target,Target-Cell_growth
Cell_growth,PHF8,Target,Target-Cell_growth
Cell_growth,RILP,Target,Target-Cell_growth
Cell_growth,BRWD1,Target,Target-Cell_growth
Cell_growth,TDRD3,Target,Target-Cell_growth
Cell_growth,FAM161B,Target,Target-Cell_growth
Cell_growth,SMYD3,Target,Target-Cell_growth
Cell_growth,FARSB,Target,Target-Cell_growth
Cell_growth,TUBA3C,Target,Target-Cell_growth
Cell_growth,NVL,Target,Target-Cell_growth
Cell_growth,TMED1,Target,Target-Cell_growth
Cell_growth,SF3B2,Target,Target-Cell_growth
Cell_growth,UNC119,Target,Target-Cell_growth
Cell_growth,IKZF1,Target,Target-Cell_growth
Cell_growth,RADX,Target,Target-Cell_growth
Cell_growth,DYNC1I2,Target,Target-Cell_growth
Cell_growth,POLR3G,Target,Target-Cell_growth
Cell_growth,RAD51B,Target,Target-Cell_growth
Cell_growth,MAT2B,Target,Target-Cell_growth
Cell_growth,ZNF224,Target,Target-Cell_growth
Cell_growth,PPARD,Target,Target-Cell_growth
Cell_growth,COQ3,Target,Target-Cell_growth
Cell_growth,PWWP3A,Target,Target-Cell_growth
Cell_growth,MRPL35,Target,Target-Cell_growth
Cell_growth,SMARCAL1,Target,Target-Cell_growth
Cell_growth,ALKBH2,Target,Target-Cell_growth
Cell_growth,CCDC137,Target,Target-Cell_growth
Cell_growth,FASTKD2,Target,Target-Cell_growth
Cell_growth,PROC,Target,Target-Cell_growth
Cell_growth,SP140,Target,Target-Cell_growth
Cell_growth,ATXN7,Target,Target-Cell_growth
Cell_growth,MCM9,Target,Target-Cell_growth
Cell_growth,RNF186,Target,Target-Cell_growth
Cell_growth,ELOVL2,Target,Target-Cell_growth
Cell_growth,TUBGCP5,Target,Target-Cell_growth
Cell_growth,TUBGCP6,Target,Target-Cell_growth
Cell_growth,STX5,Target,Target-Cell_growth
Cell_growth,ZNF350,Target,Target-Cell_growth
Cell_growth,ARHGEF11,Target,Target-Cell_growth
Cell_growth,HPF1,Target,Target-Cell_growth
Cell_growth,PSME3IP1,Target,Target-Cell_growth
Cell_growth,CTDSP1,Target,Target-Cell_growth
Cell_growth,MCOLN1,Target,Target-Cell_growth
Cell_growth,GARRE1,Target,Target-Cell_growth
Cell_growth,ZBTB5,Target,Target-Cell_growth
Cell_growth,SLIRP,Target,Target-Cell_growth
Cell_growth,CLN6,Target,Target-Cell_growth
Cell_growth,CHST5,Target,Target-Cell_growth
Cell_growth,U2SURP,Target,Target-Cell_growth
Cell_growth,ELOVL4,Target,Target-Cell_growth
Cell_growth,NMUR2,Target,Target-Cell_growth
Cell_growth,F2RL3,Target,Target-Cell_growth
Cell_growth,PAXX,Target,Target-Cell_growth
Cell_growth,SERAC1,Target,Target-Cell_growth
Cell_growth,THAP5,Target,Target-Cell_growth
Cell_growth,RBBP6,Target,Target-Cell_growth
Cell_growth,APOO,Target,Target-Cell_growth
Cell_growth,METTL22,Target,Target-Cell_growth
Cell_growth,NDUFAF4,Target,Target-Cell_growth
Cell_growth,ELL,Target,Target-Cell_growth
Cell_growth,THYN1,Target,Target-Cell_growth
Cell_growth,MRPL15,Target,Target-Cell_growth
Cell_growth,SNRPA1,Target,Target-Cell_growth
Cell_growth,FAM209B,Target,Target-Cell_growth
Cell_growth,MANF,Target,Target-Cell_growth
Cell_growth,KPNA7,Target,Target-Cell_growth
Cell_growth,DSCC1,Target,Target-Cell_growth
Cell_growth,LTC4S,Target,Target-Cell_growth
Cell_growth,SELENOO,Target,Target-Cell_growth
Cell_growth,TPPP3,Target,Target-Cell_growth
Cell_growth,TPGS1,Target,Target-Cell_growth
Cell_growth,XRCC1,Target,Target-Cell_growth
Cell_growth,CHD7,Target,Target-Cell_growth
Cell_growth,BOLA3,Target,Target-Cell_growth
Cell_growth,ZBTB4,Target,Target-Cell_growth
Cell_growth,SNRPB2,Target,Target-Cell_growth
Cell_growth,SLAIN2,Target,Target-Cell_growth
Cell_growth,CEP72,Target,Target-Cell_growth
Cell_growth,APCS,Target,Target-Cell_growth
Cell_growth,SLFN11,Target,Target-Cell_growth
Cell_growth,CENPV,Target,Target-Cell_growth
Cell_growth,CMC1,Target,Target-Cell_growth
Cell_growth,RECQL,Target,Target-Cell_growth
Cell_growth,MRPL10,Target,Target-Cell_growth
Cell_growth,MRPL55,Target,Target-Cell_growth
Cell_growth,MMS22L,Target,Target-Cell_growth
Cell_growth,USP39,Target,Target-Cell_growth
Cell_growth,SETMAR,Target,Target-Cell_growth
Cell_growth,LSS,Target,Target-Cell_growth
Cell_growth,HSDL1,Target,Target-Cell_growth
Cell_growth,KAT2A,Target,Target-Cell_growth
Cell_growth,DDX17,Target,Target-Cell_growth
Cell_growth,SLC25A52,Target,Target-Cell_growth
Cell_growth,UBE2E1,Target,Target-Cell_growth
Cell_growth,GARIN4,Target,Target-Cell_growth
Cell_growth,ERCC4,Target,Target-Cell_growth
Cell_growth,USP33,Target,Target-Cell_growth
Cell_growth,MEPCE,Target,Target-Cell_growth
Cell_growth,ZMYND11,Target,Target-Cell_growth
Cell_growth,ACSM3,Target,Target-Cell_growth
Cell_growth,H1-2,Target,Target-Cell_growth
Cell_growth,ORMDL2,Target,Target-Cell_growth
Cell_growth,GLYATL2,Target,Target-Cell_growth
Cell_growth,C16orf78,Target,Target-Cell_growth
Cell_growth,COPS8,Target,Target-Cell_growth
Cell_growth,CYB5R4,Target,Target-Cell_growth
Cell_growth,COG1,Target,Target-Cell_growth
Cell_growth,YBEY,Target,Target-Cell_growth
Cell_growth,SF3A2,Target,Target-Cell_growth
Cell_growth,LINC01547,Target,Target-Cell_growth
Cell_growth,APOOL,Target,Target-Cell_growth
Cell_growth,VDR,Target,Target-Cell_growth
Cell_growth,HNRNPH1,Target,Target-Cell_growth
Cell_growth,SLC30A9,Target,Target-Cell_growth
Cell_growth,UVSSA,Target,Target-Cell_growth
Cell_growth,TEAD1,Target,Target-Cell_growth
Cell_growth,TOP1,Target,Target-Cell_growth
Cell_growth,TFAM,Target,Target-Cell_growth
Cell_growth,COIL,Target,Target-Cell_growth
Cell_growth,PNPLA3,Target,Target-Cell_growth
Cell_growth,USP1,Target,Target-Cell_growth
Cell_growth,NDUFAF7,Target,Target-Cell_growth
Cell_growth,MCM10,Target,Target-Cell_growth
Cell_growth,EXOSC6,Target,Target-Cell_growth
Cell_growth,PDHB,Target,Target-Cell_growth
Cell_growth,PPP2R5A,Target,Target-Cell_growth
Cell_growth,MAOA,Target,Target-Cell_growth
Cell_growth,TOX4,Target,Target-Cell_growth
Cell_growth,POU1F1,Target,Target-Cell_growth
Cell_growth,CDCA8,Target,Target-Cell_growth
Cell_growth,GCLM,Target,Target-Cell_growth
Cell_growth,KIF24,Target,Target-Cell_growth
Cell_growth,DHX29,Target,Target-Cell_growth
Cell_growth,PEX26,Target,Target-Cell_growth
Cell_growth,MIER3,Target,Target-Cell_growth
Cell_growth,TIPARP,Target,Target-Cell_growth
Cell_growth,IDI2,Target,Target-Cell_growth
Cell_growth,RTF2,Target,Target-Cell_growth
Cell_growth,TMEM59,Target,Target-Cell_growth
Cell_growth,UGT2B28,Target,Target-Cell_growth
Cell_growth,USP26,Target,Target-Cell_growth
Cell_growth,SLC16A13,Target,Target-Cell_growth
Cell_growth,MAP1LC3C,Target,Target-Cell_growth
Cell_growth,HYLS1,Target,Target-Cell_growth
Cell_growth,FAM81B,Target,Target-Cell_growth
Cell_growth,GGT2P,Target,Target-Cell_growth
Cell_growth,TICRR,Target,Target-Cell_growth
Cell_growth,ESYT3,Target,Target-Cell_growth
Cell_growth,TRAPPC11,Target,Target-Cell_growth
Cell_growth,MRPL21,Target,Target-Cell_growth
Cell_growth,NLRP9,Target,Target-Cell_growth
Cell_growth,BMT2,Target,Target-Cell_growth
Cell_growth,POLE,Target,Target-Cell_growth
Cell_growth,SPOUT1,Target,Target-Cell_growth
Cell_growth,CHCHD6,Target,Target-Cell_growth
Cell_growth,DPM3,Target,Target-Cell_growth
Cell_growth,STX18,Target,Target-Cell_growth
Cell_growth,HCK,Target,Target-Cell_growth
Cell_growth,HECW2,Target,Target-Cell_growth
Cell_growth,AGPS,Target,Target-Cell_growth
Cell_growth,SRP72,Target,Target-Cell_growth
Cell_growth,STC2,Target,Target-Cell_growth
Cell_growth,CLPX,Target,Target-Cell_growth
Cell_growth,WFS1,Target,Target-Cell_growth
Cell_growth,KIAA0753,Target,Target-Cell_growth
Cell_growth,IDH2,Target,Target-Cell_growth
Cell_growth,ZNF10,Target,Target-Cell_growth
Cell_growth,SERPINA1,Target,Target-Cell_growth
Cell_growth,ERCC5,Target,Target-Cell_growth
Cell_growth,DCXR,Target,Target-Cell_growth
Cell_growth,UCN,Target,Target-Cell_growth
Cell_growth,HADHB,Target,Target-Cell_growth
Cell_growth,ZNF438,Target,Target-Cell_growth
Cell_growth,PLTP,Target,Target-Cell_growth
Cell_growth,TRPM1,Target,Target-Cell_growth
Cell_growth,CYP2C9,Target,Target-Cell_growth
Cell_growth,EIF4A3,Target,Target-Cell_growth
Cell_growth,HAUS6,Target,Target-Cell_growth
Cell_growth,ADM2,Target,Target-Cell_growth
Cell_growth,TBL1X,Target,Target-Cell_growth
Cell_growth,TMEM9,Target,Target-Cell_growth
Cell_growth,KRT77,Target,Target-Cell_growth
Cell_growth,MTRES1,Target,Target-Cell_growth
Cell_growth,TMCO2,Target,Target-Cell_growth
Cell_growth,MRPL27,Target,Target-Cell_growth
Cell_growth,CISD3,Target,Target-Cell_growth
Cell_growth,SLC25A6,Target,Target-Cell_growth
Cell_growth,RRAGB,Target,Target-Cell_growth
Cell_growth,H1-6,Target,Target-Cell_growth
Cell_growth,MSH6,Target,Target-Cell_growth
Cell_growth,NABP1,Target,Target-Cell_growth
Cell_growth,SFMBT2,Target,Target-Cell_growth
Cell_growth,ETS2,Target,Target-Cell_growth
Cell_growth,THBS3,Target,Target-Cell_growth
Cell_growth,UGT1A3,Target,Target-Cell_growth
Cell_growth,BSCL2,Target,Target-Cell_growth
Cell_growth,MRPL54,Target,Target-Cell_growth
Cell_growth,CYLC2,Target,Target-Cell_growth
Cell_growth,ACTR1B,Target,Target-Cell_growth
Cell_growth,MICAL3,Target,Target-Cell_growth
Cell_growth,FASTKD5,Target,Target-Cell_growth
Cell_growth,CKAP4,Target,Target-Cell_growth
Cell_growth,APTX,Target,Target-Cell_growth
Cell_growth,INF2,Target,Target-Cell_growth
Cell_growth,RBFOX2,Target,Target-Cell_growth
Cell_growth,NHLRC1,Target,Target-Cell_growth
Cell_growth,GATA1,Target,Target-Cell_growth
Cell_growth,DYNC1LI2,Target,Target-Cell_growth
Cell_growth,TECRL,Target,Target-Cell_growth
Cell_growth,RAP1GAP2,Target,Target-Cell_growth
Cell_growth,CEP350,Target,Target-Cell_growth
Cell_growth,TLE3,Target,Target-Cell_growth
Cell_growth,STRIP1,Target,Target-Cell_growth
Cell_growth,HIVEP1,Target,Target-Cell_growth
Cell_growth,MCIDAS,Target,Target-Cell_growth
Cell_growth,ZGRF1,Target,Target-Cell_growth
Cell_growth,KRT73,Target,Target-Cell_growth
Cell_growth,ADGRG3,Target,Target-Cell_growth
Cell_growth,CTSS,Target,Target-Cell_growth
Cell_growth,LSM6,Target,Target-Cell_growth
Cell_growth,LSM3,Target,Target-Cell_growth
Cell_growth,DHX8,Target,Target-Cell_growth
Cell_growth,PYCR1,Target,Target-Cell_growth
Cell_growth,BCOR,Target,Target-Cell_growth
Cell_growth,ESR2,Target,Target-Cell_growth
Cell_growth,POU2AF2,Target,Target-Cell_growth
Cell_growth,KLHL7,Target,Target-Cell_growth
Cell_growth,GTF2H4,Target,Target-Cell_growth
Cell_growth,CCDC92,Target,Target-Cell_growth
Cell_growth,PRPF6,Target,Target-Cell_growth
Cell_growth,HAUS5,Target,Target-Cell_growth
Cell_growth,MRPL19,Target,Target-Cell_growth
Cell_growth,CYB5R2,Target,Target-Cell_growth
Cell_growth,PLRG1,Target,Target-Cell_growth
Cell_growth,FAM50A,Target,Target-Cell_growth
Cell_growth,CENPW,Target,Target-Cell_growth
Cell_growth,PGAM2,Target,Target-Cell_growth
Cell_growth,FBXL5,Target,Target-Cell_growth
Cell_growth,PYURF,Target,Target-Cell_growth
Cell_growth,TAF9,Target,Target-Cell_growth
Cell_growth,SF3B1,Target,Target-Cell_growth
Cell_growth,MAP3K11,Target,Target-Cell_growth
Cell_growth,TADA3,Target,Target-Cell_growth
Cell_growth,KLK3,Target,Target-Cell_growth
Cell_growth,FMC1,Target,Target-Cell_growth
Cell_growth,ANAPC4,Target,Target-Cell_growth
Cell_growth,ANAPC5,Target,Target-Cell_growth
Cell_growth,TOR1AIP1,Target,Target-Cell_growth
Cell_growth,DCTN4,Target,Target-Cell_growth
Cell_growth,TAF12,Target,Target-Cell_growth
Cell_growth,EPN3,Target,Target-Cell_growth
Cell_growth,TASOR,Target,Target-Cell_growth
Cell_growth,PGK2,Target,Target-Cell_growth
Cell_growth,SMIM26,Target,Target-Cell_growth
Cell_growth,LSM7,Target,Target-Cell_growth
Cell_growth,SLC25A13,Target,Target-Cell_growth
Cell_growth,ASCC2,Target,Target-Cell_growth
Cell_growth,ZFP69B,Target,Target-Cell_growth
Cell_growth,METTL9,Target,Target-Cell_growth
Cell_growth,ZNF764,Target,Target-Cell_growth
Cell_growth,MBD3,Target,Target-Cell_growth
Cell_growth,APBA3,Target,Target-Cell_growth
Cell_growth,ZBED1,Target,Target-Cell_growth
Cell_growth,WDR82,Target,Target-Cell_growth
Cell_growth,CACTIN,Target,Target-Cell_growth
Cell_growth,PANK2,Target,Target-Cell_growth
Cell_growth,ZNF341,Target,Target-Cell_growth
Cell_growth,FAM91A1,Target,Target-Cell_growth
Cell_growth,MRPL4,Target,Target-Cell_growth
Cell_growth,MRPL9,Target,Target-Cell_growth
Cell_growth,MRPL13,Target,Target-Cell_growth
Cell_growth,MRPL20,Target,Target-Cell_growth
Cell_growth,MRPL32,Target,Target-Cell_growth
Cell_growth,ACBD5,Target,Target-Cell_growth
Cell_growth,ATAD2,Target,Target-Cell_growth
Cell_growth,SPANXD,Target,Target-Cell_growth
Cell_growth,ERCC6L2,Target,Target-Cell_growth
Cell_growth,ZNF618,Target,Target-Cell_growth
Cell_growth,CFAP96,Target,Target-Cell_growth
Cell_growth,GOLT1A,Target,Target-Cell_growth
Cell_growth,SPATA16,Target,Target-Cell_growth
Cell_growth,ST8SIA4,Target,Target-Cell_growth
Cell_growth,ST8SIA2,Target,Target-Cell_growth
Cell_growth,KIZ,Target,Target-Cell_growth
Cell_growth,WASHC4,Target,Target-Cell_growth
Cell_growth,PHF7,Target,Target-Cell_growth
Cell_growth,DXO,Target,Target-Cell_growth
Cell_growth,TAPBPL,Target,Target-Cell_growth
Cell_growth,PAPOLG,Target,Target-Cell_growth
Cell_growth,GORASP1,Target,Target-Cell_growth
Cell_growth,MGME1,Target,Target-Cell_growth
Cell_growth,NME2P1,Target,Target-Cell_growth
Cell_growth,MRPL3,Target,Target-Cell_growth
Cell_growth,MARCHF8,Target,Target-Cell_growth
Cell_growth,NUDT12,Target,Target-Cell_growth
Cell_growth,CEP104,Target,Target-Cell_growth
Cell_growth,ANTKMT,Target,Target-Cell_growth
Cell_growth,AQR,Target,Target-Cell_growth
Cell_growth,FEN1,Target,Target-Cell_growth
Cell_growth,CYBC1,Target,Target-Cell_growth
Cell_growth,HINFP,Target,Target-Cell_growth
Cell_growth,UGT1A6,Target,Target-Cell_growth
Cell_growth,SHLD3,Target,Target-Cell_growth
Cell_growth,TBL1Y,Target,Target-Cell_growth
Cell_growth,MACROD1,Target,Target-Cell_growth
Cell_growth,GRWD1,Target,Target-Cell_growth
Cell_growth,USB1,Target,Target-Cell_growth
Cell_growth,ELAC2,Target,Target-Cell_growth
Cell_growth,MRPL34,Target,Target-Cell_growth
Cell_growth,NABP2,Target,Target-Cell_growth
Cell_growth,LIG4,Target,Target-Cell_growth
Cell_growth,ZFC3H1,Target,Target-Cell_growth
Cell_growth,NBEAL2,Target,Target-Cell_growth
Cell_growth,MED14,Target,Target-Cell_growth
Cell_growth,RUFY4,Target,Target-Cell_growth
Cell_growth,TIMM8A,Target,Target-Cell_growth
Cell_growth,AKR1B10,Target,Target-Cell_growth
Cell_growth,RAD21,Target,Target-Cell_growth
Cell_growth,AGMO,Target,Target-Cell_growth
Cell_growth,RELB,Target,Target-Cell_growth
Cell_growth,RNF19B,Target,Target-Cell_growth
Cell_growth,CCDC81,Target,Target-Cell_growth
Cell_growth,PRKACB,Target,Target-Cell_growth
Cell_growth,GPR85,Target,Target-Cell_growth
Cell_growth,ZNF346,Target,Target-Cell_growth
Cell_growth,ACSL6,Target,Target-Cell_growth
Cell_growth,MMP27,Target,Target-Cell_growth
Cell_growth,VHL,Target,Target-Cell_growth
Cell_growth,HNRNPDL,Target,Target-Cell_growth
Cell_growth,VPS26C,Target,Target-Cell_growth
Cell_growth,ATAD2B,Target,Target-Cell_growth
Cell_growth,GTF2F2,Target,Target-Cell_growth
Cell_growth,DPM1,Target,Target-Cell_growth
Cell_growth,CMC4,Target,Target-Cell_growth
Cell_growth,TUBB6,Target,Target-Cell_growth
Cell_growth,SPINDOC,Target,Target-Cell_growth
Cell_growth,HP1BP3,Target,Target-Cell_growth
Cell_growth,FASTKD1,Target,Target-Cell_growth
Cell_growth,ATP5PF,Target,Target-Cell_growth
Cell_growth,PIPOX,Target,Target-Cell_growth
Cell_growth,RAMAC,Target,Target-Cell_growth
Cell_growth,PDHA2,Target,Target-Cell_growth
Cell_growth,IPO4,Target,Target-Cell_growth
Cell_growth,DNAAF8,Target,Target-Cell_growth
Cell_growth,CELF1,Target,Target-Cell_growth
Cell_growth,DIS3L,Target,Target-Cell_growth
Cell_growth,GGH,Target,Target-Cell_growth
Cell_growth,WHAMM,Target,Target-Cell_growth
Cell_growth,MPHOSPH6,Target,Target-Cell_growth
Cell_growth,PLIN2,Target,Target-Cell_growth
Cell_growth,N4BP2L2,Target,Target-Cell_growth
Cell_growth,CEP192,Target,Target-Cell_growth
Cell_growth,RBBP5,Target,Target-Cell_growth
Cell_growth,H4C7,Target,Target-Cell_growth
Cell_growth,NEU1,Target,Target-Cell_growth
Cell_growth,NMNAT2,Target,Target-Cell_growth
Cell_growth,H2AC21,Target,Target-Cell_growth
Cell_growth,VSTM2A,Target,Target-Cell_growth
Cell_growth,TBL1XR1,Target,Target-Cell_growth
Cell_growth,IFI6,Target,Target-Cell_growth
Cell_growth,SNIP1,Target,Target-Cell_growth
Cell_growth,MRPL37,Target,Target-Cell_growth
Cell_growth,CELF4,Target,Target-Cell_growth
Cell_growth,LDHAL6B,Target,Target-Cell_growth
Cell_growth,LARP1B,Target,Target-Cell_growth
Cell_growth,VPS13C,Target,Target-Cell_growth
Cell_growth,ESRP1,Target,Target-Cell_growth
Cell_growth,RANGRF,Target,Target-Cell_growth
Cell_growth,TOMM34,Target,Target-Cell_growth
Cell_growth,CEBPE,Target,Target-Cell_growth
Cell_growth,GATAD2B,Target,Target-Cell_growth
Cell_growth,PGR,Target,Target-Cell_growth
Cell_growth,AKIRIN1,Target,Target-Cell_growth
Cell_growth,MRPL44,Target,Target-Cell_growth
Cell_growth,DDX28,Target,Target-Cell_growth
Cell_growth,ABHD10,Target,Target-Cell_growth
Cell_growth,ZDHHC18,Target,Target-Cell_growth
Cell_growth,ZBTB40,Target,Target-Cell_growth
Cell_growth,ARAP1,Target,Target-Cell_growth
Cell_growth,NT5C1B,Target,Target-Cell_growth
Cell_growth,RPRD1A,Target,Target-Cell_growth
Cell_growth,ACTR8,Target,Target-Cell_growth
Cell_growth,ERCC1,Target,Target-Cell_growth
Cell_growth,WDR76,Target,Target-Cell_growth
Cell_growth,CCNP,Target,Target-Cell_growth
Cell_growth,MGST1,Target,Target-Cell_growth
Cell_growth,SLC25A31,Target,Target-Cell_growth
Cell_growth,IQCN,Target,Target-Cell_growth
Cell_growth,KLF15,Target,Target-Cell_growth
Cell_growth,BAZ1B,Target,Target-Cell_growth
Cell_growth,BAZ2B,Target,Target-Cell_growth
Cell_growth,OTUD5,Target,Target-Cell_growth
Cell_growth,ALOX5AP,Target,Target-Cell_growth
Cell_growth,VPS51,Target,Target-Cell_growth
Cell_growth,VAMP4,Target,Target-Cell_growth
Cell_growth,EML2,Target,Target-Cell_growth
Cell_growth,CERS2,Target,Target-Cell_growth
Cell_growth,HMMR,Target,Target-Cell_growth
Cell_growth,CHCHD4,Target,Target-Cell_growth
Cell_growth,GATA4,Target,Target-Cell_growth
Cell_growth,TMEM199,Target,Target-Cell_growth
Cell_growth,FTMT,Target,Target-Cell_growth
Cell_growth,NIN,Target,Target-Cell_growth
Cell_growth,QRICH1,Target,Target-Cell_growth
Cell_growth,SRRM2,Target,Target-Cell_growth
Cell_growth,ANKRD53,Target,Target-Cell_growth
Cell_growth,MAN1B1,Target,Target-Cell_growth
Cell_growth,RCOR1,Target,Target-Cell_growth
Cell_growth,CRISP1,Target,Target-Cell_growth
Cell_growth,RARB,Target,Target-Cell_growth
Cell_growth,CKMT2,Target,Target-Cell_growth
Cell_growth,DHTKD1,Target,Target-Cell_growth
Cell_growth,CROT,Target,Target-Cell_growth
Cell_growth,INTS4,Target,Target-Cell_growth
Cell_growth,NARS2,Target,Target-Cell_growth
Cell_growth,MTRF1,Target,Target-Cell_growth
Cell_growth,CHID1,Target,Target-Cell_growth
Cell_growth,SFXN3,Target,Target-Cell_growth
Cell_growth,C1orf43,Target,Target-Cell_growth
Cell_growth,FUNDC2,Target,Target-Cell_growth
Cell_growth,TRAIP,Target,Target-Cell_growth
Cell_growth,HUS1,Target,Target-Cell_growth
Cell_growth,BNC1,Target,Target-Cell_growth
Cell_growth,SPATA31H1,Target,Target-Cell_growth
Cell_growth,NKRF,Target,Target-Cell_growth
Cell_growth,FANCG,Target,Target-Cell_growth
Cell_growth,USP3,Target,Target-Cell_growth
Cell_growth,PLCH2,Target,Target-Cell_growth
Cell_growth,CHCHD2,Target,Target-Cell_growth
Cell_growth,MRPL38,Target,Target-Cell_growth
Cell_growth,MRPL42,Target,Target-Cell_growth
Cell_growth,CDY1,Target,Target-Cell_growth
Cell_growth,TMCC2,Target,Target-Cell_growth
Cell_growth,NDUFAF1,Target,Target-Cell_growth
Cell_growth,MTRF1L,Target,Target-Cell_growth
Cell_growth,SELENOK,Target,Target-Cell_growth
Cell_growth,KDM4A,Target,Target-Cell_growth
Cell_growth,VPS52,Target,Target-Cell_growth
Cell_growth,NDUFAF5,Target,Target-Cell_growth
Cell_growth,SPICE1,Target,Target-Cell_growth
Cell_growth,SETDB1,Target,Target-Cell_growth
Cell_growth,EFTUD2,Target,Target-Cell_growth
Cell_growth,EXOSC7,Target,Target-Cell_growth
Cell_growth,CCDC117,Target,Target-Cell_growth
Cell_growth,LAPTM4A,Target,Target-Cell_growth
Cell_growth,PCLAF,Target,Target-Cell_growth
Cell_growth,CIP2A,Target,Target-Cell_growth
Cell_growth,MFN1,Target,Target-Cell_growth
Cell_growth,USP20,Target,Target-Cell_growth
Cell_growth,NINL,Target,Target-Cell_growth
Cell_growth,VAPB,Target,Target-Cell_growth
Cell_growth,KCTD21,Target,Target-Cell_growth
Cell_growth,SHISA5,Target,Target-Cell_growth
Cell_growth,IL22RA2,Target,Target-Cell_growth
Cell_growth,APOL3,Target,Target-Cell_growth
Cell_growth,INVS,Target,Target-Cell_growth
Cell_growth,ZNF653,Target,Target-Cell_growth
Cell_growth,MAP3K3,Target,Target-Cell_growth
Cell_growth,TRAF7,Target,Target-Cell_growth
Cell_growth,TFG,Target,Target-Cell_growth
Cell_growth,CANT1,Target,Target-Cell_growth
Cell_growth,PPP5C,Target,Target-Cell_growth
Cell_growth,GOLT1B,Target,Target-Cell_growth
Cell_growth,KCTD6,Target,Target-Cell_growth
Cell_growth,RIOK3,Target,Target-Cell_growth
Cell_growth,TMEM9B,Target,Target-Cell_growth
Cell_growth,STRN4,Target,Target-Cell_growth
Cell_growth,COMMD7,Target,Target-Cell_growth
Cell_growth,SIKE1,Target,Target-Cell_growth
Cell_growth,PALM3,Target,Target-Cell_growth
Cell_growth,REL,Target,Target-Cell_growth
Cell_growth,WTIP,Target,Target-Cell_growth
Cell_growth,DHX15,Target,Target-Cell_growth
Cell_growth,EBI3,Target,Target-Cell_growth
Cell_growth,CC2D1A,Target,Target-Cell_growth
Cell_growth,BICC1,Target,Target-Cell_growth
Cell_growth,TLR8,Target,Target-Cell_growth
Cell_growth,NOTCH2NLC,Target,Target-Cell_growth
Cell_growth,NOTCH2NLB,Target,Target-Cell_growth
Cell_growth,KLK14,Target,Target-Cell_growth
Cell_growth,TMED4,Target,Target-Cell_growth
Cell_growth,LTBR,Target,Target-Cell_growth
Cell_growth,RSPO2,Target,Target-Cell_growth
Cell_growth,NOTCH2NLA,Target,Target-Cell_growth
Cell_growth,KSR1,Target,Target-Cell_growth
Cell_growth,RSPO4,Target,Target-Cell_growth
Cell_growth,USP34,Target,Target-Cell_growth
Cell_growth,TLE2,Target,Target-Cell_growth
Cell_growth,TLE1,Target,Target-Cell_growth
Cell_growth,TSPAN6,Target,Target-Cell_growth
Cell_growth,CXXC5,Target,Target-Cell_growth
Cell_growth,RSPO3,Target,Target-Cell_growth
Cell_growth,TMEM101,Target,Target-Cell_growth
Cell_growth,RWDD3,Target,Target-Cell_growth
Cell_growth,ATXN3,Target,Target-Cell_growth
Cell_growth,RHBDF1,Target,Target-Cell_growth
Cell_growth,RELL1,Target,Target-Cell_growth
Cell_growth,DEPTOR,Target,Target-Cell_growth
Cell_growth,RELL2,Target,Target-Cell_growth
Cell_growth,STAMBPL1,Target,Target-Cell_growth
Cell_growth,PIK3IP1,Target,Target-Cell_growth
Cell_growth,PELI1,Target,Target-Cell_growth
Cell_growth,DEFB114,Target,Target-Cell_growth
Cell_growth,SEH1L,Target,Target-Cell_growth
Cell_growth,C3orf33,Target,Target-Cell_growth
Cell_growth,MAT2A,Target,Target-Cell_growth
Cell_growth,OTUD7B,Target,Target-Cell_growth
Cell_growth,MIOS,Target,Target-Cell_growth
Cell_growth,PAGR1,Target,Target-Cell_growth
Cell_growth,TRIM55,Target,Target-Cell_growth
Cell_growth,GPR155,Target,Target-Cell_growth
Cell_growth,USP49,Target,Target-Cell_growth
Cell_growth,CH25H,Target,Target-Cell_growth
Cell_growth,STXBP4,Target,Target-Cell_growth
Cell_growth,C1QTNF4,Target,Target-Cell_growth
Cell_growth,OTUB1,Target,Target-Cell_growth
Cell_growth,WDR59,Target,Target-Cell_growth
Cell_growth,TRIM60,Target,Target-Cell_growth
Cell_growth,F8A1,Target,Target-Cell_growth
Cell_growth,GPATCH11,Target,Target-Cell_growth
Cell_growth,GPS1,Target,Target-Cell_growth
Cell_growth,SDR16C5,Target,Target-Cell_growth
Cell_growth,ALG11,Target,Target-Cell_growth
Cell_growth,GPR137C,Target,Target-Cell_growth
Cell_growth,CENPS,Target,Target-Cell_growth
Cell_growth,CSTF2,Target,Target-Cell_growth
Cell_growth,RUSC2,Target,Target-Cell_growth
Cell_growth,DHDDS,Target,Target-Cell_growth
Cell_growth,TMTC2,Target,Target-Cell_growth
Cell_growth,ILVBL,Target,Target-Cell_growth
Cell_growth,HEXA,Target,Target-Cell_growth
Cell_growth,THEM5,Target,Target-Cell_growth
Cell_growth,MEX3A,Target,Target-Cell_growth
Cell_growth,POLGARF,Target,Target-Cell_growth
Cell_growth,VKORC1L1,Target,Target-Cell_growth
Cell_growth,RBIS,Target,Target-Cell_growth
Cell_growth,EID3,Target,Target-Cell_growth
Cell_growth,ABCA6,Target,Target-Cell_growth
Cell_growth,POMGNT1,Target,Target-Cell_growth
Cell_growth,CHCHD10,Target,Target-Cell_growth
Cell_growth,GRK1,Target,Target-Cell_growth
Cell_growth,ARFIP1,Target,Target-Cell_growth
Cell_growth,KAT6B,Target,Target-Cell_growth
Cell_growth,EMC4,Target,Target-Cell_growth
Cell_growth,GCNT1,Target,Target-Cell_growth
Cell_growth,EAF1,Target,Target-Cell_growth
Cell_growth,SPAAR,Target,Target-Cell_growth
Cell_growth,CSTF3,Target,Target-Cell_growth
Cell_growth,PPP1R8,Target,Target-Cell_growth
Cell_growth,MGST3,Target,Target-Cell_growth
Cell_growth,TRAP1,Target,Target-Cell_growth
Cell_growth,FAR2,Target,Target-Cell_growth
Cell_growth,MRAS,Target,Target-Cell_growth
Cell_growth,FANCF,Target,Target-Cell_growth
Cell_growth,EMC1,Target,Target-Cell_growth
Cell_growth,ACTR6,Target,Target-Cell_growth
Cell_growth,MCUB,Target,Target-Cell_growth
Cell_growth,RAB20,Target,Target-Cell_growth
Cell_growth,UCN2,Target,Target-Cell_growth
Cell_growth,RBM10,Target,Target-Cell_growth
Cell_growth,PARP16,Target,Target-Cell_growth
Cell_growth,ATPAF2,Target,Target-Cell_growth
Cell_growth,SFPQ,Target,Target-Cell_growth
Cell_growth,SMIM20,Target,Target-Cell_growth
Cell_growth,PARN,Target,Target-Cell_growth
Cell_growth,AP4S1,Target,Target-Cell_growth
Cell_growth,COA7,Target,Target-Cell_growth
Cell_growth,PPWD1,Target,Target-Cell_growth
Cell_growth,STARD3NL,Target,Target-Cell_growth
Cell_growth,RFC5,Target,Target-Cell_growth
Cell_growth,ZFYVE9,Target,Target-Cell_growth
Cell_growth,MED26,Target,Target-Cell_growth
Cell_growth,MTFP1,Target,Target-Cell_growth
Cell_growth,HTR1F,Target,Target-Cell_growth
Cell_growth,APH1A,Target,Target-Cell_growth
Cell_growth,CHTOP,Target,Target-Cell_growth
Cell_growth,ATP6V0A2,Target,Target-Cell_growth
Cell_growth,DOP1B,Target,Target-Cell_growth
Cell_growth,CHMP7,Target,Target-Cell_growth
Cell_growth,TNRC6A,Target,Target-Cell_growth
Cell_growth,GPR26,Target,Target-Cell_growth
Cell_growth,RAB37,Target,Target-Cell_growth
Cell_growth,ANAPC16,Target,Target-Cell_growth
Cell_growth,HLA-DPA1,Target,Target-Cell_growth
Cell_growth,COA6,Target,Target-Cell_growth
Cell_growth,RASSF2,Target,Target-Cell_growth
Cell_growth,C8B,Target,Target-Cell_growth
Cell_growth,RNASE6,Target,Target-Cell_growth
Cell_growth,KRTDAP,Target,Target-Cell_growth
Cell_growth,LYRM7,Target,Target-Cell_growth
Cell_growth,LSM10,Target,Target-Cell_growth
Cell_growth,BORCS5,Target,Target-Cell_growth
Cell_growth,POP5,Target,Target-Cell_growth
Cell_growth,KISS1R,Target,Target-Cell_growth
Cell_growth,UCN3,Target,Target-Cell_growth
Cell_growth,C6,Target,Target-Cell_growth
Cell_growth,PNO1,Target,Target-Cell_growth
Cell_growth,SDHD,Target,Target-Cell_growth
Cell_growth,DNAJC16,Target,Target-Cell_growth
Cell_growth,MARVELD3,Target,Target-Cell_growth
Cell_growth,ERLIN1,Target,Target-Cell_growth
Cell_growth,TADA2A,Target,Target-Cell_growth
Cell_growth,SLC35A3,Target,Target-Cell_growth
Cell_growth,SLC35C1,Target,Target-Cell_growth
Cell_growth,CHST4,Target,Target-Cell_growth
Cell_growth,UBA2,Target,Target-Cell_growth
Cell_growth,NAT8,Target,Target-Cell_growth
Cell_growth,ENTPD4,Target,Target-Cell_growth
Cell_growth,CCDC112,Target,Target-Cell_growth
Cell_growth,CCDC9,Target,Target-Cell_growth
Cell_growth,NUP43,Target,Target-Cell_growth
Cell_growth,EAF2,Target,Target-Cell_growth
Cell_growth,CHST2,Target,Target-Cell_growth
Cell_growth,ARID1B,Target,Target-Cell_growth
Cell_growth,LAS1L,Target,Target-Cell_growth
Cell_growth,YIPF1,Target,Target-Cell_growth
Cell_growth,POLR3H,Target,Target-Cell_growth
Cell_growth,GAA,Target,Target-Cell_growth
Cell_growth,ATP6V1C2,Target,Target-Cell_growth
Cell_growth,TBC1D20,Target,Target-Cell_growth
Cell_growth,EXPH5,Target,Target-Cell_growth
Cell_growth,SARAF,Target,Target-Cell_growth
Cell_growth,NELFB,Target,Target-Cell_growth
Cell_growth,RTN4IP1,Target,Target-Cell_growth
Cell_growth,ZRSR2,Target,Target-Cell_growth
Cell_growth,ATXN2L,Target,Target-Cell_growth
Cell_growth,TRIP11,Target,Target-Cell_growth
Cell_growth,UQCC3,Target,Target-Cell_growth
Cell_growth,HLA-DOA,Target,Target-Cell_growth
Cell_growth,MAIP1,Target,Target-Cell_growth
Cell_growth,MPHOSPH10,Target,Target-Cell_growth
Cell_growth,UBOX5,Target,Target-Cell_growth
Cell_growth,NSMCE1,Target,Target-Cell_growth
Cell_growth,RBBP8,Target,Target-Cell_growth
Cell_growth,CCNH,Target,Target-Cell_growth
Cell_growth,CHPT1,Target,Target-Cell_growth
Cell_growth,DENND10,Target,Target-Cell_growth
Cell_growth,CEP85L,Target,Target-Cell_growth
Cell_growth,FIG4,Target,Target-Cell_growth
Cell_growth,FUNDC1,Target,Target-Cell_growth
Cell_growth,PIGB,Target,Target-Cell_growth
Cell_growth,HSD17B8,Target,Target-Cell_growth
Cell_growth,RDH11,Target,Target-Cell_growth
Cell_growth,BDKRB1,Target,Target-Cell_growth
Cell_growth,BAHD1,Target,Target-Cell_growth
Cell_growth,LRRC49,Target,Target-Cell_growth
Cell_growth,FAM76A,Target,Target-Cell_growth
Cell_growth,RIN3,Target,Target-Cell_growth
Cell_growth,TM6SF2,Target,Target-Cell_growth
Cell_growth,MYO18B,Target,Target-Cell_growth
Cell_growth,RABEP1,Target,Target-Cell_growth
Cell_growth,DOT1L,Target,Target-Cell_growth
Cell_growth,FANCM,Target,Target-Cell_growth
Cell_growth,SRRM1,Target,Target-Cell_growth
Cell_growth,SLC37A2,Target,Target-Cell_growth
Cell_growth,UTP15,Target,Target-Cell_growth
Cell_growth,CIMAP1D,Target,Target-Cell_growth
Cell_growth,AMOTL1,Target,Target-Cell_growth
Cell_growth,STAM,Target,Target-Cell_growth
Cell_growth,MMD2,Target,Target-Cell_growth
Cell_growth,PFKFB1,Target,Target-Cell_growth
Cell_growth,OXER1,Target,Target-Cell_growth
Cell_growth,NRM,Target,Target-Cell_growth
Cell_growth,BAP18,Target,Target-Cell_growth
Cell_growth,RHOT1,Target,Target-Cell_growth
Cell_growth,RHOT2,Target,Target-Cell_growth
Cell_growth,SCFD1,Target,Target-Cell_growth
Cell_growth,TMEM170A,Target,Target-Cell_growth
Cell_growth,CHTF18,Target,Target-Cell_growth
Cell_growth,RTCA,Target,Target-Cell_growth
Cell_growth,CHTF8,Target,Target-Cell_growth
Cell_growth,SLC30A8,Target,Target-Cell_growth
Cell_growth,ALG3,Target,Target-Cell_growth
Cell_growth,PHF6,Target,Target-Cell_growth
Cell_growth,CENPI,Target,Target-Cell_growth
Cell_growth,SPPL2A,Target,Target-Cell_growth
Cell_growth,SGCD,Target,Target-Cell_growth
Cell_growth,DHX38,Target,Target-Cell_growth
Cell_growth,JADE3,Target,Target-Cell_growth
Cell_growth,EDEM1,Target,Target-Cell_growth
Cell_growth,SUPT7L,Target,Target-Cell_growth
Cell_growth,SEC24D,Target,Target-Cell_growth
Cell_growth,TTC1,Target,Target-Cell_growth
Cell_growth,KIAA0319L,Target,Target-Cell_growth
Cell_growth,HLA-DMB,Target,Target-Cell_growth
Cell_growth,MICU2,Target,Target-Cell_growth
Cell_growth,PSMD9,Target,Target-Cell_growth
Cell_growth,AK6,Target,Target-Cell_growth
Cell_growth,TMED5,Target,Target-Cell_growth
Cell_growth,SRSF3,Target,Target-Cell_growth
Cell_growth,YARS2,Target,Target-Cell_growth
Cell_growth,NOP58,Target,Target-Cell_growth
Cell_growth,UBE2J1,Target,Target-Cell_growth
Cell_growth,COG6,Target,Target-Cell_growth
Cell_growth,AP3M1,Target,Target-Cell_growth
Cell_growth,CALCB,Target,Target-Cell_growth
Cell_growth,RFT1,Target,Target-Cell_growth
Cell_growth,SNX16,Target,Target-Cell_growth
Cell_growth,CORO7,Target,Target-Cell_growth
Cell_growth,DIS3,Target,Target-Cell_growth
Cell_growth,PI4KB,Target,Target-Cell_growth
Cell_growth,TFIP11,Target,Target-Cell_growth
Cell_growth,RDH13,Target,Target-Cell_growth
Cell_growth,POGLUT1,Target,Target-Cell_growth
Cell_growth,PGAP3,Target,Target-Cell_growth
Cell_growth,COLGALT1,Target,Target-Cell_growth
Cell_growth,XXYLT1,Target,Target-Cell_growth
Cell_growth,HSD17B2,Target,Target-Cell_growth
Cell_growth,FANCB,Target,Target-Cell_growth
Cell_growth,SLC37A1,Target,Target-Cell_growth
Cell_growth,HLA-DOB,Target,Target-Cell_growth
Cell_growth,HLA-DRB4,Target,Target-Cell_growth
Cell_growth,ZRANB3,Target,Target-Cell_growth
Cell_growth,MBTD1,Target,Target-Cell_growth
Cell_growth,ITFG2,Target,Target-Cell_growth
Cell_growth,HIP1R,Target,Target-Cell_growth
Cell_growth,POMT1,Target,Target-Cell_growth
Cell_growth,MPV17L2,Target,Target-Cell_growth
Cell_growth,MCUR1,Target,Target-Cell_growth
Cell_growth,SNX13,Target,Target-Cell_growth
Cell_growth,ZNF473,Target,Target-Cell_growth
Cell_growth,MPC1,Target,Target-Cell_growth
Cell_growth,RMDN1,Target,Target-Cell_growth
Cell_growth,DUSP11,Target,Target-Cell_growth
Cell_growth,MRM2,Target,Target-Cell_growth
Cell_growth,SPC24,Target,Target-Cell_growth
Cell_growth,MFSD8,Target,Target-Cell_growth
Cell_growth,RRP36,Target,Target-Cell_growth
Cell_growth,THOC2,Target,Target-Cell_growth
Cell_growth,SGF29,Target,Target-Cell_growth
Cell_growth,MIA3,Target,Target-Cell_growth
Cell_growth,RAB9B,Target,Target-Cell_growth
Cell_growth,SLC35D2,Target,Target-Cell_growth
Cell_growth,NELFA,Target,Target-Cell_growth
Cell_growth,DSN1,Target,Target-Cell_growth
Cell_growth,RUNX1T1,Target,Target-Cell_growth
Cell_growth,ASAP1,Target,Target-Cell_growth
Cell_growth,POP4,Target,Target-Cell_growth
Cell_growth,SERP1,Target,Target-Cell_growth
Cell_growth,HMGXB4,Target,Target-Cell_growth
Cell_growth,DDX49,Target,Target-Cell_growth
Cell_growth,YIPF6,Target,Target-Cell_growth
Cell_growth,SLC2A6,Target,Target-Cell_growth
Cell_growth,POLL,Target,Target-Cell_growth
Cell_growth,MICOS13,Target,Target-Cell_growth
Cell_growth,TMEM11,Target,Target-Cell_growth
Cell_growth,ERLEC1,Target,Target-Cell_growth
Cell_growth,CEPT1,Target,Target-Cell_growth
Cell_growth,UTP20,Target,Target-Cell_growth
Cell_growth,OGDHL,Target,Target-Cell_growth
Cell_growth,IFI27L2,Target,Target-Cell_growth
Cell_growth,THOC3,Target,Target-Cell_growth
Cell_growth,ERAL1,Target,Target-Cell_growth
Cell_growth,C8A,Target,Target-Cell_growth
Cell_growth,PNN,Target,Target-Cell_growth
Cell_growth,PPIL3,Target,Target-Cell_growth
Cell_growth,SAP30,Target,Target-Cell_growth
Cell_growth,TTLL1,Target,Target-Cell_growth
Cell_growth,BDKRB2,Target,Target-Cell_growth
Cell_growth,DMAC1,Target,Target-Cell_growth
Cell_growth,LNPEP,Target,Target-Cell_growth
Cell_growth,DCAF7,Target,Target-Cell_growth
Cell_growth,C7,Target,Target-Cell_growth
Cell_growth,B3GALT6,Target,Target-Cell_growth
Cell_growth,FAM210B,Target,Target-Cell_growth
Cell_growth,AP1G2,Target,Target-Cell_growth
Cell_growth,CALR3,Target,Target-Cell_growth
Cell_growth,HEATR1,Target,Target-Cell_growth
Cell_growth,POP7,Target,Target-Cell_growth
Cell_growth,ST3GAL2,Target,Target-Cell_growth
Cell_growth,SNX12,Target,Target-Cell_growth
Cell_growth,ATP1B4,Target,Target-Cell_growth
Cell_growth,DDX19B,Target,Target-Cell_growth
Cell_growth,DNAJC1,Target,Target-Cell_growth
Cell_growth,MTG2,Target,Target-Cell_growth
Cell_growth,CLPTM1L,Target,Target-Cell_growth
Cell_growth,NOP10,Target,Target-Cell_growth
Cell_growth,NGRN,Target,Target-Cell_growth
Cell_growth,RINT1,Target,Target-Cell_growth
Cell_growth,TAPBP,Target,Target-Cell_growth
Cell_growth,SLC35B1,Target,Target-Cell_growth
Cell_growth,SLC35A2,Target,Target-Cell_growth
Cell_growth,RPP38,Target,Target-Cell_growth
Cell_growth,EIF4G2,Target,Target-Cell_growth
Cell_growth,KRT82,Target,Target-Cell_growth
Cell_growth,GPR137,Target,Target-Cell_growth
Cell_growth,INTS15,Target,Target-Cell_growth
Cell_growth,TRMT5,Target,Target-Cell_growth
Cell_growth,RAB6B,Target,Target-Cell_growth
Cell_growth,SPRING1,Target,Target-Cell_growth
Cell_growth,CIAO3,Target,Target-Cell_growth
Cell_growth,TMEM68,Target,Target-Cell_growth
Cell_growth,RUBCNL,Target,Target-Cell_growth
Cell_growth,NSMCE3,Target,Target-Cell_growth
Cell_growth,LYNX1,Target,Target-Cell_growth
Cell_growth,CSTPP1,Target,Target-Cell_growth
Cell_growth,TUT1,Target,Target-Cell_growth
Cell_growth,TUBG2,Target,Target-Cell_growth
Cell_growth,RMDN2,Target,Target-Cell_growth
Cell_growth,TMEM260,Target,Target-Cell_growth
Cell_growth,ZC3HC1,Target,Target-Cell_growth
Cell_growth,SEC61A1,Target,Target-Cell_growth
Cell_growth,SGMS1,Target,Target-Cell_growth
Cell_growth,MON1A,Target,Target-Cell_growth
Cell_growth,SPC25,Target,Target-Cell_growth
Cell_growth,RETREG3,Target,Target-Cell_growth
Cell_growth,GPATCH1,Target,Target-Cell_growth
Cell_growth,ERP44,Target,Target-Cell_growth
Cell_growth,GPR137B,Target,Target-Cell_growth
Cell_growth,C7orf50,Target,Target-Cell_growth
Cell_growth,ENY2,Target,Target-Cell_growth
Cell_growth,EMC7,Target,Target-Cell_growth
Cell_growth,YIF1A,Target,Target-Cell_growth
Cell_growth,FAM184A,Target,Target-Cell_growth
Cell_growth,RPP14,Target,Target-Cell_growth
Cell_growth,UPP2,Target,Target-Cell_growth
Cell_growth,VGF,Target,Target-Cell_growth
Cell_growth,SEC24A,Target,Target-Cell_growth
Cell_growth,H6PD,Target,Target-Cell_growth
Cell_growth,NUP85,Target,Target-Cell_growth
Cell_growth,ALG8,Target,Target-Cell_growth
Cell_growth,PHF20,Target,Target-Cell_growth
Cell_growth,CACNA1F,Target,Target-Cell_growth
Cell_growth,DKC1,Target,Target-Cell_growth
Cell_growth,WRAP53,Target,Target-Cell_growth
Cell_growth,MSTO1,Target,Target-Cell_growth
Cell_growth,RRP1,Target,Target-Cell_growth
Cell_growth,CACNA1D,Target,Target-Cell_growth
Cell_growth,NAA11,Target,Target-Cell_growth
Cell_growth,THAP7,Target,Target-Cell_growth
Cell_growth,NBDY,Target,Target-Cell_growth
Cell_growth,MTG1,Target,Target-Cell_growth
Cell_growth,SNRPC,Target,Target-Cell_growth
Cell_growth,ESYT1,Target,Target-Cell_growth
Cell_growth,TIMM29,Target,Target-Cell_growth
Cell_growth,B4GALT4,Target,Target-Cell_growth
Cell_growth,CDC40,Target,Target-Cell_growth
Cell_growth,SLC35A5,Target,Target-Cell_growth
Cell_growth,NHP2,Target,Target-Cell_growth
Cell_growth,WDR12,Target,Target-Cell_growth
Cell_growth,TMEM160,Target,Target-Cell_growth
Cell_growth,TEX9,Target,Target-Cell_growth
Cell_growth,HSD3B1,Target,Target-Cell_growth
Cell_growth,TMEM242,Target,Target-Cell_growth
Cell_growth,SARNP,Target,Target-Cell_growth
Cell_growth,MRPS15,Target,Target-Cell_growth
Cell_growth,SNRNP40,Target,Target-Cell_growth
Cell_growth,PIP5K1C,Target,Target-Cell_growth
Cell_growth,PPP1R21,Target,Target-Cell_growth
Cell_growth,HNRNPH2,Target,Target-Cell_growth
Cell_growth,RFC1,Target,Target-Cell_growth
Cell_growth,RFC2,Target,Target-Cell_growth
Cell_growth,RFC4,Target,Target-Cell_growth
Cell_growth,SNX30,Target,Target-Cell_growth
Cell_growth,KCNH5,Target,Target-Cell_growth
Cell_growth,MYL11,Target,Target-Cell_growth
Cell_growth,NDST1,Target,Target-Cell_growth
Cell_growth,BROX,Target,Target-Cell_growth
Cell_growth,MRPL12,Target,Target-Cell_growth
Cell_growth,FUT4,Target,Target-Cell_growth
Cell_growth,TMX2,Target,Target-Cell_growth
Cell_growth,BPI,Target,Target-Cell_growth
Cell_growth,FOSL2,Target,Target-Cell_growth
Cell_growth,HTATSF1,Target,Target-Cell_growth
Cell_growth,PCCB,Target,Target-Cell_growth
Cell_growth,PCCA,Target,Target-Cell_growth
Cell_growth,FRG1,Target,Target-Cell_growth
Cell_growth,MEX3B,Target,Target-Cell_growth
Cell_growth,LNPK,Target,Target-Cell_growth
Cell_growth,SELENOI,Target,Target-Cell_growth
Cell_growth,PHETA2,Target,Target-Cell_growth
Cell_growth,SLC37A4,Target,Target-Cell_growth
Cell_growth,SCO2,Target,Target-Cell_growth
Cell_growth,RRP9,Target,Target-Cell_growth
Cell_growth,SLC25A17,Target,Target-Cell_growth
Cell_growth,TIMM50,Target,Target-Cell_growth
Cell_growth,ECE1,Target,Target-Cell_growth
Cell_growth,FUT7,Target,Target-Cell_growth
Cell_growth,KDELR3,Target,Target-Cell_growth
Cell_growth,TRIAP1,Target,Target-Cell_growth
Cell_growth,BLTP3A,Target,Target-Cell_growth
Cell_growth,TMEM238L,Target,Target-Cell_growth
Cell_growth,HNRNPF,Target,Target-Cell_growth
Cell_growth,LRRC38,Target,Target-Cell_growth
Cell_growth,RAB39A,Target,Target-Cell_growth
Cell_growth,TRIM40,Target,Target-Cell_growth
Cell_growth,PHF2,Target,Target-Cell_growth
Cell_growth,ZC3H11A,Target,Target-Cell_growth
Cell_growth,LACTB2,Target,Target-Cell_growth
Cell_growth,AIF1L,Target,Target-Cell_growth
Cell_growth,STARD3,Target,Target-Cell_growth
Cell_growth,ADD2,Target,Target-Cell_growth
Cell_growth,SMIM30,Target,Target-Cell_growth
Cell_growth,SPIDR,Target,Target-Cell_growth
Cell_growth,PMF1,Target,Target-Cell_growth
Cell_growth,PATL1,Target,Target-Cell_growth
Cell_growth,YJU2,Target,Target-Cell_growth
Cell_growth,CYP4F22,Target,Target-Cell_growth
Cell_growth,TOP3A,Target,Target-Cell_growth
Cell_growth,CLCN7,Target,Target-Cell_growth
Cell_growth,CLCN6,Target,Target-Cell_growth
Cell_growth,CLCN4,Target,Target-Cell_growth
Cell_growth,CWC27,Target,Target-Cell_growth
Cell_growth,HPS6,Target,Target-Cell_growth
Cell_growth,MARCHF9,Target,Target-Cell_growth
Cell_growth,SLC17A5,Target,Target-Cell_growth
Cell_growth,RNPC3,Target,Target-Cell_growth
Cell_growth,SAMD8,Target,Target-Cell_growth
Cell_growth,DHX35,Target,Target-Cell_growth
Cell_growth,CIAO2A,Target,Target-Cell_growth
Cell_growth,ENTPD7,Target,Target-Cell_growth
Cell_growth,DNAJC30,Target,Target-Cell_growth
Cell_growth,TFB2M,Target,Target-Cell_growth
Cell_growth,DIMT1,Target,Target-Cell_growth
Cell_growth,SNX7,Target,Target-Cell_growth
Cell_growth,JADE2,Target,Target-Cell_growth
Cell_growth,SLC30A6,Target,Target-Cell_growth
Cell_growth,NDUFAF3,Target,Target-Cell_growth
Cell_growth,COASY,Target,Target-Cell_growth
Cell_growth,SDAD1,Target,Target-Cell_growth
Cell_growth,FANCL,Target,Target-Cell_growth
Cell_growth,TBCCD1,Target,Target-Cell_growth
Cell_growth,TEFM,Target,Target-Cell_growth
Cell_growth,ATAD5,Target,Target-Cell_growth
Cell_growth,FYTTD1,Target,Target-Cell_growth
Cell_growth,FBXO28,Target,Target-Cell_growth
Cell_growth,DERL3,Target,Target-Cell_growth
Cell_growth,UQCC1,Target,Target-Cell_growth
Cell_growth,RPF1,Target,Target-Cell_growth
Cell_growth,MAN1A1,Target,Target-Cell_growth
Cell_growth,TMEM39A,Target,Target-Cell_growth
Cell_growth,CYP4Z1,Target,Target-Cell_growth
Cell_growth,MOGAT3,Target,Target-Cell_growth
Cell_growth,FANCE,Target,Target-Cell_growth
Cell_growth,GRPEL1,Target,Target-Cell_growth
Cell_growth,XPO5,Target,Target-Cell_growth
Cell_growth,SAP30L,Target,Target-Cell_growth
Cell_growth,MEAF6,Target,Target-Cell_growth
Cell_growth,HAO2,Target,Target-Cell_growth
Cell_growth,ZNF276,Target,Target-Cell_growth
Cell_growth,BCLAF1,Target,Target-Cell_growth
Cell_growth,MTMR4,Target,Target-Cell_growth
Cell_growth,KCNK16,Target,Target-Cell_growth
Cell_growth,SRSF6,Target,Target-Cell_growth
Cell_growth,NSMCE4A,Target,Target-Cell_growth
Cell_growth,SLC49A4,Target,Target-Cell_growth
Cell_growth,MDM4,Target,Target-Cell_growth
Cell_growth,ERCC8,Target,Target-Cell_growth
Cell_growth,SLC2A8,Target,Target-Cell_growth
Cell_growth,SCAMP1,Target,Target-Cell_growth
Cell_growth,GAR1,Target,Target-Cell_growth
Cell_growth,DDX31,Target,Target-Cell_growth
Cell_growth,NOL11,Target,Target-Cell_growth
Cell_growth,NAA60,Target,Target-Cell_growth
Cell_growth,TBC1D2B,Target,Target-Cell_growth
Cell_growth,DOLK,Target,Target-Cell_growth
Cell_growth,LIMCH1,Target,Target-Cell_growth
Cell_growth,AP4E1,Target,Target-Cell_growth
Cell_growth,ATP13A3,Target,Target-Cell_growth
Cell_growth,H3Y2,Target,Target-Cell_growth
Cell_growth,H3Y1,Target,Target-Cell_growth
Cell_growth,COG8,Target,Target-Cell_growth
Cell_growth,ST6GALNAC1,Target,Target-Cell_growth
Cell_growth,OAT,Target,Target-Cell_growth
Cell_growth,FANCA,Target,Target-Cell_growth
Cell_growth,MID1,Target,Target-Cell_growth
Cell_growth,NCKIPSD,Target,Target-Cell_growth
Cell_growth,CENPC,Target,Target-Cell_growth
Cell_growth,MLLT1,Target,Target-Cell_growth
Cell_growth,GTSE1,Target,Target-Cell_growth
Cell_growth,TBXAS1,Target,Target-Cell_growth
Cell_growth,SURF4,Target,Target-Cell_growth
Cell_growth,GDAP2,Target,Target-Cell_growth
Cell_growth,RPS6KC1,Target,Target-Cell_growth
Cell_growth,TWNK,Target,Target-Cell_growth
Cell_growth,KDELR1,Target,Target-Cell_growth
Cell_growth,COA1,Target,Target-Cell_growth
Cell_growth,PRORP,Target,Target-Cell_growth
Cell_growth,SYBU,Target,Target-Cell_growth
Cell_growth,SYCP2L,Target,Target-Cell_growth
Cell_growth,EMC3,Target,Target-Cell_growth
Cell_growth,TECPR1,Target,Target-Cell_growth
Cell_growth,CCDC91,Target,Target-Cell_growth
Cell_growth,HSD11B1,Target,Target-Cell_growth
Cell_growth,EMC6,Target,Target-Cell_growth
Cell_growth,NOL8,Target,Target-Cell_growth
Cell_growth,PDE12,Target,Target-Cell_growth
Cell_growth,TBC1D14,Target,Target-Cell_growth
Cell_growth,TXNDC16,Target,Target-Cell_growth
Cell_growth,MARCHF4,Target,Target-Cell_growth
Cell_growth,TMEM177,Target,Target-Cell_growth
Cell_growth,SLC25A26,Target,Target-Cell_growth
Cell_growth,ARHGAP11B,Target,Target-Cell_growth
Cell_growth,AGK,Target,Target-Cell_growth
Cell_growth,NSUN5,Target,Target-Cell_growth
Cell_growth,MNAT1,Target,Target-Cell_growth
Cell_growth,HACE1,Target,Target-Cell_growth
Cell_growth,KRT71,Target,Target-Cell_growth
Cell_growth,ETFB,Target,Target-Cell_growth
Cell_growth,SUPT4H1,Target,Target-Cell_growth
Cell_growth,AP1AR,Target,Target-Cell_growth
Cell_growth,AFF1,Target,Target-Cell_growth
Cell_growth,COX20,Target,Target-Cell_growth
Cell_growth,DYNLT3,Target,Target-Cell_growth
Cell_growth,H2AC25,Target,Target-Cell_growth
Cell_growth,MGAT2,Target,Target-Cell_growth
Cell_growth,OXA1L,Target,Target-Cell_growth
Cell_growth,PLEKHM2,Target,Target-Cell_growth
Cell_growth,B3GAT3,Target,Target-Cell_growth
Cell_growth,FPR1,Target,Target-Cell_growth
Cell_growth,NUP205,Target,Target-Cell_growth
Cell_growth,CENPX,Target,Target-Cell_growth
Cell_growth,YIPF2,Target,Target-Cell_growth
Cell_growth,MON2,Target,Target-Cell_growth
Cell_growth,ZFYVE16,Target,Target-Cell_growth
Cell_growth,VPS35L,Target,Target-Cell_growth
Cell_growth,HTR1E,Target,Target-Cell_growth
Cell_growth,ESYT2,Target,Target-Cell_growth
Cell_growth,TPST1,Target,Target-Cell_growth
Cell_growth,DHRS9,Target,Target-Cell_growth
Cell_growth,SELENOF,Target,Target-Cell_growth
Cell_growth,FLYWCH1,Target,Target-Cell_growth
Cell_growth,PGAP4,Target,Target-Cell_growth
Cell_growth,UBXN8,Target,Target-Cell_growth
Cell_growth,HSPA7,Target,Target-Cell_growth
Cell_growth,C5,Target,Target-Cell_growth
Cell_growth,COPS6,Target,Target-Cell_growth
Cell_growth,TM4SF20,Target,Target-Cell_growth
Cell_growth,FAM83H,Target,Target-Cell_growth
Cell_growth,ORMDL1,Target,Target-Cell_growth
Cell_growth,COX16,Target,Target-Cell_growth
Cell_growth,ST3GAL1,Target,Target-Cell_growth
Cell_growth,DHRS7,Target,Target-Cell_growth
Cell_growth,GTF2H1,Target,Target-Cell_growth
Cell_growth,ST6GAL1,Target,Target-Cell_growth
Cell_growth,CYP2A6,Target,Target-Cell_growth
Cell_growth,VIP,Target,Target-Cell_growth
Cell_growth,COQ5,Target,Target-Cell_growth
Cell_growth,FAM76B,Target,Target-Cell_growth
Cell_growth,GOLGB1,Target,Target-Cell_growth
Cell_growth,TEP1,Target,Target-Cell_growth
Cell_growth,EIPR1,Target,Target-Cell_growth
Cell_growth,SLC33A1,Target,Target-Cell_growth
Cell_growth,POLRMT,Target,Target-Cell_growth
Cell_growth,ELL2,Target,Target-Cell_growth
Cell_growth,AP5B1,Target,Target-Cell_growth
Cell_growth,FBXL4,Target,Target-Cell_growth
Cell_growth,MPC1L,Target,Target-Cell_growth
Cell_growth,SGCB,Target,Target-Cell_growth
Cell_growth,ECI2,Target,Target-Cell_growth
Cell_growth,PCSK7,Target,Target-Cell_growth
Cell_growth,GPR52,Target,Target-Cell_growth
Cell_growth,GRAMD2B,Target,Target-Cell_growth
Cell_growth,KLHL21,Target,Target-Cell_growth
Cell_growth,TONSL,Target,Target-Cell_growth
Cell_growth,SLC41A3,Target,Target-Cell_growth
Cell_growth,COQ2,Target,Target-Cell_growth
Cell_growth,MARS2,Target,Target-Cell_growth
Cell_growth,SLC39A13,Target,Target-Cell_growth
Cell_growth,TRMT10C,Target,Target-Cell_growth
Cell_growth,CYP4V2,Target,Target-Cell_growth
Cell_growth,OSBPL1A,Target,Target-Cell_growth
Cell_growth,RNF26,Target,Target-Cell_growth
Cell_growth,PPP1R15B,Target,Target-Cell_growth
Cell_growth,GPR174,Target,Target-Cell_growth
Cell_growth,MRM1,Target,Target-Cell_growth
Cell_growth,MATCAP1,Target,Target-Cell_growth
Cell_growth,BTBD2,Target,Target-Cell_growth
Cell_growth,SNRPA,Target,Target-Cell_growth
Cell_growth,MARCHF6,Target,Target-Cell_growth
Cell_growth,VKORC1,Target,Target-Cell_growth
Cell_growth,SLX1A,Target,Target-Cell_growth
Cell_growth,URB1,Target,Target-Cell_growth
Cell_growth,SPAG9,Target,Target-Cell_growth
Cell_growth,TMEM201,Target,Target-Cell_growth
Cell_growth,GAK,Target,Target-Cell_growth
Cell_growth,TIMM23,Target,Target-Cell_growth
Cell_growth,XRCC6,Target,Target-Cell_growth
Cell_growth,LRRC55,Target,Target-Cell_growth
Cell_growth,TMEM70,Target,Target-Cell_growth
Cell_growth,TMEM208,Target,Target-Cell_growth
Cell_growth,NDC1,Target,Target-Cell_growth
Cell_growth,APOA2,Target,Target-Cell_growth
Cell_growth,FAAP24,Target,Target-Cell_growth
Cell_growth,AP3B1,Target,Target-Cell_growth
Cell_growth,NUP88,Target,Target-Cell_growth
Cell_growth,SLC25A39,Target,Target-Cell_growth
Cell_growth,UPF3B,Target,Target-Cell_growth
Cell_growth,CCDC18,Target,Target-Cell_growth
Cell_growth,OSBPL6,Target,Target-Cell_growth
Cell_growth,NUF2,Target,Target-Cell_growth
Cell_growth,SLC29A3,Target,Target-Cell_growth
Cell_growth,IFNLR1,Target,Target-Cell_growth
Cell_growth,PGAP6,Target,Target-Cell_growth
Cell_growth,RAB30,Target,Target-Cell_growth
Cell_growth,PSPC1,Target,Target-Cell_growth
Cell_growth,MIA2,Target,Target-Cell_growth
Cell_growth,CASD1,Target,Target-Cell_growth
Cell_growth,TCP11L1,Target,Target-Cell_growth
Cell_growth,COG4,Target,Target-Cell_growth
Cell_growth,SFXN1,Target,Target-Cell_growth
Cell_growth,PIGV,Target,Target-Cell_growth
Cell_growth,ACSS1,Target,Target-Cell_growth
Cell_growth,GPR78,Target,Target-Cell_growth
Cell_growth,NOL9,Target,Target-Cell_growth
Cell_growth,WDR44,Target,Target-Cell_growth
Cell_growth,SEC22B,Target,Target-Cell_growth
Cell_growth,ZNF217,Target,Target-Cell_growth
Cell_growth,CBR4,Target,Target-Cell_growth
Cell_growth,PAQR4,Target,Target-Cell_growth
Cell_growth,PSENEN,Target,Target-Cell_growth
Cell_growth,OGG1,Target,Target-Cell_growth
Cell_growth,PHETA1,Target,Target-Cell_growth
Cell_growth,DNAJC18,Target,Target-Cell_growth
Cell_growth,TREX1,Target,Target-Cell_growth
Cell_growth,KDELR2,Target,Target-Cell_growth
Cell_growth,ARV1,Target,Target-Cell_growth
Cell_growth,ATF7,Target,Target-Cell_growth
Cell_growth,CPSF3,Target,Target-Cell_growth
Cell_growth,FBXL2,Target,Target-Cell_growth
Cell_growth,PGAM5,Target,Target-Cell_growth
Cell_growth,LRRC52,Target,Target-Cell_growth
Cell_growth,RER1,Target,Target-Cell_growth
Cell_growth,MAPK13,Target,Target-Cell_growth
Cell_growth,COA3,Target,Target-Cell_growth
Cell_growth,TMEM14A,Target,Target-Cell_growth
Cell_growth,SLC25A46,Target,Target-Cell_growth
Cell_growth,TMEM214,Target,Target-Cell_growth
Cell_growth,RAB3GAP1,Target,Target-Cell_growth
Cell_growth,FOXRED2,Target,Target-Cell_growth
Cell_growth,MORF4L2,Target,Target-Cell_growth
Cell_growth,ZFAND1,Target,Target-Cell_growth
Cell_growth,WDR75,Target,Target-Cell_growth
Cell_growth,DHX58,Target,Target-Cell_growth
Cell_growth,ATF6B,Target,Target-Cell_growth
Cell_growth,PYHIN1,Target,Target-Cell_growth
Cell_growth,BPIFB1,Target,Target-Cell_growth
Cell_growth,PPP6C,Target,Target-Cell_growth
Cell_growth,LYPLAL1,Target,Target-Cell_growth
Cell_growth,ANAPC15,Target,Target-Cell_growth
Cell_growth,XPA,Target,Target-Cell_growth
Cell_growth,MACO1,Target,Target-Cell_growth
Cell_growth,GALR1,Target,Target-Cell_growth
Cell_growth,MORF4L1,Target,Target-Cell_growth
Cell_growth,TIMM22,Target,Target-Cell_growth
Cell_growth,VPS37A,Target,Target-Cell_growth
Cell_growth,KMT2C,Target,Target-Cell_growth
Cell_growth,PIGC,Target,Target-Cell_growth
Cell_growth,TAF1A,Target,Target-Cell_growth
Cell_growth,TAF1C,Target,Target-Cell_growth
Cell_growth,PRSS57,Target,Target-Cell_growth
Cell_growth,PIGK,Target,Target-Cell_growth
Cell_growth,MRPS18C,Target,Target-Cell_growth
Cell_growth,MRPS16,Target,Target-Cell_growth
Cell_growth,POLR3K,Target,Target-Cell_growth
Cell_growth,MRPS2,Target,Target-Cell_growth
Cell_growth,MRPS7,Target,Target-Cell_growth
Cell_growth,MRPS17,Target,Target-Cell_growth
Cell_growth,INO80E,Target,Target-Cell_growth
Cell_growth,PIGP,Target,Target-Cell_growth
Cell_growth,KMT2D,Target,Target-Cell_growth
Cell_growth,MRPS18B,Target,Target-Cell_growth
Cell_growth,TIMM10B,Target,Target-Cell_growth
Cell_growth,TRAPPC2B,Target,Target-Cell_growth
Cell_growth,POLG2,Target,Target-Cell_growth
Cell_growth,CDC26,Target,Target-Cell_growth
Cell_growth,PIGU,Target,Target-Cell_growth
Cell_growth,ALG13,Target,Target-Cell_growth
Cell_growth,ANAPC10,Target,Target-Cell_growth
Cell_growth,ALG14,Target,Target-Cell_growth
Cell_growth,CCL15,Target,Target-Cell_growth
Cell_growth,DPM2,Target,Target-Cell_growth
Cell_growth,E2F6,Target,Target-Cell_growth
Cell_growth,ALG2,Target,Target-Cell_growth
Cell_growth,SENP3,Target,Target-Cell_growth
Cell_growth,KDM6A,Target,Target-Cell_growth
Cell_growth,POLR1D,Target,Target-Cell_growth
Cell_growth,PIGQ,Target,Target-Cell_growth
Cell_growth,MRPS12,Target,Target-Cell_growth
Cell_growth,TIMM21,Target,Target-Cell_growth
Cell_growth,INO80C,Target,Target-Cell_growth
Cell_growth,MRPS14,Target,Target-Cell_growth
Cell_growth,VPS37C,Target,Target-Cell_growth
Cell_growth,MRPS6,Target,Target-Cell_growth
Cell_growth,MRPS21,Target,Target-Cell_growth
Cell_growth,MRPS11,Target,Target-Cell_growth
Cell_growth,RPA3,Target,Target-Cell_growth
Cell_growth,GALR2,Target,Target-Cell_growth
Cell_growth,PIGH,Target,Target-Cell_growth
Cell_growth,MRPS5,Target,Target-Cell_growth
Cell_growth,MRPS10,Target,Target-Cell_growth
Cell_growth,MAP3K15,Target,Target-Cell_growth
Cell_growth,INO80B,Target,Target-Cell_growth
Cell_growth,OST4,Target,Target-Cell_growth
Cell_growth,POLR3D,Target,Target-Cell_growth
Cell_growth,GPAA1,Target,Target-Cell_growth
Cell_growth,CCL16,Target,Target-Cell_growth
Cell_growth,MTX1,Target,Target-Cell_growth
Cell_growth,MAX,Target,Target-Cell_growth
Cell_growth,RPN2,Target,Target-Cell_growth
Cell_growth,POLE3,Target,Target-Cell_growth
Cell_growth,PAK3,Target,Target-Cell_growth
Cell_growth,POLE4,Target,Target-Cell_growth
Cell_growth,POLR3E,Target,Target-Cell_growth
Cell_growth,TASL,Target,Target-Cell_growth
Cell_growth,MAPRE3,Target,Target-Cell_growth
Cell_growth,TEX10,Target,Target-Cell_growth
Cell_growth,MRPL36,Target,Target-Cell_growth
Cell_growth,HSD17B12,Target,Target-Cell_growth
Cell_growth,MGA,Target,Target-Cell_growth
Cell_growth,TAF1B,Target,Target-Cell_growth
Cell_growth,ANAPC13,Target,Target-Cell_growth
Cell_growth,MTX3,Target,Target-Cell_growth
Cell_growth,VPS37D,Target,Target-Cell_growth
Cell_growth,POLR3F,Target,Target-Cell_growth
Cell_growth,ANAPC1,Target,Target-Cell_growth
Cell_growth,LIG3,Target,Target-Cell_growth
Cell_growth,MAP2K1,Target,Target-Cell_growth
Cell_growth,GALR3,Target,Target-Cell_growth
Cell_growth,POLR3C,Target,Target-Cell_growth
Cell_growth,POLE2,Target,Target-Cell_growth
Cell_growth,LIG1,Target,Target-Cell_growth
Cell_growth,ANP32E,Target,Target-Cell_growth
Cell_growth,POP1,Target,Target-Cell_growth
Cell_growth,TOMM5,Target,Target-Cell_growth
Cell_growth,CRCP,Target,Target-Cell_growth
Cell_growth,MOGAT2,Target,Target-Cell_growth
Cell_growth,POLR1E,Target,Target-Cell_growth
Cell_growth,GTF2H5,Target,Target-Cell_growth
Cell_growth,TAF11,Target,Target-Cell_growth
Cell_growth,TAF13,Target,Target-Cell_growth
Cell_growth,COPG2,Target,Target-Cell_growth
Cell_growth,SCGB2A1,Target,Target-Cell_growth
Cell_growth,ALG5,Target,Target-Cell_growth
Cell_growth,TAF9B,Target,Target-Cell_growth
Cell_growth,GTF2A1,Target,Target-Cell_growth
Cell_growth,GTF2F1,Target,Target-Cell_growth
Cell_growth,TAF3,Target,Target-Cell_growth
Cell_growth,GTF2E2,Target,Target-Cell_growth
Cell_growth,GTF2E1,Target,Target-Cell_growth
Cell_growth,GTF2A2,Target,Target-Cell_growth
Cell_growth,TAF2,Target,Target-Cell_growth
Cell_growth,COPB2,Target,Target-Cell_growth
Cell_growth,COPZ1,Target,Target-Cell_growth
Cell_growth,POLR1H,Target,Target-Cell_growth
Cell_growth,TAF8,Target,Target-Cell_growth
Cell_growth,POLR1F,Target,Target-Cell_growth
Cell_growth,NCOA1,Target,Target-Cell_growth
Cell_growth,TCEA1,Target,Target-Cell_growth
Cell_growth,TRIM41,Target,Target-Cell_growth
Cell_growth,PYDC5,Target,Target-Cell_growth
Cell_growth,USP18,Target,Target-Cell_growth
Cell_growth,GIGYF2,Target,Target-Cell_growth
Cell_growth,SUSD4,Target,Target-Cell_growth
Cell_growth,NR1I2,Target,Target-Cell_growth
Cell_growth,TRPA1,Target,Target-Cell_growth
Cell_growth,NR2F2,Target,Target-Cell_growth
Cell_growth,THRB,Target,Target-Cell_growth
Cell_growth,ZFP91,Target,Target-Cell_growth
Cell_growth,CARD10,Target,Target-Cell_growth
