Compound,Protein,Neighborhood_1,Tag
Immune_system,GGT1,Target,Target-Immune_system
Immune_system,SOX9,Target,Target-Immune_system
Immune_system,MYO1D,Target,Target-Immune_system
Immune_system,LRFN5,Target,Target-Immune_system
Immune_system,SEMA3G,Target,Target-Immune_system
Immune_system,TRIM31,Target,Target-Immune_system
Immune_system,PRKCD,Target,Target-Immune_system
Immune_system,PARP1,Target,Target-Immune_system
Immune_system,PPP6C,Target,Target-Immune_system
Immune_system,LGALS9,Target,Target-Immune_system
Immune_system,CLU,Target,Target-Immune_system
Immune_system,RIGI,Target,Target-Immune_system
Immune_system,NR2C2,Target,Target-Immune_system
Immune_system,MAP3K7,Target,Target-Immune_system
Immune_system,EDAR,Target,Target-Immune_system
Immune_system,NRROS,Target,Target-Immune_system
Immune_system,MAP3K14,Target,Target-Immune_system
Immune_system,IRF8,Target,Target-Immune_system
Immune_system,CEBPG,Target,Target-Immune_system
Immune_system,CLEC4E,Target,Target-Immune_system
Immune_system,CX3CR1,Target,Target-Immune_system
Immune_system,MARCHF1,Target,Target-Immune_system
Immune_system,SLPI,Target,Target-Immune_system
Immune_system,NSL1,Target,Target-Immune_system
Immune_system,KANSL1,Target,Target-Immune_system
Immune_system,MEF2C,Target,Target-Immune_system
Immune_system,GPR183,Target,Target-Immune_system
Immune_system,RIPK2,Target,Target-Immune_system
Immune_system,ITK,Target,Target-Immune_system
Immune_system,TNFRSF21,Target,Target-Immune_system
Immune_system,TFE3,Target,Target-Immune_system
Immune_system,TFEB,Target,Target-Immune_system
Immune_system,TXK,Target,Target-Immune_system
Immune_system,ALOX5,Target,Target-Immune_system
Immune_system,FFAR3,Target,Target-Immune_system
Immune_system,CD160,Target,Target-Immune_system
Immune_system,IFNL2,Target,Target-Immune_system
Immune_system,FFAR2,Target,Target-Immune_system
Immune_system,OTUD7B,Target,Target-Immune_system
Immune_system,IFNLR1,Target,Target-Immune_system
Immune_system,SLC22A3,Target,Target-Immune_system
Immune_system,SLC6A4,Target,Target-Immune_system
Immune_system,TRPV2,Target,Target-Immune_system
Immune_system,SLC2A4,Target,Target-Immune_system
Immune_system,RHEB,Target,Target-Immune_system
Immune_system,NBEA,Target,Target-Immune_system
Immune_system,SLC50A1,Target,Target-Immune_system
Immune_system,CDH17,Target,Target-Immune_system
Immune_system,MYO1G,Target,Target-Immune_system
Immune_system,CD19,Target,Target-Immune_system
Immune_system,ZP3,Target,Target-Immune_system
Immune_system,FCMR,Target,Target-Immune_system
Immune_system,HAVCR2,Target,Target-Immune_system
Immune_system,SYK,Target,Target-Immune_system
Immune_system,CLEC7A,Target,Target-Immune_system
Immune_system,SH2D1B,Target,Target-Immune_system
Immune_system,PRF1,Target,Target-Immune_system
Immune_system,RIPK3,Target,Target-Immune_system
Immune_system,SPNS2,Target,Target-Immune_system
Immune_system,ADCY7,Target,Target-Immune_system
Immune_system,LYN,Target,Target-Immune_system
Immune_system,WDR1,Target,Target-Immune_system
Immune_system,CARD9,Target,Target-Immune_system
Immune_system,JAGN1,Target,Target-Immune_system
Immune_system,KMT2E,Target,Target-Immune_system
Immune_system,LTV1,Target,Target-Immune_system
Immune_system,UBIAD1,Target,Target-Immune_system
Immune_system,RBM45,Target,Target-Immune_system
Immune_system,ARNT2,Target,Target-Immune_system
Immune_system,DPF3,Target,Target-Immune_system
Immune_system,PIAS4,Target,Target-Immune_system
Immune_system,RCC1,Target,Target-Immune_system
Immune_system,RAB5A,Target,Target-Immune_system
Immune_system,BCAR1,Target,Target-Immune_system
Immune_system,CSE1L,Target,Target-Immune_system
Immune_system,SMN1; SMN2,Target,Target-Immune_system
Immune_system,SNRPN,Target,Target-Immune_system
Immune_system,PROS1,Target,Target-Immune_system
Immune_system,TRH,Target,Target-Immune_system
Immune_system,CHN1,Target,Target-Immune_system
Immune_system,NR4A3,Target,Target-Immune_system
Immune_system,SGCE,Target,Target-Immune_system
Immune_system,MAS1,Target,Target-Immune_system
Immune_system,EPHB2,Target,Target-Immune_system
Immune_system,OSR1,Target,Target-Immune_system
Immune_system,OXSR1,Target,Target-Immune_system
Immune_system,KIAA1217,Target,Target-Immune_system
Immune_system,KIF26A,Target,Target-Immune_system
Immune_system,ELP3,Target,Target-Immune_system
Immune_system,MBNL1,Target,Target-Immune_system
Immune_system,B4GALT6,Target,Target-Immune_system
Immune_system,ABAT,Target,Target-Immune_system
Immune_system,GATA3,Target,Target-Immune_system
Immune_system,NRSN1,Target,Target-Immune_system
Immune_system,DMBX1,Target,Target-Immune_system
Immune_system,SH3PXD2B,Target,Target-Immune_system
Immune_system,ACTL6A,Target,Target-Immune_system
Immune_system,FOXE1,Target,Target-Immune_system
Immune_system,NTRK1,Target,Target-Immune_system
Immune_system,NKX3-1,Target,Target-Immune_system
Immune_system,NHLH2,Target,Target-Immune_system
Immune_system,VPS13B,Target,Target-Immune_system
Immune_system,MMP14,Target,Target-Immune_system
Immune_system,SRRM4,Target,Target-Immune_system
Immune_system,SULF1,Target,Target-Immune_system
Immune_system,ACTL6B,Target,Target-Immune_system
Immune_system,PAX8,Target,Target-Immune_system
Immune_system,DPF1,Target,Target-Immune_system
Immune_system,XYLT1,Target,Target-Immune_system
Immune_system,RAPGEF2,Target,Target-Immune_system
Immune_system,ADGRA2,Target,Target-Immune_system
Immune_system,RTN4,Target,Target-Immune_system
Immune_system,ID3,Target,Target-Immune_system
Immune_system,PHACTR4,Target,Target-Immune_system
Immune_system,NPR3,Target,Target-Immune_system
Immune_system,CRB2,Target,Target-Immune_system
Immune_system,DDO,Target,Target-Immune_system
Immune_system,PAX2,Target,Target-Immune_system
Immune_system,GDNF,Target,Target-Immune_system
Immune_system,ESS2,Target,Target-Immune_system
Immune_system,PHF10,Target,Target-Immune_system
Immune_system,SULF2,Target,Target-Immune_system
Immune_system,TEAD2,Target,Target-Immune_system
Immune_system,LGMN,Target,Target-Immune_system
Immune_system,RIPPLY3,Target,Target-Immune_system
Immune_system,ASCL1,Target,Target-Immune_system
Immune_system,MAG,Target,Target-Immune_system
Immune_system,ERBB4,Target,Target-Immune_system
Immune_system,EPHB3,Target,Target-Immune_system
Immune_system,NRCAM,Target,Target-Immune_system
Immune_system,TFAP2A,Target,Target-Immune_system
Immune_system,B4GALT5,Target,Target-Immune_system
Immune_system,ADNP2,Target,Target-Immune_system
Immune_system,ANPEP,Target,Target-Immune_system
Immune_system,FGF17,Target,Target-Immune_system
Immune_system,NEUROG1,Target,Target-Immune_system
Immune_system,ZC4H2,Target,Target-Immune_system
Immune_system,SARM1,Target,Target-Immune_system
Immune_system,INTU,Target,Target-Immune_system
Immune_system,FOXI3,Target,Target-Immune_system
Immune_system,POU3F2,Target,Target-Immune_system
Immune_system,COL2A1,Target,Target-Immune_system
Immune_system,SPTBN1,Target,Target-Immune_system
Immune_system,SOX8,Target,Target-Immune_system
Immune_system,SOX4,Target,Target-Immune_system
Immune_system,SOX11,Target,Target-Immune_system
Immune_system,SOX10,Target,Target-Immune_system
Immune_system,ECEL1,Target,Target-Immune_system
Immune_system,SIX4,Target,Target-Immune_system
Immune_system,TBX1,Target,Target-Immune_system
Immune_system,SMARCA4,Target,Target-Immune_system
Immune_system,MEGF8,Target,Target-Immune_system
Immune_system,TRIM72,Target,Target-Immune_system
Immune_system,SIX1,Target,Target-Immune_system
Immune_system,FUZ,Target,Target-Immune_system
Immune_system,MYRF,Target,Target-Immune_system
Immune_system,NLGN1,Target,Target-Immune_system
Immune_system,DLL3,Target,Target-Immune_system
Immune_system,FOXB1,Target,Target-Immune_system
Immune_system,SCX,Target,Target-Immune_system
Immune_system,NXN,Target,Target-Immune_system
Immune_system,ATP6AP2,Target,Target-Immune_system
Immune_system,MYT1L,Target,Target-Immune_system
Immune_system,DHX30,Target,Target-Immune_system
Immune_system,DEAF1,Target,Target-Immune_system
Immune_system,RAB26,Target,Target-Immune_system
Immune_system,APP,Target,Target-Immune_system
Immune_system,BCL10,Target,Target-Immune_system
Immune_system,ZDHHC11,Target,Target-Immune_system
Immune_system,TRIM56,Target,Target-Immune_system
Immune_system,ZDHHC1,Target,Target-Immune_system
Immune_system,IFIH1,Target,Target-Immune_system
Immune_system,ALPK1,Target,Target-Immune_system
Immune_system,SMAD3,Target,Target-Immune_system
Immune_system,DHX15,Target,Target-Immune_system
Immune_system,SENP7,Target,Target-Immune_system
Immune_system,CAMP,Target,Target-Immune_system
Immune_system,CHAMP1,Target,Target-Immune_system
Immune_system,WASHC1,Target,Target-Immune_system
Immune_system,BST2,Target,Target-Immune_system
Immune_system,NLRP6,Target,Target-Immune_system
Immune_system,MPEG1,Target,Target-Immune_system
Immune_system,TRIM8,Target,Target-Immune_system
Immune_system,NMB,Target,Target-Immune_system
Immune_system,GPNMB,Target,Target-Immune_system
Immune_system,TLR4,Target,Target-Immune_system
Immune_system,BPIFA1,Target,Target-Immune_system
Immune_system,LCN2,Target,Target-Immune_system
Immune_system,KRT16,Target,Target-Immune_system
Immune_system,DENND1B,Target,Target-Immune_system
Immune_system,IRAK1,Target,Target-Immune_system
Immune_system,GPR108,Target,Target-Immune_system
Immune_system,MARCHF2,Target,Target-Immune_system
Immune_system,IRGM,Target,Target-Immune_system
Immune_system,MSRB1,Target,Target-Immune_system
Immune_system,RNASE6,Target,Target-Immune_system
Immune_system,TMEM120A,Target,Target-Immune_system
Immune_system,PML,Target,Target-Immune_system
Immune_system,TRIM10,Target,Target-Immune_system
Immune_system,RNF135,Target,Target-Immune_system
Immune_system,GARIN5A,Target,Target-Immune_system
Immune_system,MFHAS1,Target,Target-Immune_system
Immune_system,TRIM11,Target,Target-Immune_system
Immune_system,SPPL2A,Target,Target-Immune_system
Immune_system,CLEC6A,Target,Target-Immune_system
Immune_system,CLEC5A,Target,Target-Immune_system
Immune_system,ENTPD7,Target,Target-Immune_system
Immune_system,STING1,Target,Target-Immune_system
Immune_system,IRF5,Target,Target-Immune_system
Immune_system,CYBA,Target,Target-Immune_system
Immune_system,TRIM27,Target,Target-Immune_system
Immune_system,CYBC1,Target,Target-Immune_system
Immune_system,CYBB,Target,Target-Immune_system
Immune_system,NLRC5,Target,Target-Immune_system
Immune_system,TRIM25,Target,Target-Immune_system
Immune_system,DEFB1,Target,Target-Immune_system
Immune_system,DEFB108B,Target,Target-Immune_system
Immune_system,ANG,Target,Target-Immune_system
Immune_system,FGL1,Target,Target-Immune_system
Immune_system,LAG3,Target,Target-Immune_system
Immune_system,TRIM59,Target,Target-Immune_system
Immune_system,CLEC4D,Target,Target-Immune_system
Immune_system,RAB2B,Target,Target-Immune_system
Immune_system,ZAR1,Target,Target-Immune_system
Immune_system,TNFRSF9,Target,Target-Immune_system
Immune_system,MALT1,Target,Target-Immune_system
Immune_system,NMBR,Target,Target-Immune_system
Immune_system,RASGRP4,Target,Target-Immune_system
Immune_system,ANGPT4,Target,Target-Immune_system
Immune_system,AIRE,Target,Target-Immune_system
Immune_system,ENPP3,Target,Target-Immune_system
Immune_system,DNASE1,Target,Target-Immune_system
Immune_system,IL33,Target,Target-Immune_system
Immune_system,F2RL1,Target,Target-Immune_system
Immune_system,DNASE1L3,Target,Target-Immune_system
Immune_system,HMGB1,Target,Target-Immune_system
Immune_system,SBNO2,Target,Target-Immune_system
Immune_system,MDK,Target,Target-Immune_system
Immune_system,TYROBP,Target,Target-Immune_system
Immune_system,PYCARD,Target,Target-Immune_system
Immune_system,EIF2AK4,Target,Target-Immune_system
Immune_system,DOCK2,Target,Target-Immune_system
Immune_system,CD244,Target,Target-Immune_system
Immune_system,FCER1G,Target,Target-Immune_system
Immune_system,IFNB1,Target,Target-Immune_system
Immune_system,SAMSN1,Target,Target-Immune_system
Immune_system,ARG2,Target,Target-Immune_system
Immune_system,NLRP3,Target,Target-Immune_system
Immune_system,AKIRIN2,Target,Target-Immune_system
Immune_system,PLA2G5,Target,Target-Immune_system
Immune_system,FADD,Target,Target-Immune_system
Immune_system,ALOX15,Target,Target-Immune_system
Immune_system,PRKCQ,Target,Target-Immune_system
Immune_system,NLRP10,Target,Target-Immune_system
Immune_system,ARID5A,Target,Target-Immune_system
Immune_system,PLA2G4A,Target,Target-Immune_system
Immune_system,CD4,Target,Target-Immune_system
Immune_system,THY1,Target,Target-Immune_system
Immune_system,RC3H1,Target,Target-Immune_system
Immune_system,NFKBIZ,Target,Target-Immune_system
Immune_system,THEMIS,Target,Target-Immune_system
Immune_system,PLCG2,Target,Target-Immune_system
Immune_system,PRKCB,Target,Target-Immune_system
Immune_system,CD79A,Target,Target-Immune_system
Immune_system,SPPL3,Target,Target-Immune_system
Immune_system,PTPRC,Target,Target-Immune_system
Immune_system,ZC3H12A,Target,Target-Immune_system
Immune_system,KLHL6,Target,Target-Immune_system
Immune_system,RFTN1,Target,Target-Immune_system
Immune_system,MASP1,Target,Target-Immune_system
Immune_system,RC3H2,Target,Target-Immune_system
Immune_system,NFKBID,Target,Target-Immune_system
Immune_system,CTSH,Target,Target-Immune_system
Immune_system,EMP2,Target,Target-Immune_system
Immune_system,CTSC,Target,Target-Immune_system
Immune_system,GCM2,Target,Target-Immune_system
Immune_system,FER,Target,Target-Immune_system
Immune_system,CTSL,Target,Target-Immune_system
Immune_system,JAM2,Target,Target-Immune_system
Immune_system,GRN,Target,Target-Immune_system
Immune_system,TREM2,Target,Target-Immune_system
Immune_system,SEMA4A,Target,Target-Immune_system
Immune_system,TNFSF18,Target,Target-Immune_system
Immune_system,LRRC17,Target,Target-Immune_system
Immune_system,GBP1,Target,Target-Immune_system
Immune_system,ZBP1,Target,Target-Immune_system
Immune_system,IGF2BP1,Target,Target-Immune_system
Immune_system,ZNFX1,Target,Target-Immune_system
Immune_system,ATL1,Target,Target-Immune_system
Immune_system,GBP3,Target,Target-Immune_system
Immune_system,TLR9,Target,Target-Immune_system
Immune_system,NLRC4,Target,Target-Immune_system
Immune_system,GBP7,Target,Target-Immune_system
Immune_system,ZCCHC3,Target,Target-Immune_system
Immune_system,AIM2,Target,Target-Immune_system
Immune_system,CGAS,Target,Target-Immune_system
Immune_system,GBP5,Target,Target-Immune_system
Immune_system,GBP2,Target,Target-Immune_system
Immune_system,SIRT2,Target,Target-Immune_system
Immune_system,NCMAP,Target,Target-Immune_system
Immune_system,ABCA2,Target,Target-Immune_system
Immune_system,ACTN3,Target,Target-Immune_system
Immune_system,TRIM9,Target,Target-Immune_system
Immune_system,RAB35,Target,Target-Immune_system
Immune_system,NOCT,Target,Target-Immune_system
Immune_system,HECA,Target,Target-Immune_system
Immune_system,MYOC,Target,Target-Immune_system
Immune_system,TENM4,Target,Target-Immune_system
Immune_system,BRINP1,Target,Target-Immune_system
Immune_system,DAG1,Target,Target-Immune_system
Immune_system,ADGRG6,Target,Target-Immune_system
Immune_system,SPOCK1,Target,Target-Immune_system
Immune_system,NTRK2,Target,Target-Immune_system
Immune_system,BRINP3,Target,Target-Immune_system
Immune_system,NOVA2,Target,Target-Immune_system
Immune_system,BRINP2,Target,Target-Immune_system
Immune_system,HTR2C,Target,Target-Immune_system
Immune_system,NDRG1,Target,Target-Immune_system
Immune_system,PRX,Target,Target-Immune_system
Immune_system,ARHGAP35,Target,Target-Immune_system
Immune_system,PARD3,Target,Target-Immune_system
Immune_system,TAOK1,Target,Target-Immune_system
Immune_system,PALS1,Target,Target-Immune_system
Immune_system,FTO,Target,Target-Immune_system
Immune_system,APLF,Target,Target-Immune_system
Immune_system,CDC42EP3,Target,Target-Immune_system
Immune_system,CDC42EP2,Target,Target-Immune_system
Immune_system,CEP250,Target,Target-Immune_system
Immune_system,MIOS,Target,Target-Immune_system
Immune_system,MAP3K5,Target,Target-Immune_system
Immune_system,LRP8,Target,Target-Immune_system
Immune_system,N4BP1,Target,Target-Immune_system
Immune_system,GPR31,Target,Target-Immune_system
Immune_system,NFE2L2,Target,Target-Immune_system
Immune_system,APLP2,Target,Target-Immune_system
Immune_system,APPL2,Target,Target-Immune_system
Immune_system,CASP8,Target,Target-Immune_system
Immune_system,PDCD1,Target,Target-Immune_system
Immune_system,CLDN2,Target,Target-Immune_system
Immune_system,APOE,Target,Target-Immune_system
Immune_system,APPL1,Target,Target-Immune_system
Immune_system,FGR,Target,Target-Immune_system
Immune_system,PNMA1,Target,Target-Immune_system
Immune_system,CEBPB,Target,Target-Immune_system
Immune_system,PDPN,Target,Target-Immune_system
Immune_system,ZBTB1,Target,Target-Immune_system
Immune_system,PCID2,Target,Target-Immune_system
Immune_system,RORC,Target,Target-Immune_system
Immune_system,TCF21,Target,Target-Immune_system
Immune_system,WDR55,Target,Target-Immune_system
Immune_system,PLXNA1,Target,Target-Immune_system
Immune_system,SEMA6D,Target,Target-Immune_system
Immune_system,MAPKAPK3,Target,Target-Immune_system
Immune_system,RPS6KA3,Target,Target-Immune_system
Immune_system,TRAF3,Target,Target-Immune_system
Immune_system,SCIMP,Target,Target-Immune_system
Immune_system,TNIP1,Target,Target-Immune_system
Immune_system,REG3G,Target,Target-Immune_system
Immune_system,MAPKAPK2,Target,Target-Immune_system
Immune_system,POLQ,Target,Target-Immune_system
Immune_system,HMCES,Target,Target-Immune_system
Immune_system,SAMHD1,Target,Target-Immune_system
Immune_system,TRIM62,Target,Target-Immune_system
Immune_system,PTPN22,Target,Target-Immune_system
Immune_system,GJA1,Target,Target-Immune_system
Immune_system,RHOH,Target,Target-Immune_system
Immune_system,DOCK8,Target,Target-Immune_system
Immune_system,PHB1,Target,Target-Immune_system
Immune_system,CD86,Target,Target-Immune_system
Immune_system,TBX21,Target,Target-Immune_system
Immune_system,CCL20,Target,Target-Immune_system
Immune_system,PHB2,Target,Target-Immune_system
Immune_system,DAPK2,Target,Target-Immune_system
Immune_system,TMEM106A,Target,Target-Immune_system
Immune_system,MRGPRX2,Target,Target-Immune_system
Immune_system,ASB2,Target,Target-Immune_system
Immune_system,EPS8,Target,Target-Immune_system
Immune_system,CCR2,Target,Target-Immune_system
Immune_system,CCRL2,Target,Target-Immune_system
Immune_system,CCR6,Target,Target-Immune_system
Immune_system,YTHDF1,Target,Target-Immune_system
Immune_system,S1PR1,Target,Target-Immune_system
Immune_system,FLT3,Target,Target-Immune_system
Immune_system,SANBR,Target,Target-Immune_system
Immune_system,BATF,Target,Target-Immune_system
Immune_system,RNF8,Target,Target-Immune_system
Immune_system,EXOSC3,Target,Target-Immune_system
Immune_system,AICDA,Target,Target-Immune_system
Immune_system,NBN,Target,Target-Immune_system
Immune_system,EXOSC6,Target,Target-Immune_system
Immune_system,CD40LG,Target,Target-Immune_system
Immune_system,PCYT1A,Target,Target-Immune_system
Immune_system,RNF168,Target,Target-Immune_system
Immune_system,DOCK10,Target,Target-Immune_system
Immune_system,POU2AF1,Target,Target-Immune_system
Immune_system,LFNG,Target,Target-Immune_system
Immune_system,MFNG,Target,Target-Immune_system
Immune_system,NOTCH2,Target,Target-Immune_system
Immune_system,DOCK11,Target,Target-Immune_system
Immune_system,IL6,Target,Target-Immune_system
Immune_system,DLL1,Target,Target-Immune_system
Immune_system,PTK2B,Target,Target-Immune_system
Immune_system,IL21,Target,Target-Immune_system
Immune_system,ST3GAL1,Target,Target-Immune_system
Immune_system,PHF14,Target,Target-Immune_system
Immune_system,PTPN6,Target,Target-Immune_system
Immune_system,CXCL14,Target,Target-Immune_system
Immune_system,PNN,Target,Target-Immune_system
Immune_system,CCL28,Target,Target-Immune_system
Immune_system,KRT6A,Target,Target-Immune_system
Immune_system,RAB17,Target,Target-Immune_system
Immune_system,HRG,Target,Target-Immune_system
Immune_system,FAU,Target,Target-Immune_system
Immune_system,PF4,Target,Target-Immune_system
Immune_system,FGFBP3,Target,Target-Immune_system
Immune_system,SHFL,Target,Target-Immune_system
Immune_system,MYCBP2,Target,Target-Immune_system
Immune_system,RAG2,Target,Target-Immune_system
Immune_system,RAG1,Target,Target-Immune_system
Immune_system,DCAF1,Target,Target-Immune_system
Immune_system,IFI35,Target,Target-Immune_system
Immune_system,ACOD1,Target,Target-Immune_system
Immune_system,TNFAIP3,Target,Target-Immune_system
Immune_system,DHX58,Target,Target-Immune_system
Immune_system,NMI,Target,Target-Immune_system
Immune_system,HMGB2,Target,Target-Immune_system
Immune_system,SREBF1,Target,Target-Immune_system
Immune_system,NLRC3,Target,Target-Immune_system
Immune_system,EREG,Target,Target-Immune_system
Immune_system,DHX9,Target,Target-Immune_system
Immune_system,PLSCR1,Target,Target-Immune_system
Immune_system,TRAFD1,Target,Target-Immune_system
Immune_system,SCD,Target,Target-Immune_system
Immune_system,TYRO3,Target,Target-Immune_system
Immune_system,EOMES,Target,Target-Immune_system
Immune_system,ASCL2,Target,Target-Immune_system
Immune_system,PTGER4,Target,Target-Immune_system
Immune_system,FOXP1,Target,Target-Immune_system
Immune_system,SARNP,Target,Target-Immune_system
Immune_system,PIK3AP1,Target,Target-Immune_system
Immune_system,PRKCE,Target,Target-Immune_system
Immune_system,TNIP2,Target,Target-Immune_system
Immune_system,LY96,Target,Target-Immune_system
Immune_system,VAMP7,Target,Target-Immune_system
Immune_system,MILR1,Target,Target-Immune_system
Immune_system,GRP,Target,Target-Immune_system
Immune_system,LGALSL,Target,Target-Immune_system
Immune_system,CLNK,Target,Target-Immune_system
Immune_system,PIKFYVE,Target,Target-Immune_system
Immune_system,IL4I1,Target,Target-Immune_system
Immune_system,CYREN,Target,Target-Immune_system
Immune_system,CEP131,Target,Target-Immune_system
Immune_system,CST9,Target,Target-Immune_system
Immune_system,RNASE4,Target,Target-Immune_system
Immune_system,RET,Target,Target-Immune_system
Immune_system,ARTN,Target,Target-Immune_system
Immune_system,FOXN1,Target,Target-Immune_system
Immune_system,NKG7,Target,Target-Immune_system
Immune_system,FUT7,Target,Target-Immune_system
Immune_system,CRACR2A,Target,Target-Immune_system
Immune_system,STAT3,Target,Target-Immune_system
Immune_system,TMEM98,Target,Target-Immune_system
Immune_system,LEF1,Target,Target-Immune_system
Immune_system,IRF4,Target,Target-Immune_system
Immune_system,SPHK2,Target,Target-Immune_system
Immune_system,CRTAM,Target,Target-Immune_system
Immune_system,TAPBP,Target,Target-Immune_system
Immune_system,CXADR,Target,Target-Immune_system
Immune_system,PPP2R1A,Target,Target-Immune_system
Immune_system,NEDD9,Target,Target-Immune_system
Immune_system,PMAIP1,Target,Target-Immune_system
Immune_system,WDR37,Target,Target-Immune_system
Immune_system,PPP2CA,Target,Target-Immune_system
Immune_system,SLC15A4,Target,Target-Immune_system
Immune_system,CAMLG,Target,Target-Immune_system
Immune_system,NCKAP1L,Target,Target-Immune_system
Immune_system,JAML,Target,Target-Immune_system
Immune_system,CADM1,Target,Target-Immune_system
Immune_system,SELPLG,Target,Target-Immune_system
Immune_system,HELLS,Target,Target-Immune_system
Immune_system,FUT4,Target,Target-Immune_system
Immune_system,PACS1,Target,Target-Immune_system
Immune_system,PKP3,Target,Target-Immune_system
Immune_system,PRKCZ,Target,Target-Immune_system
Immune_system,SLAMF1,Target,Target-Immune_system
Immune_system,RSAD2,Target,Target-Immune_system
Immune_system,ARG1,Target,Target-Immune_system
Immune_system,CD81,Target,Target-Immune_system
Immune_system,TNF,Target,Target-Immune_system
Immune_system,TLR7,Target,Target-Immune_system
Immune_system,UNC93B1,Target,Target-Immune_system
Immune_system,NR1H4,Target,Target-Immune_system
Immune_system,NOD1,Target,Target-Immune_system
Immune_system,NOD2,Target,Target-Immune_system
Immune_system,SUPT6H,Target,Target-Immune_system
Immune_system,CYRIB,Target,Target-Immune_system
Immune_system,ZIC3,Target,Target-Immune_system
Immune_system,TSHZ3,Target,Target-Immune_system
Immune_system,FCGR3A,Target,Target-Immune_system
Immune_system,FCGR3B,Target,Target-Immune_system
Immune_system,ZNF683,Target,Target-Immune_system
Immune_system,PSMA1,Target,Target-Immune_system
Immune_system,TESPA1,Target,Target-Immune_system
Immune_system,PRKD2,Target,Target-Immune_system
Immune_system,CARD11,Target,Target-Immune_system
Immune_system,ITGAM,Target,Target-Immune_system
Immune_system,PSMB4,Target,Target-Immune_system
Immune_system,MYO18A,Target,Target-Immune_system
Immune_system,MKRN2,Target,Target-Immune_system
Immune_system,NINJ1,Target,Target-Immune_system
Immune_system,DNAJB9,Target,Target-Immune_system
Immune_system,XBP1,Target,Target-Immune_system
Immune_system,CD14,Target,Target-Immune_system
Immune_system,MZB1,Target,Target-Immune_system
Immune_system,LRCH4,Target,Target-Immune_system
Immune_system,ZDHHC5,Target,Target-Immune_system
Immune_system,DUSP4,Target,Target-Immune_system
Immune_system,CPSF4,Target,Target-Immune_system
Immune_system,WDFY1,Target,Target-Immune_system
Immune_system,NPPA,Target,Target-Immune_system
Immune_system,UBD,Target,Target-Immune_system
Immune_system,CIITA,Target,Target-Immune_system
Immune_system,MX2,Target,Target-Immune_system
Immune_system,SLC22A5,Target,Target-Immune_system
Immune_system,DAPK1,Target,Target-Immune_system
Immune_system,RPL13A,Target,Target-Immune_system
Immune_system,EPRS1,Target,Target-Immune_system
Immune_system,CITED1,Target,Target-Immune_system
Immune_system,IKBKE,Target,Target-Immune_system
Immune_system,DAPK3,Target,Target-Immune_system
Immune_system,RPS6KB1,Target,Target-Immune_system
Immune_system,CD74,Target,Target-Immune_system
Immune_system,STAT1,Target,Target-Immune_system
Immune_system,AIF1,Target,Target-Immune_system
Immune_system,BCS1L,Target,Target-Immune_system
Immune_system,STK38,Target,Target-Immune_system
Immune_system,MAP2K5,Target,Target-Immune_system
Immune_system,PADI4,Target,Target-Immune_system
Immune_system,REL,Target,Target-Immune_system
Immune_system,IL17A,Target,Target-Immune_system
Immune_system,IL17F,Target,Target-Immune_system
Immune_system,PLA2G2D,Target,Target-Immune_system
Immune_system,DDX21,Target,Target-Immune_system
Immune_system,DDX56,Target,Target-Immune_system
Immune_system,TICAM1,Target,Target-Immune_system
Immune_system,DHX36,Target,Target-Immune_system
Immune_system,SIRT1,Target,Target-Immune_system
Immune_system,MAVS,Target,Target-Immune_system
Immune_system,SEMA7A,Target,Target-Immune_system
Immune_system,DDX1,Target,Target-Immune_system
Immune_system,GPRC5B,Target,Target-Immune_system
Immune_system,CALHM6,Target,Target-Immune_system
Immune_system,MACIR,Target,Target-Immune_system
Immune_system,CD84,Target,Target-Immune_system
Immune_system,SHPK,Target,Target-Immune_system
Immune_system,ELF4,Target,Target-Immune_system
Immune_system,PHLPP1,Target,Target-Immune_system
Immune_system,GPR137B,Target,Target-Immune_system
Immune_system,FOXP3,Target,Target-Immune_system
Immune_system,PTPRE,Target,Target-Immune_system
Immune_system,LMBR1L,Target,Target-Immune_system
Immune_system,ANXA1,Target,Target-Immune_system
Immune_system,RUNX1,Target,Target-Immune_system
Immune_system,SLC7A2,Target,Target-Immune_system
Immune_system,SCRIB,Target,Target-Immune_system
Immune_system,LY6D,Target,Target-Immune_system
Immune_system,MARCHF8,Target,Target-Immune_system
Immune_system,CSF1R,Target,Target-Immune_system
Immune_system,THEMIS2,Target,Target-Immune_system
Immune_system,SPN,Target,Target-Immune_system
Immune_system,KAT2A,Target,Target-Immune_system
Immune_system,CD9,Target,Target-Immune_system
Immune_system,SLAMF6,Target,Target-Immune_system
Immune_system,ARL8B,Target,Target-Immune_system
Immune_system,STOML2,Target,Target-Immune_system
Immune_system,CD70,Target,Target-Immune_system
Immune_system,MCUB,Target,Target-Immune_system
Immune_system,STK10,Target,Target-Immune_system
Immune_system,CEACAM1,Target,Target-Immune_system
Immune_system,CD300LF,Target,Target-Immune_system
Immune_system,CLEC12A,Target,Target-Immune_system
Immune_system,HSPA9,Target,Target-Immune_system
Immune_system,PLVAP,Target,Target-Immune_system
Immune_system,GDF15,Target,Target-Immune_system
Immune_system,FN1,Target,Target-Immune_system
Immune_system,FAM76B,Target,Target-Immune_system
Immune_system,PTPN2,Target,Target-Immune_system
Immune_system,PTPRJ,Target,Target-Immune_system
Immune_system,LPXN,Target,Target-Immune_system
Immune_system,DGKZ,Target,Target-Immune_system
Immune_system,GPS2,Target,Target-Immune_system
Immune_system,PARP3,Target,Target-Immune_system
Immune_system,PAXIP1,Target,Target-Immune_system
Immune_system,KMT5B,Target,Target-Immune_system
Immune_system,KMT5C,Target,Target-Immune_system
Immune_system,RIF1,Target,Target-Immune_system
Immune_system,LRIF1,Target,Target-Immune_system
Immune_system,INSL6,Target,Target-Immune_system
Immune_system,TP53BP1,Target,Target-Immune_system
Immune_system,KLRK1,Target,Target-Immune_system
Immune_system,KIT,Target,Target-Immune_system
Immune_system,BRD4,Target,Target-Immune_system
Immune_system,LOXL3,Target,Target-Immune_system
Immune_system,BRD2,Target,Target-Immune_system
Immune_system,OPA1,Target,Target-Immune_system
Immune_system,NPPC,Target,Target-Immune_system
Immune_system,ARRB2,Target,Target-Immune_system
Immune_system,SMPDL3B,Target,Target-Immune_system
Immune_system,LGR4,Target,Target-Immune_system
Immune_system,PDPK1,Target,Target-Immune_system
Immune_system,OTUD4,Target,Target-Immune_system
Immune_system,GRAMD4,Target,Target-Immune_system
Immune_system,PARK7,Target,Target-Immune_system
Immune_system,RAB7B,Target,Target-Immune_system
Immune_system,SMPDL3A,Target,Target-Immune_system
Immune_system,AARS2,Target,Target-Immune_system
Immune_system,GAB2,Target,Target-Immune_system
Immune_system,EIF2AK2,Target,Target-Immune_system
Immune_system,SLC15A2,Target,Target-Immune_system
Immune_system,IRF1,Target,Target-Immune_system
Immune_system,KCNK13,Target,Target-Immune_system
Immune_system,IRF7,Target,Target-Immune_system
Immune_system,FERRY3,Target,Target-Immune_system
Immune_system,CRY1,Target,Target-Immune_system
Immune_system,CRY2,Target,Target-Immune_system
Immune_system,SLC18A2,Target,Target-Immune_system
Immune_system,UBR5,Target,Target-Immune_system
Immune_system,STMP1,Target,Target-Immune_system
Immune_system,OTOP1,Target,Target-Immune_system
Immune_system,DDX3X,Target,Target-Immune_system
Immune_system,YTHDF3,Target,Target-Immune_system
Immune_system,LATS2,Target,Target-Immune_system
Immune_system,PARP9,Target,Target-Immune_system
Immune_system,PCK1,Target,Target-Immune_system
Immune_system,P2RX7,Target,Target-Immune_system
Immune_system,TLR6,Target,Target-Immune_system
Immune_system,CASP4,Target,Target-Immune_system
Immune_system,PRKD1,Target,Target-Immune_system
Immune_system,CD36,Target,Target-Immune_system
Immune_system,PARP14,Target,Target-Immune_system
Immune_system,SLC15A3,Target,Target-Immune_system
Immune_system,TBK1,Target,Target-Immune_system
Immune_system,NAGK,Target,Target-Immune_system
Immune_system,NEK7,Target,Target-Immune_system
Immune_system,BRCC3,Target,Target-Immune_system
Immune_system,TRIM6,Target,Target-Immune_system
Immune_system,TREML4,Target,Target-Immune_system
Immune_system,DDRGK1,Target,Target-Immune_system
Immune_system,LATS1,Target,Target-Immune_system
Immune_system,BTK,Target,Target-Immune_system
Immune_system,USP29,Target,Target-Immune_system
Immune_system,MARK4,Target,Target-Immune_system
Immune_system,STAT2,Target,Target-Immune_system
Immune_system,MAPK8,Target,Target-Immune_system
Immune_system,IFNAR1,Target,Target-Immune_system
Immune_system,LRCH1,Target,Target-Immune_system
Immune_system,PTN,Target,Target-Immune_system
Immune_system,ABL2,Target,Target-Immune_system
Immune_system,ABL1,Target,Target-Immune_system
Immune_system,CD47,Target,Target-Immune_system
Immune_system,ITGB3,Target,Target-Immune_system
Immune_system,RIPOR2,Target,Target-Immune_system
Immune_system,SOCS5,Target,Target-Immune_system
Immune_system,CXCL3,Target,Target-Immune_system
Immune_system,DMTN,Target,Target-Immune_system
Immune_system,UFL1,Target,Target-Immune_system
Immune_system,NFATC3,Target,Target-Immune_system
Immune_system,DYRK3,Target,Target-Immune_system
Immune_system,RABL3,Target,Target-Immune_system
Immune_system,GPR89A,Target,Target-Immune_system
Immune_system,GPR89B,Target,Target-Immune_system
Immune_system,XKR8,Target,Target-Immune_system
Immune_system,ATP5IF1,Target,Target-Immune_system
Immune_system,SYVN1,Target,Target-Immune_system
Immune_system,EIF6,Target,Target-Immune_system
Immune_system,KDM1A,Target,Target-Immune_system
Immune_system,BATF2,Target,Target-Immune_system
Immune_system,MTOR,Target,Target-Immune_system
Immune_system,DLL4,Target,Target-Immune_system
Immune_system,ANKLE1,Target,Target-Immune_system
Immune_system,CDK5RAP3,Target,Target-Immune_system
Immune_system,MPP1,Target,Target-Immune_system
Immune_system,HSD3B7,Target,Target-Immune_system
Immune_system,SLC25A40,Target,Target-Immune_system
Immune_system,IKZF3,Target,Target-Immune_system
Immune_system,DCSTAMP,Target,Target-Immune_system
Immune_system,ZFP36L1,Target,Target-Immune_system
Immune_system,ZFP36L2,Target,Target-Immune_system
Immune_system,TRPM4,Target,Target-Immune_system
Immune_system,SLC8B1,Target,Target-Immune_system
Immune_system,BATF3,Target,Target-Immune_system
Immune_system,TAFA4,Target,Target-Immune_system
Immune_system,IL17RA,Target,Target-Immune_system
Immune_system,LRRC8A,Target,Target-Immune_system
Immune_system,JAK2,Target,Target-Immune_system
Immune_system,PBX1,Target,Target-Immune_system
Immune_system,TRPM2,Target,Target-Immune_system
Immune_system,LEPR,Target,Target-Immune_system
Immune_system,LEPROT,Target,Target-Immune_system
Immune_system,CYP7B1,Target,Target-Immune_system
Immune_system,GFI1B,Target,Target-Immune_system
Immune_system,LEP,Target,Target-Immune_system
Immune_system,IFI30,Target,Target-Immune_system
Immune_system,CXCL16,Target,Target-Immune_system
Immune_system,HCLS1,Target,Target-Immune_system
Immune_system,JAG2,Target,Target-Immune_system
Immune_system,SLAMF8,Target,Target-Immune_system
Immune_system,ALKBH5,Target,Target-Immune_system
Immune_system,ATP11C,Target,Target-Immune_system
Immune_system,LYL1,Target,Target-Immune_system
Immune_system,UBA5,Target,Target-Immune_system
Immune_system,TAL1,Target,Target-Immune_system
Immune_system,ADGRG3,Target,Target-Immune_system
Immune_system,IL17RC,Target,Target-Immune_system
Immune_system,SOX13,Target,Target-Immune_system
Immune_system,RCOR1,Target,Target-Immune_system
Immune_system,CD3D,Target,Target-Immune_system
Immune_system,TCF7,Target,Target-Immune_system
Immune_system,CH25H,Target,Target-Immune_system
Immune_system,SLC25A5,Target,Target-Immune_system
Immune_system,TOP2B,Target,Target-Immune_system
Immune_system,NFIL3,Target,Target-Immune_system
Immune_system,ZBTB7B,Target,Target-Immune_system
Immune_system,MR1,Target,Target-Immune_system
Immune_system,PNKD,Target,Target-Immune_system
Immune_system,AQP8,Target,Target-Immune_system
Immune_system,DPEP1,Target,Target-Immune_system
Immune_system,GPR15LG,Target,Target-Immune_system
Immune_system,TSPO2,Target,Target-Immune_system
Immune_system,KAT7,Target,Target-Immune_system
Immune_system,SLC39A7,Target,Target-Immune_system
Immune_system,ZBTB7A,Target,Target-Immune_system
Immune_system,NEMP1,Target,Target-Immune_system
Immune_system,CCL3,Target,Target-Immune_system
Immune_system,ALAS2,Target,Target-Immune_system
Immune_system,FLT3LG,Target,Target-Immune_system
Immune_system,HSCB,Target,Target-Immune_system
Immune_system,IRF3,Target,Target-Immune_system
Immune_system,OAS2,Target,Target-Immune_system
Immune_system,ERBIN,Target,Target-Immune_system
Immune_system,PLA2G3,Target,Target-Immune_system
Immune_system,CXCL1,Target,Target-Immune_system
Immune_system,CSNK1A1,Target,Target-Immune_system
Immune_system,PPP3CA,Target,Target-Immune_system
Immune_system,OCSTAMP,Target,Target-Immune_system
Immune_system,POU4F2,Target,Target-Immune_system
Immune_system,SYT11,Target,Target-Immune_system
Immune_system,FBXW7,Target,Target-Immune_system
Immune_system,PILRB,Target,Target-Immune_system
Immune_system,ERFE,Target,Target-Immune_system
Immune_system,ILDR2,Target,Target-Immune_system
Immune_system,RPTOR,Target,Target-Immune_system
Immune_system,MSTN,Target,Target-Immune_system
Immune_system,XRCC6,Target,Target-Immune_system
Immune_system,PRKCA,Target,Target-Immune_system
Immune_system,DAPL1,Target,Target-Immune_system
Immune_system,TNFSF11,Target,Target-Immune_system
Immune_system,TRPV4,Target,Target-Immune_system
Immune_system,RAC2,Target,Target-Immune_system
Immune_system,RAC1,Target,Target-Immune_system
Immune_system,MAFB,Target,Target-Immune_system
Immune_system,NR1D1,Target,Target-Immune_system
Immune_system,TNFRSF11A,Target,Target-Immune_system
Immune_system,AKIRIN1,Target,Target-Immune_system
Immune_system,CCDC88B,Target,Target-Immune_system
Immune_system,TMEM178A,Target,Target-Immune_system
Immune_system,EVI2B,Target,Target-Immune_system
Immune_system,PRKDC,Target,Target-Immune_system
Immune_system,CAMK1D,Target,Target-Immune_system
Immune_system,EEIG1,Target,Target-Immune_system
Immune_system,SFRP1,Target,Target-Immune_system
Immune_system,TFRC,Target,Target-Immune_system
Immune_system,TSC22D1,Target,Target-Immune_system
Immune_system,CXCL17,Target,Target-Immune_system
Immune_system,ANO6,Target,Target-Immune_system
Immune_system,POU4F1,Target,Target-Immune_system
Immune_system,CCL2,Target,Target-Immune_system
Immune_system,FBN1,Target,Target-Immune_system
Immune_system,CTSE,Target,Target-Immune_system
Immune_system,PRDM1,Target,Target-Immune_system
Immune_system,CIB1,Target,Target-Immune_system
Immune_system,LDB1,Target,Target-Immune_system
Immune_system,THPO,Target,Target-Immune_system
Immune_system,MEIS2,Target,Target-Immune_system
Immune_system,TOX,Target,Target-Immune_system
Immune_system,HOXB8,Target,Target-Immune_system
Immune_system,HOXA9,Target,Target-Immune_system
Immune_system,MTURN,Target,Target-Immune_system
Immune_system,ABCB10,Target,Target-Immune_system
Immune_system,CALHM2,Target,Target-Immune_system
Immune_system,MEIS1,Target,Target-Immune_system
Immune_system,PITHD1,Target,Target-Immune_system
Immune_system,SPHK1,Target,Target-Immune_system
Immune_system,LMO2,Target,Target-Immune_system
Immune_system,BRD1,Target,Target-Immune_system
Immune_system,ISG15,Target,Target-Immune_system
Immune_system,METTL3,Target,Target-Immune_system
Immune_system,PCYOX1L,Target,Target-Immune_system
Immune_system,AOC1,Target,Target-Immune_system
Immune_system,DAO,Target,Target-Immune_system
Immune_system,TGFB1,Target,Target-Immune_system
Immune_system,ATM,Target,Target-Immune_system
Immune_system,GCNT1,Target,Target-Immune_system
Immune_system,CHST2,Target,Target-Immune_system
Immune_system,CHST4,Target,Target-Immune_system
Immune_system,MAPK8IP1,Target,Target-Immune_system
Immune_system,IGHM,Target,Target-Immune_system
Immune_system,SH3RF1,Target,Target-Immune_system
Immune_system,SELP,Target,Target-Immune_system
Immune_system,SELENOP,Target,Target-Immune_system
Immune_system,ST3GAL4,Target,Target-Immune_system
Immune_system,SELE,Target,Target-Immune_system
Immune_system,BTN2A2,Target,Target-Immune_system
Immune_system,AMBRA1,Target,Target-Immune_system
Immune_system,ZMIZ1,Target,Target-Immune_system
Immune_system,KAT5,Target,Target-Immune_system
Immune_system,CBFB,Target,Target-Immune_system
Immune_system,SOCS1,Target,Target-Immune_system
Immune_system,TRAF6,Target,Target-Immune_system
Immune_system,TARM1,Target,Target-Immune_system
Immune_system,SOX12,Target,Target-Immune_system
Immune_system,SOX15,Target,Target-Immune_system
Immune_system,CD44,Target,Target-Immune_system
Immune_system,RUNX3,Target,Target-Immune_system
Immune_system,SLC4A2,Target,Target-Immune_system
Immune_system,KCNK18,Target,Target-Immune_system
Immune_system,KLHL25,Target,Target-Immune_system
Immune_system,TAAR5,Target,Target-Immune_system
Immune_system,PTCHD1,Target,Target-Immune_system
Immune_system,NSUN5,Target,Target-Immune_system
Immune_system,GPR158,Target,Target-Immune_system
Immune_system,BGLAP,Target,Target-Immune_system
Immune_system,SETD5,Target,Target-Immune_system
Immune_system,FAM107A,Target,Target-Immune_system
Immune_system,TBC1D8B,Target,Target-Immune_system
Immune_system,GLP1R,Target,Target-Immune_system
Immune_system,CD34,Target,Target-Immune_system
Immune_system,MAPK1,Target,Target-Immune_system
Immune_system,GRIN2B,Target,Target-Immune_system
Immune_system,GRIN2A,Target,Target-Immune_system
Immune_system,KCNQ1,Target,Target-Immune_system
Immune_system,KCNA2,Target,Target-Immune_system
Immune_system,TMEM63C,Target,Target-Immune_system
Immune_system,TAFA2,Target,Target-Immune_system
Immune_system,RYR1,Target,Target-Immune_system
Immune_system,NETO1,Target,Target-Immune_system
Immune_system,SLC6A18,Target,Target-Immune_system
Immune_system,ZNHIT1,Target,Target-Immune_system
Immune_system,KCNAB2,Target,Target-Immune_system
Immune_system,MYLK,Target,Target-Immune_system
Immune_system,CIC,Target,Target-Immune_system
Immune_system,TMC7,Target,Target-Immune_system
Immune_system,SCN2A,Target,Target-Immune_system
Immune_system,FGF13,Target,Target-Immune_system
Immune_system,TAAR3P,Target,Target-Immune_system
Immune_system,RGS14,Target,Target-Immune_system
Immune_system,PLK2,Target,Target-Immune_system
Immune_system,CLDN19,Target,Target-Immune_system
Immune_system,APBB2,Target,Target-Immune_system
Immune_system,MYL2,Target,Target-Immune_system
Immune_system,NHERF1,Target,Target-Immune_system
Immune_system,JPH3,Target,Target-Immune_system
Immune_system,MME,Target,Target-Immune_system
Immune_system,PTPRZ1,Target,Target-Immune_system
Immune_system,KCNA1,Target,Target-Immune_system
Immune_system,CLDN16,Target,Target-Immune_system
Immune_system,OPRM1,Target,Target-Immune_system
Immune_system,OPRL1,Target,Target-Immune_system
Immune_system,OPRK1,Target,Target-Immune_system
Immune_system,UGCG,Target,Target-Immune_system
Immune_system,HEPH,Target,Target-Immune_system
Immune_system,SLC8A2,Target,Target-Immune_system
Immune_system,SLC8A3,Target,Target-Immune_system
Immune_system,ADCY8,Target,Target-Immune_system
Immune_system,ATAD1,Target,Target-Immune_system
Immune_system,F11R,Target,Target-Immune_system
Immune_system,TPCN2,Target,Target-Immune_system
Immune_system,GRM1,Target,Target-Immune_system
Immune_system,GRM6,Target,Target-Immune_system
Immune_system,CLN3,Target,Target-Immune_system
Immune_system,APBB1,Target,Target-Immune_system
Immune_system,ATXN1L,Target,Target-Immune_system
Immune_system,REST,Target,Target-Immune_system
Immune_system,ATP8A1,Target,Target-Immune_system
Immune_system,ATXN1,Target,Target-Immune_system
Immune_system,SCN11A,Target,Target-Immune_system
Immune_system,SLC22A6,Target,Target-Immune_system
Immune_system,UFM1,Target,Target-Immune_system
Immune_system,KCNK4,Target,Target-Immune_system
Immune_system,KLK8,Target,Target-Immune_system
Immune_system,CLDN4,Target,Target-Immune_system
Immune_system,AGTPBP1,Target,Target-Immune_system
Immune_system,SLC26A6,Target,Target-Immune_system
Immune_system,KCND2,Target,Target-Immune_system
Immune_system,EIF4EBP2,Target,Target-Immune_system
Immune_system,SHISA7,Target,Target-Immune_system
Immune_system,GPRASP3,Target,Target-Immune_system
Immune_system,PTGES,Target,Target-Immune_system
Immune_system,NPAS4,Target,Target-Immune_system
Immune_system,CLCNKB,Target,Target-Immune_system
Immune_system,S100B,Target,Target-Immune_system
Immune_system,MAPK3,Target,Target-Immune_system
Immune_system,MYO1E,Target,Target-Immune_system
Immune_system,EGFR,Target,Target-Immune_system
Immune_system,ALOXE3,Target,Target-Immune_system
Immune_system,NES,Target,Target-Immune_system
Immune_system,GPER1,Target,Target-Immune_system
Immune_system,MACROH2A2,Target,Target-Immune_system
Immune_system,CACTIN,Target,Target-Immune_system
Immune_system,CNTN4,Target,Target-Immune_system
Immune_system,DDIT4,Target,Target-Immune_system
Immune_system,LHX1,Target,Target-Immune_system
Immune_system,ABCB5,Target,Target-Immune_system
Immune_system,VAC14,Target,Target-Immune_system
Immune_system,TXN,Target,Target-Immune_system
Immune_system,RNF139,Target,Target-Immune_system
Immune_system,RDX,Target,Target-Immune_system
Immune_system,FOXR1,Target,Target-Immune_system
Immune_system,SIPA1L3,Target,Target-Immune_system
Immune_system,VIT,Target,Target-Immune_system
Immune_system,ZDHHC16,Target,Target-Immune_system
Immune_system,MATCAP1,Target,Target-Immune_system
Immune_system,HSD17B7,Target,Target-Immune_system
Immune_system,ZPR1,Target,Target-Immune_system
Immune_system,DAB1,Target,Target-Immune_system
Immune_system,CDK5R1,Target,Target-Immune_system
Immune_system,SVBP,Target,Target-Immune_system
Immune_system,VSTM5,Target,Target-Immune_system
Immune_system,SLC6A17,Target,Target-Immune_system
Immune_system,CLASP1,Target,Target-Immune_system
Immune_system,MAST1,Target,Target-Immune_system
Immune_system,KDM4B,Target,Target-Immune_system
Immune_system,PXDN,Target,Target-Immune_system
Immune_system,PAX6,Target,Target-Immune_system
Immune_system,ZNF335,Target,Target-Immune_system
Immune_system,FREM2,Target,Target-Immune_system
Immune_system,EML1,Target,Target-Immune_system
Immune_system,SMOC1,Target,Target-Immune_system
Immune_system,BAG6,Target,Target-Immune_system
Immune_system,SLC23A1,Target,Target-Immune_system
Immune_system,SLC23A2,Target,Target-Immune_system
Immune_system,SMG9,Target,Target-Immune_system
Immune_system,UTP3,Target,Target-Immune_system
Immune_system,HES5,Target,Target-Immune_system
Immune_system,SCYL2,Target,Target-Immune_system
Immune_system,DAAM2,Target,Target-Immune_system
Immune_system,DIAPH1,Target,Target-Immune_system
Immune_system,GPR4,Target,Target-Immune_system
Immune_system,MINK1,Target,Target-Immune_system
Immune_system,CCDC141,Target,Target-Immune_system
Immune_system,PHF8,Target,Target-Immune_system
Immune_system,FZD5,Target,Target-Immune_system
Immune_system,BICDL1,Target,Target-Immune_system
Immune_system,SETD1A,Target,Target-Immune_system
Immune_system,VLDLR,Target,Target-Immune_system
Immune_system,ZIC1,Target,Target-Immune_system
Immune_system,CDK5RAP2,Target,Target-Immune_system
Immune_system,FLVCR2,Target,Target-Immune_system
Immune_system,BMP6,Target,Target-Immune_system
Immune_system,BMP4,Target,Target-Immune_system
Immune_system,EPHA7,Target,Target-Immune_system
Immune_system,MACROD2,Target,Target-Immune_system
Immune_system,PLXNB2,Target,Target-Immune_system
Immune_system,BMP7,Target,Target-Immune_system
Immune_system,RELN,Target,Target-Immune_system
Immune_system,PCDH18,Target,Target-Immune_system
Immune_system,GIT1,Target,Target-Immune_system
Immune_system,DRAXIN,Target,Target-Immune_system
Immune_system,DNAJC30,Target,Target-Immune_system
Immune_system,AQP1,Target,Target-Immune_system
Immune_system,EPHA5,Target,Target-Immune_system
Immune_system,SCT,Target,Target-Immune_system
Immune_system,KIRREL3,Target,Target-Immune_system
Immune_system,TSKU,Target,Target-Immune_system
Immune_system,INSM1,Target,Target-Immune_system
Immune_system,NUMBL,Target,Target-Immune_system
Immune_system,FZD3,Target,Target-Immune_system
Immune_system,FZD9,Target,Target-Immune_system
Immune_system,PHOX2B,Target,Target-Immune_system
Immune_system,NUMB,Target,Target-Immune_system
Immune_system,UQCRQ,Target,Target-Immune_system
Immune_system,OGDH,Target,Target-Immune_system
Immune_system,SEMA6B,Target,Target-Immune_system
Immune_system,KIF14,Target,Target-Immune_system
Immune_system,SOX3,Target,Target-Immune_system
Immune_system,CTNNB1,Target,Target-Immune_system
Immune_system,SIX3,Target,Target-Immune_system
Immune_system,FGFR2,Target,Target-Immune_system
Immune_system,FGFR1,Target,Target-Immune_system
Immune_system,ARC,Target,Target-Immune_system
Immune_system,NOL3,Target,Target-Immune_system
Immune_system,PJA2,Target,Target-Immune_system
Immune_system,ADCY3,Target,Target-Immune_system
Immune_system,PINK1,Target,Target-Immune_system
Immune_system,ELP1,Target,Target-Immune_system
Immune_system,TOB1,Target,Target-Immune_system
Immune_system,SYT10,Target,Target-Immune_system
Immune_system,HOMER2,Target,Target-Immune_system
Immune_system,ATP6V1B1,Target,Target-Immune_system
Immune_system,LRP2,Target,Target-Immune_system
Immune_system,SLC24A4,Target,Target-Immune_system
Immune_system,CLRN2,Target,Target-Immune_system
Immune_system,XRCC1,Target,Target-Immune_system
Immune_system,ANO9,Target,Target-Immune_system
Immune_system,MYO3A,Target,Target-Immune_system
Immune_system,ESPNL,Target,Target-Immune_system
Immune_system,PJVK,Target,Target-Immune_system
Immune_system,SLC4A7,Target,Target-Immune_system
Immune_system,CEACAM16,Target,Target-Immune_system
Immune_system,P2RX2,Target,Target-Immune_system
Immune_system,GPR179,Target,Target-Immune_system
Immune_system,TOMT,Target,Target-Immune_system
Immune_system,NPC1L1,Target,Target-Immune_system
Immune_system,BSND,Target,Target-Immune_system
Immune_system,PRKCG,Target,Target-Immune_system
Immune_system,CLSTN3,Target,Target-Immune_system
Immune_system,TMPRSS3,Target,Target-Immune_system
Immune_system,TMPRSS4,Target,Target-Immune_system
Immune_system,CABP1,Target,Target-Immune_system
Immune_system,CABP2,Target,Target-Immune_system
Immune_system,FBXO11,Target,Target-Immune_system
Immune_system,SLC5A1,Target,Target-Immune_system
Immune_system,ACSS2,Target,Target-Immune_system
Immune_system,ANKRD24,Target,Target-Immune_system
Immune_system,RDH12,Target,Target-Immune_system
Immune_system,CUX2,Target,Target-Immune_system
Immune_system,RIC8B,Target,Target-Immune_system
Immune_system,AHR,Target,Target-Immune_system
Immune_system,SLC4A10,Target,Target-Immune_system
Immune_system,CLSTN2,Target,Target-Immune_system
Immune_system,STK11,Target,Target-Immune_system
Immune_system,PLS1,Target,Target-Immune_system
Immune_system,UCN,Target,Target-Immune_system
Immune_system,KCNK9,Target,Target-Immune_system
Immune_system,CAMK2N1,Target,Target-Immune_system
Immune_system,EPS8L2,Target,Target-Immune_system
Immune_system,MYO3B,Target,Target-Immune_system
Immune_system,ATP7B,Target,Target-Immune_system
Immune_system,RD3,Target,Target-Immune_system
Immune_system,ATP8B1,Target,Target-Immune_system
Immune_system,GFY,Target,Target-Immune_system
Immune_system,EZR,Target,Target-Immune_system
Immune_system,VIL1,Target,Target-Immune_system
Immune_system,GUCY2D,Target,Target-Immune_system
Immune_system,ZIC2,Target,Target-Immune_system
Immune_system,CPEB3,Target,Target-Immune_system
Immune_system,GRXCR1,Target,Target-Immune_system
Immune_system,TMEM150C,Target,Target-Immune_system
Immune_system,LIMA1,Target,Target-Immune_system
Immune_system,GPR88,Target,Target-Immune_system
Immune_system,TMEM63B,Target,Target-Immune_system
Immune_system,GRIA1,Target,Target-Immune_system
Immune_system,HTR2B,Target,Target-Immune_system
Immune_system,NFATC4,Target,Target-Immune_system
Immune_system,RDH11,Target,Target-Immune_system
Immune_system,OR10J5,Target,Target-Immune_system
Immune_system,TPRN,Target,Target-Immune_system
Immune_system,NOTCH4,Target,Target-Immune_system
Immune_system,UBR3,Target,Target-Immune_system
Immune_system,FLT4,Target,Target-Immune_system
Immune_system,CDC14A,Target,Target-Immune_system
Immune_system,CALHM3,Target,Target-Immune_system
Immune_system,PTPRU,Target,Target-Immune_system
Immune_system,PTPRO,Target,Target-Immune_system
Immune_system,ACKR3,Target,Target-Immune_system
Immune_system,LBX2,Target,Target-Immune_system
Immune_system,EGR2,Target,Target-Immune_system
Immune_system,UNC45B,Target,Target-Immune_system
Immune_system,PRDM13,Target,Target-Immune_system
Immune_system,MEIS3,Target,Target-Immune_system
Immune_system,SEMA5A,Target,Target-Immune_system
Immune_system,PTF1A,Target,Target-Immune_system
Immune_system,BTBD3,Target,Target-Immune_system
Immune_system,SEMA4C,Target,Target-Immune_system
Immune_system,NBL1,Target,Target-Immune_system
Immune_system,PARN,Target,Target-Immune_system
Immune_system,ATXN2,Target,Target-Immune_system
Immune_system,MGARP,Target,Target-Immune_system
Immune_system,FAT4,Target,Target-Immune_system
Immune_system,FEZF2,Target,Target-Immune_system
Immune_system,ERRFI1,Target,Target-Immune_system
Immune_system,RTN4R,Target,Target-Immune_system
Immune_system,WNT2B,Target,Target-Immune_system
Immune_system,PDSS2,Target,Target-Immune_system
Immune_system,CLP1,Target,Target-Immune_system
Immune_system,HEXIM1,Target,Target-Immune_system
Immune_system,COLEC12,Target,Target-Immune_system
Immune_system,RYK,Target,Target-Immune_system
Immune_system,PITX3,Target,Target-Immune_system
Immune_system,NPHP1,Target,Target-Immune_system
Immune_system,VAX2,Target,Target-Immune_system
Immune_system,ATG9A,Target,Target-Immune_system
Immune_system,PHACTR1,Target,Target-Immune_system
Immune_system,LHX2,Target,Target-Immune_system
Immune_system,KRT12,Target,Target-Immune_system
Immune_system,RTN4RL2,Target,Target-Immune_system
Immune_system,INHBA,Target,Target-Immune_system
Immune_system,NEUROD2,Target,Target-Immune_system
Immune_system,CCDC85C,Target,Target-Immune_system
Immune_system,FAIM2,Target,Target-Immune_system
Immune_system,ADM,Target,Target-Immune_system
Immune_system,NEUROD1,Target,Target-Immune_system
Immune_system,PBX4,Target,Target-Immune_system
Immune_system,RAMP2,Target,Target-Immune_system
Immune_system,FOXC1,Target,Target-Immune_system
Immune_system,RTN4RL1,Target,Target-Immune_system
Immune_system,SFRP4,Target,Target-Immune_system
Immune_system,COL3A1,Target,Target-Immune_system
Immune_system,IHH,Target,Target-Immune_system
Immune_system,SMOX,Target,Target-Immune_system
Immune_system,SMO,Target,Target-Immune_system
Immune_system,WNT7B,Target,Target-Immune_system
Immune_system,RORB,Target,Target-Immune_system
Immune_system,IFITM5,Target,Target-Immune_system
Immune_system,CTNNA2,Target,Target-Immune_system
Immune_system,CALB1,Target,Target-Immune_system
Immune_system,FOXE3,Target,Target-Immune_system
Immune_system,CYP1B1,Target,Target-Immune_system
Immune_system,OSR2,Target,Target-Immune_system
Immune_system,FUT1,Target,Target-Immune_system
Immune_system,TPPP,Target,Target-Immune_system
Immune_system,LSR,Target,Target-Immune_system
Immune_system,FEZF1,Target,Target-Immune_system
Immune_system,MFSD2A,Target,Target-Immune_system
Immune_system,GPC1,Target,Target-Immune_system
Immune_system,BOP1,Target,Target-Immune_system
Immune_system,HAP1,Target,Target-Immune_system
Immune_system,APEX1,Target,Target-Immune_system
Immune_system,PDS5B,Target,Target-Immune_system
Immune_system,USP45,Target,Target-Immune_system
Immune_system,GNAT1,Target,Target-Immune_system
Immune_system,FAM161A,Target,Target-Immune_system
Immune_system,CCDC66,Target,Target-Immune_system
Immune_system,SLC2A1,Target,Target-Immune_system
Immune_system,STX3,Target,Target-Immune_system
Immune_system,PDGFRA,Target,Target-Immune_system
Immune_system,ASRGL1,Target,Target-Immune_system
Immune_system,STK19,Target,Target-Immune_system
Immune_system,RP1,Target,Target-Immune_system
Immune_system,MAPRE2,Target,Target-Immune_system
Immune_system,MAGI2,Target,Target-Immune_system
Immune_system,MYO7A,Target,Target-Immune_system
Immune_system,CIB2,Target,Target-Immune_system
Immune_system,RHO,Target,Target-Immune_system
Immune_system,DYNLT1,Target,Target-Immune_system
Immune_system,HKDC1,Target,Target-Immune_system
Immune_system,DRAM2,Target,Target-Immune_system
Immune_system,CFAP418,Target,Target-Immune_system
Immune_system,BSG,Target,Target-Immune_system
Immune_system,GUCA1A,Target,Target-Immune_system
Immune_system,GUK1,Target,Target-Immune_system
Immune_system,TULP1,Target,Target-Immune_system
Immune_system,GREB1L,Target,Target-Immune_system
Immune_system,HHEX,Target,Target-Immune_system
Immune_system,TMEM65,Target,Target-Immune_system
Immune_system,CDC73,Target,Target-Immune_system
Immune_system,CTR9,Target,Target-Immune_system
Immune_system,KAT2B,Target,Target-Immune_system
Immune_system,RFX6,Target,Target-Immune_system
Immune_system,BLOC1S1,Target,Target-Immune_system
Immune_system,CDC42EP5,Target,Target-Immune_system
Immune_system,CORIN,Target,Target-Immune_system
Immune_system,HAND2,Target,Target-Immune_system
Immune_system,TAS1R3,Target,Target-Immune_system
Immune_system,AMIGO1,Target,Target-Immune_system
Immune_system,HYAL2,Target,Target-Immune_system
Immune_system,NELL2,Target,Target-Immune_system
Immune_system,APLN,Target,Target-Immune_system
Immune_system,HAS2,Target,Target-Immune_system
Immune_system,CTSS,Target,Target-Immune_system
Immune_system,SCPEP1,Target,Target-Immune_system
Immune_system,HTR4,Target,Target-Immune_system
Immune_system,RETN,Target,Target-Immune_system
Immune_system,STT3A,Target,Target-Immune_system
Immune_system,RELA,Target,Target-Immune_system
Immune_system,DCHS1,Target,Target-Immune_system
Immune_system,LEMD2,Target,Target-Immune_system
Immune_system,CEBPA,Target,Target-Immune_system
Immune_system,EPB41,Target,Target-Immune_system
Immune_system,ASCL3,Target,Target-Immune_system
Immune_system,NTN5,Target,Target-Immune_system
Immune_system,ARL3,Target,Target-Immune_system
Immune_system,CALHM1,Target,Target-Immune_system
Immune_system,FLRT3,Target,Target-Immune_system
Immune_system,EFEMP2,Target,Target-Immune_system
Immune_system,PDGFRB,Target,Target-Immune_system
Immune_system,PDGFB,Target,Target-Immune_system
Immune_system,PDGFA,Target,Target-Immune_system
Immune_system,WNK1,Target,Target-Immune_system
Immune_system,SLN,Target,Target-Immune_system
Immune_system,JAG1,Target,Target-Immune_system
Immune_system,NOTCH1,Target,Target-Immune_system
Immune_system,BCAS1,Target,Target-Immune_system
Immune_system,CIT,Target,Target-Immune_system
Immune_system,RARG,Target,Target-Immune_system
Immune_system,CHAC1,Target,Target-Immune_system
Immune_system,IQCJ-SCHIP1,Target,Target-Immune_system
Immune_system,APLNR,Target,Target-Immune_system
Immune_system,ALDH1A3,Target,Target-Immune_system
Immune_system,ACE,Target,Target-Immune_system
Immune_system,MUC2,Target,Target-Immune_system
Immune_system,MYOG,Target,Target-Immune_system
Immune_system,ID2,Target,Target-Immune_system
Immune_system,CCN4,Target,Target-Immune_system
Immune_system,KDR,Target,Target-Immune_system
Immune_system,KAT8,Target,Target-Immune_system
Immune_system,IRX2,Target,Target-Immune_system
Immune_system,OR51E2,Target,Target-Immune_system
Immune_system,ABCA3,Target,Target-Immune_system
Immune_system,SELENOI,Target,Target-Immune_system
Immune_system,TMC4,Target,Target-Immune_system
Immune_system,AKAP13,Target,Target-Immune_system
Immune_system,ZNF24,Target,Target-Immune_system
Immune_system,HEYL,Target,Target-Immune_system
Immune_system,EGFL7,Target,Target-Immune_system
Immune_system,ATP2B1,Target,Target-Immune_system
Immune_system,ACTN4,Target,Target-Immune_system
Immune_system,NDUFS2,Target,Target-Immune_system
Immune_system,CRACD,Target,Target-Immune_system
Immune_system,IRX3,Target,Target-Immune_system
Immune_system,IRX1,Target,Target-Immune_system
Immune_system,TFAP2B,Target,Target-Immune_system
Immune_system,FOXN4,Target,Target-Immune_system
Immune_system,ABCD1,Target,Target-Immune_system
Immune_system,NME3,Target,Target-Immune_system
Immune_system,TAB2,Target,Target-Immune_system
Immune_system,PAF1,Target,Target-Immune_system
Immune_system,PEX2,Target,Target-Immune_system
Immune_system,IFT122,Target,Target-Immune_system
Immune_system,BVES,Target,Target-Immune_system
Immune_system,NUP85,Target,Target-Immune_system
Immune_system,DNAJC15,Target,Target-Immune_system
Immune_system,TRIAP1,Target,Target-Immune_system
Immune_system,SOX7,Target,Target-Immune_system
Immune_system,ANO1,Target,Target-Immune_system
Immune_system,ATP2B4,Target,Target-Immune_system
Immune_system,APELA,Target,Target-Immune_system
Immune_system,SOX6,Target,Target-Immune_system
Immune_system,SOX5,Target,Target-Immune_system
Immune_system,WT1,Target,Target-Immune_system
Immune_system,WNT4,Target,Target-Immune_system
Immune_system,VXN,Target,Target-Immune_system
Immune_system,TEK,Target,Target-Immune_system
Immune_system,CRIPTO,Target,Target-Immune_system
Immune_system,CITED2,Target,Target-Immune_system
Immune_system,DZIP1,Target,Target-Immune_system
Immune_system,IFT27,Target,Target-Immune_system
Immune_system,RFX3,Target,Target-Immune_system
Immune_system,HYCC1,Target,Target-Immune_system
Immune_system,SALL1,Target,Target-Immune_system
Immune_system,SLC26A7,Target,Target-Immune_system
Immune_system,TBX2,Target,Target-Immune_system
Immune_system,TGFBR2,Target,Target-Immune_system
Immune_system,SLC10A7,Target,Target-Immune_system
Immune_system,CRHR1,Target,Target-Immune_system
Immune_system,SIX2,Target,Target-Immune_system
Immune_system,WNK4,Target,Target-Immune_system
Immune_system,NFATC2,Target,Target-Immune_system
Immune_system,WDR11,Target,Target-Immune_system
Immune_system,PHIP,Target,Target-Immune_system
Immune_system,IFT25,Target,Target-Immune_system
Immune_system,QRFP,Target,Target-Immune_system
Immune_system,TRPV5,Target,Target-Immune_system
Immune_system,SNORC,Target,Target-Immune_system
Immune_system,EPHB1,Target,Target-Immune_system
Immune_system,METTL14,Target,Target-Immune_system
Immune_system,SHH,Target,Target-Immune_system
Immune_system,ENPEP,Target,Target-Immune_system
Immune_system,VKORC1,Target,Target-Immune_system
Immune_system,PTPMT1,Target,Target-Immune_system
Immune_system,KDM8,Target,Target-Immune_system
Immune_system,RFC3,Target,Target-Immune_system
Immune_system,FOXS1,Target,Target-Immune_system
Immune_system,CNTRL,Target,Target-Immune_system
Immune_system,CDC42EP1,Target,Target-Immune_system
Immune_system,CNOT8,Target,Target-Immune_system
Immune_system,PYDC2,Target,Target-Immune_system
Immune_system,POPDC2,Target,Target-Immune_system
Immune_system,MSX1,Target,Target-Immune_system
Immune_system,CREB3L2,Target,Target-Immune_system
Immune_system,TAS1R1,Target,Target-Immune_system
Immune_system,GHRL,Target,Target-Immune_system
Immune_system,TAS1R2,Target,Target-Immune_system
Immune_system,EPOR,Target,Target-Immune_system
Immune_system,IL1RAP,Target,Target-Immune_system
Immune_system,IL1R1,Target,Target-Immune_system
Immune_system,IL22RA1,Target,Target-Immune_system
Immune_system,ANGPT2,Target,Target-Immune_system
Immune_system,SIN3A,Target,Target-Immune_system
Immune_system,EURL,Target,Target-Immune_system
Immune_system,FXR2,Target,Target-Immune_system
Immune_system,GET1,Target,Target-Immune_system
Immune_system,CHD6,Target,Target-Immune_system
Immune_system,CHD5,Target,Target-Immune_system
Immune_system,LHX5,Target,Target-Immune_system
Immune_system,FXR1,Target,Target-Immune_system
Immune_system,HES1,Target,Target-Immune_system
Immune_system,NEUROD4,Target,Target-Immune_system
Immune_system,TMEM108,Target,Target-Immune_system
Immune_system,TWIST1,Target,Target-Immune_system
Immune_system,PER2,Target,Target-Immune_system
Immune_system,ANGPT1,Target,Target-Immune_system
Immune_system,ITLN1,Target,Target-Immune_system
Immune_system,EPHA4,Target,Target-Immune_system
Immune_system,GAS6,Target,Target-Immune_system
Immune_system,F2R,Target,Target-Immune_system
Immune_system,NOTCH3,Target,Target-Immune_system
Immune_system,ZDHHC21,Target,Target-Immune_system
Immune_system,ROBO2,Target,Target-Immune_system
Immune_system,WNT5A,Target,Target-Immune_system
Immune_system,ROBO1,Target,Target-Immune_system
Immune_system,NDNF,Target,Target-Immune_system
Immune_system,LCA5,Target,Target-Immune_system
Immune_system,PEX6,Target,Target-Immune_system
Immune_system,RAB27A,Target,Target-Immune_system
Immune_system,PROM1,Target,Target-Immune_system
Immune_system,RGS2,Target,Target-Immune_system
Immune_system,KIF3A,Target,Target-Immune_system
Immune_system,KIAA1549,Target,Target-Immune_system
Immune_system,WDR19,Target,Target-Immune_system
Immune_system,RPGRIP1,Target,Target-Immune_system
Immune_system,CFAP410,Target,Target-Immune_system
Immune_system,CEP290,Target,Target-Immune_system
Immune_system,MAK,Target,Target-Immune_system
Immune_system,ALPK3,Target,Target-Immune_system
Immune_system,SPATA7,Target,Target-Immune_system
Immune_system,RP1L1,Target,Target-Immune_system
Immune_system,IFT88,Target,Target-Immune_system
Immune_system,ABCA4,Target,Target-Immune_system
Immune_system,MYRIP,Target,Target-Immune_system
Immune_system,LYAR,Target,Target-Immune_system
Immune_system,CETN1,Target,Target-Immune_system
Immune_system,KIF3B,Target,Target-Immune_system
Immune_system,ABCD2,Target,Target-Immune_system
Immune_system,SMR3B,Target,Target-Immune_system
Immune_system,KCNK2,Target,Target-Immune_system
Immune_system,SHANK1,Target,Target-Immune_system
Immune_system,CDK5,Target,Target-Immune_system
Immune_system,NMU,Target,Target-Immune_system
Immune_system,NMUR2,Target,Target-Immune_system
Immune_system,TUBB2B,Target,Target-Immune_system
Immune_system,DNAAF4,Target,Target-Immune_system
Immune_system,IER2,Target,Target-Immune_system
Immune_system,SPX,Target,Target-Immune_system
Immune_system,DCDC2,Target,Target-Immune_system
Immune_system,BMPR1B,Target,Target-Immune_system
Immune_system,SIN3B,Target,Target-Immune_system
Immune_system,CCN3,Target,Target-Immune_system
Immune_system,PICK1,Target,Target-Immune_system
Immune_system,GPR37L1,Target,Target-Immune_system
Immune_system,DDIT3,Target,Target-Immune_system
Immune_system,DACT2,Target,Target-Immune_system
Immune_system,GREM1,Target,Target-Immune_system
Immune_system,COPS8,Target,Target-Immune_system
Immune_system,RAF1,Target,Target-Immune_system
Immune_system,ZHX2,Target,Target-Immune_system
Immune_system,FAM151B,Target,Target-Immune_system
Immune_system,TAFA1,Target,Target-Immune_system
Immune_system,NRBP2,Target,Target-Immune_system
Immune_system,EPHA3,Target,Target-Immune_system
Immune_system,AGR2,Target,Target-Immune_system
Immune_system,SMARCA1,Target,Target-Immune_system
Immune_system,SLC4A9,Target,Target-Immune_system
Immune_system,TRIM71,Target,Target-Immune_system
Immune_system,SEPTIN14,Target,Target-Immune_system
Immune_system,ACP3,Target,Target-Immune_system
Immune_system,SLC2A5,Target,Target-Immune_system
Immune_system,INAVA,Target,Target-Immune_system
Immune_system,PERCC1,Target,Target-Immune_system
Immune_system,ADORA1,Target,Target-Immune_system
Immune_system,POMGNT2,Target,Target-Immune_system
Immune_system,USP9X,Target,Target-Immune_system
Immune_system,TNN,Target,Target-Immune_system
Immune_system,SLC26A2,Target,Target-Immune_system
Immune_system,PLN,Target,Target-Immune_system
Immune_system,HEXB,Target,Target-Immune_system
Immune_system,CUL7,Target,Target-Immune_system
Immune_system,FGF10,Target,Target-Immune_system
Immune_system,GPR157,Target,Target-Immune_system
Immune_system,GPR171,Target,Target-Immune_system
Immune_system,ENPP7,Target,Target-Immune_system
Immune_system,FABP5,Target,Target-Immune_system
Immune_system,PDCL3,Target,Target-Immune_system
Immune_system,NGFR,Target,Target-Immune_system
Immune_system,KLHL3,Target,Target-Immune_system
Immune_system,RACGAP1,Target,Target-Immune_system
Immune_system,INPP5K,Target,Target-Immune_system
Immune_system,SEC61A1,Target,Target-Immune_system
Immune_system,SEMA6A,Target,Target-Immune_system
Immune_system,MGLL,Target,Target-Immune_system
Immune_system,CLDN15,Target,Target-Immune_system
Immune_system,SEPTIN4,Target,Target-Immune_system
Immune_system,NR4A2,Target,Target-Immune_system
Immune_system,BRSK2,Target,Target-Immune_system
Immune_system,PKDCC,Target,Target-Immune_system
Immune_system,PTPRB,Target,Target-Immune_system
Immune_system,RNF213,Target,Target-Immune_system
Immune_system,LOX,Target,Target-Immune_system
Immune_system,E2F8,Target,Target-Immune_system
Immune_system,MDGA1,Target,Target-Immune_system
Immune_system,AQP4,Target,Target-Immune_system
Immune_system,DISC1,Target,Target-Immune_system
Immune_system,SETD3,Target,Target-Immune_system
Immune_system,E2F7,Target,Target-Immune_system
Immune_system,TMEM100,Target,Target-Immune_system
Immune_system,FLRT2,Target,Target-Immune_system
Immune_system,ZFHX2,Target,Target-Immune_system
Immune_system,PLXND1,Target,Target-Immune_system
Immune_system,HPGD,Target,Target-Immune_system
Immune_system,BMPR1A,Target,Target-Immune_system
Immune_system,MMP24,Target,Target-Immune_system
Immune_system,ADNP,Target,Target-Immune_system
Immune_system,CEND1,Target,Target-Immune_system
Immune_system,NIF3L1,Target,Target-Immune_system
Immune_system,DDR2,Target,Target-Immune_system
Immune_system,AUTS2,Target,Target-Immune_system
Immune_system,HEY1,Target,Target-Immune_system
Immune_system,EVC,Target,Target-Immune_system
Immune_system,RBM24,Target,Target-Immune_system
Immune_system,EPHB4,Target,Target-Immune_system
Immune_system,CLDN18,Target,Target-Immune_system
Immune_system,LMCD1,Target,Target-Immune_system
Immune_system,SLC5A2,Target,Target-Immune_system
Immune_system,ADGRL3,Target,Target-Immune_system
Immune_system,SSBP3,Target,Target-Immune_system
Immune_system,GDF2,Target,Target-Immune_system
Immune_system,VANGL2,Target,Target-Immune_system
Immune_system,ENG,Target,Target-Immune_system
Immune_system,CCBE1,Target,Target-Immune_system
Immune_system,FOXD1,Target,Target-Immune_system
Immune_system,NFIB,Target,Target-Immune_system
Immune_system,TGFB2,Target,Target-Immune_system
Immune_system,IGSF21,Target,Target-Immune_system
Immune_system,TBPL1,Target,Target-Immune_system
Immune_system,SOX1,Target,Target-Immune_system
Immune_system,WNT7A,Target,Target-Immune_system
Immune_system,CDH2,Target,Target-Immune_system
Immune_system,HNF1A,Target,Target-Immune_system
Immune_system,MSC,Target,Target-Immune_system
Immune_system,SLC31A1,Target,Target-Immune_system
Immune_system,GPLD1,Target,Target-Immune_system
Immune_system,PRMT1,Target,Target-Immune_system
Immune_system,RNF112,Target,Target-Immune_system
Immune_system,SLC39A14,Target,Target-Immune_system
Immune_system,MTSS1,Target,Target-Immune_system
Immune_system,NDE1,Target,Target-Immune_system
Immune_system,NRP1,Target,Target-Immune_system
Immune_system,NELL1,Target,Target-Immune_system
Immune_system,PRKX,Target,Target-Immune_system
Immune_system,PTPN14,Target,Target-Immune_system
Immune_system,VEGFA,Target,Target-Immune_system
Immune_system,AQP2,Target,Target-Immune_system
Immune_system,TAFAZZIN,Target,Target-Immune_system
Immune_system,RASIP1,Target,Target-Immune_system
Immune_system,RCN3,Target,Target-Immune_system
Immune_system,JAM3,Target,Target-Immune_system
Immune_system,ADCY6,Target,Target-Immune_system
Immune_system,MARK1,Target,Target-Immune_system
Immune_system,SCN7A,Target,Target-Immune_system
Immune_system,MARK2,Target,Target-Immune_system
Immune_system,PES1,Target,Target-Immune_system
Immune_system,MT-RNR1,Target,Target-Immune_system
Immune_system,CIROP,Target,Target-Immune_system
Immune_system,BLTP3B,Target,Target-Immune_system
Immune_system,POTEB3,Target,Target-Immune_system
Immune_system,ARHGAP10,Target,Target-Immune_system
Immune_system,FAM170A,Target,Target-Immune_system
Immune_system,SYCE3,Target,Target-Immune_system
Immune_system,ELOVL7,Target,Target-Immune_system
Immune_system,FRMD3,Target,Target-Immune_system
Immune_system,TMEM218,Target,Target-Immune_system
Immune_system,TYW5,Target,Target-Immune_system
Immune_system,GSAP,Target,Target-Immune_system
Immune_system,EME2,Target,Target-Immune_system
Immune_system,ODAD3,Target,Target-Immune_system
Immune_system,PEDS1,Target,Target-Immune_system
Immune_system,MEGF11,Target,Target-Immune_system
Immune_system,BDP1,Target,Target-Immune_system
Immune_system,NKX2-6,Target,Target-Immune_system
Immune_system,SDHAF1,Target,Target-Immune_system
Immune_system,PCARE,Target,Target-Immune_system
Immune_system,MYMK,Target,Target-Immune_system
Immune_system,PCNX2,Target,Target-Immune_system
Immune_system,PALM,Target,Target-Immune_system
Immune_system,FLT1,Target,Target-Immune_system
Immune_system,FLNA,Target,Target-Immune_system
Immune_system,HK2,Target,Target-Immune_system
Immune_system,VPS18,Target,Target-Immune_system
Immune_system,CX3CL1,Target,Target-Immune_system
Immune_system,EML2,Target,Target-Immune_system
Immune_system,RRM2,Target,Target-Immune_system
Immune_system,SLC44A4,Target,Target-Immune_system
Immune_system,NACC2,Target,Target-Immune_system
Immune_system,OPTN,Target,Target-Immune_system
Immune_system,SYNGR2,Target,Target-Immune_system
Immune_system,SYNGR1,Target,Target-Immune_system
Immune_system,GORASP1,Target,Target-Immune_system
Immune_system,NRDC,Target,Target-Immune_system
Immune_system,UBR4,Target,Target-Immune_system
Immune_system,LRRK2,Target,Target-Immune_system
Immune_system,SMTNL1,Target,Target-Immune_system
Immune_system,TMED10,Target,Target-Immune_system
Immune_system,QKI,Target,Target-Immune_system
Immune_system,SREBF2,Target,Target-Immune_system
Immune_system,ZNF488,Target,Target-Immune_system
Immune_system,FBXW8,Target,Target-Immune_system
Immune_system,VPS8,Target,Target-Immune_system
Immune_system,ZSWIM6,Target,Target-Immune_system
Immune_system,USP8,Target,Target-Immune_system
Immune_system,SEC16A,Target,Target-Immune_system
Immune_system,LAMTOR1,Target,Target-Immune_system
Immune_system,LMO4,Target,Target-Immune_system
Immune_system,MNX1,Target,Target-Immune_system
Immune_system,RNF10,Target,Target-Immune_system
Immune_system,EGR1,Target,Target-Immune_system
Immune_system,FAM20C,Target,Target-Immune_system
Immune_system,NSF,Target,Target-Immune_system
Immune_system,DMTF1,Target,Target-Immune_system
Immune_system,DMP1,Target,Target-Immune_system
Immune_system,RAC3,Target,Target-Immune_system
Immune_system,NCOA3,Target,Target-Immune_system
Immune_system,DCP2,Target,Target-Immune_system
Immune_system,OBSL1,Target,Target-Immune_system
Immune_system,GFRA1,Target,Target-Immune_system
Immune_system,GFRAL,Target,Target-Immune_system
Immune_system,GPR75,Target,Target-Immune_system
Immune_system,PLAAT1,Target,Target-Immune_system
Immune_system,NRF1,Target,Target-Immune_system
Immune_system,NFE2L1,Target,Target-Immune_system
Immune_system,TAC4,Target,Target-Immune_system
Immune_system,ZNF365,Target,Target-Immune_system
Immune_system,DLX5,Target,Target-Immune_system
Immune_system,PRIM2,Target,Target-Immune_system
Immune_system,PSD,Target,Target-Immune_system
Immune_system,ARF1,Target,Target-Immune_system
Immune_system,ARF6,Target,Target-Immune_system
Immune_system,MAP9,Target,Target-Immune_system
Immune_system,LCTL,Target,Target-Immune_system
Immune_system,NF2,Target,Target-Immune_system
Immune_system,TRNP1,Target,Target-Immune_system
Immune_system,ATF5,Target,Target-Immune_system
Immune_system,OPN5,Target,Target-Immune_system
Immune_system,ATPSCKMT,Target,Target-Immune_system
Immune_system,GPM6A,Target,Target-Immune_system
Immune_system,MXRA8,Target,Target-Immune_system
Immune_system,TDRD7,Target,Target-Immune_system
Immune_system,ARL13B,Target,Target-Immune_system
Immune_system,RORA,Target,Target-Immune_system
Immune_system,COL13A1,Target,Target-Immune_system
Immune_system,HSF4,Target,Target-Immune_system
Immune_system,OPN4,Target,Target-Immune_system
Immune_system,MMP13,Target,Target-Immune_system
Immune_system,SLC17A6,Target,Target-Immune_system
Immune_system,AKNA,Target,Target-Immune_system
Immune_system,TH,Target,Target-Immune_system
Immune_system,HTR6,Target,Target-Immune_system
Immune_system,DRD2,Target,Target-Immune_system
Immune_system,DHH,Target,Target-Immune_system
Immune_system,SLC6A3,Target,Target-Immune_system
Immune_system,PLAAT3,Target,Target-Immune_system
Immune_system,PRAP1,Target,Target-Immune_system
Immune_system,PIN1,Target,Target-Immune_system
Immune_system,COLEC10,Target,Target-Immune_system
Immune_system,MTA2,Target,Target-Immune_system
Immune_system,ATP2B3,Target,Target-Immune_system
Immune_system,DAB2IP,Target,Target-Immune_system
Immune_system,MICAL1,Target,Target-Immune_system
Immune_system,PRCD,Target,Target-Immune_system
Immune_system,RTN4IP1,Target,Target-Immune_system
Immune_system,CHGA,Target,Target-Immune_system
Immune_system,NPY,Target,Target-Immune_system
Immune_system,SLC32A1,Target,Target-Immune_system
Immune_system,SYT12,Target,Target-Immune_system
Immune_system,RPH3A,Target,Target-Immune_system
Immune_system,SYT4,Target,Target-Immune_system
Immune_system,RAB11B,Target,Target-Immune_system
Immune_system,TPRG1L,Target,Target-Immune_system
Immune_system,CDK16,Target,Target-Immune_system
Immune_system,BTBD8,Target,Target-Immune_system
Immune_system,BSN,Target,Target-Immune_system
Immune_system,SYN3,Target,Target-Immune_system
Immune_system,SYN2,Target,Target-Immune_system
Immune_system,TOR1A,Target,Target-Immune_system
Immune_system,SYN1,Target,Target-Immune_system
Immune_system,RAB3A,Target,Target-Immune_system
Immune_system,PTPRN,Target,Target-Immune_system
Immune_system,COPS4,Target,Target-Immune_system
Immune_system,ADGRG1,Target,Target-Immune_system
Immune_system,DHPS,Target,Target-Immune_system
Immune_system,SYT7,Target,Target-Immune_system
Immune_system,TSPAN12,Target,Target-Immune_system
Immune_system,SDK2,Target,Target-Immune_system
Immune_system,TRAPPC4,Target,Target-Immune_system
Immune_system,PRRT2,Target,Target-Immune_system
Immune_system,LPCAT3,Target,Target-Immune_system
Immune_system,STK39,Target,Target-Immune_system
Immune_system,CYP8B1,Target,Target-Immune_system
Immune_system,SYNGR3,Target,Target-Immune_system
Immune_system,WNK3,Target,Target-Immune_system
Immune_system,ATP8A2,Target,Target-Immune_system
Immune_system,REEP6,Target,Target-Immune_system
Immune_system,LAMB4,Target,Target-Immune_system
Immune_system,XIRP1,Target,Target-Immune_system
Immune_system,DOCK7,Target,Target-Immune_system
Immune_system,STX1A,Target,Target-Immune_system
Immune_system,LGI3,Target,Target-Immune_system
Immune_system,BRSK1,Target,Target-Immune_system
Immune_system,MT3,Target,Target-Immune_system
Immune_system,KIF1A,Target,Target-Immune_system
Immune_system,PDCD6IP,Target,Target-Immune_system
Immune_system,MTA1,Target,Target-Immune_system
Immune_system,CUBN,Target,Target-Immune_system
Immune_system,PACSIN1,Target,Target-Immune_system
Immune_system,SKP1,Target,Target-Immune_system
Immune_system,CTTN,Target,Target-Immune_system
Immune_system,NLRP12,Target,Target-Immune_system
Immune_system,EYS,Target,Target-Immune_system
Immune_system,MEF2A,Target,Target-Immune_system
Immune_system,FA2H,Target,Target-Immune_system
Immune_system,NECAP1,Target,Target-Immune_system
Immune_system,EHD3,Target,Target-Immune_system
Immune_system,FCHO2,Target,Target-Immune_system
Immune_system,SAMD7,Target,Target-Immune_system
Immune_system,PACSIN3,Target,Target-Immune_system
Immune_system,SLC35D3,Target,Target-Immune_system
Immune_system,REEP5,Target,Target-Immune_system
Immune_system,SRGN,Target,Target-Immune_system
Immune_system,PICALM,Target,Target-Immune_system
Immune_system,SHTN1,Target,Target-Immune_system
Immune_system,ABCA7,Target,Target-Immune_system
Immune_system,ZBED3,Target,Target-Immune_system
Immune_system,EHD2,Target,Target-Immune_system
Immune_system,VPS33B,Target,Target-Immune_system
Immune_system,ZMPSTE24,Target,Target-Immune_system
Immune_system,PACSIN2,Target,Target-Immune_system
Immune_system,SAMD11,Target,Target-Immune_system
Immune_system,TLE6,Target,Target-Immune_system
Immune_system,DMPK,Target,Target-Immune_system
Immune_system,DES,Target,Target-Immune_system
Immune_system,FHDC1,Target,Target-Immune_system
Immune_system,MYMX,Target,Target-Immune_system
Immune_system,DNM2,Target,Target-Immune_system
Immune_system,STK25,Target,Target-Immune_system
Immune_system,KCNK3,Target,Target-Immune_system
Immune_system,GCSAM,Target,Target-Immune_system
Immune_system,GAL,Target,Target-Immune_system
Immune_system,TMC1,Target,Target-Immune_system
Immune_system,PRXL2B,Target,Target-Immune_system
Immune_system,GLUL,Target,Target-Immune_system
Immune_system,GRIN2D,Target,Target-Immune_system
Immune_system,GRM4,Target,Target-Immune_system
Immune_system,GRIA3,Target,Target-Immune_system
Immune_system,KLC1,Target,Target-Immune_system
Immune_system,KLF4,Target,Target-Immune_system
Immune_system,ABHD17A,Target,Target-Immune_system
Immune_system,PLP1,Target,Target-Immune_system
Immune_system,PPM1A,Target,Target-Immune_system
Immune_system,PRR7,Target,Target-Immune_system
Immune_system,PRKACA,Target,Target-Immune_system
Immune_system,ALS2,Target,Target-Immune_system
Immune_system,PCLO,Target,Target-Immune_system
Immune_system,CACNG5,Target,Target-Immune_system
Immune_system,MICALL1,Target,Target-Immune_system
Immune_system,MICALL2,Target,Target-Immune_system
Immune_system,MBP,Target,Target-Immune_system
Immune_system,PRG2,Target,Target-Immune_system
Immune_system,MAP2,Target,Target-Immune_system
Immune_system,MAP1B,Target,Target-Immune_system
Immune_system,MAP1A,Target,Target-Immune_system
Immune_system,LLGL1,Target,Target-Immune_system
Immune_system,RBM20,Target,Target-Immune_system
Immune_system,CAMSAP2,Target,Target-Immune_system
Immune_system,KCNB2,Target,Target-Immune_system
Immune_system,KCNC3,Target,Target-Immune_system
Immune_system,CNIH3,Target,Target-Immune_system
Immune_system,NSG1,Target,Target-Immune_system
Immune_system,ADCYAP1,Target,Target-Immune_system
Immune_system,DLG3,Target,Target-Immune_system
Immune_system,MPP3,Target,Target-Immune_system
Immune_system,CACNA1C,Target,Target-Immune_system
Immune_system,CAMK2A,Target,Target-Immune_system
Immune_system,IGSF11,Target,Target-Immune_system
Immune_system,RBM3,Target,Target-Immune_system
Immune_system,SYP,Target,Target-Immune_system
Immune_system,GDI1,Target,Target-Immune_system
Immune_system,FMR1,Target,Target-Immune_system
Immune_system,GNAO1,Target,Target-Immune_system
Immune_system,HOMER1,Target,Target-Immune_system
Immune_system,LYPD6,Target,Target-Immune_system
Immune_system,ZDHHC2,Target,Target-Immune_system
Immune_system,RUFY3,Target,Target-Immune_system
Immune_system,GRIP2,Target,Target-Immune_system
Immune_system,GRIP1,Target,Target-Immune_system
Immune_system,LGALS12,Target,Target-Immune_system
Immune_system,SCN2B,Target,Target-Immune_system
Immune_system,NSG2,Target,Target-Immune_system
Immune_system,DMD,Target,Target-Immune_system
Immune_system,FAM81A,Target,Target-Immune_system
Immune_system,CPEB4,Target,Target-Immune_system
Immune_system,AVIL,Target,Target-Immune_system
Immune_system,FBXO32,Target,Target-Immune_system
Immune_system,DNMBP,Target,Target-Immune_system
Immune_system,VAPA,Target,Target-Immune_system
Immune_system,CLCN2,Target,Target-Immune_system
Immune_system,CAPN2,Target,Target-Immune_system
Immune_system,APC,Target,Target-Immune_system
Immune_system,MCRS1,Target,Target-Immune_system
Immune_system,NFASC,Target,Target-Immune_system
Immune_system,GRM7,Target,Target-Immune_system
Immune_system,GRM8,Target,Target-Immune_system
Immune_system,TGFA,Target,Target-Immune_system
Immune_system,ADGRL1,Target,Target-Immune_system
Immune_system,NSMF,Target,Target-Immune_system
Immune_system,RAB13,Target,Target-Immune_system
Immune_system,SLC12A5,Target,Target-Immune_system
Immune_system,KPNA1,Target,Target-Immune_system
Immune_system,ATCAY,Target,Target-Immune_system
Immune_system,ANK3,Target,Target-Immune_system
Immune_system,DTNB,Target,Target-Immune_system
Immune_system,SCN1B,Target,Target-Immune_system
Immune_system,RAB21,Target,Target-Immune_system
Immune_system,MPP2,Target,Target-Immune_system
Immune_system,FOXM1,Target,Target-Immune_system
Immune_system,IQGAP1,Target,Target-Immune_system
Immune_system,PLPPR1,Target,Target-Immune_system
Immune_system,MAPK8IP3,Target,Target-Immune_system
Immune_system,GRIN1,Target,Target-Immune_system
Immune_system,ARHGAP44,Target,Target-Immune_system
Immune_system,GSN,Target,Target-Immune_system
Immune_system,SYNDIG1,Target,Target-Immune_system
Immune_system,ZFYVE27,Target,Target-Immune_system
Immune_system,KIF1B,Target,Target-Immune_system
Immune_system,PDLIM5,Target,Target-Immune_system
Immune_system,TENM2,Target,Target-Immune_system
Immune_system,CAMSAP1,Target,Target-Immune_system
Immune_system,HSP90AA1,Target,Target-Immune_system
Immune_system,KCNA4,Target,Target-Immune_system
Immune_system,KCNB1,Target,Target-Immune_system
Immune_system,EXOC4,Target,Target-Immune_system
Immune_system,UNC5A,Target,Target-Immune_system
Immune_system,NCDN,Target,Target-Immune_system
Immune_system,RGS8,Target,Target-Immune_system
Immune_system,GRIN3B,Target,Target-Immune_system
Immune_system,FARP1,Target,Target-Immune_system
Immune_system,DNM3,Target,Target-Immune_system
Immune_system,BNIP3,Target,Target-Immune_system
Immune_system,PALMD,Target,Target-Immune_system
Immune_system,CNNM4,Target,Target-Immune_system
Immune_system,RGS12,Target,Target-Immune_system
Immune_system,CCT2,Target,Target-Immune_system
Immune_system,CCT5,Target,Target-Immune_system
Immune_system,FBXO31,Target,Target-Immune_system
Immune_system,PTK6,Target,Target-Immune_system
Immune_system,ADCY1,Target,Target-Immune_system
Immune_system,PI4K2A,Target,Target-Immune_system
Immune_system,GNB1,Target,Target-Immune_system
Immune_system,GPI,Target,Target-Immune_system
Immune_system,SMAD6,Target,Target-Immune_system
Immune_system,MTPN,Target,Target-Immune_system
Immune_system,PNLIPRP2,Target,Target-Immune_system
Immune_system,CLTC,Target,Target-Immune_system
Immune_system,SHISA6,Target,Target-Immune_system
Immune_system,ADAM22,Target,Target-Immune_system
Immune_system,CRLF1,Target,Target-Immune_system
Immune_system,SPIN1,Target,Target-Immune_system
Immune_system,ARL5B,Target,Target-Immune_system
Immune_system,DCAF12,Target,Target-Immune_system
Immune_system,NUP107,Target,Target-Immune_system
Immune_system,NKD1,Target,Target-Immune_system
Immune_system,RIC8A,Target,Target-Immune_system
Immune_system,STAU1,Target,Target-Immune_system
Immune_system,GSTA3,Target,Target-Immune_system
Immune_system,P2RX6,Target,Target-Immune_system
Immune_system,HSPA5,Target,Target-Immune_system
Immune_system,PDIA3,Target,Target-Immune_system
Immune_system,GRID2,Target,Target-Immune_system
Immune_system,GRIA2,Target,Target-Immune_system
Immune_system,ARHGEF2,Target,Target-Immune_system
Immune_system,SPRR2D,Target,Target-Immune_system
Immune_system,GOT2,Target,Target-Immune_system
Immune_system,GNB2,Target,Target-Immune_system
Immune_system,GLRA1,Target,Target-Immune_system
Immune_system,FGF8,Target,Target-Immune_system
Immune_system,PEBP1,Target,Target-Immune_system
Immune_system,LGI2,Target,Target-Immune_system
Immune_system,PRDX1,Target,Target-Immune_system
Immune_system,ATP5PD,Target,Target-Immune_system
Immune_system,DLAT,Target,Target-Immune_system
Immune_system,CACNG4,Target,Target-Immune_system
Immune_system,CACNG3,Target,Target-Immune_system
Immune_system,TBC1D23,Target,Target-Immune_system
Immune_system,ENO2,Target,Target-Immune_system
Immune_system,ARHGEF15,Target,Target-Immune_system
Immune_system,CBARP,Target,Target-Immune_system
Immune_system,SIRT6,Target,Target-Immune_system
Immune_system,SEPTIN8,Target,Target-Immune_system
Immune_system,DLG5,Target,Target-Immune_system
Immune_system,PHGDH,Target,Target-Immune_system
Immune_system,CER1,Target,Target-Immune_system
Immune_system,SMAD4,Target,Target-Immune_system
Immune_system,ARHGAP32,Target,Target-Immune_system
Immune_system,SERPINI1,Target,Target-Immune_system
Immune_system,IQSEC1,Target,Target-Immune_system
Immune_system,DSCAM,Target,Target-Immune_system
Immune_system,HDAC2,Target,Target-Immune_system
Immune_system,HPN,Target,Target-Immune_system
Immune_system,UNC5C,Target,Target-Immune_system
Immune_system,RASL10B,Target,Target-Immune_system
Immune_system,CNTNAP4,Target,Target-Immune_system
Immune_system,AHCYL2,Target,Target-Immune_system
Immune_system,SMAD9,Target,Target-Immune_system
Immune_system,CCDC182,Target,Target-Immune_system
Immune_system,HYAL3,Target,Target-Immune_system
Immune_system,SPAM1,Target,Target-Immune_system
Immune_system,GFAP,Target,Target-Immune_system
Immune_system,GAPDH,Target,Target-Immune_system
Immune_system,GABRG2,Target,Target-Immune_system
Immune_system,GABRB3,Target,Target-Immune_system
Immune_system,GABRA2,Target,Target-Immune_system
Immune_system,GABRA1,Target,Target-Immune_system
Immune_system,PARVA,Target,Target-Immune_system
Immune_system,INPP4A,Target,Target-Immune_system
Immune_system,STRIT1,Target,Target-Immune_system
Immune_system,PIEZO2,Target,Target-Immune_system
Immune_system,ATP6V1A,Target,Target-Immune_system
Immune_system,AKAP5,Target,Target-Immune_system
Immune_system,PLCB1,Target,Target-Immune_system
Immune_system,PKM,Target,Target-Immune_system
Immune_system,PGAM1,Target,Target-Immune_system
Immune_system,MMP23B,Target,Target-Immune_system
Immune_system,MMP21,Target,Target-Immune_system
Immune_system,PDHA1,Target,Target-Immune_system
Immune_system,TESC,Target,Target-Immune_system
Immune_system,INSYN1,Target,Target-Immune_system
Immune_system,PKD2,Target,Target-Immune_system
Immune_system,ALDH1A1,Target,Target-Immune_system
Immune_system,IMMT,Target,Target-Immune_system
Immune_system,TKT,Target,Target-Immune_system
Immune_system,CNTN1,Target,Target-Immune_system
Immune_system,AQP11,Target,Target-Immune_system
Immune_system,RACK1,Target,Target-Immune_system
Immune_system,GNB5,Target,Target-Immune_system
Immune_system,MOBP,Target,Target-Immune_system
Immune_system,NME2,Target,Target-Immune_system
Immune_system,NME1,Target,Target-Immune_system
Immune_system,NKX2-5,Target,Target-Immune_system
Immune_system,NEFM,Target,Target-Immune_system
Immune_system,NEFL,Target,Target-Immune_system
Immune_system,NEFH,Target,Target-Immune_system
Immune_system,SEMA3E,Target,Target-Immune_system
Immune_system,SEPTIN2,Target,Target-Immune_system
Immune_system,OR5AR1,Target,Target-Immune_system
Immune_system,ABHD17B,Target,Target-Immune_system
Immune_system,HSPA8,Target,Target-Immune_system
Immune_system,TMPRSS5,Target,Target-Immune_system
Immune_system,RAP1A,Target,Target-Immune_system
Immune_system,TAGLN3,Target,Target-Immune_system
Immune_system,ATP5PB,Target,Target-Immune_system
Immune_system,MPP4,Target,Target-Immune_system
Immune_system,OPHN1,Target,Target-Immune_system
Immune_system,RPS6KA1,Target,Target-Immune_system
Immune_system,NAPG,Target,Target-Immune_system
Immune_system,NAPA,Target,Target-Immune_system
Immune_system,NAPSA,Target,Target-Immune_system
Immune_system,DBN1,Target,Target-Immune_system
Immune_system,TMEM185A,Target,Target-Immune_system
Immune_system,ELFN1,Target,Target-Immune_system
Immune_system,CNTNAP1,Target,Target-Immune_system
Immune_system,VCP,Target,Target-Immune_system
Immune_system,ACO2,Target,Target-Immune_system
Immune_system,LSM14B,Target,Target-Immune_system
Immune_system,MAGED4; MAGED4B,Target,Target-Immune_system
Immune_system,MAGEE1,Target,Target-Immune_system
Immune_system,MAGEC2,Target,Target-Immune_system
Immune_system,PRSS12,Target,Target-Immune_system
Immune_system,PKD2L1,Target,Target-Immune_system
Immune_system,CNNM1,Target,Target-Immune_system
Immune_system,PPIA,Target,Target-Immune_system
Immune_system,HDGFL3,Target,Target-Immune_system
Immune_system,FSCN1,Target,Target-Immune_system
Immune_system,HAPLN4,Target,Target-Immune_system
Immune_system,NDUFS3,Target,Target-Immune_system
Immune_system,DSCAML1,Target,Target-Immune_system
Immune_system,FOXO3,Target,Target-Immune_system
Immune_system,NCAM1,Target,Target-Immune_system
Immune_system,RPS27A,Target,Target-Immune_system
Immune_system,NEU4,Target,Target-Immune_system
Immune_system,CACNG8,Target,Target-Immune_system
Immune_system,RANBP3L,Target,Target-Immune_system
Immune_system,LDLR,Target,Target-Immune_system
Immune_system,LDHB,Target,Target-Immune_system
Immune_system,SORCS2,Target,Target-Immune_system
Immune_system,NDUFS1,Target,Target-Immune_system
Immune_system,IGHMBP2,Target,Target-Immune_system
Immune_system,FBXO45,Target,Target-Immune_system
Immune_system,DNM1,Target,Target-Immune_system
Immune_system,STXBP1,Target,Target-Immune_system
Immune_system,PITPNA,Target,Target-Immune_system
Immune_system,GDI2,Target,Target-Immune_system
Immune_system,RAB23,Target,Target-Immune_system
Immune_system,POLR2M,Target,Target-Immune_system
Immune_system,KCNC2,Target,Target-Immune_system
Immune_system,KCNA6,Target,Target-Immune_system
Immune_system,KCNA3,Target,Target-Immune_system
Immune_system,INA,Target,Target-Immune_system
Immune_system,IL6ST,Target,Target-Immune_system
Immune_system,ANKRD27,Target,Target-Immune_system
Immune_system,HSPA2,Target,Target-Immune_system
Immune_system,HSPD1,Target,Target-Immune_system
Immune_system,MOG,Target,Target-Immune_system
Immune_system,SSNA1,Target,Target-Immune_system
Immune_system,IDH3A,Target,Target-Immune_system
Immune_system,DLD,Target,Target-Immune_system
Immune_system,ELAVL4,Target,Target-Immune_system
Immune_system,UQCRC1,Target,Target-Immune_system
Immune_system,TUBB4B,Target,Target-Immune_system
Immune_system,TUBB4A,Target,Target-Immune_system
Immune_system,TUBB3,Target,Target-Immune_system
Immune_system,TUBA1B,Target,Target-Immune_system
Immune_system,ATP5F1B,Target,Target-Immune_system
Immune_system,BMP10,Target,Target-Immune_system
Immune_system,CYFIP1,Target,Target-Immune_system
Immune_system,IGSF8,Target,Target-Immune_system
Immune_system,ATOH7,Target,Target-Immune_system
Immune_system,SMAD5,Target,Target-Immune_system
Immune_system,INPP5A,Target,Target-Immune_system
Immune_system,SMAD2,Target,Target-Immune_system
Immune_system,OLFM1,Target,Target-Immune_system
Immune_system,DST,Target,Target-Immune_system
Immune_system,FRMD7,Target,Target-Immune_system
Immune_system,GNB4,Target,Target-Immune_system
Immune_system,LIMK1,Target,Target-Immune_system
Immune_system,NAPB,Target,Target-Immune_system
Immune_system,DTNBP1,Target,Target-Immune_system
Immune_system,HEY2,Target,Target-Immune_system
Immune_system,EHD1,Target,Target-Immune_system
Immune_system,CYP46A1,Target,Target-Immune_system
Immune_system,MYH14,Target,Target-Immune_system
Immune_system,RAMP3,Target,Target-Immune_system
Immune_system,EFHC1,Target,Target-Immune_system
Immune_system,YWHAG,Target,Target-Immune_system
Immune_system,ADIPOR2,Target,Target-Immune_system
Immune_system,SEPTIN7,Target,Target-Immune_system
Immune_system,SLC30A3,Target,Target-Immune_system
Immune_system,SLC38A7,Target,Target-Immune_system
Immune_system,MLC1,Target,Target-Immune_system
Immune_system,MYL4,Target,Target-Immune_system
Immune_system,AMH,Target,Target-Immune_system
Immune_system,MIF,Target,Target-Immune_system
Immune_system,WASF1,Target,Target-Immune_system
Immune_system,SMCR8,Target,Target-Immune_system
Immune_system,SIK1,Target,Target-Immune_system
Immune_system,NEURL1,Target,Target-Immune_system
Immune_system,CCT3,Target,Target-Immune_system
Immune_system,FLRT1,Target,Target-Immune_system
Immune_system,COL4A3,Target,Target-Immune_system
Immune_system,UQCRFS1,Target,Target-Immune_system
Immune_system,ABITRAM,Target,Target-Immune_system
Immune_system,LRP4,Target,Target-Immune_system
Immune_system,ARHGEF9,Target,Target-Immune_system
Immune_system,BLOC1S6,Target,Target-Immune_system
Immune_system,CNIH2,Target,Target-Immune_system
Immune_system,PAK3,Target,Target-Immune_system
Immune_system,TUFM,Target,Target-Immune_system
Immune_system,PDE9A,Target,Target-Immune_system
Immune_system,DLST,Target,Target-Immune_system
Immune_system,SLC25A12,Target,Target-Immune_system
Immune_system,TSC22D4,Target,Target-Immune_system
Immune_system,SEPTIN3,Target,Target-Immune_system
Immune_system,KLF15,Target,Target-Immune_system
Immune_system,CBLN4,Target,Target-Immune_system
Immune_system,LMTK2,Target,Target-Immune_system
Immune_system,RIMS1,Target,Target-Immune_system
Immune_system,LZTS3,Target,Target-Immune_system
Immune_system,DLG1,Target,Target-Immune_system
Immune_system,ETV5,Target,Target-Immune_system
Immune_system,CEMIP2,Target,Target-Immune_system
Immune_system,PQBP1,Target,Target-Immune_system
Immune_system,MECR,Target,Target-Immune_system
Immune_system,CACNG2,Target,Target-Immune_system
Immune_system,ATP5F1A,Target,Target-Immune_system
Immune_system,ATP1B1,Target,Target-Immune_system
Immune_system,ATP1A3,Target,Target-Immune_system
Immune_system,ATP1A2,Target,Target-Immune_system
Immune_system,ATP1A1,Target,Target-Immune_system
Immune_system,OR2C1,Target,Target-Immune_system
Immune_system,CNP,Target,Target-Immune_system
Immune_system,CKB,Target,Target-Immune_system
Immune_system,CPT1C,Target,Target-Immune_system
Immune_system,KLF1,Target,Target-Immune_system
Immune_system,SPEN,Target,Target-Immune_system
Immune_system,SH2D5,Target,Target-Immune_system
Immune_system,SRC,Target,Target-Immune_system
Immune_system,SPTAN1,Target,Target-Immune_system
Immune_system,SOD2,Target,Target-Immune_system
Immune_system,SOD1,Target,Target-Immune_system
Immune_system,SNAP25,Target,Target-Immune_system
Immune_system,SIM1,Target,Target-Immune_system
Immune_system,HPSE,Target,Target-Immune_system
Immune_system,ASS1,Target,Target-Immune_system
Immune_system,ANKS1A,Target,Target-Immune_system
Immune_system,SH3GL2,Target,Target-Immune_system
Immune_system,DBNL,Target,Target-Immune_system
Immune_system,CNTNAP2,Target,Target-Immune_system
Immune_system,ATP5PO,Target,Target-Immune_system
Immune_system,OTULIN,Target,Target-Immune_system
Immune_system,UBC,Target,Target-Immune_system
Immune_system,UBB,Target,Target-Immune_system
Immune_system,UBA52,Target,Target-Immune_system
Immune_system,TUBA1A,Target,Target-Immune_system
Immune_system,CYFIP2,Target,Target-Immune_system
Immune_system,SRY,Target,Target-Immune_system
Immune_system,CDX2,Target,Target-Immune_system
Immune_system,GLRX3,Target,Target-Immune_system
Immune_system,TCP1,Target,Target-Immune_system
Immune_system,SUCLA2,Target,Target-Immune_system
Immune_system,CBFA2T2,Target,Target-Immune_system
Immune_system,ADIPOQ,Target,Target-Immune_system
Immune_system,SYAP1,Target,Target-Immune_system
Immune_system,HDAC5,Target,Target-Immune_system
Immune_system,UQCRC2,Target,Target-Immune_system
Immune_system,HDAC6,Target,Target-Immune_system
Immune_system,ZNF830,Target,Target-Immune_system
Immune_system,ATP5F1C,Target,Target-Immune_system
Immune_system,CLDN11,Target,Target-Immune_system
Immune_system,VDAC1,Target,Target-Immune_system
Immune_system,VDAC2,Target,Target-Immune_system
Immune_system,NDUFA10,Target,Target-Immune_system
Immune_system,CA2,Target,Target-Immune_system
Immune_system,CANX,Target,Target-Immune_system
Immune_system,OR4E2,Target,Target-Immune_system
Immune_system,BCR,Target,Target-Immune_system
Immune_system,SLC25A3,Target,Target-Immune_system
Immune_system,SLC25A4,Target,Target-Immune_system
Immune_system,CYCS,Target,Target-Immune_system
Immune_system,CRYAB,Target,Target-Immune_system
Immune_system,CDC42,Target,Target-Immune_system
Immune_system,COX5B,Target,Target-Immune_system
Immune_system,COX5A,Target,Target-Immune_system
Immune_system,PRDX2,Target,Target-Immune_system
Immune_system,SMAD1,Target,Target-Immune_system
Immune_system,ENO1,Target,Target-Immune_system
Immune_system,NPTXR,Target,Target-Immune_system
Immune_system,GRHL2,Target,Target-Immune_system
Immune_system,DIP2B,Target,Target-Immune_system
Immune_system,ACTR1A,Target,Target-Immune_system
Immune_system,RALA,Target,Target-Immune_system
Immune_system,JMJD6,Target,Target-Immune_system
Immune_system,EPHA8,Target,Target-Immune_system
Immune_system,SIGMAR1,Target,Target-Immune_system
Immune_system,STIP1,Target,Target-Immune_system
Immune_system,SCARF1,Target,Target-Immune_system
Immune_system,NDUFV2,Target,Target-Immune_system
Immune_system,YAP1,Target,Target-Immune_system
Immune_system,CNRIP1,Target,Target-Immune_system
Immune_system,GABRB2,Target,Target-Immune_system
Immune_system,PLXNB1,Target,Target-Immune_system
Immune_system,ABHD17C,Target,Target-Immune_system
Immune_system,CBY1,Target,Target-Immune_system
Immune_system,EEF1A1,Target,Target-Immune_system
Immune_system,GSTM1,Target,Target-Immune_system
Immune_system,ATP6AP1,Target,Target-Immune_system
Immune_system,ATP6V1B2,Target,Target-Immune_system
Immune_system,SRGAP2,Target,Target-Immune_system
Immune_system,SRGAP3,Target,Target-Immune_system
Immune_system,GPHN,Target,Target-Immune_system
Immune_system,VCAN,Target,Target-Immune_system
Immune_system,INSYN2A,Target,Target-Immune_system
Immune_system,BMPER,Target,Target-Immune_system
Immune_system,NRXN1,Target,Target-Immune_system
Immune_system,NRXN3,Target,Target-Immune_system
Immune_system,C9orf72,Target,Target-Immune_system
Immune_system,LST1,Target,Target-Immune_system
Immune_system,SLCO1B1,Target,Target-Immune_system
Immune_system,EEF1A2,Target,Target-Immune_system
Immune_system,SLC5A7,Target,Target-Immune_system
Immune_system,GRM3,Target,Target-Immune_system
Immune_system,POU3F3,Target,Target-Immune_system
Immune_system,PRDX3,Target,Target-Immune_system
Immune_system,MPST,Target,Target-Immune_system
Immune_system,PDE2A,Target,Target-Immune_system
Immune_system,COX6A1,Target,Target-Immune_system
Immune_system,UCHL1,Target,Target-Immune_system
Immune_system,SEPTIN5,Target,Target-Immune_system
Immune_system,SDHA,Target,Target-Immune_system
Immune_system,EPCAM,Target,Target-Immune_system
Immune_system,TMEM107,Target,Target-Immune_system
Immune_system,IQSEC3,Target,Target-Immune_system
Immune_system,DPYSL2,Target,Target-Immune_system
Immune_system,ALDOA,Target,Target-Immune_system
Immune_system,FBF1,Target,Target-Immune_system
Immune_system,ALB,Target,Target-Immune_system
Immune_system,AHI1,Target,Target-Immune_system
Immune_system,AGTR2,Target,Target-Immune_system
Immune_system,GRK2,Target,Target-Immune_system
Immune_system,ACTG1,Target,Target-Immune_system
Immune_system,ACTB,Target,Target-Immune_system
Immune_system,ADGRB1,Target,Target-Immune_system
Immune_system,DACT1,Target,Target-Immune_system
Immune_system,DLG2,Target,Target-Immune_system
Immune_system,GRIK2,Target,Target-Immune_system
Immune_system,GRIK5,Target,Target-Immune_system
Immune_system,GRIK3,Target,Target-Immune_system
Immune_system,ERC2,Target,Target-Immune_system
Immune_system,BEGAIN,Target,Target-Immune_system
Immune_system,STUB1,Target,Target-Immune_system
Immune_system,KCNC1,Target,Target-Immune_system
Immune_system,DPYSL3,Target,Target-Immune_system
Immune_system,CSPG5,Target,Target-Immune_system
Immune_system,GRM2,Target,Target-Immune_system
Immune_system,SIPA1L1,Target,Target-Immune_system
Immune_system,UNC13A,Target,Target-Immune_system
Immune_system,SV2A,Target,Target-Immune_system
Immune_system,PALLD,Target,Target-Immune_system
Immune_system,MAP6,Target,Target-Immune_system
Immune_system,TRIM63,Target,Target-Immune_system
Immune_system,SH2D3A,Target,Target-Immune_system
Immune_system,MST1,Target,Target-Immune_system
Immune_system,STK4,Target,Target-Immune_system
Immune_system,GPT,Target,Target-Immune_system
Immune_system,SMC3,Target,Target-Immune_system
Immune_system,SYCP2,Target,Target-Immune_system
Immune_system,CTDSP2,Target,Target-Immune_system
Immune_system,SCP2,Target,Target-Immune_system
Immune_system,RBM39,Target,Target-Immune_system
Immune_system,BCAR3,Target,Target-Immune_system
Immune_system,CYLC1,Target,Target-Immune_system
Immune_system,TMEM50A,Target,Target-Immune_system
Immune_system,FBXL5,Target,Target-Immune_system
Immune_system,CBR1,Target,Target-Immune_system
Immune_system,CRNKL1,Target,Target-Immune_system
Immune_system,MSN,Target,Target-Immune_system
Immune_system,MPV17,Target,Target-Immune_system
Immune_system,SMAD7,Target,Target-Immune_system
Immune_system,MDH1,Target,Target-Immune_system
Immune_system,MDH2,Target,Target-Immune_system
Immune_system,SCTR,Target,Target-Immune_system
Immune_system,RSPO3,Target,Target-Immune_system
Immune_system,SHANK3,Target,Target-Immune_system
Immune_system,AGER,Target,Target-Immune_system
Immune_system,DLG4,Target,Target-Immune_system
Immune_system,SRCIN1,Target,Target-Immune_system
Immune_system,GRIA4,Target,Target-Immune_system
Immune_system,ATP7A,Target,Target-Immune_system
Immune_system,MAPT,Target,Target-Immune_system
Immune_system,GUCY2F,Target,Target-Immune_system
Immune_system,CNGA1,Target,Target-Immune_system
Immune_system,SLC4A8,Target,Target-Immune_system
Immune_system,MCTP1,Target,Target-Immune_system
Immune_system,SLC17A8,Target,Target-Immune_system
Immune_system,SLC18A3,Target,Target-Immune_system
Immune_system,SLC17A7,Target,Target-Immune_system
Immune_system,SLC18B1,Target,Target-Immune_system
Immune_system,GPR35,Target,Target-Immune_system
Immune_system,PTPRS,Target,Target-Immune_system
Immune_system,EPHA2,Target,Target-Immune_system
Immune_system,SLC9B2,Target,Target-Immune_system
Immune_system,OTOF,Target,Target-Immune_system
Immune_system,VPS13A,Target,Target-Immune_system
Immune_system,ICA1,Target,Target-Immune_system
Immune_system,PTPRN2,Target,Target-Immune_system
Immune_system,TMEM163,Target,Target-Immune_system
Immune_system,WLS,Target,Target-Immune_system
Immune_system,ATF4,Target,Target-Immune_system
Immune_system,ABI2,Target,Target-Immune_system
Immune_system,RGPD5; RGPD6,Target,Target-Immune_system
Immune_system,EPC1,Target,Target-Immune_system
Immune_system,RGPD3,Target,Target-Immune_system
Immune_system,ACSL1,Target,Target-Immune_system
Immune_system,UGT8,Target,Target-Immune_system
Immune_system,ZDHHC3,Target,Target-Immune_system
Immune_system,PTGDS,Target,Target-Immune_system
Immune_system,MYO6,Target,Target-Immune_system
Immune_system,B4GALNT1,Target,Target-Immune_system
Immune_system,CDK1,Target,Target-Immune_system
Immune_system,AGTR1,Target,Target-Immune_system
Immune_system,NENF,Target,Target-Immune_system
Immune_system,RTN2,Target,Target-Immune_system
Immune_system,PGAP1,Target,Target-Immune_system
Immune_system,MOB4,Target,Target-Immune_system
Immune_system,CPQ,Target,Target-Immune_system
Immune_system,GOLGA2,Target,Target-Immune_system
Immune_system,SOST,Target,Target-Immune_system
Immune_system,RAB14,Target,Target-Immune_system
Immune_system,SLC1A1,Target,Target-Immune_system
Immune_system,NOX4,Target,Target-Immune_system
Immune_system,YIF1B,Target,Target-Immune_system
Immune_system,SLC35A4,Target,Target-Immune_system
Immune_system,TMED3,Target,Target-Immune_system
Immune_system,A3GALT2,Target,Target-Immune_system
Immune_system,RAB8A,Target,Target-Immune_system
Immune_system,PDCD10,Target,Target-Immune_system
Immune_system,MSMO1,Target,Target-Immune_system
Immune_system,RANBP2,Target,Target-Immune_system
Immune_system,SLC35B3,Target,Target-Immune_system
Immune_system,VPS26A,Target,Target-Immune_system
Immune_system,MYT1,Target,Target-Immune_system
Immune_system,PKMYT1,Target,Target-Immune_system
Immune_system,ANKLE2,Target,Target-Immune_system
Immune_system,HM13,Target,Target-Immune_system
Immune_system,MBOAT4,Target,Target-Immune_system
Immune_system,PLEKHM3,Target,Target-Immune_system
Immune_system,GARIN1B,Target,Target-Immune_system
Immune_system,LGI4,Target,Target-Immune_system
Immune_system,PLOD3,Target,Target-Immune_system
Immune_system,JPH1,Target,Target-Immune_system
Immune_system,TMEM35A,Target,Target-Immune_system
Immune_system,MGAT4D,Target,Target-Immune_system
Immune_system,AGPAT2,Target,Target-Immune_system
Immune_system,CYB561D2,Target,Target-Immune_system
Immune_system,RAB6A,Target,Target-Immune_system
Immune_system,FAM20B,Target,Target-Immune_system
Immune_system,CHI3L1,Target,Target-Immune_system
Immune_system,LPCAT2,Target,Target-Immune_system
Immune_system,SPAG17,Target,Target-Immune_system
Immune_system,VPS29,Target,Target-Immune_system
Immune_system,GBA1,Target,Target-Immune_system
Immune_system,ITPR2,Target,Target-Immune_system
Immune_system,ZP2,Target,Target-Immune_system
Immune_system,RPGR,Target,Target-Immune_system
Immune_system,DENND5A,Target,Target-Immune_system
Immune_system,PKD1,Target,Target-Immune_system
Immune_system,ALDH3A2,Target,Target-Immune_system
Immune_system,LRBA,Target,Target-Immune_system
Immune_system,FAM20A,Target,Target-Immune_system
Immune_system,SAYSD1,Target,Target-Immune_system
Immune_system,ZFAND2B,Target,Target-Immune_system
Immune_system,PRSS56,Target,Target-Immune_system
Immune_system,CLN8,Target,Target-Immune_system
Immune_system,DYSF,Target,Target-Immune_system
Immune_system,CASQ2,Target,Target-Immune_system
Immune_system,ZDHHC17,Target,Target-Immune_system
Immune_system,CLDN10,Target,Target-Immune_system
Immune_system,GARIN1A,Target,Target-Immune_system
Immune_system,LRAT,Target,Target-Immune_system
Immune_system,IFT20,Target,Target-Immune_system
Immune_system,AGPAT4,Target,Target-Immune_system
Immune_system,HTT,Target,Target-Immune_system
Immune_system,TMEM259,Target,Target-Immune_system
Immune_system,ARB2A,Target,Target-Immune_system
Immune_system,GNPTG,Target,Target-Immune_system
Immune_system,ZDHHC15,Target,Target-Immune_system
Immune_system,VPS35,Target,Target-Immune_system
Immune_system,HHATL,Target,Target-Immune_system
Immune_system,RAB39B,Target,Target-Immune_system
Immune_system,PNPLA7,Target,Target-Immune_system
Immune_system,ENTPD5,Target,Target-Immune_system
Immune_system,PORCN,Target,Target-Immune_system
Immune_system,ITPR1,Target,Target-Immune_system
Immune_system,ITGA5,Target,Target-Immune_system
Immune_system,GPAT3,Target,Target-Immune_system
Immune_system,RUSC1,Target,Target-Immune_system
Immune_system,RRS1,Target,Target-Immune_system
Immune_system,ZFYVE1,Target,Target-Immune_system
Immune_system,PDCL2,Target,Target-Immune_system
Immune_system,SNX10,Target,Target-Immune_system
Immune_system,ZDHHC13,Target,Target-Immune_system
Immune_system,MYOF,Target,Target-Immune_system
Immune_system,RAB11FIP5,Target,Target-Immune_system
Immune_system,FUT9,Target,Target-Immune_system
Immune_system,TMEM161B,Target,Target-Immune_system
Immune_system,MEST,Target,Target-Immune_system
Immune_system,GARIN3,Target,Target-Immune_system
Immune_system,CIDEB,Target,Target-Immune_system
Immune_system,ZDHHC12,Target,Target-Immune_system
Immune_system,DNAJC3,Target,Target-Immune_system
Immune_system,UBXN2A,Target,Target-Immune_system
Immune_system,PRKG1,Target,Target-Immune_system
Immune_system,WWTR1,Target,Target-Immune_system
Immune_system,POR,Target,Target-Immune_system
Immune_system,GLCE,Target,Target-Immune_system
Immune_system,PNLDC1,Target,Target-Immune_system
Immune_system,FKBP1B,Target,Target-Immune_system
Immune_system,FKBP9,Target,Target-Immune_system
Immune_system,VPS26B,Target,Target-Immune_system
Immune_system,FNDC5,Target,Target-Immune_system
Immune_system,MOSMO,Target,Target-Immune_system
Immune_system,SMPD1,Target,Target-Immune_system
Immune_system,THBS4,Target,Target-Immune_system
Immune_system,APLP1,Target,Target-Immune_system
Immune_system,MMGT1,Target,Target-Immune_system
Immune_system,BICD2,Target,Target-Immune_system
Immune_system,ZDHHC7,Target,Target-Immune_system
Immune_system,TXNDC8,Target,Target-Immune_system
Immune_system,SGPL1,Target,Target-Immune_system
Immune_system,SMPD4,Target,Target-Immune_system
Immune_system,MTTP,Target,Target-Immune_system
Immune_system,LPCAT1,Target,Target-Immune_system
Immune_system,MTDH,Target,Target-Immune_system
Immune_system,CBL,Target,Target-Immune_system
Immune_system,CERS3,Target,Target-Immune_system
Immune_system,NIPAL1,Target,Target-Immune_system
Immune_system,THBS1,Target,Target-Immune_system
Immune_system,GPAT4,Target,Target-Immune_system
Immune_system,SLC39A11,Target,Target-Immune_system
Immune_system,ARL6IP1,Target,Target-Immune_system
Immune_system,PKHD1,Target,Target-Immune_system
Immune_system,GASK1A,Target,Target-Immune_system
Immune_system,PITPNB,Target,Target-Immune_system
Immune_system,TUNAR,Target,Target-Immune_system
Immune_system,FNDC4,Target,Target-Immune_system
Immune_system,RTN3,Target,Target-Immune_system
Immune_system,UFSP2,Target,Target-Immune_system
Immune_system,ACTL7A,Target,Target-Immune_system
Immune_system,VRK2,Target,Target-Immune_system
Immune_system,DNAJC10,Target,Target-Immune_system
Immune_system,NSDHL,Target,Target-Immune_system
Immune_system,CHP1,Target,Target-Immune_system
Immune_system,CHORDC1,Target,Target-Immune_system
Immune_system,SLC27A2,Target,Target-Immune_system
Immune_system,PDZD2,Target,Target-Immune_system
Immune_system,TNKS,Target,Target-Immune_system
Immune_system,FKBPL,Target,Target-Immune_system
Immune_system,PHC1,Target,Target-Immune_system
Immune_system,RGP1,Target,Target-Immune_system
Immune_system,RGPD1,Target,Target-Immune_system
Immune_system,MSRB3,Target,Target-Immune_system
Immune_system,FMN2,Target,Target-Immune_system
Immune_system,MSR1,Target,Target-Immune_system
Immune_system,RGPD2,Target,Target-Immune_system
Immune_system,HK3,Target,Target-Immune_system
Immune_system,RGPD4,Target,Target-Immune_system
Immune_system,GNL1,Target,Target-Immune_system
Immune_system,KCNH2,Target,Target-Immune_system
Immune_system,SQLE,Target,Target-Immune_system
Immune_system,CAVIN1,Target,Target-Immune_system
Immune_system,PCDH19,Target,Target-Immune_system
Immune_system,CCDC88C,Target,Target-Immune_system
Immune_system,SLC39A12,Target,Target-Immune_system
Immune_system,MAP2K6,Target,Target-Immune_system
Immune_system,LMOD2,Target,Target-Immune_system
Immune_system,COMMD5,Target,Target-Immune_system
Immune_system,ACTN1,Target,Target-Immune_system
Immune_system,PLCB2,Target,Target-Immune_system
Immune_system,STX4,Target,Target-Immune_system
Immune_system,AAK1,Target,Target-Immune_system
Immune_system,ARFGEF2,Target,Target-Immune_system
Immune_system,FKBP4,Target,Target-Immune_system
Immune_system,PODXL,Target,Target-Immune_system
Immune_system,WHRN,Target,Target-Immune_system
Immune_system,TANC2,Target,Target-Immune_system
Immune_system,RAB10,Target,Target-Immune_system
Immune_system,CLIC5,Target,Target-Immune_system
Immune_system,PDLIM4,Target,Target-Immune_system
Immune_system,DMRT1,Target,Target-Immune_system
Immune_system,RYR2,Target,Target-Immune_system
Immune_system,TSPEAR,Target,Target-Immune_system
Immune_system,CARTPT,Target,Target-Immune_system
Immune_system,CRYL1,Target,Target-Immune_system
Immune_system,STUM,Target,Target-Immune_system
Immune_system,GRID1,Target,Target-Immune_system
Immune_system,STRC,Target,Target-Immune_system
Immune_system,DRD1,Target,Target-Immune_system
Immune_system,TMEM25,Target,Target-Immune_system
Immune_system,FSCN2,Target,Target-Immune_system
Immune_system,MYO16,Target,Target-Immune_system
Immune_system,ROR1,Target,Target-Immune_system
Immune_system,NYAP1,Target,Target-Immune_system
Immune_system,ATP9A,Target,Target-Immune_system
Immune_system,OR4M1,Target,Target-Immune_system
Immune_system,CTSZ,Target,Target-Immune_system
Immune_system,TMEM67,Target,Target-Immune_system
Immune_system,ABHD13,Target,Target-Immune_system
Immune_system,RARA,Target,Target-Immune_system
Immune_system,TMC2,Target,Target-Immune_system
Immune_system,NRIP1,Target,Target-Immune_system
Immune_system,ABHD12,Target,Target-Immune_system
Immune_system,LAMP5,Target,Target-Immune_system
Immune_system,DIP2A,Target,Target-Immune_system
Immune_system,USH2A,Target,Target-Immune_system
Immune_system,MYO9A,Target,Target-Immune_system
Immune_system,FFAR4,Target,Target-Immune_system
Immune_system,KIF20B,Target,Target-Immune_system
Immune_system,RASSF10,Target,Target-Immune_system
Immune_system,SLC1A7,Target,Target-Immune_system
Immune_system,NYAP2,Target,Target-Immune_system
Immune_system,PIEZO1,Target,Target-Immune_system
Immune_system,GPC3,Target,Target-Immune_system
Immune_system,FCHSD1,Target,Target-Immune_system
Immune_system,FCHSD2,Target,Target-Immune_system
Immune_system,ESPN,Target,Target-Immune_system
Immune_system,PDZD7,Target,Target-Immune_system
Immune_system,SNCA,Target,Target-Immune_system
Immune_system,TMEM87A,Target,Target-Immune_system
Immune_system,GALNT11,Target,Target-Immune_system
Immune_system,BASP1,Target,Target-Immune_system
Immune_system,CTTNBP2,Target,Target-Immune_system
Immune_system,NAP1L1,Target,Target-Immune_system
Immune_system,RHOC,Target,Target-Immune_system
Immune_system,LOXHD1,Target,Target-Immune_system
Immune_system,BMP2,Target,Target-Immune_system
Immune_system,CTSD,Target,Target-Immune_system
Immune_system,UMOD,Target,Target-Immune_system
Immune_system,SNX9,Target,Target-Immune_system
Immune_system,ACTN2,Target,Target-Immune_system
Immune_system,MORN4,Target,Target-Immune_system
Immune_system,SNW1,Target,Target-Immune_system
Immune_system,PTPRQ,Target,Target-Immune_system
Immune_system,PTPRR,Target,Target-Immune_system
Immune_system,ADGRV1,Target,Target-Immune_system
Immune_system,PKD1L3,Target,Target-Immune_system
Immune_system,PLPPR4,Target,Target-Immune_system
Immune_system,L1CAM,Target,Target-Immune_system
Immune_system,BST1,Target,Target-Immune_system
Immune_system,OLR1,Target,Target-Immune_system
Immune_system,CNTF,Target,Target-Immune_system
Immune_system,SETDB2,Target,Target-Immune_system
Immune_system,ATOH8,Target,Target-Immune_system
Immune_system,SRPX2,Target,Target-Immune_system
Immune_system,FOXO1,Target,Target-Immune_system
Immune_system,SULT4A1,Target,Target-Immune_system
Immune_system,NEDD4,Target,Target-Immune_system
Immune_system,UPF1,Target,Target-Immune_system
Immune_system,AGO2,Target,Target-Immune_system
Immune_system,MUC1,Target,Target-Immune_system
Immune_system,SMARCA2,Target,Target-Immune_system
Immune_system,ARID1A,Target,Target-Immune_system
Immune_system,GRHL3,Target,Target-Immune_system
Immune_system,NTN1,Target,Target-Immune_system
Immune_system,MYC,Target,Target-Immune_system
Immune_system,PTPRD,Target,Target-Immune_system
Immune_system,IL1RAPL1,Target,Target-Immune_system
Immune_system,SMARCD1,Target,Target-Immune_system
Immune_system,DAGLA,Target,Target-Immune_system
Immune_system,CELSR1,Target,Target-Immune_system
Immune_system,MLIP,Target,Target-Immune_system
Immune_system,HECTD1,Target,Target-Immune_system
Immune_system,SLITRK2,Target,Target-Immune_system
Immune_system,SMARCC2,Target,Target-Immune_system
Immune_system,LMNA,Target,Target-Immune_system
Immune_system,SEMA3C,Target,Target-Immune_system
Immune_system,SOX17,Target,Target-Immune_system
Immune_system,ATOH1,Target,Target-Immune_system
Immune_system,SMARCB1,Target,Target-Immune_system
Immune_system,SHISA9,Target,Target-Immune_system
Immune_system,IMPACT,Target,Target-Immune_system
Immune_system,TRPV1,Target,Target-Immune_system
Immune_system,TACSTD2,Target,Target-Immune_system
Immune_system,SMARCC1,Target,Target-Immune_system
Immune_system,IL34,Target,Target-Immune_system
Immune_system,LLPH,Target,Target-Immune_system
Immune_system,PLAG1,Target,Target-Immune_system
Immune_system,ROBO3,Target,Target-Immune_system
Immune_system,SMARCD3,Target,Target-Immune_system
Immune_system,USP33,Target,Target-Immune_system
Immune_system,TNFAIP6,Target,Target-Immune_system
Immune_system,WASL,Target,Target-Immune_system
Immune_system,SCN1A,Target,Target-Immune_system
Immune_system,SMARCE1,Target,Target-Immune_system
Immune_system,SH3BP5,Target,Target-Immune_system
Immune_system,ATP2B2,Target,Target-Immune_system
Immune_system,IRAG2,Target,Target-Immune_system
Immune_system,PHC2,Target,Target-Immune_system
Immune_system,VPS4B,Target,Target-Immune_system
Immune_system,VPS45,Target,Target-Immune_system
Immune_system,VPS54,Target,Target-Immune_system
Immune_system,SAR1A,Target,Target-Immune_system
Immune_system,TSG101,Target,Target-Immune_system
Immune_system,CHST10,Target,Target-Immune_system
Immune_system,GOLPH3,Target,Target-Immune_system
Immune_system,GET3,Target,Target-Immune_system
Immune_system,NUP54,Target,Target-Immune_system
Immune_system,KCNK6,Target,Target-Immune_system
Immune_system,HSP90B1,Target,Target-Immune_system
Immune_system,NUTF2,Target,Target-Immune_system
Immune_system,TPR,Target,Target-Immune_system
Immune_system,TXNDC12,Target,Target-Immune_system
Immune_system,SNAPIN,Target,Target-Immune_system
Immune_system,SLC30A7,Target,Target-Immune_system
Immune_system,MAN2A1,Target,Target-Immune_system
Immune_system,PRDX4,Target,Target-Immune_system
Immune_system,CLVS2,Target,Target-Immune_system
Immune_system,STK26,Target,Target-Immune_system
Immune_system,SNX27,Target,Target-Immune_system
Immune_system,NUP93,Target,Target-Immune_system
Immune_system,PPIB,Target,Target-Immune_system
Immune_system,STK24,Target,Target-Immune_system
Immune_system,PREB,Target,Target-Immune_system
Immune_system,NUP58,Target,Target-Immune_system
Immune_system,STX12,Target,Target-Immune_system
Immune_system,CLVS1,Target,Target-Immune_system
Immune_system,VAMP2,Target,Target-Immune_system
Immune_system,SLC9A3,Target,Target-Immune_system
Immune_system,GGA3,Target,Target-Immune_system
Immune_system,MEN1,Target,Target-Immune_system
Immune_system,SCG2,Target,Target-Immune_system
Immune_system,NUP153,Target,Target-Immune_system
Immune_system,B3GAT1,Target,Target-Immune_system
Immune_system,OS9,Target,Target-Immune_system
Immune_system,RASSF9,Target,Target-Immune_system
Immune_system,UNC50,Target,Target-Immune_system
Immune_system,SELENOT,Target,Target-Immune_system
Immune_system,CLCC1,Target,Target-Immune_system
Immune_system,GRAMD1B,Target,Target-Immune_system
Immune_system,DCST1,Target,Target-Immune_system
Immune_system,FKRP,Target,Target-Immune_system
Immune_system,FBXO6,Target,Target-Immune_system
Immune_system,HYOU1,Target,Target-Immune_system
Immune_system,ARFGEF1,Target,Target-Immune_system
Immune_system,PDIA4,Target,Target-Immune_system
Immune_system,SC5D,Target,Target-Immune_system
Immune_system,ACBD3,Target,Target-Immune_system
Immune_system,GGTA1,Target,Target-Immune_system
Immune_system,LAMTOR3,Target,Target-Immune_system
Immune_system,TMEM95,Target,Target-Immune_system
Immune_system,MBOAT1,Target,Target-Immune_system
Immune_system,NUP62,Target,Target-Immune_system
Immune_system,EVI5,Target,Target-Immune_system
Immune_system,NUP160,Target,Target-Immune_system
Immune_system,RAB2A,Target,Target-Immune_system
Immune_system,AHCTF1,Target,Target-Immune_system
Immune_system,MAD1L1,Target,Target-Immune_system
Immune_system,TP53INP2,Target,Target-Immune_system
Immune_system,SNAP29,Target,Target-Immune_system
Immune_system,VTI1A,Target,Target-Immune_system
Immune_system,ORC4,Target,Target-Immune_system
Immune_system,ARR3,Target,Target-Immune_system
Immune_system,SPG7,Target,Target-Immune_system
Immune_system,NR1I3,Target,Target-Immune_system
Immune_system,VPS11,Target,Target-Immune_system
Immune_system,EMB,Target,Target-Immune_system
Immune_system,RAB7A,Target,Target-Immune_system
Immune_system,CCZ1,Target,Target-Immune_system
Immune_system,DAD1,Target,Target-Immune_system
Immune_system,VPS39,Target,Target-Immune_system
Immune_system,ORC3,Target,Target-Immune_system
Immune_system,NUP214,Target,Target-Immune_system
Immune_system,GPR161,Target,Target-Immune_system
Immune_system,REEP2,Target,Target-Immune_system
Immune_system,ANKFY1,Target,Target-Immune_system
Immune_system,TGFBRAP1,Target,Target-Immune_system
Immune_system,PIGF,Target,Target-Immune_system
Immune_system,LYPLA2,Target,Target-Immune_system
Immune_system,PRSS16,Target,Target-Immune_system
Immune_system,SPPL2C,Target,Target-Immune_system
Immune_system,TERB1,Target,Target-Immune_system
Immune_system,DENND4C,Target,Target-Immune_system
Immune_system,SPACA6,Target,Target-Immune_system
Immune_system,IZUMO1R,Target,Target-Immune_system
Immune_system,TMEM165,Target,Target-Immune_system
Immune_system,ATP6V1E1,Target,Target-Immune_system
Immune_system,RDH5,Target,Target-Immune_system
Immune_system,RAB12,Target,Target-Immune_system
Immune_system,NEURL1B,Target,Target-Immune_system
Immune_system,RDH16,Target,Target-Immune_system
Immune_system,DPY19L3,Target,Target-Immune_system
Immune_system,CLCN3,Target,Target-Immune_system
Immune_system,ABCB6,Target,Target-Immune_system
Immune_system,TMEM168,Target,Target-Immune_system
Immune_system,GANAB,Target,Target-Immune_system
Immune_system,THSD7A,Target,Target-Immune_system
Immune_system,DCST2,Target,Target-Immune_system
Immune_system,TERB2,Target,Target-Immune_system
Immune_system,VPS16,Target,Target-Immune_system
Immune_system,RAB33B,Target,Target-Immune_system
Immune_system,EXT1,Target,Target-Immune_system
Immune_system,ATP6V0A4,Target,Target-Immune_system
Immune_system,PSD2,Target,Target-Immune_system
Immune_system,CLIP3,Target,Target-Immune_system
Immune_system,MAJIN,Target,Target-Immune_system
Immune_system,AZIN2,Target,Target-Immune_system
Immune_system,PIGO,Target,Target-Immune_system
Immune_system,NIPA1,Target,Target-Immune_system
Immune_system,LLCFC1,Target,Target-Immune_system
Immune_system,MYO5A,Target,Target-Immune_system
Immune_system,CBX3,Target,Target-Immune_system
Immune_system,NBR1,Target,Target-Immune_system
Immune_system,FZD6,Target,Target-Immune_system
Immune_system,FREY1,Target,Target-Immune_system
Immune_system,ERN2,Target,Target-Immune_system
Immune_system,SUCO,Target,Target-Immune_system
Immune_system,RAP2A,Target,Target-Immune_system
Immune_system,SLC36A2,Target,Target-Immune_system
Immune_system,INPP5F,Target,Target-Immune_system
Immune_system,SEC31A,Target,Target-Immune_system
Immune_system,KLHL41,Target,Target-Immune_system
Immune_system,TICAM2,Target,Target-Immune_system
Immune_system,ATP2C2,Target,Target-Immune_system
Immune_system,TXNDC5,Target,Target-Immune_system
Immune_system,TNK2,Target,Target-Immune_system
Immune_system,RHBDF2,Target,Target-Immune_system
Immune_system,ERN1,Target,Target-Immune_system
Immune_system,RAB11A,Target,Target-Immune_system
Immune_system,CASQ1,Target,Target-Immune_system
Immune_system,MREG,Target,Target-Immune_system
Immune_system,GRAMD1A,Target,Target-Immune_system
Immune_system,LARGE1,Target,Target-Immune_system
Immune_system,LBR,Target,Target-Immune_system
Immune_system,PTGS2,Target,Target-Immune_system
Immune_system,LPIN2,Target,Target-Immune_system
Immune_system,LPIN1,Target,Target-Immune_system
Immune_system,ABCD4,Target,Target-Immune_system
Immune_system,MFSD10,Target,Target-Immune_system
Immune_system,TMEM184A,Target,Target-Immune_system
Immune_system,FITM1,Target,Target-Immune_system
Immune_system,IGF1,Target,Target-Immune_system
Immune_system,YTHDF2,Target,Target-Immune_system
Immune_system,GDPD3,Target,Target-Immune_system
Immune_system,MYORG,Target,Target-Immune_system
Immune_system,AP3D1,Target,Target-Immune_system
Immune_system,OCIAD1,Target,Target-Immune_system
Immune_system,ATP13A1,Target,Target-Immune_system
Immune_system,GRAMD1C,Target,Target-Immune_system
Immune_system,DPY19L2,Target,Target-Immune_system
Immune_system,FITM2,Target,Target-Immune_system
Immune_system,TMEM120B,Target,Target-Immune_system
Immune_system,AADAC,Target,Target-Immune_system
Immune_system,EIF2AK3,Target,Target-Immune_system
Immune_system,NAT8L,Target,Target-Immune_system
Immune_system,PTDSS2,Target,Target-Immune_system
Immune_system,BPNT2,Target,Target-Immune_system
Immune_system,STEAP3,Target,Target-Immune_system
Immune_system,TMEM86A,Target,Target-Immune_system
Immune_system,DHRS7C,Target,Target-Immune_system
Immune_system,DERL1,Target,Target-Immune_system
Immune_system,PRKCSH,Target,Target-Immune_system
Immune_system,RAP2C,Target,Target-Immune_system
Immune_system,POGLUT2,Target,Target-Immune_system
Immune_system,SPACA3,Target,Target-Immune_system
Immune_system,RELCH,Target,Target-Immune_system
Immune_system,ARL6IP6,Target,Target-Immune_system
Immune_system,SLC39A4,Target,Target-Immune_system
Immune_system,TRAM1,Target,Target-Immune_system
Immune_system,PTDSS1,Target,Target-Immune_system
Immune_system,CYB561A3,Target,Target-Immune_system
Immune_system,REEP1,Target,Target-Immune_system
Immune_system,LAMTOR2,Target,Target-Immune_system
Immune_system,KIF13A,Target,Target-Immune_system
Immune_system,TMEM94,Target,Target-Immune_system
Immune_system,TMEM79,Target,Target-Immune_system
Immune_system,PLA2G4E,Target,Target-Immune_system
Immune_system,EMD,Target,Target-Immune_system
Immune_system,PIP4P1,Target,Target-Immune_system
Immune_system,WSCD1,Target,Target-Immune_system
Immune_system,SLC11A1,Target,Target-Immune_system
Immune_system,ABCG4,Target,Target-Immune_system
Immune_system,LIN28A,Target,Target-Immune_system
Immune_system,SNX20,Target,Target-Immune_system
Immune_system,PANX3,Target,Target-Immune_system
Immune_system,VPS41,Target,Target-Immune_system
Immune_system,NIPA2,Target,Target-Immune_system
Immune_system,RETREG1,Target,Target-Immune_system
Immune_system,RNF133,Target,Target-Immune_system
Immune_system,SEC61B,Target,Target-Immune_system
Immune_system,CIMAP3,Target,Target-Immune_system
Immune_system,SLC35A1,Target,Target-Immune_system
Immune_system,PREPL,Target,Target-Immune_system
Immune_system,SUN2,Target,Target-Immune_system
Immune_system,PLD4,Target,Target-Immune_system
Immune_system,RCC2,Target,Target-Immune_system
Immune_system,PIP4P2,Target,Target-Immune_system
Immune_system,NEU3,Target,Target-Immune_system
Immune_system,FDFT1,Target,Target-Immune_system
Immune_system,LYSET,Target,Target-Immune_system
Immune_system,ST8SIA5,Target,Target-Immune_system
Immune_system,ERVMER34-1,Target,Target-Immune_system
Immune_system,GORAB,Target,Target-Immune_system
Immune_system,ATG3,Target,Target-Immune_system
Immune_system,TMEM39B,Target,Target-Immune_system
Immune_system,RAP2B,Target,Target-Immune_system
Immune_system,GBA2,Target,Target-Immune_system
Immune_system,TGFBR1,Target,Target-Immune_system
Immune_system,GP2,Target,Target-Immune_system
Immune_system,ATP2C1,Target,Target-Immune_system
Immune_system,SPATA46,Target,Target-Immune_system
Immune_system,GOLGA1,Target,Target-Immune_system
Immune_system,RHBDD1,Target,Target-Immune_system
Immune_system,SNX25,Target,Target-Immune_system
Immune_system,RAN,Target,Target-Immune_system
Immune_system,PLD3,Target,Target-Immune_system
Immune_system,CISD2,Target,Target-Immune_system
Immune_system,ATP13A4,Target,Target-Immune_system
Immune_system,VPS33A,Target,Target-Immune_system
Immune_system,RNF183,Target,Target-Immune_system
Immune_system,MBOAT2,Target,Target-Immune_system
Immune_system,CALR,Target,Target-Immune_system
Immune_system,BACE1,Target,Target-Immune_system
Immune_system,ILK,Target,Target-Immune_system
Immune_system,DAB2,Target,Target-Immune_system
Immune_system,SLC51A,Target,Target-Immune_system
Immune_system,MINPP1,Target,Target-Immune_system
Immune_system,DBH,Target,Target-Immune_system
Immune_system,FKTN,Target,Target-Immune_system
Immune_system,TXLNG,Target,Target-Immune_system
Immune_system,NRSN2,Target,Target-Immune_system
Immune_system,EXOC3L1,Target,Target-Immune_system
Immune_system,IZUMO1,Target,Target-Immune_system
Immune_system,HERPUD1,Target,Target-Immune_system
Immune_system,TPCN1,Target,Target-Immune_system
Immune_system,BMAL1,Target,Target-Immune_system
Immune_system,SYNE1,Target,Target-Immune_system
Immune_system,FIMP,Target,Target-Immune_system
Immune_system,SNX21,Target,Target-Immune_system
Immune_system,RAB3B,Target,Target-Immune_system
Immune_system,TMX4,Target,Target-Immune_system
Immune_system,SPTLC1,Target,Target-Immune_system
Immune_system,DOLPP1,Target,Target-Immune_system
Immune_system,ABHD6,Target,Target-Immune_system
Immune_system,PDZD8,Target,Target-Immune_system
Immune_system,RBM15B,Target,Target-Immune_system
Immune_system,WSCD2,Target,Target-Immune_system
Immune_system,NUP98,Target,Target-Immune_system
Immune_system,CYP2E1,Target,Target-Immune_system
Immune_system,LRIT1,Target,Target-Immune_system
Immune_system,CYB5R3,Target,Target-Immune_system
Immune_system,PDIA6,Target,Target-Immune_system
Immune_system,PIGL,Target,Target-Immune_system
Immune_system,STX6,Target,Target-Immune_system
Immune_system,ERP29,Target,Target-Immune_system
Immune_system,SLC30A4,Target,Target-Immune_system
Immune_system,PGAP2,Target,Target-Immune_system
Immune_system,RAB1A,Target,Target-Immune_system
Immune_system,UGGT1,Target,Target-Immune_system
Immune_system,WDR54,Target,Target-Immune_system
Immune_system,KIDINS220,Target,Target-Immune_system
Immune_system,ABCB11,Target,Target-Immune_system
Immune_system,MBTPS2,Target,Target-Immune_system
Immune_system,RGS1,Target,Target-Immune_system
Immune_system,RANGAP1,Target,Target-Immune_system
Immune_system,SUN1,Target,Target-Immune_system
Immune_system,SULT1A3,Target,Target-Immune_system
Immune_system,MAP3K1,Target,Target-Immune_system
Immune_system,PPM1D,Target,Target-Immune_system
Immune_system,PIK3R4,Target,Target-Immune_system
Immune_system,GLIPR1L1,Target,Target-Immune_system
Immune_system,RNF13,Target,Target-Immune_system
Immune_system,BOK,Target,Target-Immune_system
Immune_system,SACM1L,Target,Target-Immune_system
Immune_system,ACAP2,Target,Target-Immune_system
Immune_system,CHRM3,Target,Target-Immune_system
Immune_system,SEMA4D,Target,Target-Immune_system
Immune_system,CAPRIN1,Target,Target-Immune_system
Immune_system,CAPRIN2,Target,Target-Immune_system
Immune_system,NOG,Target,Target-Immune_system
Immune_system,HDAC3,Target,Target-Immune_system
Immune_system,CBLN1,Target,Target-Immune_system
Immune_system,CUX1,Target,Target-Immune_system
Immune_system,AGRN,Target,Target-Immune_system
Immune_system,CHERP,Target,Target-Immune_system
Immune_system,PLSCR3,Target,Target-Immune_system
Immune_system,TEKT3,Target,Target-Immune_system
Immune_system,TAP2,Target,Target-Immune_system
Immune_system,SEC14L3,Target,Target-Immune_system
Immune_system,SCNN1A,Target,Target-Immune_system
Immune_system,PPFIA3,Target,Target-Immune_system
Immune_system,PRSS55,Target,Target-Immune_system
Immune_system,ACRBP,Target,Target-Immune_system
Immune_system,ITPRIP,Target,Target-Immune_system
Immune_system,TREML1,Target,Target-Immune_system
Immune_system,MROH2B,Target,Target-Immune_system
Immune_system,TSSK2,Target,Target-Immune_system
Immune_system,PLA2G10,Target,Target-Immune_system
Immune_system,CABS1,Target,Target-Immune_system
Immune_system,SPATA1,Target,Target-Immune_system
Immune_system,LY6K,Target,Target-Immune_system
Immune_system,CCDC136,Target,Target-Immune_system
Immune_system,LRGUK,Target,Target-Immune_system
Immune_system,KIAA1210,Target,Target-Immune_system
Immune_system,OSBP2,Target,Target-Immune_system
Immune_system,CT55,Target,Target-Immune_system
Immune_system,PADI6,Target,Target-Immune_system
Immune_system,PCSK4,Target,Target-Immune_system
Immune_system,TMEM53,Target,Target-Immune_system
Immune_system,LYZL4,Target,Target-Immune_system
Immune_system,SYNE3,Target,Target-Immune_system
Immune_system,KASH5,Target,Target-Immune_system
Immune_system,PIGS,Target,Target-Immune_system
Immune_system,MYH9,Target,Target-Immune_system
Immune_system,DKKL1,Target,Target-Immune_system
Immune_system,ITPR3,Target,Target-Immune_system
Immune_system,ASTL,Target,Target-Immune_system
Immune_system,ATP2A1,Target,Target-Immune_system
Immune_system,XKR4,Target,Target-Immune_system
Immune_system,DPEP3,Target,Target-Immune_system
Immune_system,TMPRSS12,Target,Target-Immune_system
Immune_system,XKR9,Target,Target-Immune_system
Immune_system,PIGT,Target,Target-Immune_system
Immune_system,TEX22,Target,Target-Immune_system
Immune_system,IQCF1,Target,Target-Immune_system
Immune_system,SYNE4,Target,Target-Immune_system
Immune_system,SLC9A8,Target,Target-Immune_system
Immune_system,TCP11,Target,Target-Immune_system
Immune_system,ABHD2,Target,Target-Immune_system
Immune_system,FAM220A,Target,Target-Immune_system
Immune_system,DMBT1,Target,Target-Immune_system
Immune_system,TEX101,Target,Target-Immune_system
Immune_system,FAM170B,Target,Target-Immune_system
Immune_system,CCDC62,Target,Target-Immune_system
Immune_system,SPACA9,Target,Target-Immune_system
Immune_system,SPINK2,Target,Target-Immune_system
Immune_system,TRPC5,Target,Target-Immune_system
Immune_system,SLC30A2,Target,Target-Immune_system
Immune_system,TAP1,Target,Target-Immune_system
Immune_system,STX17,Target,Target-Immune_system
Immune_system,CFAP119,Target,Target-Immune_system
Immune_system,SYNE2,Target,Target-Immune_system
Immune_system,COPB1,Target,Target-Immune_system
Immune_system,ACTL9,Target,Target-Immune_system
Immune_system,EQTN,Target,Target-Immune_system
Immune_system,RP9,Target,Target-Immune_system
Immune_system,CCDC38,Target,Target-Immune_system
Immune_system,SCYL1,Target,Target-Immune_system
Immune_system,RFX2,Target,Target-Immune_system
Immune_system,PFN4,Target,Target-Immune_system
Immune_system,SPACA4,Target,Target-Immune_system
Immune_system,IZUMO3,Target,Target-Immune_system
Immune_system,GLRA3,Target,Target-Immune_system
Immune_system,P2RX4,Target,Target-Immune_system
Immune_system,P2RX3,Target,Target-Immune_system
Immune_system,CAMK2B,Target,Target-Immune_system
Immune_system,BMPR2,Target,Target-Immune_system
Immune_system,ISLR2,Target,Target-Immune_system
Immune_system,SGIP1,Target,Target-Immune_system
Immune_system,AP2A1,Target,Target-Immune_system
Immune_system,SOX30,Target,Target-Immune_system
Immune_system,EPS15,Target,Target-Immune_system
Immune_system,AP2A2,Target,Target-Immune_system
Immune_system,AP2B1,Target,Target-Immune_system
Immune_system,AP2M1,Target,Target-Immune_system
Immune_system,CRHBP,Target,Target-Immune_system
Immune_system,CDA,Target,Target-Immune_system
Immune_system,COTL1,Target,Target-Immune_system
Immune_system,CSRP3,Target,Target-Immune_system
Immune_system,GCSH,Target,Target-Immune_system
Immune_system,TRIM5,Target,Target-Immune_system
Immune_system,PTEN,Target,Target-Immune_system
Immune_system,TEP1,Target,Target-Immune_system
Immune_system,ARIH1,Target,Target-Immune_system
Immune_system,TSPYL2,Target,Target-Immune_system
Immune_system,SPAG11B,Target,Target-Immune_system
Immune_system,SPAG11A,Target,Target-Immune_system
Immune_system,S100A13,Target,Target-Immune_system
Immune_system,S100A12,Target,Target-Immune_system
Immune_system,REV1,Target,Target-Immune_system
Immune_system,PMS2,Target,Target-Immune_system
Immune_system,MSH6,Target,Target-Immune_system
Immune_system,LPO,Target,Target-Immune_system
Immune_system,RMC1,Target,Target-Immune_system
Immune_system,SPZ1,Target,Target-Immune_system
Immune_system,MITF,Target,Target-Immune_system
Immune_system,PTPRA,Target,Target-Immune_system
Immune_system,PTPA,Target,Target-Immune_system
Immune_system,LTF,Target,Target-Immune_system
Immune_system,CXCL8,Target,Target-Immune_system
Immune_system,IL12A,Target,Target-Immune_system
Immune_system,IL12B,Target,Target-Immune_system
Immune_system,ASZ1,Target,Target-Immune_system
Immune_system,MYH11,Target,Target-Immune_system
Immune_system,DNAJC7,Target,Target-Immune_system
Immune_system,RRAD,Target,Target-Immune_system
Immune_system,RFT1,Target,Target-Immune_system
Immune_system,SLC52A1,Target,Target-Immune_system
Immune_system,COCH,Target,Target-Immune_system
Immune_system,PBRM1,Target,Target-Immune_system
Immune_system,SAG,Target,Target-Immune_system
Immune_system,RNF7,Target,Target-Immune_system
Immune_system,CARM1,Target,Target-Immune_system
Immune_system,RRM1,Target,Target-Immune_system
Immune_system,TGM2,Target,Target-Immune_system
Immune_system,HBEGF,Target,Target-Immune_system
Immune_system,RBPMS2,Target,Target-Immune_system
Immune_system,GNPNAT1,Target,Target-Immune_system
Immune_system,IL27RA,Target,Target-Immune_system
Immune_system,RASGRF1,Target,Target-Immune_system
Immune_system,PCSK1,Target,Target-Immune_system
Immune_system,LHX9,Target,Target-Immune_system
Immune_system,RTL10,Target,Target-Immune_system
Immune_system,MED28,Target,Target-Immune_system
Immune_system,ENOSF1,Target,Target-Immune_system
Immune_system,H1-8,Target,Target-Immune_system
Immune_system,PRPH2,Target,Target-Immune_system
Immune_system,RDH14,Target,Target-Immune_system
Immune_system,TPSAB1,Target,Target-Immune_system
Immune_system,TM7SF2,Target,Target-Immune_system
Immune_system,TYRP1,Target,Target-Immune_system
Immune_system,GPT2,Target,Target-Immune_system
Immune_system,SLC33A1,Target,Target-Immune_system
Immune_system,HPD,Target,Target-Immune_system
Immune_system,WWOX,Target,Target-Immune_system
Immune_system,GNAT2,Target,Target-Immune_system
Immune_system,CYB561,Target,Target-Immune_system
Immune_system,SDK1,Target,Target-Immune_system
Immune_system,EN2,Target,Target-Immune_system
Immune_system,ALCAM,Target,Target-Immune_system
Immune_system,HMOX1,Target,Target-Immune_system
Immune_system,CNGA3,Target,Target-Immune_system
Immune_system,HTR3A,Target,Target-Immune_system
Immune_system,SYT1,Target,Target-Immune_system
Immune_system,SH2D2A,Target,Target-Immune_system
Immune_system,SCAP,Target,Target-Immune_system
Immune_system,CERT1,Target,Target-Immune_system
Immune_system,SPP2,Target,Target-Immune_system
Immune_system,TENM1,Target,Target-Immune_system
Immune_system,DISP3,Target,Target-Immune_system
Immune_system,FTCD,Target,Target-Immune_system
Immune_system,UPK3A,Target,Target-Immune_system
Immune_system,UPK1B,Target,Target-Immune_system
Immune_system,UPK1A,Target,Target-Immune_system
Immune_system,UPK2,Target,Target-Immune_system
Immune_system,POFUT2,Target,Target-Immune_system
Immune_system,SPP1,Target,Target-Immune_system
Immune_system,SGPP1,Target,Target-Immune_system
Immune_system,FAS,Target,Target-Immune_system
Immune_system,LYPLA1,Target,Target-Immune_system
Immune_system,KPTN,Target,Target-Immune_system
Immune_system,FSHB,Target,Target-Immune_system
Immune_system,CGA,Target,Target-Immune_system
Immune_system,MPPE1,Target,Target-Immune_system
Immune_system,TBRG4,Target,Target-Immune_system
Immune_system,PSMB5,Target,Target-Immune_system
Immune_system,SCG5,Target,Target-Immune_system
Immune_system,PAM,Target,Target-Immune_system
Immune_system,AP4M1,Target,Target-Immune_system
Immune_system,EEF1AKMT4-ECE2,Target,Target-Immune_system
Immune_system,LAMP1,Target,Target-Immune_system
Immune_system,DPAGT1,Target,Target-Immune_system
Immune_system,RAB5IF,Target,Target-Immune_system
Immune_system,RRBP1,Target,Target-Immune_system
Immune_system,ANXA13,Target,Target-Immune_system
Immune_system,FMO1,Target,Target-Immune_system
Immune_system,CHGB,Target,Target-Immune_system
Immune_system,ECE2,Target,Target-Immune_system
Immune_system,GABARAPL2,Target,Target-Immune_system
Immune_system,PTGIS,Target,Target-Immune_system
Immune_system,NAPEPLD,Target,Target-Immune_system
Immune_system,TEX2,Target,Target-Immune_system
Immune_system,FSD2,Target,Target-Immune_system
Immune_system,MGAT1,Target,Target-Immune_system
Immune_system,BLCAP,Target,Target-Immune_system
Immune_system,GOSR1,Target,Target-Immune_system
Immune_system,MGAT5,Target,Target-Immune_system
Immune_system,FADS1,Target,Target-Immune_system
Immune_system,CMYA5,Target,Target-Immune_system
Immune_system,PGM1,Target,Target-Immune_system
Immune_system,FKBP1A,Target,Target-Immune_system
Immune_system,SLC7A13,Target,Target-Immune_system
Immune_system,CNIH1,Target,Target-Immune_system
Immune_system,DNAJA2,Target,Target-Immune_system
Immune_system,TMEM38A,Target,Target-Immune_system
Immune_system,RYR3,Target,Target-Immune_system
Immune_system,SPACA1,Target,Target-Immune_system
Immune_system,DDOST,Target,Target-Immune_system
Immune_system,STT3B,Target,Target-Immune_system
Immune_system,TMEM109,Target,Target-Immune_system
Immune_system,RPS18,Target,Target-Immune_system
Immune_system,RPL31,Target,Target-Immune_system
Immune_system,RPL6,Target,Target-Immune_system
Immune_system,RPSA,Target,Target-Immune_system
Immune_system,RPSA2,Target,Target-Immune_system
Immune_system,RPL29,Target,Target-Immune_system
Immune_system,RPS15,Target,Target-Immune_system
Immune_system,RPL23,Target,Target-Immune_system
Immune_system,RPL35,Target,Target-Immune_system
Immune_system,RPS28,Target,Target-Immune_system
Immune_system,RPL32,Target,Target-Immune_system
Immune_system,RPS29,Target,Target-Immune_system
Immune_system,RPL22,Target,Target-Immune_system
Immune_system,RPL11,Target,Target-Immune_system
Immune_system,RPS23,Target,Target-Immune_system
Immune_system,COPE,Target,Target-Immune_system
Immune_system,SEC11A,Target,Target-Immune_system
Immune_system,SPCS3,Target,Target-Immune_system
Immune_system,SPCS1,Target,Target-Immune_system
Immune_system,SPCS2,Target,Target-Immune_system
Immune_system,SEC11C,Target,Target-Immune_system
Immune_system,COPA,Target,Target-Immune_system
Immune_system,COPG1,Target,Target-Immune_system
Immune_system,ARCN1,Target,Target-Immune_system
Immune_system,RPS20,Target,Target-Immune_system
Immune_system,RPL27,Target,Target-Immune_system
Immune_system,RPL14,Target,Target-Immune_system
Immune_system,RPL36A,Target,Target-Immune_system
Immune_system,RPS21,Target,Target-Immune_system
Immune_system,RPS17,Target,Target-Immune_system
Immune_system,CHRND,Target,Target-Immune_system
Immune_system,CHRNB1,Target,Target-Immune_system
Immune_system,CHRNA1,Target,Target-Immune_system
Immune_system,PAQR8,Target,Target-Immune_system
Immune_system,SIAE,Target,Target-Immune_system
Immune_system,ACSL4,Target,Target-Immune_system
Immune_system,TRAF2,Target,Target-Immune_system
Immune_system,CRIP1,Target,Target-Immune_system
Immune_system,SMARCA5,Target,Target-Immune_system
Immune_system,MUC13,Target,Target-Immune_system
Immune_system,UBE2W,Target,Target-Immune_system
Immune_system,UBE2N,Target,Target-Immune_system
Immune_system,TCIM,Target,Target-Immune_system
Immune_system,NLRP4,Target,Target-Immune_system
Immune_system,DTX4,Target,Target-Immune_system
Immune_system,DDX39A,Target,Target-Immune_system
Immune_system,USP38,Target,Target-Immune_system
Immune_system,YWHAZ,Target,Target-Immune_system
Immune_system,DHX16,Target,Target-Immune_system
Immune_system,ZDHHC18,Target,Target-Immune_system
Immune_system,AKT1,Target,Target-Immune_system
Immune_system,CPT1A,Target,Target-Immune_system
Immune_system,USP15,Target,Target-Immune_system
Immune_system,USP44,Target,Target-Immune_system
Immune_system,USP18,Target,Target-Immune_system
Immune_system,ZDHHC4,Target,Target-Immune_system
Immune_system,GSDME,Target,Target-Immune_system
Immune_system,USP27X,Target,Target-Immune_system
Immune_system,MORC3,Target,Target-Immune_system
Immune_system,IGHE,Target,Target-Immune_system
Immune_system,ZAP70,Target,Target-Immune_system
Immune_system,SERPINB9,Target,Target-Immune_system
Immune_system,HLA-DRB1,Target,Target-Immune_system
Immune_system,FCN2,Target,Target-Immune_system
Immune_system,TRAV27,Target,Target-Immune_system
Immune_system,PNP,Target,Target-Immune_system
Immune_system,TNFAIP1,Target,Target-Immune_system
Immune_system,HLA-A,Target,Target-Immune_system
Immune_system,CD274,Target,Target-Immune_system
Immune_system,HLA-B,Target,Target-Immune_system
Immune_system,SFTPA1,Target,Target-Immune_system
Immune_system,CCR1,Target,Target-Immune_system
Immune_system,MS4A2,Target,Target-Immune_system
Immune_system,TMEM41B,Target,Target-Immune_system
Immune_system,UAP1,Target,Target-Immune_system
Immune_system,CEP63,Target,Target-Immune_system
Immune_system,HLA-E,Target,Target-Immune_system
Immune_system,FCER1A,Target,Target-Immune_system
Immune_system,JCHAIN,Target,Target-Immune_system
Immune_system,HLA-DQB1,Target,Target-Immune_system
Immune_system,TAAR1,Target,Target-Immune_system
Immune_system,LZTR1,Target,Target-Immune_system
Immune_system,NRBP1,Target,Target-Immune_system
Immune_system,CHMP1A,Target,Target-Immune_system
Immune_system,CCDC25,Target,Target-Immune_system
Immune_system,MCF2L,Target,Target-Immune_system
Immune_system,FBXO38,Target,Target-Immune_system
Immune_system,KLHL22,Target,Target-Immune_system
Immune_system,FCN3,Target,Target-Immune_system
Immune_system,COLEC11,Target,Target-Immune_system
Immune_system,GBF1,Target,Target-Immune_system
Immune_system,BTN3A3,Target,Target-Immune_system
Immune_system,CD46,Target,Target-Immune_system
Immune_system,BTN3A2,Target,Target-Immune_system
Immune_system,IL18,Target,Target-Immune_system
Immune_system,IL18BP,Target,Target-Immune_system
Immune_system,RAB3C,Target,Target-Immune_system
Immune_system,RAB4A,Target,Target-Immune_system
Immune_system,RAB32,Target,Target-Immune_system
Immune_system,RAB5B,Target,Target-Immune_system
Immune_system,RAB8B,Target,Target-Immune_system
Immune_system,RAB33A,Target,Target-Immune_system
Immune_system,RAB34,Target,Target-Immune_system
Immune_system,PSG9,Target,Target-Immune_system
Immune_system,IL2,Target,Target-Immune_system
Immune_system,ADAM15,Target,Target-Immune_system
Immune_system,MICA,Target,Target-Immune_system
Immune_system,STXBP2,Target,Target-Immune_system
Immune_system,IRAK4,Target,Target-Immune_system
Immune_system,TBX3,Target,Target-Immune_system
Immune_system,COL11A2,Target,Target-Immune_system
Immune_system,CHMP4B,Target,Target-Immune_system
Immune_system,IRF2BPL,Target,Target-Immune_system
Immune_system,PPT1,Target,Target-Immune_system
Immune_system,TPP1,Target,Target-Immune_system
Immune_system,TBX4,Target,Target-Immune_system
Immune_system,DNER,Target,Target-Immune_system
Immune_system,ATXN10,Target,Target-Immune_system
Immune_system,TRAPPC2,Target,Target-Immune_system
Immune_system,TRPS1,Target,Target-Immune_system
Immune_system,ZMYND8,Target,Target-Immune_system
Immune_system,THOC6,Target,Target-Immune_system
Immune_system,COL1A1,Target,Target-Immune_system
Immune_system,CHRNA3,Target,Target-Immune_system
Immune_system,CLCN5,Target,Target-Immune_system
Immune_system,GLRB,Target,Target-Immune_system
Immune_system,ALDH5A1,Target,Target-Immune_system
Immune_system,GDF3,Target,Target-Immune_system
Immune_system,LAMA5,Target,Target-Immune_system
Immune_system,PRKRIP1,Target,Target-Immune_system
Immune_system,COX7B,Target,Target-Immune_system
Immune_system,MBD5,Target,Target-Immune_system
Immune_system,CEP55,Target,Target-Immune_system
Immune_system,AGT,Target,Target-Immune_system
Immune_system,EIF2B2,Target,Target-Immune_system
Immune_system,RIC1,Target,Target-Immune_system
Immune_system,WNT11,Target,Target-Immune_system
Immune_system,COL1A2,Target,Target-Immune_system
Immune_system,B3GNT5,Target,Target-Immune_system
Immune_system,CHMP4A,Target,Target-Immune_system
Immune_system,PRPS1,Target,Target-Immune_system
Immune_system,CHRNB2,Target,Target-Immune_system
Immune_system,MYLIP,Target,Target-Immune_system
Immune_system,CHRNA4,Target,Target-Immune_system
Immune_system,HMSD,Target,Target-Immune_system
Immune_system,PGLYRP2,Target,Target-Immune_system
Immune_system,DEFB118,Target,Target-Immune_system
Immune_system,CALCA,Target,Target-Immune_system
Immune_system,DEFB106A,Target,Target-Immune_system
Immune_system,POLR3A,Target,Target-Immune_system
Immune_system,TRIM26,Target,Target-Immune_system
Immune_system,DUS2,Target,Target-Immune_system
Immune_system,DEFB119,Target,Target-Immune_system
Immune_system,MID2,Target,Target-Immune_system
Immune_system,CARD8,Target,Target-Immune_system
Immune_system,TIFA,Target,Target-Immune_system
Immune_system,RARRES2,Target,Target-Immune_system
Immune_system,NCK1,Target,Target-Immune_system
Immune_system,RNASE8,Target,Target-Immune_system
Immune_system,TAC1,Target,Target-Immune_system
Immune_system,ANKRD17,Target,Target-Immune_system
Immune_system,TTC4,Target,Target-Immune_system
Immune_system,CLPB,Target,Target-Immune_system
Immune_system,APOBEC3G,Target,Target-Immune_system
Immune_system,SH2D1A,Target,Target-Immune_system
Immune_system,TRIM13,Target,Target-Immune_system
Immune_system,DEFA4,Target,Target-Immune_system
Immune_system,TRIM21,Target,Target-Immune_system
Immune_system,DEFA5,Target,Target-Immune_system
Immune_system,DEFB114,Target,Target-Immune_system
Immune_system,DEFB136,Target,Target-Immune_system
Immune_system,TRIM7,Target,Target-Immune_system
Immune_system,TRIM15,Target,Target-Immune_system
Immune_system,NLRP1,Target,Target-Immune_system
Immune_system,DEFB131A,Target,Target-Immune_system
Immune_system,TRIM14,Target,Target-Immune_system
Immune_system,SERINC3,Target,Target-Immune_system
Immune_system,OAS1,Target,Target-Immune_system
Immune_system,PGLYRP3,Target,Target-Immune_system
Immune_system,PGLYRP4,Target,Target-Immune_system
Immune_system,CYLD,Target,Target-Immune_system
Immune_system,B2M,Target,Target-Immune_system
Immune_system,UBA7,Target,Target-Immune_system
Immune_system,TRIM32,Target,Target-Immune_system
Immune_system,ATAD3A,Target,Target-Immune_system
Immune_system,SERINC5,Target,Target-Immune_system
Immune_system,SKP2,Target,Target-Immune_system
Immune_system,TRIM28,Target,Target-Immune_system
Immune_system,TRIM35,Target,Target-Immune_system
Immune_system,DEFB4A,Target,Target-Immune_system
Immune_system,N4BP3,Target,Target-Immune_system
Immune_system,NFKB1,Target,Target-Immune_system
Immune_system,PDE12,Target,Target-Immune_system
Immune_system,DEFB104A,Target,Target-Immune_system
Immune_system,APOBEC3A,Target,Target-Immune_system
Immune_system,MBL2,Target,Target-Immune_system
Immune_system,SPPL2B,Target,Target-Immune_system
Immune_system,AKAP1,Target,Target-Immune_system
Immune_system,IFIT1,Target,Target-Immune_system
Immune_system,RNASE3,Target,Target-Immune_system
Immune_system,VIP,Target,Target-Immune_system
Immune_system,IFIT3,Target,Target-Immune_system
Immune_system,RNASE7,Target,Target-Immune_system
Immune_system,IFI27,Target,Target-Immune_system
Immune_system,UBE2L6,Target,Target-Immune_system
Immune_system,NCR3,Target,Target-Immune_system
Immune_system,IFIT2,Target,Target-Immune_system
Immune_system,IFI6,Target,Target-Immune_system
Immune_system,HERC5,Target,Target-Immune_system
Immune_system,PGLYRP1,Target,Target-Immune_system
Immune_system,PRKRA,Target,Target-Immune_system
Immune_system,USP20,Target,Target-Immune_system
Immune_system,HLA-G,Target,Target-Immune_system
Immune_system,LILRA2,Target,Target-Immune_system
Immune_system,CD27,Target,Target-Immune_system
Immune_system,LCP1,Target,Target-Immune_system
Immune_system,CD1C,Target,Target-Immune_system
Immune_system,LBP,Target,Target-Immune_system
Immune_system,BACH2,Target,Target-Immune_system
Immune_system,ZP4,Target,Target-Immune_system
Immune_system,IFNL1,Target,Target-Immune_system
Immune_system,C1QBP,Target,Target-Immune_system
Immune_system,SUSD4,Target,Target-Immune_system
Immune_system,TNFRSF14,Target,Target-Immune_system
Immune_system,CD55,Target,Target-Immune_system
Immune_system,SLC39A6,Target,Target-Immune_system
Immune_system,EIF2B5,Target,Target-Immune_system
Immune_system,BCL2,Target,Target-Immune_system
Immune_system,FCHO1,Target,Target-Immune_system
Immune_system,MASP2,Target,Target-Immune_system
Immune_system,FYN,Target,Target-Immune_system
Immune_system,LCK,Target,Target-Immune_system
Immune_system,BTN3A1,Target,Target-Immune_system
Immune_system,CTLA4,Target,Target-Immune_system
Immune_system,EIF2B4,Target,Target-Immune_system
Immune_system,VAV3,Target,Target-Immune_system
Immune_system,CD247,Target,Target-Immune_system
Immune_system,CD3E,Target,Target-Immune_system
Immune_system,HLA-DRB3,Target,Target-Immune_system
Immune_system,TEC,Target,Target-Immune_system
Immune_system,LAT,Target,Target-Immune_system
Immune_system,EIF2B1,Target,Target-Immune_system
Immune_system,KRT1,Target,Target-Immune_system
Immune_system,EIF2B3,Target,Target-Immune_system
Immune_system,MNDA,Target,Target-Immune_system
Immune_system,SKAP1,Target,Target-Immune_system
Immune_system,BLK,Target,Target-Immune_system
Immune_system,LCP2,Target,Target-Immune_system
Immune_system,HLA-DPB1,Target,Target-Immune_system
Immune_system,PLEKHA1,Target,Target-Immune_system
Immune_system,KHDRBS1,Target,Target-Immune_system
Immune_system,CD38,Target,Target-Immune_system
Immune_system,FYB2,Target,Target-Immune_system
Immune_system,RNF31,Target,Target-Immune_system
Immune_system,C3AR1,Target,Target-Immune_system
Immune_system,BLNK,Target,Target-Immune_system
Immune_system,RBCK1,Target,Target-Immune_system
Immune_system,MS4A1,Target,Target-Immune_system
Immune_system,MICB,Target,Target-Immune_system
Immune_system,SH2B2,Target,Target-Immune_system
Immune_system,FCER2,Target,Target-Immune_system
Immune_system,PECAM1,Target,Target-Immune_system
Immune_system,LILRB1,Target,Target-Immune_system
Immune_system,TRB,Target,Target-Immune_system
Immune_system,TRA,Target,Target-Immune_system
Immune_system,SBDS,Target,Target-Immune_system
Immune_system,TP53,Target,Target-Immune_system
Immune_system,MATR3,Target,Target-Immune_system
Immune_system,XRCC5,Target,Target-Immune_system
Immune_system,SFPQ,Target,Target-Immune_system
Immune_system,NONO,Target,Target-Immune_system
Immune_system,TOMM70,Target,Target-Immune_system
Immune_system,IFI16,Target,Target-Immune_system
Immune_system,RBM14,Target,Target-Immune_system
Immune_system,CASP6,Target,Target-Immune_system
Immune_system,PSPC1,Target,Target-Immune_system
Immune_system,MTG2,Target,Target-Immune_system
Immune_system,MTG1,Target,Target-Immune_system
Immune_system,H2BC11,Target,Target-Immune_system
Immune_system,TKFC,Target,Target-Immune_system
Immune_system,CD33,Target,Target-Immune_system
Immune_system,H2BC12L,Target,Target-Immune_system
Immune_system,H2BC21,Target,Target-Immune_system
Immune_system,PLA2G1B,Target,Target-Immune_system
Immune_system,H2BC12,Target,Target-Immune_system
Immune_system,RPL39,Target,Target-Immune_system
Immune_system,H2BC10,Target,Target-Immune_system
Immune_system,BPIFB1,Target,Target-Immune_system
Immune_system,DEFA3,Target,Target-Immune_system
Immune_system,DEFA1,Target,Target-Immune_system
Immune_system,CTNNBL1,Target,Target-Immune_system
Immune_system,TRAF3IP3,Target,Target-Immune_system
Immune_system,MYD88,Target,Target-Immune_system
Immune_system,TNIP3,Target,Target-Immune_system
Immune_system,IPO5,Target,Target-Immune_system
Immune_system,RNF144A,Target,Target-Immune_system
Immune_system,YWHAE,Target,Target-Immune_system
Immune_system,BECN1,Target,Target-Immune_system
Immune_system,TLR3,Target,Target-Immune_system
Immune_system,LACC1,Target,Target-Immune_system
Immune_system,DDX41,Target,Target-Immune_system
Immune_system,MCM3AP,Target,Target-Immune_system
Immune_system,FAM3A,Target,Target-Immune_system
Immune_system,CD80,Target,Target-Immune_system
Immune_system,CR1,Target,Target-Immune_system
Immune_system,C5AR1,Target,Target-Immune_system
Immune_system,LILRB2,Target,Target-Immune_system
Immune_system,KLRC1,Target,Target-Immune_system
Immune_system,CLEC12B,Target,Target-Immune_system
Immune_system,KIR2DL1,Target,Target-Immune_system
Immune_system,CXCL6,Target,Target-Immune_system
Immune_system,CD177,Target,Target-Immune_system
Immune_system,IL15,Target,Target-Immune_system
Immune_system,CR2,Target,Target-Immune_system
Immune_system,RASGRP1,Target,Target-Immune_system
Immune_system,BANK1,Target,Target-Immune_system
Immune_system,PRG3,Target,Target-Immune_system
Immune_system,DPP4,Target,Target-Immune_system
Immune_system,CUL4A,Target,Target-Immune_system
Immune_system,SLA2,Target,Target-Immune_system
Immune_system,TREML2,Target,Target-Immune_system
Immune_system,FCRL5,Target,Target-Immune_system
Immune_system,GRB2,Target,Target-Immune_system
Immune_system,CXCR2,Target,Target-Immune_system
Immune_system,VAV1,Target,Target-Immune_system
Immune_system,ITGB2,Target,Target-Immune_system
Immune_system,RBX1,Target,Target-Immune_system
Immune_system,CTSG,Target,Target-Immune_system
Immune_system,FCRL1,Target,Target-Immune_system
Immune_system,GNAI1,Target,Target-Immune_system
Immune_system,SOS1,Target,Target-Immune_system
Immune_system,CD48,Target,Target-Immune_system
Immune_system,C3,Target,Target-Immune_system
Immune_system,CD28,Target,Target-Immune_system
Immune_system,ADA,Target,Target-Immune_system
Immune_system,CD276,Target,Target-Immune_system
Immune_system,ULBP1,Target,Target-Immune_system
Immune_system,ULBP2,Target,Target-Immune_system
Immune_system,ULBP3,Target,Target-Immune_system
Immune_system,CD2,Target,Target-Immune_system
Immune_system,CD300A,Target,Target-Immune_system
Immune_system,MYB,Target,Target-Immune_system
Immune_system,KMT2A,Target,Target-Immune_system
Immune_system,CCL8,Target,Target-Immune_system
Immune_system,NPPB,Target,Target-Immune_system
Immune_system,CXCL11,Target,Target-Immune_system
Immune_system,LEAP2,Target,Target-Immune_system
Immune_system,CCL27,Target,Target-Immune_system
Immune_system,CCL22,Target,Target-Immune_system
Immune_system,CCL21,Target,Target-Immune_system
Immune_system,CCL17,Target,Target-Immune_system
Immune_system,GALP,Target,Target-Immune_system
Immune_system,ROMO1,Target,Target-Immune_system
Immune_system,F2,Target,Target-Immune_system
Immune_system,XCL1,Target,Target-Immune_system
Immune_system,NTS,Target,Target-Immune_system
Immune_system,DEFB130A,Target,Target-Immune_system
Immune_system,HTN3,Target,Target-Immune_system
Immune_system,HTN1,Target,Target-Immune_system
Immune_system,CCL18,Target,Target-Immune_system
Immune_system,RPS19,Target,Target-Immune_system
Immune_system,BPI,Target,Target-Immune_system
Immune_system,CCL1,Target,Target-Immune_system
Immune_system,SEMG1,Target,Target-Immune_system
Immune_system,CCL25,Target,Target-Immune_system
Immune_system,CCL11,Target,Target-Immune_system
Immune_system,S100A7,Target,Target-Immune_system
Immune_system,LGALS3,Target,Target-Immune_system
Immune_system,TSLP,Target,Target-Immune_system
Immune_system,DEFB103A,Target,Target-Immune_system
Immune_system,DCD,Target,Target-Immune_system
Immune_system,CXCL9,Target,Target-Immune_system
Immune_system,PIGR,Target,Target-Immune_system
Immune_system,PPBP,Target,Target-Immune_system
Immune_system,CXCL10,Target,Target-Immune_system
Immune_system,CCL13,Target,Target-Immune_system
Immune_system,POMC,Target,Target-Immune_system
Immune_system,MUC7,Target,Target-Immune_system
Immune_system,KNG1,Target,Target-Immune_system
Immune_system,CXCL13,Target,Target-Immune_system
Immune_system,RPL30,Target,Target-Immune_system
Immune_system,CXCL12,Target,Target-Immune_system
Immune_system,HMGN2,Target,Target-Immune_system
Immune_system,DEFB127,Target,Target-Immune_system
Immune_system,CCL19,Target,Target-Immune_system
Immune_system,GNLY,Target,Target-Immune_system
Immune_system,DEFB126,Target,Target-Immune_system
Immune_system,HAMP,Target,Target-Immune_system
Immune_system,CXCL2,Target,Target-Immune_system
Immune_system,S100A9,Target,Target-Immune_system
Immune_system,AMT,Target,Target-Immune_system
Immune_system,LIG4,Target,Target-Immune_system
Immune_system,LIG3,Target,Target-Immune_system
Immune_system,LIG1,Target,Target-Immune_system
Immune_system,RIOK3,Target,Target-Immune_system
Immune_system,MUL1,Target,Target-Immune_system
Immune_system,RNF185,Target,Target-Immune_system
Immune_system,AURKB,Target,Target-Immune_system
Immune_system,POLR3D,Target,Target-Immune_system
Immune_system,TLR8,Target,Target-Immune_system
Immune_system,POLR3B,Target,Target-Immune_system
Immune_system,TASL,Target,Target-Immune_system
Immune_system,POLR3G,Target,Target-Immune_system
Immune_system,SFN,Target,Target-Immune_system
Immune_system,PIM1,Target,Target-Immune_system
Immune_system,BANF1,Target,Target-Immune_system
Immune_system,POLR3F,Target,Target-Immune_system
Immune_system,POLR3C,Target,Target-Immune_system
Immune_system,TREX1,Target,Target-Immune_system
Immune_system,VSIG4,Target,Target-Immune_system
Immune_system,SERPING1,Target,Target-Immune_system
Immune_system,A2M,Target,Target-Immune_system
Immune_system,PIK3R1,Target,Target-Immune_system
Immune_system,ICOS,Target,Target-Immune_system
Immune_system,ICOSLG,Target,Target-Immune_system
Immune_system,FCN1,Target,Target-Immune_system
Immune_system,KLRC2,Target,Target-Immune_system
Immune_system,TLR5,Target,Target-Immune_system
Immune_system,IRAK2,Target,Target-Immune_system
Immune_system,S100A14,Target,Target-Immune_system
Immune_system,KLRD1,Target,Target-Immune_system
Immune_system,CHUK,Target,Target-Immune_system
Immune_system,RAB11FIP2,Target,Target-Immune_system
Immune_system,NFKBIA,Target,Target-Immune_system
Immune_system,TIRAP,Target,Target-Immune_system
Immune_system,TRIL,Target,Target-Immune_system
Immune_system,ECSIT,Target,Target-Immune_system
Immune_system,KIR2DS2,Target,Target-Immune_system
Immune_system,STXBP3,Target,Target-Immune_system
Immune_system,VAMP8,Target,Target-Immune_system
Immune_system,FCGR1A,Target,Target-Immune_system
Immune_system,IGHG1,Target,Target-Immune_system
Immune_system,ANXA3,Target,Target-Immune_system
Immune_system,CD6,Target,Target-Immune_system
Immune_system,PRKAA1,Target,Target-Immune_system
Immune_system,NHEJ1,Target,Target-Immune_system
Immune_system,SEMG2,Target,Target-Immune_system
Immune_system,GATA6,Target,Target-Immune_system
Immune_system,AZU1,Target,Target-Immune_system
Immune_system,SPRR2A,Target,Target-Immune_system
Immune_system,IL36RN,Target,Target-Immune_system
Immune_system,IGKV3-20,Target,Target-Immune_system
Immune_system,IGHA2,Target,Target-Immune_system
Immune_system,IGHA1,Target,Target-Immune_system
Immune_system,PLA2G6,Target,Target-Immune_system
Immune_system,STAT4,Target,Target-Immune_system
Immune_system,LY9,Target,Target-Immune_system
Immune_system,KLRF1,Target,Target-Immune_system
Immune_system,ABCB9,Target,Target-Immune_system
Immune_system,ZC3H8,Target,Target-Immune_system
Immune_system,CLEC2B,Target,Target-Immune_system
Immune_system,CLEC4A,Target,Target-Immune_system
Immune_system,NCR3LG1,Target,Target-Immune_system
Immune_system,S100A8,Target,Target-Immune_system
Immune_system,RPS24,Target,Target-Immune_system
Immune_system,CORO1A,Target,Target-Immune_system
Immune_system,PRTN3,Target,Target-Immune_system
Immune_system,IL2RA,Target,Target-Immune_system
Immune_system,INS,Target,Target-Immune_system
Immune_system,HLA-DRA,Target,Target-Immune_system
Immune_system,KIF5B,Target,Target-Immune_system
Immune_system,GZMB,Target,Target-Immune_system
Immune_system,LYST,Target,Target-Immune_system
Immune_system,NECTIN2,Target,Target-Immune_system
Immune_system,RAET1E,Target,Target-Immune_system
Immune_system,HCST,Target,Target-Immune_system
Immune_system,RAET1G,Target,Target-Immune_system
Immune_system,PIK3CB,Target,Target-Immune_system
Immune_system,PVR,Target,Target-Immune_system
Immune_system,PLEKHM2,Target,Target-Immune_system
Immune_system,LILRA4,Target,Target-Immune_system
Immune_system,CD226,Target,Target-Immune_system
Immune_system,KIR3DL1,Target,Target-Immune_system
Immune_system,IL4,Target,Target-Immune_system
Immune_system,IL18R1,Target,Target-Immune_system
Immune_system,IL1B,Target,Target-Immune_system
Immune_system,IFNA2,Target,Target-Immune_system
Immune_system,RNF34,Target,Target-Immune_system
Immune_system,SCARA3,Target,Target-Immune_system
Immune_system,XIAP,Target,Target-Immune_system
Immune_system,EPG5,Target,Target-Immune_system
Immune_system,CLC,Target,Target-Immune_system
Immune_system,STX7,Target,Target-Immune_system
Immune_system,HLA-F,Target,Target-Immune_system
Immune_system,MIR155HG,Target,Target-Immune_system
Immune_system,SLC22A13,Target,Target-Immune_system
Immune_system,SECTM1,Target,Target-Immune_system
Immune_system,CD7,Target,Target-Immune_system
Immune_system,CUL3,Target,Target-Immune_system
Immune_system,RNF126,Target,Target-Immune_system
Immune_system,KLHL15,Target,Target-Immune_system
Immune_system,UBR2,Target,Target-Immune_system
Immune_system,IKBKG,Target,Target-Immune_system
Immune_system,PRKCH,Target,Target-Immune_system
Immune_system,IL27,Target,Target-Immune_system
Immune_system,VAMP3,Target,Target-Immune_system
Immune_system,ZNRF1,Target,Target-Immune_system
Immune_system,FCRL3,Target,Target-Immune_system
Immune_system,IFITM1,Target,Target-Immune_system
Immune_system,RNASE2,Target,Target-Immune_system
Immune_system,HLA-DPA1,Target,Target-Immune_system
Immune_system,NUB1,Target,Target-Immune_system
Immune_system,GCH1,Target,Target-Immune_system
Immune_system,DNAJA3,Target,Target-Immune_system
Immune_system,KYNU,Target,Target-Immune_system
Immune_system,MEFV,Target,Target-Immune_system
Immune_system,CALM1,Target,Target-Immune_system
Immune_system,IFITM2,Target,Target-Immune_system
Immune_system,IFITM3,Target,Target-Immune_system
Immune_system,SYNCRIP,Target,Target-Immune_system
Immune_system,CASP1,Target,Target-Immune_system
Immune_system,FLOT1,Target,Target-Immune_system
Immune_system,GBP4,Target,Target-Immune_system
Immune_system,SHMT2,Target,Target-Immune_system
Immune_system,GFI1,Target,Target-Immune_system
Immune_system,TLR2,Target,Target-Immune_system
Immune_system,CD58,Target,Target-Immune_system
Immune_system,SETD2,Target,Target-Immune_system
Immune_system,CCL5,Target,Target-Immune_system
Immune_system,PGC,Target,Target-Immune_system
Immune_system,KLK7,Target,Target-Immune_system
Immune_system,KLK3,Target,Target-Immune_system
Immune_system,KLK5,Target,Target-Immune_system
Immune_system,CD320,Target,Target-Immune_system
Immune_system,CAMK4,Target,Target-Immune_system
Immune_system,SIT1,Target,Target-Immune_system
Immune_system,ITGA4,Target,Target-Immune_system
Immune_system,MT-RNR2,Target,Target-Immune_system
Immune_system,CDH26,Target,Target-Immune_system
Immune_system,PLA2G2A,Target,Target-Immune_system
Immune_system,VCAM1,Target,Target-Immune_system
Immune_system,DCAF15,Target,Target-Immune_system
Immune_system,MADCAM1,Target,Target-Immune_system
Immune_system,CTPS1,Target,Target-Immune_system
Immune_system,IKZF1,Target,Target-Immune_system
Immune_system,SELL,Target,Target-Immune_system
Immune_system,ITGB1,Target,Target-Immune_system
Immune_system,RELB,Target,Target-Immune_system
Immune_system,ITGB7,Target,Target-Immune_system
Immune_system,PODXL2,Target,Target-Immune_system
Immune_system,KIR2DL4,Target,Target-Immune_system
Immune_system,SH3KBP1,Target,Target-Immune_system
Immune_system,HOXA7,Target,Target-Immune_system
Immune_system,LYVE1,Target,Target-Immune_system
Immune_system,TNFRSF18,Target,Target-Immune_system
Immune_system,LILRB4,Target,Target-Immune_system
Immune_system,CRLF2,Target,Target-Immune_system
Immune_system,PLPP6,Target,Target-Immune_system
Immune_system,TAPBPL,Target,Target-Immune_system
Immune_system,IL17D,Target,Target-Immune_system
Immune_system,PIBF1,Target,Target-Immune_system
Immune_system,PTPN11,Target,Target-Immune_system
Immune_system,DUSP22,Target,Target-Immune_system
Immune_system,BTRC,Target,Target-Immune_system
Immune_system,DUSP3,Target,Target-Immune_system
Immune_system,PVRIG,Target,Target-Immune_system
Immune_system,CD72,Target,Target-Immune_system
Immune_system,ITPRIPL1,Target,Target-Immune_system
Immune_system,SHLD2,Target,Target-Immune_system
Immune_system,SHLD1,Target,Target-Immune_system
Immune_system,MAD2L2,Target,Target-Immune_system
Immune_system,SHLD3,Target,Target-Immune_system
Immune_system,TIGIT,Target,Target-Immune_system
Immune_system,DDX60,Target,Target-Immune_system
Immune_system,USP17L2,Target,Target-Immune_system
Immune_system,AP1G1,Target,Target-Immune_system
Immune_system,NECTIN4,Target,Target-Immune_system
Immune_system,SERPINB4,Target,Target-Immune_system
Immune_system,INPP5D,Target,Target-Immune_system
Immune_system,ELANE,Target,Target-Immune_system
Immune_system,EP300,Target,Target-Immune_system
Immune_system,JAK3,Target,Target-Immune_system
Immune_system,STAT5A,Target,Target-Immune_system
Immune_system,CD69,Target,Target-Immune_system
Immune_system,LGALS1,Target,Target-Immune_system
Immune_system,RNF125,Target,Target-Immune_system
Immune_system,RNF115,Target,Target-Immune_system
Immune_system,TARBP2,Target,Target-Immune_system
Immune_system,SEC14L1,Target,Target-Immune_system
Immune_system,NPLOC4,Target,Target-Immune_system
Immune_system,PCBP2,Target,Target-Immune_system
Immune_system,UFD1,Target,Target-Immune_system
Immune_system,NFKBIL1,Target,Target-Immune_system
Immune_system,ITCH,Target,Target-Immune_system
Immune_system,SPSB3,Target,Target-Immune_system
Immune_system,SQSTM1,Target,Target-Immune_system
Immune_system,TAX1BP1,Target,Target-Immune_system
Immune_system,LYPLAL1,Target,Target-Immune_system
Immune_system,TSPAN6,Target,Target-Immune_system
Immune_system,NLRP2B,Target,Target-Immune_system
Immune_system,GPATCH3,Target,Target-Immune_system
Immune_system,LRRC14,Target,Target-Immune_system
Immune_system,FLOT2,Target,Target-Immune_system
Immune_system,NOP53,Target,Target-Immune_system
Immune_system,ADGRE2,Target,Target-Immune_system
Immune_system,FES,Target,Target-Immune_system
Immune_system,UNC13D,Target,Target-Immune_system
Immune_system,TMIGD2,Target,Target-Immune_system
Immune_system,HHLA2,Target,Target-Immune_system
Immune_system,CD24,Target,Target-Immune_system
Immune_system,TNFSF14,Target,Target-Immune_system
Immune_system,CAV1,Target,Target-Immune_system
Immune_system,SNAP23,Target,Target-Immune_system
Immune_system,RBM47,Target,Target-Immune_system
Immune_system,TRIM41,Target,Target-Immune_system
Immune_system,PUM2,Target,Target-Immune_system
Immune_system,HLA-DMB,Target,Target-Immune_system
Immune_system,TRIM3,Target,Target-Immune_system
Immune_system,ZDHHC9,Target,Target-Immune_system
Immune_system,CNOT7,Target,Target-Immune_system
Immune_system,GIGYF2,Target,Target-Immune_system
Immune_system,EIF4E2,Target,Target-Immune_system
Immune_system,PUM1,Target,Target-Immune_system
Immune_system,TTLL12,Target,Target-Immune_system
Immune_system,SMIM30,Target,Target-Immune_system
Immune_system,SLC19A1,Target,Target-Immune_system
Immune_system,UBE2K,Target,Target-Immune_system
Immune_system,DHX33,Target,Target-Immune_system
Immune_system,ZC3HAV1,Target,Target-Immune_system
Immune_system,HSPA1A,Target,Target-Immune_system
Immune_system,HSPA1B,Target,Target-Immune_system
Immune_system,TAB1,Target,Target-Immune_system
Immune_system,IFNAR2,Target,Target-Immune_system
Immune_system,IFNGR2,Target,Target-Immune_system
Immune_system,IFNGR1,Target,Target-Immune_system
Immune_system,HLA-DOA,Target,Target-Immune_system
Immune_system,HCAR2,Target,Target-Immune_system
Immune_system,HLA-DOB,Target,Target-Immune_system
Immune_system,APOD,Target,Target-Immune_system
Immune_system,RHOA,Target,Target-Immune_system
Immune_system,SLIT2,Target,Target-Immune_system
Immune_system,ZNF580,Target,Target-Immune_system
Immune_system,CCL7,Target,Target-Immune_system
Immune_system,IDE,Target,Target-Immune_system
Immune_system,L3MBTL1,Target,Target-Immune_system
Immune_system,CKLF,Target,Target-Immune_system
Immune_system,CD300H,Target,Target-Immune_system
Immune_system,CCL24,Target,Target-Immune_system
Immune_system,MPIG6B,Target,Target-Immune_system
Immune_system,CDIN1,Target,Target-Immune_system
Immune_system,CNOT4,Target,Target-Immune_system
Immune_system,ACIN1,Target,Target-Immune_system
Immune_system,PRXL2A,Target,Target-Immune_system
Immune_system,MYSM1,Target,Target-Immune_system
Immune_system,CASP3,Target,Target-Immune_system
Immune_system,RPS14,Target,Target-Immune_system
Immune_system,CD1D,Target,Target-Immune_system
Immune_system,MSMP,Target,Target-Immune_system
Immune_system,RBM15,Target,Target-Immune_system
Immune_system,DHRS2,Target,Target-Immune_system
Immune_system,CSF2,Target,Target-Immune_system
Immune_system,IRF2BP2,Target,Target-Immune_system
Immune_system,EPO,Target,Target-Immune_system
Immune_system,TPD52,Target,Target-Immune_system
Immune_system,HEATR3,Target,Target-Immune_system
Immune_system,TCF3,Target,Target-Immune_system
Immune_system,SAA1,Target,Target-Immune_system
Immune_system,FNIP1,Target,Target-Immune_system
Immune_system,SLC1A5,Target,Target-Immune_system
Immune_system,SLC25A38,Target,Target-Immune_system
Immune_system,IFNG,Target,Target-Immune_system
Immune_system,JAK1,Target,Target-Immune_system
Immune_system,TYK2,Target,Target-Immune_system
Immune_system,HDAC4,Target,Target-Immune_system
Immune_system,ANXA11,Target,Target-Immune_system
Immune_system,OLFM4,Target,Target-Immune_system
Immune_system,VAMP1,Target,Target-Immune_system
Immune_system,CRISP3,Target,Target-Immune_system
Immune_system,SNX4,Target,Target-Immune_system
Immune_system,PYDC1,Target,Target-Immune_system
Immune_system,ZNRF4,Target,Target-Immune_system
Immune_system,PYDC5,Target,Target-Immune_system
Immune_system,CPTP,Target,Target-Immune_system
Immune_system,LAMP2,Target,Target-Immune_system
Immune_system,FBXL2,Target,Target-Immune_system
Immune_system,OGT,Target,Target-Immune_system
Immune_system,RIPK1,Target,Target-Immune_system
Immune_system,FSTL3,Target,Target-Immune_system
Immune_system,ZNF675,Target,Target-Immune_system
Immune_system,GPR55,Target,Target-Immune_system
Immune_system,TM4SF19,Target,Target-Immune_system
Immune_system,AXL,Target,Target-Immune_system
Immune_system,TCTA,Target,Target-Immune_system
Immune_system,MOSPD2,Target,Target-Immune_system
Immune_system,LILRB3,Target,Target-Immune_system
Immune_system,DEFB124,Target,Target-Immune_system
Immune_system,VEGFC,Target,Target-Immune_system
Immune_system,VEGFB,Target,Target-Immune_system
Immune_system,CREB3,Target,Target-Immune_system
Immune_system,VEGFD,Target,Target-Immune_system
Immune_system,SPI1,Target,Target-Immune_system
Immune_system,PRDM16,Target,Target-Immune_system
Immune_system,CCL4,Target,Target-Immune_system
Immune_system,C5AR2,Target,Target-Immune_system
Immune_system,SIRPG,Target,Target-Immune_system
Immune_system,VTCN1,Target,Target-Immune_system
Immune_system,CDK6,Target,Target-Immune_system
Immune_system,PERP,Target,Target-Immune_system
Immune_system,PADI2,Target,Target-Immune_system
Immune_system,IDO1,Target,Target-Immune_system
Immune_system,PRELID1,Target,Target-Immune_system
Immune_system,STAT5B,Target,Target-Immune_system
Immune_system,MED1,Target,Target-Immune_system
Immune_system,ZFP36,Target,Target-Immune_system
Immune_system,LEO1,Target,Target-Immune_system
Immune_system,ZNF16,Target,Target-Immune_system
Immune_system,HOXA5,Target,Target-Immune_system
Immune_system,SCIN,Target,Target-Immune_system
Immune_system,FAXDC2,Target,Target-Immune_system
Immune_system,FAM210B,Target,Target-Immune_system
Immune_system,H4C1,Target,Target-Immune_system
Immune_system,ETS1,Target,Target-Immune_system
Immune_system,SKIC8,Target,Target-Immune_system
Immune_system,GATA1,Target,Target-Immune_system
Immune_system,RHEX,Target,Target-Immune_system
Immune_system,HLA-C,Target,Target-Immune_system
Immune_system,HLA-DMA,Target,Target-Immune_system
Immune_system,NKAP,Target,Target-Immune_system
Immune_system,GLMN,Target,Target-Immune_system
Immune_system,CD209,Target,Target-Immune_system
Immune_system,PRKAR1A,Target,Target-Immune_system
Immune_system,SART1,Target,Target-Immune_system
Immune_system,RASAL3,Target,Target-Immune_system
Immune_system,VSIR,Target,Target-Immune_system
Immune_system,CLECL1P,Target,Target-Immune_system
Immune_system,NCK2,Target,Target-Immune_system
Immune_system,PDCD1LG2,Target,Target-Immune_system
Immune_system,TMEM131L,Target,Target-Immune_system
Immune_system,DOP1B,Target,Target-Immune_system
Immune_system,CHRNA7,Target,Target-Immune_system
Immune_system,OR52B4,Target,Target-Immune_system
Immune_system,GNAS,Target,Target-Immune_system
Immune_system,TMPRSS11E,Target,Target-Immune_system
Immune_system,MAGT1,Target,Target-Immune_system
Immune_system,CBR3,Target,Target-Immune_system
Immune_system,JAKMIP1,Target,Target-Immune_system
Immune_system,LHCGR,Target,Target-Immune_system
Immune_system,GTF2A1L,Target,Target-Immune_system
Immune_system,METTL23,Target,Target-Immune_system
Immune_system,CHMP2B,Target,Target-Immune_system
Immune_system,TUSC3,Target,Target-Immune_system
Immune_system,C12orf57,Target,Target-Immune_system
Immune_system,GRM5,Target,Target-Immune_system
Immune_system,GPR155,Target,Target-Immune_system
Immune_system,LCE1D,Target,Target-Immune_system
Immune_system,SHROOM4,Target,Target-Immune_system
Immune_system,SLC1A4,Target,Target-Immune_system
Immune_system,DGCR2,Target,Target-Immune_system
Immune_system,CTNS,Target,Target-Immune_system
Immune_system,NMUR1,Target,Target-Immune_system
Immune_system,MCAM,Target,Target-Immune_system
Immune_system,SCN9A,Target,Target-Immune_system
Immune_system,TJP2,Target,Target-Immune_system
Immune_system,KCNMA1,Target,Target-Immune_system
Immune_system,TRPA1,Target,Target-Immune_system
Immune_system,KIRREL1,Target,Target-Immune_system
Immune_system,CACNA1S,Target,Target-Immune_system
Immune_system,TNNI3,Target,Target-Immune_system
Immune_system,MYL11,Target,Target-Immune_system
Immune_system,LMOD3,Target,Target-Immune_system
Immune_system,ACTC1,Target,Target-Immune_system
Immune_system,UGT2A1,Target,Target-Immune_system
Immune_system,PPCS,Target,Target-Immune_system
Immune_system,HBB,Target,Target-Immune_system
Immune_system,CLCN1,Target,Target-Immune_system
Immune_system,PGAM2,Target,Target-Immune_system
Immune_system,ITGA3,Target,Target-Immune_system
Immune_system,TNNT1,Target,Target-Immune_system
Immune_system,SALL2,Target,Target-Immune_system
Immune_system,MAB21L2,Target,Target-Immune_system
Immune_system,BLOC1S3,Target,Target-Immune_system
Immune_system,ADAMTS18,Target,Target-Immune_system
Immune_system,CPAMD8,Target,Target-Immune_system
Immune_system,UFC1,Target,Target-Immune_system
Immune_system,AFG2A,Target,Target-Immune_system
Immune_system,IER3IP1,Target,Target-Immune_system
Immune_system,VCX3A,Target,Target-Immune_system
Immune_system,UGP2,Target,Target-Immune_system
Immune_system,JSRP1,Target,Target-Immune_system
Immune_system,STAC3,Target,Target-Immune_system
Immune_system,TNNC2,Target,Target-Immune_system
Immune_system,TUBGCP2,Target,Target-Immune_system
Immune_system,TMX2,Target,Target-Immune_system
Immune_system,SLC39A5,Target,Target-Immune_system
Immune_system,SCO2,Target,Target-Immune_system
Immune_system,NDUFS4,Target,Target-Immune_system
Immune_system,CCDC78,Target,Target-Immune_system
Immune_system,MAB21L1,Target,Target-Immune_system
Immune_system,ATF6,Target,Target-Immune_system
Immune_system,SOX2,Target,Target-Immune_system
Immune_system,TNNT3,Target,Target-Immune_system
Immune_system,TNNI2,Target,Target-Immune_system
Immune_system,HTR1D,Target,Target-Immune_system
Immune_system,CLN5,Target,Target-Immune_system
Immune_system,ANAPC7,Target,Target-Immune_system
Immune_system,DHX37,Target,Target-Immune_system
Immune_system,CHRDL1,Target,Target-Immune_system
Immune_system,NKX2-1,Target,Target-Immune_system
Immune_system,QARS1,Target,Target-Immune_system
Immune_system,HESX1,Target,Target-Immune_system
Immune_system,FREM1,Target,Target-Immune_system
Immune_system,CRYBA4,Target,Target-Immune_system
Immune_system,CEMIP,Target,Target-Immune_system
Immune_system,CABP4,Target,Target-Immune_system
Immune_system,MYO1A,Target,Target-Immune_system
Immune_system,OR5AN1,Target,Target-Immune_system
Immune_system,DNAJC19,Target,Target-Immune_system
Immune_system,CRYGD,Target,Target-Immune_system
Immune_system,CRYGC,Target,Target-Immune_system
Immune_system,SLC52A3,Target,Target-Immune_system
Immune_system,OPA3,Target,Target-Immune_system
Immune_system,CRYAA,Target,Target-Immune_system
Immune_system,CACNA1F,Target,Target-Immune_system
Immune_system,SERPINB6,Target,Target-Immune_system
Immune_system,COL11A1,Target,Target-Immune_system
Immune_system,CRYM,Target,Target-Immune_system
Immune_system,GRAP,Target,Target-Immune_system
Immune_system,BIRC5,Target,Target-Immune_system
Immune_system,ABCG2,Target,Target-Immune_system
Immune_system,TRPM1,Target,Target-Immune_system
Immune_system,TBL1X,Target,Target-Immune_system
Immune_system,SLC26A5,Target,Target-Immune_system
Immune_system,BBS2,Target,Target-Immune_system
Immune_system,RS1,Target,Target-Immune_system
Immune_system,CEL,Target,Target-Immune_system
Immune_system,CYP4F2,Target,Target-Immune_system
Immune_system,CYP4A11,Target,Target-Immune_system
Immune_system,TMEM14B,Target,Target-Immune_system
Immune_system,ZNF513,Target,Target-Immune_system
Immune_system,TTBK1,Target,Target-Immune_system
Immune_system,S100A1,Target,Target-Immune_system
Immune_system,MAOB,Target,Target-Immune_system
Immune_system,CCDC14,Target,Target-Immune_system
Immune_system,EFEMP1,Target,Target-Immune_system
Immune_system,ITGB1BP1,Target,Target-Immune_system
Immune_system,YWHAQ,Target,Target-Immune_system
Immune_system,GLUD1,Target,Target-Immune_system
Immune_system,LDHA,Target,Target-Immune_system
Immune_system,BDKRB2,Target,Target-Immune_system
Immune_system,COL5A1,Target,Target-Immune_system
Immune_system,NDRG2,Target,Target-Immune_system
Immune_system,CALM3,Target,Target-Immune_system
Immune_system,CALM2,Target,Target-Immune_system
Immune_system,COL5A2,Target,Target-Immune_system
Immune_system,PDE3A,Target,Target-Immune_system
Immune_system,NARS1,Target,Target-Immune_system
Immune_system,SYPL2,Target,Target-Immune_system
Immune_system,WDR62,Target,Target-Immune_system
Immune_system,POTEE,Target,Target-Immune_system
Immune_system,CYP26B1,Target,Target-Immune_system
Immune_system,COX6B1,Target,Target-Immune_system
Immune_system,ZNF148,Target,Target-Immune_system
Immune_system,ZNF430,Target,Target-Immune_system
Immune_system,SUDS3,Target,Target-Immune_system
Immune_system,NOTCH2NLC,Target,Target-Immune_system
Immune_system,NOTCH2NLB,Target,Target-Immune_system
Immune_system,ARHGAP11B,Target,Target-Immune_system
Immune_system,DYNLL1,Target,Target-Immune_system
Immune_system,CASP5,Target,Target-Immune_system
Immune_system,FGF9,Target,Target-Immune_system
Immune_system,G6PD,Target,Target-Immune_system
Immune_system,GCLM,Target,Target-Immune_system
Immune_system,GCLC,Target,Target-Immune_system
Immune_system,NOTCH2NLA,Target,Target-Immune_system
Immune_system,AMOT,Target,Target-Immune_system
Immune_system,RAD1,Target,Target-Immune_system
Immune_system,YWHAH,Target,Target-Immune_system
Immune_system,FBN2,Target,Target-Immune_system
Immune_system,SEMA3A,Target,Target-Immune_system
Immune_system,SRGAP2C,Target,Target-Immune_system
Immune_system,STRA6,Target,Target-Immune_system
Immune_system,MAPKAP1,Target,Target-Immune_system
Immune_system,ATP5PF,Target,Target-Immune_system
Immune_system,VPS51,Target,Target-Immune_system
Immune_system,USH1G,Target,Target-Immune_system
Immune_system,GUCA1B,Target,Target-Immune_system
Immune_system,IRX5,Target,Target-Immune_system
Immune_system,EIF4A3,Target,Target-Immune_system
Immune_system,WNT1,Target,Target-Immune_system
Immune_system,FTSJ1,Target,Target-Immune_system
Immune_system,ASIC2,Target,Target-Immune_system
Immune_system,CLMP,Target,Target-Immune_system
Immune_system,TBX18,Target,Target-Immune_system
Immune_system,DKK3,Target,Target-Immune_system
Immune_system,IGSF3,Target,Target-Immune_system
Immune_system,TRIP11,Target,Target-Immune_system
Immune_system,NUP133,Target,Target-Immune_system
Immune_system,MYOCD,Target,Target-Immune_system
Immune_system,MUC4,Target,Target-Immune_system
Immune_system,TRAF3IP1,Target,Target-Immune_system
Immune_system,RPL13,Target,Target-Immune_system
Immune_system,PLS3,Target,Target-Immune_system
Immune_system,HYAL1,Target,Target-Immune_system
Immune_system,BORCS8,Target,Target-Immune_system
Immune_system,THOC2,Target,Target-Immune_system
Immune_system,ASIC3,Target,Target-Immune_system
Immune_system,NTRK3,Target,Target-Immune_system
Immune_system,PBLD,Target,Target-Immune_system
Immune_system,ADAP2,Target,Target-Immune_system
Immune_system,ITGA8,Target,Target-Immune_system
Immune_system,ASIC1,Target,Target-Immune_system
Immune_system,C1GALT1,Target,Target-Immune_system
Immune_system,ZNG1A,Target,Target-Immune_system
Immune_system,MPZ,Target,Target-Immune_system
Immune_system,STC1,Target,Target-Immune_system
Immune_system,RNLS,Target,Target-Immune_system
Immune_system,SMCHD1,Target,Target-Immune_system
Immune_system,P3H1,Target,Target-Immune_system
Immune_system,MEF2D,Target,Target-Immune_system
Immune_system,HNF1B,Target,Target-Immune_system
Immune_system,ERCC6,Target,Target-Immune_system
Immune_system,DYM,Target,Target-Immune_system
Immune_system,TG,Target,Target-Immune_system
Immune_system,BCOR,Target,Target-Immune_system
Immune_system,SMYD4,Target,Target-Immune_system
Immune_system,TBX5,Target,Target-Immune_system
Immune_system,ITGB8,Target,Target-Immune_system
Immune_system,ZBTB16,Target,Target-Immune_system
Immune_system,ACER3,Target,Target-Immune_system
Immune_system,STRAP,Target,Target-Immune_system
Immune_system,IL4R,Target,Target-Immune_system
Immune_system,IL7R,Target,Target-Immune_system
Immune_system,IL15RA,Target,Target-Immune_system
Immune_system,IL22RA2,Target,Target-Immune_system
Immune_system,IL18RAP,Target,Target-Immune_system
Immune_system,GHR,Target,Target-Immune_system
Immune_system,IL10RA,Target,Target-Immune_system
Immune_system,IL1RL1,Target,Target-Immune_system
Immune_system,IL13RA2,Target,Target-Immune_system
Immune_system,IL23R,Target,Target-Immune_system
Immune_system,IL9R,Target,Target-Immune_system
Immune_system,IL11RA,Target,Target-Immune_system
Immune_system,EBI3,Target,Target-Immune_system
Immune_system,IL2RB,Target,Target-Immune_system
Immune_system,IL6R,Target,Target-Immune_system
Immune_system,IL2RG,Target,Target-Immune_system
Immune_system,IL5RA,Target,Target-Immune_system
Immune_system,IL3RA,Target,Target-Immune_system
Immune_system,TBCC,Target,Target-Immune_system
Immune_system,IFT52,Target,Target-Immune_system
Immune_system,TMEM132E,Target,Target-Immune_system
Immune_system,IFT57,Target,Target-Immune_system
Immune_system,OCRL,Target,Target-Immune_system
Immune_system,WNT10B,Target,Target-Immune_system
Immune_system,FOXF2,Target,Target-Immune_system
Immune_system,AQP5,Target,Target-Immune_system
Immune_system,ANXA2,Target,Target-Immune_system
Immune_system,WNT5B,Target,Target-Immune_system
Immune_system,TDP2,Target,Target-Immune_system
Immune_system,FOXC2,Target,Target-Immune_system
Immune_system,OPRPN,Target,Target-Immune_system
Immune_system,CEP85L,Target,Target-Immune_system
Immune_system,TGFBI,Target,Target-Immune_system
Immune_system,AIFM1,Target,Target-Immune_system
Immune_system,KCNMB2,Target,Target-Immune_system
Immune_system,DISP1,Target,Target-Immune_system
Immune_system,RTN1,Target,Target-Immune_system
Immune_system,IGFBP7,Target,Target-Immune_system
Immune_system,CALCRL,Target,Target-Immune_system
Immune_system,RASA1,Target,Target-Immune_system
Immune_system,CD93,Target,Target-Immune_system
Immune_system,ESM1,Target,Target-Immune_system
Immune_system,PTCH1,Target,Target-Immune_system
Immune_system,PROK2,Target,Target-Immune_system
Immune_system,KCNMB4,Target,Target-Immune_system
Immune_system,ITGAV,Target,Target-Immune_system
Immune_system,NCL,Target,Target-Immune_system
Immune_system,KCNMB3,Target,Target-Immune_system
Immune_system,KANK2,Target,Target-Immune_system
Immune_system,HS6ST1,Target,Target-Immune_system
Immune_system,SFTPD,Target,Target-Immune_system
Immune_system,DCX,Target,Target-Immune_system
Immune_system,FGF1,Target,Target-Immune_system
Immune_system,KIAA0319,Target,Target-Immune_system
Immune_system,SERPINE1,Target,Target-Immune_system
Immune_system,MINAR2,Target,Target-Immune_system
Immune_system,HOXA3,Target,Target-Immune_system
Immune_system,ALPK2,Target,Target-Immune_system
Immune_system,MAGED2,Target,Target-Immune_system
Immune_system,NOX5,Target,Target-Immune_system
Immune_system,HOXB3,Target,Target-Immune_system
Immune_system,MMRN2,Target,Target-Immune_system
Immune_system,MYEF2,Target,Target-Immune_system
Immune_system,CCM2,Target,Target-Immune_system
Immune_system,RAMP1,Target,Target-Immune_system
Immune_system,GJA5,Target,Target-Immune_system
Immune_system,SAT1,Target,Target-Immune_system
Immune_system,SCN4B,Target,Target-Immune_system
Immune_system,ITM2C,Target,Target-Immune_system
Immune_system,TNNT2,Target,Target-Immune_system
Immune_system,FGF4,Target,Target-Immune_system
Immune_system,SLC12A3,Target,Target-Immune_system
Immune_system,ADM2,Target,Target-Immune_system
Immune_system,GPR15,Target,Target-Immune_system
Immune_system,HMGA2,Target,Target-Immune_system
Immune_system,SOX18,Target,Target-Immune_system
Immune_system,PANK2,Target,Target-Immune_system
Immune_system,FGF2,Target,Target-Immune_system
Immune_system,UGDH,Target,Target-Immune_system
Immune_system,ALDH1A2,Target,Target-Immune_system
Immune_system,HOXB13,Target,Target-Immune_system
Immune_system,PAFAH1B1,Target,Target-Immune_system
Immune_system,GDF5,Target,Target-Immune_system
Immune_system,AKTIP,Target,Target-Immune_system
Immune_system,ITGA9,Target,Target-Immune_system
Immune_system,ANXA8,Target,Target-Immune_system
Immune_system,FHIP1B,Target,Target-Immune_system
Immune_system,ZNF501,Target,Target-Immune_system
Immune_system,RAB1B,Target,Target-Immune_system
Immune_system,TOR1B,Target,Target-Immune_system
Immune_system,DYNC2H1,Target,Target-Immune_system
Immune_system,ATL2,Target,Target-Immune_system
Immune_system,TLCD1,Target,Target-Immune_system
Immune_system,TBC1D20,Target,Target-Immune_system
Immune_system,TMCC1,Target,Target-Immune_system
Immune_system,GOLGA5,Target,Target-Immune_system
Immune_system,USP6NL,Target,Target-Immune_system
Immune_system,TRAPPC12,Target,Target-Immune_system
Immune_system,MAPK15,Target,Target-Immune_system
Immune_system,TMED2,Target,Target-Immune_system
Immune_system,TRAPPC8,Target,Target-Immune_system
Immune_system,CLASP2,Target,Target-Immune_system
Immune_system,TOR1AIP2,Target,Target-Immune_system
Immune_system,MIA3,Target,Target-Immune_system
Immune_system,SEC16B,Target,Target-Immune_system
Immune_system,COG3,Target,Target-Immune_system
Immune_system,HOOK2,Target,Target-Immune_system
Immune_system,RAB22A,Target,Target-Immune_system
Immune_system,HOOK1,Target,Target-Immune_system
Immune_system,RAB6B,Target,Target-Immune_system
Immune_system,HOOK3,Target,Target-Immune_system
Immune_system,GOLPH3L,Target,Target-Immune_system
Immune_system,TMED9,Target,Target-Immune_system
Immune_system,LMAN1,Target,Target-Immune_system
Immune_system,WASH3P,Target,Target-Immune_system
Immune_system,LNPK,Target,Target-Immune_system
Immune_system,PHETA2,Target,Target-Immune_system
Immune_system,FAM174B,Target,Target-Immune_system
Immune_system,ZW10,Target,Target-Immune_system
Immune_system,RAB43,Target,Target-Immune_system
Immune_system,ATL3,Target,Target-Immune_system
Immune_system,LAPTM4B,Target,Target-Immune_system
Immune_system,SURF4,Target,Target-Immune_system
Immune_system,EXOC8,Target,Target-Immune_system
Immune_system,GARIN4,Target,Target-Immune_system
Immune_system,HACE1,Target,Target-Immune_system
Immune_system,LYSMD3,Target,Target-Immune_system
Immune_system,TRAPPC11,Target,Target-Immune_system
Immune_system,SVEP1,Target,Target-Immune_system
Immune_system,TLCD2,Target,Target-Immune_system
Immune_system,COG2,Target,Target-Immune_system
Immune_system,ZFP69B,Target,Target-Immune_system
Immune_system,SNX33,Target,Target-Immune_system
Immune_system,RNF26,Target,Target-Immune_system
Immune_system,WASHC4,Target,Target-Immune_system
Immune_system,RAB29,Target,Target-Immune_system
Immune_system,RAB30,Target,Target-Immune_system
Immune_system,COG4,Target,Target-Immune_system
Immune_system,PHETA1,Target,Target-Immune_system
Immune_system,DNAJC13,Target,Target-Immune_system
Immune_system,VAPB,Target,Target-Immune_system
Immune_system,MPL,Target,Target-Immune_system
Immune_system,CCR5,Target,Target-Immune_system
Immune_system,GFRA2,Target,Target-Immune_system
Immune_system,ACKR4,Target,Target-Immune_system
Immune_system,GFRA4,Target,Target-Immune_system
Immune_system,PRLR,Target,Target-Immune_system
Immune_system,GFRA3,Target,Target-Immune_system
Immune_system,COQ8B,Target,Target-Immune_system
Immune_system,C2CD4B,Target,Target-Immune_system
Immune_system,FOXP2,Target,Target-Immune_system
Immune_system,FOXL2,Target,Target-Immune_system
Immune_system,DEGS1,Target,Target-Immune_system
Immune_system,INPPL1,Target,Target-Immune_system
Immune_system,TENM3,Target,Target-Immune_system
Immune_system,MFAP2,Target,Target-Immune_system
Immune_system,NEK10,Target,Target-Immune_system
Immune_system,C2CD4A,Target,Target-Immune_system
Immune_system,SZT2,Target,Target-Immune_system
Immune_system,TMEM230,Target,Target-Immune_system
Immune_system,COPS5,Target,Target-Immune_system
Immune_system,PTPRM,Target,Target-Immune_system
Immune_system,SLC30A10,Target,Target-Immune_system
Immune_system,CLTCL1,Target,Target-Immune_system
Immune_system,ITSN1,Target,Target-Immune_system
Immune_system,DGKD,Target,Target-Immune_system
Immune_system,REPS1,Target,Target-Immune_system
Immune_system,CAVIN2,Target,Target-Immune_system
Immune_system,BIN2,Target,Target-Immune_system
Immune_system,TMEM170A,Target,Target-Immune_system
Immune_system,GCC2,Target,Target-Immune_system
Immune_system,TMED5,Target,Target-Immune_system
Immune_system,PRMT5,Target,Target-Immune_system
Immune_system,RAB18,Target,Target-Immune_system
Immune_system,CORO1C,Target,Target-Immune_system
Immune_system,LMNB1,Target,Target-Immune_system
Immune_system,REEP3,Target,Target-Immune_system
Immune_system,REEP4,Target,Target-Immune_system
Immune_system,RETREG3,Target,Target-Immune_system
Immune_system,CTDNEP1,Target,Target-Immune_system
Immune_system,CCDC32,Target,Target-Immune_system
Immune_system,STEEP1,Target,Target-Immune_system
Immune_system,TF,Target,Target-Immune_system
Immune_system,STX18,Target,Target-Immune_system
Immune_system,ACTA2,Target,Target-Immune_system
Immune_system,TMEM201,Target,Target-Immune_system
Immune_system,WHAMM,Target,Target-Immune_system
Immune_system,CXCR1,Target,Target-Immune_system
Immune_system,CCR7,Target,Target-Immune_system
Immune_system,CXCR4,Target,Target-Immune_system
Immune_system,VASH2,Target,Target-Immune_system
Immune_system,COL4A4,Target,Target-Immune_system
Immune_system,GARS1,Target,Target-Immune_system
Immune_system,CHRNB4,Target,Target-Immune_system
Immune_system,DIPK2A,Target,Target-Immune_system
Immune_system,STMN2,Target,Target-Immune_system
Immune_system,FSHR,Target,Target-Immune_system
Immune_system,ZFP42,Target,Target-Immune_system
Immune_system,SPAST,Target,Target-Immune_system
Immune_system,LOXL2,Target,Target-Immune_system
Immune_system,VRK1,Target,Target-Immune_system
Immune_system,ERMN,Target,Target-Immune_system
Immune_system,TFAP2C,Target,Target-Immune_system
Immune_system,NR0B1,Target,Target-Immune_system
Immune_system,GRIN3A,Target,Target-Immune_system
Immune_system,ULK1,Target,Target-Immune_system
Immune_system,PLLP,Target,Target-Immune_system
Immune_system,SKOR1,Target,Target-Immune_system
Immune_system,TBC1D24,Target,Target-Immune_system
Immune_system,MARK3,Target,Target-Immune_system
Immune_system,SMN1,Target,Target-Immune_system
Immune_system,KCNIP2,Target,Target-Immune_system
Immune_system,METTL5,Target,Target-Immune_system
Immune_system,HEPACAM,Target,Target-Immune_system
Immune_system,TMEM222,Target,Target-Immune_system
Immune_system,MLPH,Target,Target-Immune_system
Immune_system,NPHS1,Target,Target-Immune_system
Immune_system,ERCC3,Target,Target-Immune_system
Immune_system,OTX2,Target,Target-Immune_system
Immune_system,EFNB2,Target,Target-Immune_system
Immune_system,SCN4A,Target,Target-Immune_system
Immune_system,RBMY1B,Target,Target-Immune_system
Immune_system,GSK3B,Target,Target-Immune_system
Immune_system,UNK,Target,Target-Immune_system
Immune_system,PSEN1,Target,Target-Immune_system
Immune_system,AKR1C3,Target,Target-Immune_system
Immune_system,SLC9A5,Target,Target-Immune_system
Immune_system,C4A,Target,Target-Immune_system
Immune_system,FGF12,Target,Target-Immune_system
Immune_system,CAMK2D,Target,Target-Immune_system
Immune_system,AQP6,Target,Target-Immune_system
Immune_system,MAMLD1,Target,Target-Immune_system
Immune_system,SRD5A2,Target,Target-Immune_system
Immune_system,HCFC1,Target,Target-Immune_system
Immune_system,KIF13B,Target,Target-Immune_system
Immune_system,SLITRK1,Target,Target-Immune_system
Immune_system,LRRTM1,Target,Target-Immune_system
Immune_system,ELOVL5,Target,Target-Immune_system
Immune_system,NR5A1,Target,Target-Immune_system
Immune_system,NR2F2,Target,Target-Immune_system
Immune_system,SMIM45,Target,Target-Immune_system
Immune_system,CTNND2,Target,Target-Immune_system
Immune_system,GNA12,Target,Target-Immune_system
Immune_system,SRR,Target,Target-Immune_system
Immune_system,BCCIP,Target,Target-Immune_system
Immune_system,CCSAP,Target,Target-Immune_system
Immune_system,ERCC2,Target,Target-Immune_system
Immune_system,RND1,Target,Target-Immune_system
Immune_system,UTF1,Target,Target-Immune_system
Immune_system,ACADM,Target,Target-Immune_system
Immune_system,KITLG,Target,Target-Immune_system
Immune_system,CDHR1,Target,Target-Immune_system
Immune_system,SETX,Target,Target-Immune_system
Immune_system,FGF7,Target,Target-Immune_system
Immune_system,TMEM266,Target,Target-Immune_system
Immune_system,GCHFR,Target,Target-Immune_system
Immune_system,TBCD,Target,Target-Immune_system
Immune_system,LGALS8,Target,Target-Immune_system
Immune_system,TEAD3,Target,Target-Immune_system
Immune_system,GHSR,Target,Target-Immune_system
Immune_system,LAMB1,Target,Target-Immune_system
Immune_system,GATA4,Target,Target-Immune_system
Immune_system,ACAD9,Target,Target-Immune_system
Immune_system,ZNF804A,Target,Target-Immune_system
Immune_system,KCNE3,Target,Target-Immune_system
Immune_system,BTG2,Target,Target-Immune_system
Immune_system,NAXE,Target,Target-Immune_system
Immune_system,SLIT3,Target,Target-Immune_system
Immune_system,SLIT1,Target,Target-Immune_system
Immune_system,SLC35G2,Target,Target-Immune_system
Immune_system,SLC35F1,Target,Target-Immune_system
Immune_system,ANGPTL7,Target,Target-Immune_system
Immune_system,SRD5A3,Target,Target-Immune_system
Immune_system,GDPD1,Target,Target-Immune_system
Immune_system,GORASP2,Target,Target-Immune_system
Immune_system,ZDHHC22,Target,Target-Immune_system
Immune_system,NPC1,Target,Target-Immune_system
Immune_system,ACAT1,Target,Target-Immune_system
Immune_system,FGFRL1,Target,Target-Immune_system
Immune_system,ARMC10,Target,Target-Immune_system
Immune_system,DYNAP,Target,Target-Immune_system
Immune_system,ORMDL3,Target,Target-Immune_system
Immune_system,PLK1,Target,Target-Immune_system
Immune_system,ANO5,Target,Target-Immune_system
Immune_system,POFUT1,Target,Target-Immune_system
Immune_system,TOR3A,Target,Target-Immune_system
Immune_system,LMAN2,Target,Target-Immune_system
Immune_system,TMEM115,Target,Target-Immune_system
Immune_system,UNC13B,Target,Target-Immune_system
Immune_system,CERKL,Target,Target-Immune_system
Immune_system,HMGCR,Target,Target-Immune_system
Immune_system,NBAS,Target,Target-Immune_system
Immune_system,PARP16,Target,Target-Immune_system
Immune_system,TMEM258,Target,Target-Immune_system
Immune_system,KCNRG,Target,Target-Immune_system
Immune_system,TAB3,Target,Target-Immune_system
Immune_system,PSMG1,Target,Target-Immune_system
Immune_system,SYTL4,Target,Target-Immune_system
Immune_system,HCN4,Target,Target-Immune_system
Immune_system,PCYT1B,Target,Target-Immune_system
Immune_system,CHMP7,Target,Target-Immune_system
Immune_system,ATP2A3,Target,Target-Immune_system
Immune_system,EXT2,Target,Target-Immune_system
Immune_system,ERO1A,Target,Target-Immune_system
Immune_system,ITPKB,Target,Target-Immune_system
Immune_system,STX16,Target,Target-Immune_system
Immune_system,GOSR2,Target,Target-Immune_system
Immune_system,MYDGF,Target,Target-Immune_system
Immune_system,ZDHHC6,Target,Target-Immune_system
Immune_system,GALT,Target,Target-Immune_system
Immune_system,C19orf12,Target,Target-Immune_system
Immune_system,ATP11B,Target,Target-Immune_system
Immune_system,B3GALNT2,Target,Target-Immune_system
Immune_system,B3GALT5,Target,Target-Immune_system
Immune_system,RXYLT1,Target,Target-Immune_system
Immune_system,RICTOR,Target,Target-Immune_system
Immune_system,SEL1L,Target,Target-Immune_system
Immune_system,DBI,Target,Target-Immune_system
Immune_system,FAF2,Target,Target-Immune_system
Immune_system,DENND4B,Target,Target-Immune_system
Immune_system,CDS2,Target,Target-Immune_system
Immune_system,CLDN14,Target,Target-Immune_system
Immune_system,VTI1B,Target,Target-Immune_system
Immune_system,USP32,Target,Target-Immune_system
Immune_system,BIRC7,Target,Target-Immune_system
Immune_system,ENTR1,Target,Target-Immune_system
Immune_system,ATP2A2,Target,Target-Immune_system
Immune_system,AKAP9,Target,Target-Immune_system
Immune_system,AGPAT1,Target,Target-Immune_system
Immune_system,ZDHHC19,Target,Target-Immune_system
Immune_system,EIF5A,Target,Target-Immune_system
Immune_system,LITAF,Target,Target-Immune_system
Immune_system,ABCA8,Target,Target-Immune_system
Immune_system,EEF1G,Target,Target-Immune_system
Immune_system,SEC23B,Target,Target-Immune_system
Immune_system,FUT6,Target,Target-Immune_system
Immune_system,C18orf32,Target,Target-Immune_system
Immune_system,TM9SF4,Target,Target-Immune_system
Immune_system,PSMF1,Target,Target-Immune_system
Immune_system,DNAJB14,Target,Target-Immune_system
Immune_system,GRAMD2A,Target,Target-Immune_system
Immune_system,HMGCLL1,Target,Target-Immune_system
Immune_system,SLC35B2,Target,Target-Immune_system
Immune_system,TMTC3,Target,Target-Immune_system
Immune_system,HSD3B2,Target,Target-Immune_system
Immune_system,TMEM192,Target,Target-Immune_system
Immune_system,GNPTAB,Target,Target-Immune_system
Immune_system,P3H4,Target,Target-Immune_system
Immune_system,PXYLP1,Target,Target-Immune_system
Immune_system,COG7,Target,Target-Immune_system
Immune_system,TM9SF2,Target,Target-Immune_system
Immune_system,GLA,Target,Target-Immune_system
Immune_system,ANO7,Target,Target-Immune_system
Immune_system,DNM1L,Target,Target-Immune_system
Immune_system,EBP,Target,Target-Immune_system
Immune_system,SGPP2,Target,Target-Immune_system
Immune_system,SORL1,Target,Target-Immune_system
Immune_system,RUBCN,Target,Target-Immune_system
Immune_system,CGRRF1,Target,Target-Immune_system
Immune_system,ZDHHC14,Target,Target-Immune_system
Immune_system,ATP10B,Target,Target-Immune_system
Immune_system,TLR1,Target,Target-Immune_system
Immune_system,PUM3,Target,Target-Immune_system
Immune_system,DHCR24,Target,Target-Immune_system
Immune_system,SCYL3,Target,Target-Immune_system
Immune_system,RNF103,Target,Target-Immune_system
Immune_system,CCDC170,Target,Target-Immune_system
Immune_system,TMED7,Target,Target-Immune_system
Immune_system,LRPAP1,Target,Target-Immune_system
Immune_system,DHCR7,Target,Target-Immune_system
Immune_system,PCSK9,Target,Target-Immune_system
Immune_system,SUMF1,Target,Target-Immune_system
Immune_system,SUMF2,Target,Target-Immune_system
Immune_system,P4HB,Target,Target-Immune_system
Immune_system,HSD17B3,Target,Target-Immune_system
Immune_system,UBE2G2,Target,Target-Immune_system
Immune_system,TMBIM1,Target,Target-Immune_system
Immune_system,SPTSSA,Target,Target-Immune_system
Immune_system,TMEM203,Target,Target-Immune_system
Immune_system,ADAM10,Target,Target-Immune_system
Immune_system,BACE2,Target,Target-Immune_system
Immune_system,PEX16,Target,Target-Immune_system
Immune_system,SNX5,Target,Target-Immune_system
Immune_system,AUP1,Target,Target-Immune_system
Immune_system,INSIG2,Target,Target-Immune_system
Immune_system,TNPO3,Target,Target-Immune_system
Immune_system,ACSL3,Target,Target-Immune_system
Immune_system,BICD1,Target,Target-Immune_system
Immune_system,CERS1,Target,Target-Immune_system
Immune_system,PRSS50,Target,Target-Immune_system
Immune_system,CLEC2D,Target,Target-Immune_system
Immune_system,B4GALT7,Target,Target-Immune_system
Immune_system,CRTAP,Target,Target-Immune_system
Immune_system,AKAP8L,Target,Target-Immune_system
Immune_system,FNDC3A,Target,Target-Immune_system
Immune_system,SLC30A1,Target,Target-Immune_system
Immune_system,ABCC12,Target,Target-Immune_system
Immune_system,ZDHHC8,Target,Target-Immune_system
Immune_system,ACSL5,Target,Target-Immune_system
Immune_system,MLANA,Target,Target-Immune_system
Immune_system,AMFR,Target,Target-Immune_system
Immune_system,ACSBG1,Target,Target-Immune_system
Immune_system,SNF8,Target,Target-Immune_system
Immune_system,LMAN2L,Target,Target-Immune_system
Immune_system,AGA,Target,Target-Immune_system
Immune_system,NT5C3A,Target,Target-Immune_system
Immune_system,MAGEL2,Target,Target-Immune_system
Immune_system,HACD2,Target,Target-Immune_system
Immune_system,VMP1,Target,Target-Immune_system
Immune_system,B3GALT6,Target,Target-Immune_system
Immune_system,ADRB2,Target,Target-Immune_system
Immune_system,UBQLN1,Target,Target-Immune_system
Immune_system,L1RE1,Target,Target-Immune_system
Immune_system,SPINK5,Target,Target-Immune_system
Immune_system,PLK3,Target,Target-Immune_system
Immune_system,INSIG1,Target,Target-Immune_system
Immune_system,MBOAT7,Target,Target-Immune_system
Immune_system,AGPAT3,Target,Target-Immune_system
Immune_system,LDAH,Target,Target-Immune_system
Immune_system,TMEM167B,Target,Target-Immune_system
Immune_system,COG5,Target,Target-Immune_system
Immune_system,SLC26A11,Target,Target-Immune_system
Immune_system,EEF1D,Target,Target-Immune_system
Immune_system,SNX3,Target,Target-Immune_system
Immune_system,EEF1B2,Target,Target-Immune_system
Immune_system,ELOVL1,Target,Target-Immune_system
Immune_system,FICD,Target,Target-Immune_system
Immune_system,TMEM241,Target,Target-Immune_system
Immune_system,CNIH4,Target,Target-Immune_system
Immune_system,DUSP26,Target,Target-Immune_system
Immune_system,RNFT1,Target,Target-Immune_system
Immune_system,UGT1A9,Target,Target-Immune_system
Immune_system,TMEM97,Target,Target-Immune_system
Immune_system,MARCHF5,Target,Target-Immune_system
Immune_system,PANX1,Target,Target-Immune_system
Immune_system,MESD,Target,Target-Immune_system
Immune_system,CLINT1,Target,Target-Immune_system
Immune_system,SNX8,Target,Target-Immune_system
Immune_system,VPS53,Target,Target-Immune_system
Immune_system,SET,Target,Target-Immune_system
Immune_system,HACD4,Target,Target-Immune_system
Immune_system,B4GAT1,Target,Target-Immune_system
Immune_system,TGM4,Target,Target-Immune_system
Immune_system,SLC27A5,Target,Target-Immune_system
Immune_system,ACER2,Target,Target-Immune_system
Immune_system,SERPINA2,Target,Target-Immune_system
Immune_system,FGFR3,Target,Target-Immune_system
Immune_system,TSC2,Target,Target-Immune_system
Immune_system,STX2,Target,Target-Immune_system
Immune_system,CALU,Target,Target-Immune_system
Immune_system,ECPAS,Target,Target-Immune_system
Immune_system,UGT1A4,Target,Target-Immune_system
Immune_system,UGT1A1,Target,Target-Immune_system
Immune_system,HHAT,Target,Target-Immune_system
Immune_system,PMEL,Target,Target-Immune_system
Immune_system,AGBL4,Target,Target-Immune_system
Immune_system,PDE4DIP,Target,Target-Immune_system
Immune_system,DAOA,Target,Target-Immune_system
Immune_system,ELOVL6,Target,Target-Immune_system
Immune_system,EXTL3,Target,Target-Immune_system
Immune_system,DCTN1,Target,Target-Immune_system
Immune_system,ABCG1,Target,Target-Immune_system
Immune_system,SNX1,Target,Target-Immune_system
Immune_system,STIM1,Target,Target-Immune_system
Immune_system,VWF,Target,Target-Immune_system
Immune_system,ATR,Target,Target-Immune_system
Immune_system,ASAH1,Target,Target-Immune_system
Immune_system,SNX2,Target,Target-Immune_system
Immune_system,LCLAT1,Target,Target-Immune_system
Immune_system,PARM1,Target,Target-Immune_system
Immune_system,ARSL,Target,Target-Immune_system
Immune_system,DUOX1,Target,Target-Immune_system
Immune_system,DUOX2,Target,Target-Immune_system
Immune_system,ASAH2,Target,Target-Immune_system
Immune_system,MAP2K2,Target,Target-Immune_system
Immune_system,SNX6,Target,Target-Immune_system
Immune_system,BCL2L10,Target,Target-Immune_system
Immune_system,GOPC,Target,Target-Immune_system
Immune_system,STRN3,Target,Target-Immune_system
Immune_system,SMIM14,Target,Target-Immune_system
Immune_system,HACD1,Target,Target-Immune_system
Immune_system,TMEM30A,Target,Target-Immune_system
Immune_system,ATP8B2,Target,Target-Immune_system
Immune_system,ATP11A,Target,Target-Immune_system
Immune_system,PIGZ,Target,Target-Immune_system
Immune_system,ARFRP1,Target,Target-Immune_system
Immune_system,UGT1A8,Target,Target-Immune_system
Immune_system,UGT1A10,Target,Target-Immune_system
Immune_system,UGT1A7,Target,Target-Immune_system
Immune_system,ELOVL3,Target,Target-Immune_system
Immune_system,ABCA12,Target,Target-Immune_system
Immune_system,TECR,Target,Target-Immune_system
Immune_system,PGRMC2,Target,Target-Immune_system
Immune_system,GPX7,Target,Target-Immune_system
Immune_system,DNAJB12,Target,Target-Immune_system
Immune_system,BET1,Target,Target-Immune_system
Immune_system,TMT1A,Target,Target-Immune_system
Immune_system,CCDC115,Target,Target-Immune_system
Immune_system,RILP,Target,Target-Immune_system
Immune_system,MACF1,Target,Target-Immune_system
Immune_system,TMED1,Target,Target-Immune_system
Immune_system,GOLGA4,Target,Target-Immune_system
Immune_system,PROC,Target,Target-Immune_system
Immune_system,HEPACAM2,Target,Target-Immune_system
Immune_system,RNF186,Target,Target-Immune_system
Immune_system,ELOVL2,Target,Target-Immune_system
Immune_system,STX5,Target,Target-Immune_system
Immune_system,JMJD8,Target,Target-Immune_system
Immune_system,CLN6,Target,Target-Immune_system
Immune_system,CHST5,Target,Target-Immune_system
Immune_system,ELOVL4,Target,Target-Immune_system
Immune_system,DERL2,Target,Target-Immune_system
Immune_system,SERAC1,Target,Target-Immune_system
Immune_system,HACD3,Target,Target-Immune_system
Immune_system,LTC4S,Target,Target-Immune_system
Immune_system,STIM2,Target,Target-Immune_system
Immune_system,ATP10D,Target,Target-Immune_system
Immune_system,ORMDL2,Target,Target-Immune_system
Immune_system,MAL,Target,Target-Immune_system
Immune_system,GLYATL2,Target,Target-Immune_system
Immune_system,CDS1,Target,Target-Immune_system
Immune_system,CYB5R4,Target,Target-Immune_system
Immune_system,COG1,Target,Target-Immune_system
Immune_system,GPR143,Target,Target-Immune_system
Immune_system,LINC01547,Target,Target-Immune_system
Immune_system,SLC30A9,Target,Target-Immune_system
Immune_system,HRAS,Target,Target-Immune_system
Immune_system,CCDC88A,Target,Target-Immune_system
Immune_system,TNFRSF10A,Target,Target-Immune_system
Immune_system,PTCHD3,Target,Target-Immune_system
Immune_system,TMC6,Target,Target-Immune_system
Immune_system,UGT2B28,Target,Target-Immune_system
Immune_system,SLC16A13,Target,Target-Immune_system
Immune_system,GGT2P,Target,Target-Immune_system
Immune_system,DPM3,Target,Target-Immune_system
Immune_system,SRP72,Target,Target-Immune_system
Immune_system,CLEC16A,Target,Target-Immune_system
Immune_system,STC2,Target,Target-Immune_system
Immune_system,WFS1,Target,Target-Immune_system
Immune_system,CSNK1D,Target,Target-Immune_system
Immune_system,P3H2,Target,Target-Immune_system
Immune_system,TMEM167A,Target,Target-Immune_system
Immune_system,SERPINA1,Target,Target-Immune_system
Immune_system,HADHB,Target,Target-Immune_system
Immune_system,BNIP3L,Target,Target-Immune_system
Immune_system,IGF2R,Target,Target-Immune_system
Immune_system,TANGO2,Target,Target-Immune_system
Immune_system,KCNA5,Target,Target-Immune_system
Immune_system,FGFR4,Target,Target-Immune_system
Immune_system,DUOXA2,Target,Target-Immune_system
Immune_system,DUOXA1,Target,Target-Immune_system
Immune_system,UGT1A3,Target,Target-Immune_system
Immune_system,NLRP5,Target,Target-Immune_system
Immune_system,RAP1GDS1,Target,Target-Immune_system
Immune_system,CKAP4,Target,Target-Immune_system
Immune_system,VASH1,Target,Target-Immune_system
Immune_system,TECRL,Target,Target-Immune_system
Immune_system,BAIAP3,Target,Target-Immune_system
Immune_system,KCNJ6,Target,Target-Immune_system
Immune_system,BCAP31,Target,Target-Immune_system
Immune_system,CEP57,Target,Target-Immune_system
Immune_system,SCN5A,Target,Target-Immune_system
Immune_system,PLPP2,Target,Target-Immune_system
Immune_system,CHMP2A,Target,Target-Immune_system
Immune_system,B4GALT1,Target,Target-Immune_system
Immune_system,ARL1,Target,Target-Immune_system
Immune_system,METTL9,Target,Target-Immune_system
Immune_system,PEX3,Target,Target-Immune_system
Immune_system,GOLT1A,Target,Target-Immune_system
Immune_system,SPATA16,Target,Target-Immune_system
Immune_system,ST8SIA4,Target,Target-Immune_system
Immune_system,ST8SIA2,Target,Target-Immune_system
Immune_system,KCNJ18,Target,Target-Immune_system
Immune_system,ATP10A,Target,Target-Immune_system
Immune_system,UGT1A6,Target,Target-Immune_system
Immune_system,NBEAL2,Target,Target-Immune_system
Immune_system,PRKN,Target,Target-Immune_system
Immune_system,ANP32A,Target,Target-Immune_system
Immune_system,AGMO,Target,Target-Immune_system
Immune_system,RNF19B,Target,Target-Immune_system
Immune_system,GPR85,Target,Target-Immune_system
Immune_system,ACSL6,Target,Target-Immune_system
Immune_system,MMP27,Target,Target-Immune_system
Immune_system,VHL,Target,Target-Immune_system
Immune_system,XPO1,Target,Target-Immune_system
Immune_system,WDR81,Target,Target-Immune_system
Immune_system,RIPOR1,Target,Target-Immune_system
Immune_system,HAS3,Target,Target-Immune_system
Immune_system,ATP8B4,Target,Target-Immune_system
Immune_system,HAS1,Target,Target-Immune_system
Immune_system,MPHOSPH9,Target,Target-Immune_system
Immune_system,SORT1,Target,Target-Immune_system
Immune_system,NMNAT2,Target,Target-Immune_system
Immune_system,KCNG3,Target,Target-Immune_system
Immune_system,SLC30A5,Target,Target-Immune_system
Immune_system,OSBPL8,Target,Target-Immune_system
Immune_system,CLDN8,Target,Target-Immune_system
Immune_system,TMC8,Target,Target-Immune_system
Immune_system,ASB11,Target,Target-Immune_system
Immune_system,ARAP1,Target,Target-Immune_system
Immune_system,YES1,Target,Target-Immune_system
Immune_system,ALOX5AP,Target,Target-Immune_system
Immune_system,VAMP4,Target,Target-Immune_system
Immune_system,CERS2,Target,Target-Immune_system
Immune_system,PDCD6,Target,Target-Immune_system
Immune_system,LSG1,Target,Target-Immune_system
Immune_system,TMEM199,Target,Target-Immune_system
Immune_system,TMEM151A,Target,Target-Immune_system
Immune_system,PLPP3,Target,Target-Immune_system
Immune_system,MAN1B1,Target,Target-Immune_system
Immune_system,C1orf43,Target,Target-Immune_system
Immune_system,TMCC2,Target,Target-Immune_system
Immune_system,SELENOK,Target,Target-Immune_system
Immune_system,VPS52,Target,Target-Immune_system
Immune_system,SNX17,Target,Target-Immune_system
Immune_system,LAPTM4A,Target,Target-Immune_system
Immune_system,EMC2,Target,Target-Immune_system
Immune_system,KIF21A,Target,Target-Immune_system
Immune_system,CA6,Target,Target-Immune_system
Immune_system,AFG3L2,Target,Target-Immune_system
Immune_system,ANXA9,Target,Target-Immune_system
Immune_system,SERPINF1,Target,Target-Immune_system
Immune_system,CHRNA5,Target,Target-Immune_system
Immune_system,RAD51,Target,Target-Immune_system
Immune_system,TAS2R4,Target,Target-Immune_system
Immune_system,TAS2R5,Target,Target-Immune_system
Immune_system,TAS2R7,Target,Target-Immune_system
Immune_system,TAS2R13,Target,Target-Immune_system
Immune_system,TAS2R14,Target,Target-Immune_system
Immune_system,TAS2R16,Target,Target-Immune_system
Immune_system,CST2,Target,Target-Immune_system
Immune_system,CNGB1,Target,Target-Immune_system
Immune_system,TAS2R60,Target,Target-Immune_system
Immune_system,TAS2R50,Target,Target-Immune_system
Immune_system,TAS2R19,Target,Target-Immune_system
Immune_system,TAS2R30,Target,Target-Immune_system
Immune_system,TAS2R46,Target,Target-Immune_system
Immune_system,TAS2R43,Target,Target-Immune_system
Immune_system,TAS2R41,Target,Target-Immune_system
Immune_system,TAS2R38,Target,Target-Immune_system
Immune_system,OR2AT4,Target,Target-Immune_system
Immune_system,PIP,Target,Target-Immune_system
Immune_system,OR1D2,Target,Target-Immune_system
Immune_system,TAS2R3,Target,Target-Immune_system
Immune_system,TRIO,Target,Target-Immune_system
Immune_system,CHRNA2,Target,Target-Immune_system
Immune_system,TAS2R1,Target,Target-Immune_system
Immune_system,CACNA2D4,Target,Target-Immune_system
Immune_system,TAS2R42,Target,Target-Immune_system
Immune_system,CST1,Target,Target-Immune_system
Immune_system,CST4,Target,Target-Immune_system
Immune_system,AZGP1,Target,Target-Immune_system
Immune_system,TAS2R39,Target,Target-Immune_system
Immune_system,TAS2R40,Target,Target-Immune_system
Immune_system,TAS2R31,Target,Target-Immune_system
Immune_system,TAS2R45,Target,Target-Immune_system
Immune_system,RPE65,Target,Target-Immune_system
Immune_system,FRMPD4,Target,Target-Immune_system
Immune_system,TMEM106B,Target,Target-Immune_system
Immune_system,PPFIA2,Target,Target-Immune_system
Immune_system,TAS2R10,Target,Target-Immune_system
Immune_system,TAS2R8,Target,Target-Immune_system
Immune_system,CPNE1,Target,Target-Immune_system
Immune_system,PRICKLE1,Target,Target-Immune_system
Immune_system,PRKCI,Target,Target-Immune_system
Immune_system,F8A1,Target,Target-Immune_system
Immune_system,WDFY2,Target,Target-Immune_system
Immune_system,NECAB3,Target,Target-Immune_system
Immune_system,CNEP1R1,Target,Target-Immune_system
Immune_system,OTULINL,Target,Target-Immune_system
Immune_system,SCAMP2,Target,Target-Immune_system
Immune_system,AKAP6,Target,Target-Immune_system
Immune_system,WIPI1,Target,Target-Immune_system
Immune_system,SDR16C5,Target,Target-Immune_system
Immune_system,ALG11,Target,Target-Immune_system
Immune_system,DHDDS,Target,Target-Immune_system
Immune_system,TMTC2,Target,Target-Immune_system
Immune_system,ILVBL,Target,Target-Immune_system
Immune_system,HEXA,Target,Target-Immune_system
Immune_system,VKORC1L1,Target,Target-Immune_system
Immune_system,ABCA6,Target,Target-Immune_system
Immune_system,POMGNT1,Target,Target-Immune_system
Immune_system,RFFL,Target,Target-Immune_system
Immune_system,ENTREP1,Target,Target-Immune_system
Immune_system,ARFIP1,Target,Target-Immune_system
Immune_system,EMC4,Target,Target-Immune_system
Immune_system,SPAAR,Target,Target-Immune_system
Immune_system,BNIP2,Target,Target-Immune_system
Immune_system,BNIP1,Target,Target-Immune_system
Immune_system,VPS4A,Target,Target-Immune_system
Immune_system,EMC1,Target,Target-Immune_system
Immune_system,COMMD1,Target,Target-Immune_system
Immune_system,TUBG1,Target,Target-Immune_system
Immune_system,SLC31A2,Target,Target-Immune_system
Immune_system,WASHC2C,Target,Target-Immune_system
Immune_system,STARD3NL,Target,Target-Immune_system
Immune_system,ZFYVE9,Target,Target-Immune_system
Immune_system,SLC22A18,Target,Target-Immune_system
Immune_system,PIK3C3,Target,Target-Immune_system
Immune_system,CLIP1,Target,Target-Immune_system
Immune_system,CCND2,Target,Target-Immune_system
Immune_system,KRTDAP,Target,Target-Immune_system
Immune_system,EHD4,Target,Target-Immune_system
Immune_system,DYNC1I1,Target,Target-Immune_system
Immune_system,C2CD2L,Target,Target-Immune_system
Immune_system,CFTR,Target,Target-Immune_system
Immune_system,DNAJC16,Target,Target-Immune_system
Immune_system,ERLIN1,Target,Target-Immune_system
Immune_system,KCNH1,Target,Target-Immune_system
Immune_system,SLC35A3,Target,Target-Immune_system
Immune_system,CCDC47,Target,Target-Immune_system
Immune_system,SLC35C1,Target,Target-Immune_system
Immune_system,DUX4,Target,Target-Immune_system
Immune_system,NAT8,Target,Target-Immune_system
Immune_system,RCE1,Target,Target-Immune_system
Immune_system,ENTPD4,Target,Target-Immune_system
Immune_system,NUP37,Target,Target-Immune_system
Immune_system,NUP43,Target,Target-Immune_system
Immune_system,RHBDF1,Target,Target-Immune_system
Immune_system,YIPF1,Target,Target-Immune_system
Immune_system,EXPH5,Target,Target-Immune_system
Immune_system,SARAF,Target,Target-Immune_system
Immune_system,KPNA4,Target,Target-Immune_system
Immune_system,LMO7,Target,Target-Immune_system
Immune_system,RNASET2,Target,Target-Immune_system
Immune_system,TMEM174,Target,Target-Immune_system
Immune_system,SEC23A,Target,Target-Immune_system
Immune_system,CHPT1,Target,Target-Immune_system
Immune_system,QSOX1,Target,Target-Immune_system
Immune_system,TMEM63A,Target,Target-Immune_system
Immune_system,WDFY3,Target,Target-Immune_system
Immune_system,DENND10,Target,Target-Immune_system
Immune_system,SLC9A6,Target,Target-Immune_system
Immune_system,FIG4,Target,Target-Immune_system
Immune_system,PIGB,Target,Target-Immune_system
Immune_system,SUN5,Target,Target-Immune_system
Immune_system,TBC1D16,Target,Target-Immune_system
Immune_system,SLC9A9,Target,Target-Immune_system
Immune_system,CYP2W1,Target,Target-Immune_system
Immune_system,RIN3,Target,Target-Immune_system
Immune_system,TM6SF2,Target,Target-Immune_system
Immune_system,UBXN6,Target,Target-Immune_system
Immune_system,RABEP1,Target,Target-Immune_system
Immune_system,SLC37A2,Target,Target-Immune_system
Immune_system,RAB27B,Target,Target-Immune_system
Immune_system,STAM,Target,Target-Immune_system
Immune_system,MMD2,Target,Target-Immune_system
Immune_system,TFG,Target,Target-Immune_system
Immune_system,NRM,Target,Target-Immune_system
Immune_system,SCFD1,Target,Target-Immune_system
Immune_system,PAQR3,Target,Target-Immune_system
Immune_system,BIN1,Target,Target-Immune_system
Immune_system,SLC17A3,Target,Target-Immune_system
Immune_system,PIK3C2A,Target,Target-Immune_system
Immune_system,USP19,Target,Target-Immune_system
Immune_system,BLOC1S5,Target,Target-Immune_system
Immune_system,DTX3L,Target,Target-Immune_system
Immune_system,RPL4,Target,Target-Immune_system
Immune_system,SLC30A8,Target,Target-Immune_system
Immune_system,ALG3,Target,Target-Immune_system
Immune_system,LPAR1,Target,Target-Immune_system
Immune_system,EDEM1,Target,Target-Immune_system
Immune_system,TBC1D5,Target,Target-Immune_system
Immune_system,LPGAT1,Target,Target-Immune_system
Immune_system,NCF4,Target,Target-Immune_system
Immune_system,EEA1,Target,Target-Immune_system
Immune_system,MON1B,Target,Target-Immune_system
Immune_system,AGRP,Target,Target-Immune_system
Immune_system,SLC43A1,Target,Target-Immune_system
Immune_system,SAR1B,Target,Target-Immune_system
Immune_system,AP4B1,Target,Target-Immune_system
Immune_system,UBE2J1,Target,Target-Immune_system
Immune_system,COG6,Target,Target-Immune_system
Immune_system,SNX16,Target,Target-Immune_system
Immune_system,CORO7,Target,Target-Immune_system
Immune_system,KLHL20,Target,Target-Immune_system
Immune_system,MTMR6,Target,Target-Immune_system
Immune_system,SLC38A9,Target,Target-Immune_system
Immune_system,PI4KB,Target,Target-Immune_system
Immune_system,POGLUT1,Target,Target-Immune_system
Immune_system,PGAP3,Target,Target-Immune_system
Immune_system,COLGALT1,Target,Target-Immune_system
Immune_system,XXYLT1,Target,Target-Immune_system
Immune_system,AVL9,Target,Target-Immune_system
Immune_system,HSD17B2,Target,Target-Immune_system
Immune_system,SIK2,Target,Target-Immune_system
Immune_system,TMEM33,Target,Target-Immune_system
Immune_system,SLC37A1,Target,Target-Immune_system
Immune_system,HLA-DRB4,Target,Target-Immune_system
Immune_system,PMEPA1,Target,Target-Immune_system
Immune_system,NCLN,Target,Target-Immune_system
Immune_system,ASPH,Target,Target-Immune_system
Immune_system,WASHC5,Target,Target-Immune_system
Immune_system,SCRN1,Target,Target-Immune_system
Immune_system,RAB11FIP3,Target,Target-Immune_system
Immune_system,POMT1,Target,Target-Immune_system
Immune_system,CBLIF,Target,Target-Immune_system
Immune_system,SNX13,Target,Target-Immune_system
Immune_system,SNX14,Target,Target-Immune_system
Immune_system,VOPP1,Target,Target-Immune_system
Immune_system,LDAF1,Target,Target-Immune_system
Immune_system,ABCF1,Target,Target-Immune_system
Immune_system,NOMO2,Target,Target-Immune_system
Immune_system,FZD7,Target,Target-Immune_system
Immune_system,SGMS2,Target,Target-Immune_system
Immune_system,NAT8B,Target,Target-Immune_system
Immune_system,MFSD8,Target,Target-Immune_system
Immune_system,EMC10,Target,Target-Immune_system
Immune_system,PTPN23,Target,Target-Immune_system
Immune_system,SLC35D2,Target,Target-Immune_system
Immune_system,VPS50,Target,Target-Immune_system
Immune_system,TMX1,Target,Target-Immune_system
Immune_system,PLEKHA8,Target,Target-Immune_system
Immune_system,TMCO1,Target,Target-Immune_system
Immune_system,SLC18A1,Target,Target-Immune_system
Immune_system,ASAP1,Target,Target-Immune_system
Immune_system,SLC16A11,Target,Target-Immune_system
Immune_system,SVIP,Target,Target-Immune_system
Immune_system,MTMR8,Target,Target-Immune_system
Immune_system,YIPF6,Target,Target-Immune_system
Immune_system,TUBGCP4,Target,Target-Immune_system
Immune_system,ERLEC1,Target,Target-Immune_system
Immune_system,CEPT1,Target,Target-Immune_system
Immune_system,TOM1L1,Target,Target-Immune_system
Immune_system,NUP50,Target,Target-Immune_system
Immune_system,ASGR2,Target,Target-Immune_system
Immune_system,LGR5,Target,Target-Immune_system
Immune_system,TPTE2,Target,Target-Immune_system
Immune_system,AP5M1,Target,Target-Immune_system
Immune_system,RABGEF1,Target,Target-Immune_system
Immune_system,ARHGAP26,Target,Target-Immune_system
Immune_system,AP1G2,Target,Target-Immune_system
Immune_system,CALR3,Target,Target-Immune_system
Immune_system,ST3GAL2,Target,Target-Immune_system
Immune_system,SNX12,Target,Target-Immune_system
Immune_system,TMEM9B,Target,Target-Immune_system
Immune_system,ATP13A2,Target,Target-Immune_system
Immune_system,ATP1B4,Target,Target-Immune_system
Immune_system,DDX19B,Target,Target-Immune_system
Immune_system,CLPTM1L,Target,Target-Immune_system
Immune_system,GLIPR2,Target,Target-Immune_system
Immune_system,RINT1,Target,Target-Immune_system
Immune_system,RAB31,Target,Target-Immune_system
Immune_system,SLC35B1,Target,Target-Immune_system
Immune_system,SLC35A2,Target,Target-Immune_system
Immune_system,PRUNE1,Target,Target-Immune_system
Immune_system,STIMATE,Target,Target-Immune_system
Immune_system,C17orf75,Target,Target-Immune_system
Immune_system,RNF167,Target,Target-Immune_system
Immune_system,TEPSIN,Target,Target-Immune_system
Immune_system,SPRING1,Target,Target-Immune_system
Immune_system,THSD1,Target,Target-Immune_system
Immune_system,TMEM68,Target,Target-Immune_system
Immune_system,PLA2G4C,Target,Target-Immune_system
Immune_system,AAAS,Target,Target-Immune_system
Immune_system,TMEM260,Target,Target-Immune_system
Immune_system,ZC3HC1,Target,Target-Immune_system
Immune_system,SENP2,Target,Target-Immune_system
Immune_system,SGMS1,Target,Target-Immune_system
Immune_system,TMBIM4,Target,Target-Immune_system
Immune_system,MON1A,Target,Target-Immune_system
Immune_system,UVRAG,Target,Target-Immune_system
Immune_system,ERP44,Target,Target-Immune_system
Immune_system,STX10,Target,Target-Immune_system
Immune_system,VPS25,Target,Target-Immune_system
Immune_system,MRC1,Target,Target-Immune_system
Immune_system,FYCO1,Target,Target-Immune_system
Immune_system,GRAP2,Target,Target-Immune_system
Immune_system,ENY2,Target,Target-Immune_system
Immune_system,EMC7,Target,Target-Immune_system
Immune_system,OR2A4,Target,Target-Immune_system
Immune_system,H6PD,Target,Target-Immune_system
Immune_system,ABCA1,Target,Target-Immune_system
Immune_system,TMEM147,Target,Target-Immune_system
Immune_system,ALG8,Target,Target-Immune_system
Immune_system,MBLAC2,Target,Target-Immune_system
Immune_system,ZG16,Target,Target-Immune_system
Immune_system,HTATIP2,Target,Target-Immune_system
Immune_system,TOM1,Target,Target-Immune_system
Immune_system,GOLGA3,Target,Target-Immune_system
Immune_system,ESYT1,Target,Target-Immune_system
Immune_system,B4GALT4,Target,Target-Immune_system
Immune_system,TMEM175,Target,Target-Immune_system
Immune_system,TNFRSF1A,Target,Target-Immune_system
Immune_system,ARMH3,Target,Target-Immune_system
Immune_system,SLC35A5,Target,Target-Immune_system
Immune_system,MBTPS1,Target,Target-Immune_system
Immune_system,ALG10B,Target,Target-Immune_system
Immune_system,KPNA2,Target,Target-Immune_system
Immune_system,STEAP2,Target,Target-Immune_system
Immune_system,USP10,Target,Target-Immune_system
Immune_system,ZDHHC20,Target,Target-Immune_system
Immune_system,SNX11,Target,Target-Immune_system
Immune_system,MGRN1,Target,Target-Immune_system
Immune_system,PIP5K1C,Target,Target-Immune_system
Immune_system,ADRA1B,Target,Target-Immune_system
Immune_system,ADRA1A,Target,Target-Immune_system
Immune_system,PPP1R21,Target,Target-Immune_system
Immune_system,SLC26A9,Target,Target-Immune_system
Immune_system,CD63,Target,Target-Immune_system
Immune_system,SEC13,Target,Target-Immune_system
Immune_system,WDR83OS,Target,Target-Immune_system
Immune_system,SNX30,Target,Target-Immune_system
Immune_system,XPOT,Target,Target-Immune_system
Immune_system,NDST1,Target,Target-Immune_system
Immune_system,BROX,Target,Target-Immune_system
Immune_system,SLC11A2,Target,Target-Immune_system
Immune_system,OSBP,Target,Target-Immune_system
Immune_system,DNAJB2,Target,Target-Immune_system
Immune_system,MPO,Target,Target-Immune_system
Immune_system,SEH1L,Target,Target-Immune_system
Immune_system,ATP9B,Target,Target-Immune_system
Immune_system,PSEN2,Target,Target-Immune_system
Immune_system,DPY30,Target,Target-Immune_system
Immune_system,PLA2G4B,Target,Target-Immune_system
Immune_system,SLC37A4,Target,Target-Immune_system
Immune_system,UBA1,Target,Target-Immune_system
Immune_system,MYO1B,Target,Target-Immune_system
Immune_system,KDELR3,Target,Target-Immune_system
Immune_system,BLTP3A,Target,Target-Immune_system
Immune_system,REP15,Target,Target-Immune_system
Immune_system,CENPF,Target,Target-Immune_system
Immune_system,TMEM238L,Target,Target-Immune_system
Immune_system,TMEM18,Target,Target-Immune_system
Immune_system,SEPHS1,Target,Target-Immune_system
Immune_system,RAB15,Target,Target-Immune_system
Immune_system,OCA2,Target,Target-Immune_system
Immune_system,STARD3,Target,Target-Immune_system
Immune_system,WDR91,Target,Target-Immune_system
Immune_system,SLC27A4,Target,Target-Immune_system
Immune_system,SCD5,Target,Target-Immune_system
Immune_system,CYP4F22,Target,Target-Immune_system
Immune_system,MTM1,Target,Target-Immune_system
Immune_system,CLCN4,Target,Target-Immune_system
Immune_system,C6orf89,Target,Target-Immune_system
Immune_system,HFE,Target,Target-Immune_system
Immune_system,TRAPPC14,Target,Target-Immune_system
Immune_system,RAB11FIP4,Target,Target-Immune_system
Immune_system,GPSM1,Target,Target-Immune_system
Immune_system,ANKRD13B,Target,Target-Immune_system
Immune_system,MARCHF9,Target,Target-Immune_system
Immune_system,ATRAID,Target,Target-Immune_system
Immune_system,HLA-DRB5,Target,Target-Immune_system
Immune_system,SAMD8,Target,Target-Immune_system
Immune_system,APOLD1,Target,Target-Immune_system
Immune_system,LYZL6,Target,Target-Immune_system
Immune_system,PSAP,Target,Target-Immune_system
Immune_system,BIRC6,Target,Target-Immune_system
Immune_system,DNAAF6,Target,Target-Immune_system
Immune_system,STX8,Target,Target-Immune_system
Immune_system,SNX7,Target,Target-Immune_system
Immune_system,KIF16B,Target,Target-Immune_system
Immune_system,DGKH,Target,Target-Immune_system
Immune_system,SLC30A6,Target,Target-Immune_system
Immune_system,CETN2,Target,Target-Immune_system
Immune_system,RAPGEF1,Target,Target-Immune_system
Immune_system,ERBB2,Target,Target-Immune_system
Immune_system,SYTL2,Target,Target-Immune_system
Immune_system,SNX18,Target,Target-Immune_system
Immune_system,ZFYVE28,Target,Target-Immune_system
Immune_system,RBFOX1,Target,Target-Immune_system
Immune_system,DERL3,Target,Target-Immune_system
Immune_system,TMEM39A,Target,Target-Immune_system
Immune_system,AP5S1,Target,Target-Immune_system
Immune_system,AGPAT5,Target,Target-Immune_system
Immune_system,DGAT2,Target,Target-Immune_system
Immune_system,CYP4Z1,Target,Target-Immune_system
Immune_system,VPS36,Target,Target-Immune_system
Immune_system,MOGAT3,Target,Target-Immune_system
Immune_system,CDK2,Target,Target-Immune_system
Immune_system,KCNK12,Target,Target-Immune_system
Immune_system,MARCHF3,Target,Target-Immune_system
Immune_system,NIBAN2,Target,Target-Immune_system
Immune_system,SLC9A7,Target,Target-Immune_system
Immune_system,MTMR4,Target,Target-Immune_system
Immune_system,KCNK16,Target,Target-Immune_system
Immune_system,RUFY1,Target,Target-Immune_system
Immune_system,RAB4B,Target,Target-Immune_system
Immune_system,CETN3,Target,Target-Immune_system
Immune_system,MAD2L1,Target,Target-Immune_system
Immune_system,LDLRAD4,Target,Target-Immune_system
Immune_system,SCAMP1,Target,Target-Immune_system
Immune_system,SLC46A1,Target,Target-Immune_system
Immune_system,PTGES2,Target,Target-Immune_system
Immune_system,NAA60,Target,Target-Immune_system
Immune_system,TRAK1,Target,Target-Immune_system
Immune_system,TBC1D2B,Target,Target-Immune_system
Immune_system,DOLK,Target,Target-Immune_system
Immune_system,ATP13A3,Target,Target-Immune_system
Immune_system,COG8,Target,Target-Immune_system
Immune_system,ST6GALNAC1,Target,Target-Immune_system
Immune_system,LRRC8E,Target,Target-Immune_system
Immune_system,SPG21,Target,Target-Immune_system
Immune_system,TBXAS1,Target,Target-Immune_system
Immune_system,LDLRAP1,Target,Target-Immune_system
Immune_system,POLA1,Target,Target-Immune_system
Immune_system,RPS6KC1,Target,Target-Immune_system
Immune_system,LACRT,Target,Target-Immune_system
Immune_system,KDELR1,Target,Target-Immune_system
Immune_system,MCOLN1,Target,Target-Immune_system
Immune_system,CMTM6,Target,Target-Immune_system
Immune_system,EMC3,Target,Target-Immune_system
Immune_system,APOO,Target,Target-Immune_system
Immune_system,CCDC91,Target,Target-Immune_system
Immune_system,HSD11B1,Target,Target-Immune_system
Immune_system,EMC6,Target,Target-Immune_system
Immune_system,MANF,Target,Target-Immune_system
Immune_system,CDK4,Target,Target-Immune_system
Immune_system,GOLGA7,Target,Target-Immune_system
Immune_system,TBC1D14,Target,Target-Immune_system
Immune_system,TXNDC16,Target,Target-Immune_system
Immune_system,MARCHF4,Target,Target-Immune_system
Immune_system,ADRB1,Target,Target-Immune_system
Immune_system,LSS,Target,Target-Immune_system
Immune_system,XK,Target,Target-Immune_system
Immune_system,MGAT2,Target,Target-Immune_system
Immune_system,HID1,Target,Target-Immune_system
Immune_system,ARF4,Target,Target-Immune_system
Immune_system,GGCX,Target,Target-Immune_system
Immune_system,GET4,Target,Target-Immune_system
Immune_system,B3GAT3,Target,Target-Immune_system
Immune_system,NUP205,Target,Target-Immune_system
Immune_system,YIPF2,Target,Target-Immune_system
Immune_system,ANXA6,Target,Target-Immune_system
Immune_system,MON2,Target,Target-Immune_system
Immune_system,ZFYVE16,Target,Target-Immune_system
Immune_system,VPS35L,Target,Target-Immune_system
Immune_system,TMEM59,Target,Target-Immune_system
Immune_system,ESYT3,Target,Target-Immune_system
Immune_system,ESYT2,Target,Target-Immune_system
Immune_system,TPST1,Target,Target-Immune_system
Immune_system,DHRS9,Target,Target-Immune_system
Immune_system,USP6,Target,Target-Immune_system
Immune_system,SELENOF,Target,Target-Immune_system
Immune_system,GNAI3,Target,Target-Immune_system
Immune_system,PGAP4,Target,Target-Immune_system
Immune_system,PTPN1,Target,Target-Immune_system
Immune_system,UBXN8,Target,Target-Immune_system
Immune_system,TM4SF20,Target,Target-Immune_system
Immune_system,TMEM9,Target,Target-Immune_system
Immune_system,ORMDL1,Target,Target-Immune_system
Immune_system,CARMIL1,Target,Target-Immune_system
Immune_system,CARMIL2,Target,Target-Immune_system
Immune_system,DHRS7,Target,Target-Immune_system
Immune_system,CD164,Target,Target-Immune_system
Immune_system,BSCL2,Target,Target-Immune_system
Immune_system,RHOB,Target,Target-Immune_system
Immune_system,ST6GAL1,Target,Target-Immune_system
Immune_system,KPNB1,Target,Target-Immune_system
Immune_system,BRCA2,Target,Target-Immune_system
Immune_system,ZNF354C,Target,Target-Immune_system
Immune_system,EIPR1,Target,Target-Immune_system
Immune_system,ERLIN2,Target,Target-Immune_system
Immune_system,SLC37A3,Target,Target-Immune_system
Immune_system,PCSK7,Target,Target-Immune_system
Immune_system,GGA1,Target,Target-Immune_system
Immune_system,GGA2,Target,Target-Immune_system
Immune_system,TOR1AIP1,Target,Target-Immune_system
Immune_system,PKN1,Target,Target-Immune_system
Immune_system,LEMD3,Target,Target-Immune_system
Immune_system,VPS28,Target,Target-Immune_system
Immune_system,RBSN,Target,Target-Immune_system
Immune_system,SLC39A13,Target,Target-Immune_system
Immune_system,SLC17A9,Target,Target-Immune_system
Immune_system,CYP4V2,Target,Target-Immune_system
Immune_system,FAM91A1,Target,Target-Immune_system
Immune_system,OSBPL1A,Target,Target-Immune_system
Immune_system,SLC35G1,Target,Target-Immune_system
Immune_system,CNST,Target,Target-Immune_system
Immune_system,MARCHF6,Target,Target-Immune_system
Immune_system,SELENOS,Target,Target-Immune_system
Immune_system,ATG14,Target,Target-Immune_system
Immune_system,HGS,Target,Target-Immune_system
Immune_system,TMEM208,Target,Target-Immune_system
Immune_system,NDC1,Target,Target-Immune_system
Immune_system,GPR135,Target,Target-Immune_system
Immune_system,ANKRD13A,Target,Target-Immune_system
Immune_system,NUP88,Target,Target-Immune_system
Immune_system,FURIN,Target,Target-Immune_system
Immune_system,GPR61,Target,Target-Immune_system
Immune_system,GPR62,Target,Target-Immune_system
Immune_system,SCAMP5,Target,Target-Immune_system
Immune_system,OSBPL6,Target,Target-Immune_system
Immune_system,SLC29A3,Target,Target-Immune_system
Immune_system,VPS13C,Target,Target-Immune_system
Immune_system,MIA2,Target,Target-Immune_system
Immune_system,LMBRD1,Target,Target-Immune_system
Immune_system,CASD1,Target,Target-Immune_system
Immune_system,SLC39A9,Target,Target-Immune_system
Immune_system,VPS37B,Target,Target-Immune_system
Immune_system,VIPAS39,Target,Target-Immune_system
Immune_system,PIGV,Target,Target-Immune_system
Immune_system,CHMP6,Target,Target-Immune_system
Immune_system,WDR44,Target,Target-Immune_system
Immune_system,XPO7,Target,Target-Immune_system
Immune_system,CRYZL1,Target,Target-Immune_system
Immune_system,APOB,Target,Target-Immune_system
Immune_system,PAQR4,Target,Target-Immune_system
Immune_system,MVB12B,Target,Target-Immune_system
Immune_system,DNAJC18,Target,Target-Immune_system
Immune_system,KDELR2,Target,Target-Immune_system
Immune_system,ARV1,Target,Target-Immune_system
Immune_system,ECRG4,Target,Target-Immune_system
Immune_system,CHID1,Target,Target-Immune_system
Immune_system,RER1,Target,Target-Immune_system
Immune_system,TMEM14A,Target,Target-Immune_system
Immune_system,S100A6,Target,Target-Immune_system
Immune_system,RAB3GAP1,Target,Target-Immune_system
Immune_system,DENND6A,Target,Target-Immune_system
Immune_system,FOXRED2,Target,Target-Immune_system
Immune_system,TRAM2,Target,Target-Immune_system
Immune_system,WTAP,Target,Target-Immune_system
Immune_system,PI4K2B,Target,Target-Immune_system
Immune_system,REN,Target,Target-Immune_system
Immune_system,NPHS2,Target,Target-Immune_system
Immune_system,SKIL,Target,Target-Immune_system
Immune_system,DRD4,Target,Target-Immune_system
Immune_system,CHRM2,Target,Target-Immune_system
Immune_system,DRD5,Target,Target-Immune_system
Immune_system,DPYSL5,Target,Target-Immune_system
Immune_system,NEBL,Target,Target-Immune_system
Immune_system,MACO1,Target,Target-Immune_system
Immune_system,VPS37A,Target,Target-Immune_system
Immune_system,PIGC,Target,Target-Immune_system
Immune_system,PRSS57,Target,Target-Immune_system
Immune_system,ATG16L1,Target,Target-Immune_system
Immune_system,NOMO1,Target,Target-Immune_system
Immune_system,PIGK,Target,Target-Immune_system
Immune_system,CHMP3,Target,Target-Immune_system
Immune_system,EMC9,Target,Target-Immune_system
Immune_system,PIGP,Target,Target-Immune_system
Immune_system,KNL1,Target,Target-Immune_system
Immune_system,TRAPPC2B,Target,Target-Immune_system
Immune_system,MVB12A,Target,Target-Immune_system
Immune_system,PIGU,Target,Target-Immune_system
Immune_system,ALG13,Target,Target-Immune_system
Immune_system,ALG14,Target,Target-Immune_system
Immune_system,DYNLT4,Target,Target-Immune_system
Immune_system,DPM2,Target,Target-Immune_system
Immune_system,CDIP1,Target,Target-Immune_system
Immune_system,ALG2,Target,Target-Immune_system
Immune_system,ZPBP,Target,Target-Immune_system
Immune_system,PIGQ,Target,Target-Immune_system
Immune_system,CFAP65,Target,Target-Immune_system
Immune_system,SPARC,Target,Target-Immune_system
Immune_system,VPS37C,Target,Target-Immune_system
Immune_system,RNASEK,Target,Target-Immune_system
Immune_system,THBS2,Target,Target-Immune_system
Immune_system,CHMP1B,Target,Target-Immune_system
Immune_system,NOMO3,Target,Target-Immune_system
Immune_system,PIGH,Target,Target-Immune_system
Immune_system,SERPINA5,Target,Target-Immune_system
Immune_system,PATE4,Target,Target-Immune_system
Immune_system,OST4,Target,Target-Immune_system
Immune_system,SGTA,Target,Target-Immune_system
Immune_system,GPAA1,Target,Target-Immune_system
Immune_system,PRSS37,Target,Target-Immune_system
Immune_system,RPN2,Target,Target-Immune_system
Immune_system,RPN1,Target,Target-Immune_system
Immune_system,HPS4,Target,Target-Immune_system
Immune_system,UBAP1,Target,Target-Immune_system
Immune_system,HSD17B12,Target,Target-Immune_system
Immune_system,SPACDR,Target,Target-Immune_system
Immune_system,UBL4A,Target,Target-Immune_system
Immune_system,EMC8,Target,Target-Immune_system
Immune_system,VPS37D,Target,Target-Immune_system
Immune_system,SEC22B,Target,Target-Immune_system
Immune_system,MOGAT2,Target,Target-Immune_system
Immune_system,SEC24C,Target,Target-Immune_system
Immune_system,PEF1,Target,Target-Immune_system
Immune_system,SEC24D,Target,Target-Immune_system
Immune_system,KLHL12,Target,Target-Immune_system
Immune_system,COPG2,Target,Target-Immune_system
Immune_system,ALG5,Target,Target-Immune_system
Immune_system,NPVF,Target,Target-Immune_system
Immune_system,SEC24B,Target,Target-Immune_system
Immune_system,SEC24A,Target,Target-Immune_system
Immune_system,GDF9,Target,Target-Immune_system
Immune_system,COPB2,Target,Target-Immune_system
Immune_system,COPZ1,Target,Target-Immune_system
Immune_system,EPM2A,Target,Target-Immune_system
Immune_system,GLRA2,Target,Target-Immune_system
Immune_system,CHRNA9,Target,Target-Immune_system
Immune_system,SEMA6C,Target,Target-Immune_system
Immune_system,P2RX1,Target,Target-Immune_system
Immune_system,CRH,Target,Target-Immune_system
Immune_system,GALR1,Target,Target-Immune_system
Immune_system,AFTPH,Target,Target-Immune_system
Immune_system,C1QTNF1,Target,Target-Immune_system
Immune_system,INHBB,Target,Target-Immune_system
