Compound,Protein,Neighborhood_1,Tag
Magnesium,SEPSECS,1Neigh,1Neigh-Magnesium
Magnesium,TXNRD2,1Neigh,1Neigh-Magnesium
Magnesium,SEPHS2,1Neigh,1Neigh-Magnesium
Magnesium,TXNRD3,1Neigh,1Neigh-Magnesium
Magnesium,TXNRD1,1Neigh,1Neigh-Magnesium
Magnesium,KAT2A,1Neigh,1Neigh-Magnesium
Magnesium,RARS1,1Neigh,1Neigh-Magnesium
Magnesium,WARS2,1Neigh,1Neigh-Magnesium
Magnesium,AARS2,1Neigh,1Neigh-Magnesium
Magnesium,NARS1,1Neigh,1Neigh-Magnesium
Magnesium,CARS2,1Neigh,1Neigh-Magnesium
Magnesium,AARS1,1Neigh,1Neigh-Magnesium
Magnesium,MARS1,1Neigh,1Neigh-Magnesium
Magnesium,KAT2B,1Neigh,1Neigh-Magnesium
Magnesium,TAF12,1Neigh,1Neigh-Magnesium
Magnesium,TAF10,1Neigh,1Neigh-Magnesium
Magnesium,QARS1,1Neigh,1Neigh-Magnesium
Magnesium,TADA3,1Neigh,1Neigh-Magnesium
Magnesium,METTL1,1Neigh,1Neigh-Magnesium
Magnesium,SGF29,1Neigh,1Neigh-Magnesium
Magnesium,YARS2,1Neigh,1Neigh-Magnesium
Magnesium,KARS1,1Neigh,1Neigh-Magnesium
Magnesium,TARS3,1Neigh,1Neigh-Magnesium
Magnesium,TAF9B,1Neigh,1Neigh-Magnesium
Magnesium,TRRAP,1Neigh,1Neigh-Magnesium
Magnesium,IARS2,1Neigh,1Neigh-Magnesium
Magnesium,EPRS1,1Neigh,1Neigh-Magnesium
Magnesium,TARS2,1Neigh,1Neigh-Magnesium
Magnesium,SUPT3H,1Neigh,1Neigh-Magnesium
Magnesium,IARS1,1Neigh,1Neigh-Magnesium
Magnesium,VARS1,1Neigh,1Neigh-Magnesium
Magnesium,TAF9,1Neigh,1Neigh-Magnesium
Magnesium,LARS1,1Neigh,1Neigh-Magnesium
Magnesium,PSTK,1Neigh,1Neigh-Magnesium
Magnesium,SUPT20H,1Neigh,1Neigh-Magnesium
Magnesium,HARS1,1Neigh,1Neigh-Magnesium
Magnesium,ENY2,1Neigh,1Neigh-Magnesium
Magnesium,NGFR,1Neigh,1Neigh-Magnesium
Magnesium,YWHAE,1Neigh,1Neigh-Magnesium
Magnesium,RIT2,1Neigh,1Neigh-Magnesium
Magnesium,AK1,1Neigh,1Neigh-Magnesium
Magnesium,PDE1B,1Neigh,1Neigh-Magnesium
Magnesium,NT5C,1Neigh,1Neigh-Magnesium
Magnesium,NT5E,1Neigh,1Neigh-Magnesium
Magnesium,PDE8B,1Neigh,1Neigh-Magnesium
Magnesium,AK7,1Neigh,1Neigh-Magnesium
Magnesium,PDE3B,1Neigh,1Neigh-Magnesium
Magnesium,PDE11A,1Neigh,1Neigh-Magnesium
Magnesium,AK8,1Neigh,1Neigh-Magnesium
Magnesium,ENTPD3,1Neigh,1Neigh-Magnesium
Magnesium,PDE7B,1Neigh,1Neigh-Magnesium
Magnesium,MDH2,1Neigh,1Neigh-Magnesium
Magnesium,NT5C2,1Neigh,1Neigh-Magnesium
Magnesium,PDE4B,1Neigh,1Neigh-Magnesium
Magnesium,PDE4D,1Neigh,1Neigh-Magnesium
Magnesium,AK5,1Neigh,1Neigh-Magnesium
Magnesium,PDE4C-2,1Neigh,1Neigh-Magnesium
Magnesium,UBE2I,1Neigh,1Neigh-Magnesium
Magnesium,PDE3A,1Neigh,1Neigh-Magnesium
Magnesium,NT5C1B,1Neigh,1Neigh-Magnesium
Magnesium,PNP,1Neigh,1Neigh-Magnesium
Magnesium,PDE10A,1Neigh,1Neigh-Magnesium
Magnesium,ENTPD1,1Neigh,1Neigh-Magnesium
Magnesium,ENTPD8,1Neigh,1Neigh-Magnesium
Magnesium,ADA,1Neigh,1Neigh-Magnesium
Magnesium,APRT,1Neigh,1Neigh-Magnesium
Magnesium,PDE4A,1Neigh,1Neigh-Magnesium
Magnesium,AK6,1Neigh,1Neigh-Magnesium
Magnesium,AK3,1Neigh,1Neigh-Magnesium
Magnesium,NT5M,1Neigh,1Neigh-Magnesium
Magnesium,PDE8A,1Neigh,1Neigh-Magnesium
Magnesium,AK4,1Neigh,1Neigh-Magnesium
Magnesium,PDE1C,1Neigh,1Neigh-Magnesium
Magnesium,AMPD3,1Neigh,1Neigh-Magnesium
Magnesium,ADA2,1Neigh,1Neigh-Magnesium
Magnesium,PDE7A,1Neigh,1Neigh-Magnesium
Magnesium,NT5C3B,1Neigh,1Neigh-Magnesium
Magnesium,ENPP3,1Neigh,1Neigh-Magnesium
Magnesium,AK9,1Neigh,1Neigh-Magnesium
Magnesium,PDE1A,1Neigh,1Neigh-Magnesium
Magnesium,AMPD1,1Neigh,1Neigh-Magnesium
Magnesium,NT5C1B-RDH14,1Neigh,1Neigh-Magnesium
Magnesium,NT5C3A,1Neigh,1Neigh-Magnesium
Magnesium,ADSL,1Neigh,1Neigh-Magnesium
Magnesium,ENPP1,1Neigh,1Neigh-Magnesium
Magnesium,WASL,1Neigh,1Neigh-Magnesium
Magnesium,PFN1,1Neigh,1Neigh-Magnesium
Magnesium,PFN2,1Neigh,1Neigh-Magnesium
Magnesium,VASP,1Neigh,1Neigh-Magnesium
Magnesium,BAIAP2,1Neigh,1Neigh-Magnesium
Magnesium,PFN4,1Neigh,1Neigh-Magnesium
Magnesium,ZYX,1Neigh,1Neigh-Magnesium
Magnesium,ACTL7A,1Neigh,1Neigh-Magnesium
Magnesium,TES,1Neigh,1Neigh-Magnesium
Magnesium,APBB1IP,1Neigh,1Neigh-Magnesium
Magnesium,EVL,1Neigh,1Neigh-Magnesium
Magnesium,ESRP1,1Neigh,1Neigh-Magnesium
Magnesium,ACTG1,1Neigh,1Neigh-Magnesium
Magnesium,PLCG1,1Neigh,1Neigh-Magnesium
Magnesium,KDR,1Neigh,1Neigh-Magnesium
Magnesium,SRC,1Neigh,1Neigh-Magnesium
Magnesium,ITK,1Neigh,1Neigh-Magnesium
Magnesium,PIK3R1,1Neigh,1Neigh-Magnesium
Magnesium,AGXT2,1Neigh,1Neigh-Magnesium
Magnesium,APOB,1Neigh,1Neigh-Magnesium
Magnesium,GOT2,1Neigh,1Neigh-Magnesium
Magnesium,SDHA,1Neigh,1Neigh-Magnesium
Magnesium,GLUD1,1Neigh,1Neigh-Magnesium
Magnesium,NAGS,1Neigh,1Neigh-Magnesium
Magnesium,GOT1L1,1Neigh,1Neigh-Magnesium
Magnesium,GLUD2,1Neigh,1Neigh-Magnesium
Magnesium,IDH2,1Neigh,1Neigh-Magnesium
Magnesium,GPT2,1Neigh,1Neigh-Magnesium
Magnesium,GPX6,1Neigh,1Neigh-Magnesium
Magnesium,GPX7,1Neigh,1Neigh-Magnesium
Magnesium,FH,1Neigh,1Neigh-Magnesium
Magnesium,SDHC,1Neigh,1Neigh-Magnesium
Magnesium,GOT1,1Neigh,1Neigh-Magnesium
Magnesium,OGDHL,1Neigh,1Neigh-Magnesium
Magnesium,SDHB,1Neigh,1Neigh-Magnesium
Magnesium,SDHD,1Neigh,1Neigh-Magnesium
Magnesium,GPX3,1Neigh,1Neigh-Magnesium
Magnesium,GPX2,1Neigh,1Neigh-Magnesium
Magnesium,IL6,1Neigh,1Neigh-Magnesium
Magnesium,OGDH,1Neigh,1Neigh-Magnesium
Magnesium,GPX5,1Neigh,1Neigh-Magnesium
Magnesium,B9D2,1Neigh,1Neigh-Magnesium
Magnesium,DNAJB1,1Neigh,1Neigh-Magnesium
Magnesium,CCT7,1Neigh,1Neigh-Magnesium
Magnesium,TAOK1,1Neigh,1Neigh-Magnesium
Magnesium,KIF18A,1Neigh,1Neigh-Magnesium
Magnesium,CLASP1,1Neigh,1Neigh-Magnesium
Magnesium,SGO1,1Neigh,1Neigh-Magnesium
Magnesium,FBXW11,1Neigh,1Neigh-Magnesium
Magnesium,CENPE,1Neigh,1Neigh-Magnesium
Magnesium,SPDL1,1Neigh,1Neigh-Magnesium
Magnesium,KIF2B,1Neigh,1Neigh-Magnesium
Magnesium,DYNC1LI1,1Neigh,1Neigh-Magnesium
Magnesium,CCT5,1Neigh,1Neigh-Magnesium
Magnesium,CENPU,1Neigh,1Neigh-Magnesium
Magnesium,RANBP2,1Neigh,1Neigh-Magnesium
Magnesium,SKA1,1Neigh,1Neigh-Magnesium
Magnesium,CCT2,1Neigh,1Neigh-Magnesium
Magnesium,BUB1,1Neigh,1Neigh-Magnesium
Magnesium,DYNC1I1,1Neigh,1Neigh-Magnesium
Magnesium,CLASP2,1Neigh,1Neigh-Magnesium
Magnesium,SKA2,1Neigh,1Neigh-Magnesium
Magnesium,NDEL1,1Neigh,1Neigh-Magnesium
Magnesium,ERCC6L,1Neigh,1Neigh-Magnesium
Magnesium,HSP90AA1,1Neigh,1Neigh-Magnesium
Magnesium,CENPA,1Neigh,1Neigh-Magnesium
Magnesium,PPP1CC,1Neigh,1Neigh-Magnesium
Magnesium,DYNC1H1,1Neigh,1Neigh-Magnesium
Magnesium,SGO2,1Neigh,1Neigh-Magnesium
Magnesium,AHCTF1,1Neigh,1Neigh-Magnesium
Magnesium,CENPF,1Neigh,1Neigh-Magnesium
Magnesium,KIF2C,1Neigh,1Neigh-Magnesium
Magnesium,CDC20,1Neigh,1Neigh-Magnesium
Magnesium,EIF3I,1Neigh,1Neigh-Magnesium
Magnesium,MAPRE1,1Neigh,1Neigh-Magnesium
Magnesium,DYNLL1,1Neigh,1Neigh-Magnesium
Magnesium,INCENP,1Neigh,1Neigh-Magnesium
Magnesium,SLC32A1,1Neigh,1Neigh-Magnesium
Magnesium,MOCS3,1Neigh,1Neigh-Magnesium
Magnesium,SYP,1Neigh,1Neigh-Magnesium
Magnesium,GLRB,1Neigh,1Neigh-Magnesium
Magnesium,NRXN2,1Neigh,1Neigh-Magnesium
Magnesium,NLGN2,1Neigh,1Neigh-Magnesium
Magnesium,MOCS1,1Neigh,1Neigh-Magnesium
Magnesium,NLGN4X,1Neigh,1Neigh-Magnesium
Magnesium,MOCS2,1Neigh,1Neigh-Magnesium
Magnesium,NRXN1,1Neigh,1Neigh-Magnesium
Magnesium,MCM5,1Neigh,1Neigh-Magnesium
Magnesium,NME3,1Neigh,1Neigh-Magnesium
Magnesium,NME4,1Neigh,1Neigh-Magnesium
Magnesium,MCM4,1Neigh,1Neigh-Magnesium
Magnesium,MCM6,1Neigh,1Neigh-Magnesium
Magnesium,TK2,1Neigh,1Neigh-Magnesium
Magnesium,RRM1,1Neigh,1Neigh-Magnesium
Magnesium,DTYMK,1Neigh,1Neigh-Magnesium
Magnesium,MCM7,1Neigh,1Neigh-Magnesium
Magnesium,TYMS,1Neigh,1Neigh-Magnesium
Magnesium,DCTD,1Neigh,1Neigh-Magnesium
Magnesium,RRM2,1Neigh,1Neigh-Magnesium
Magnesium,NME7,1Neigh,1Neigh-Magnesium
Magnesium,PCNA,1Neigh,1Neigh-Magnesium
Magnesium,ITPA,1Neigh,1Neigh-Magnesium
Magnesium,NME2,1Neigh,1Neigh-Magnesium
Magnesium,NME1-NME2,1Neigh,1Neigh-Magnesium
Magnesium,TSNARE1,1Neigh,1Neigh-Magnesium
Magnesium,DCTN1,1Neigh,1Neigh-Magnesium
Magnesium,CDK1,1Neigh,1Neigh-Magnesium
Magnesium,PAFAH1B1,1Neigh,1Neigh-Magnesium
Magnesium,PDXP,1Neigh,1Neigh-Magnesium
Magnesium,FDX1,1Neigh,1Neigh-Magnesium
Magnesium,AOX1,1Neigh,1Neigh-Magnesium
Magnesium,PHOSPHO2,1Neigh,1Neigh-Magnesium
Magnesium,CD38,1Neigh,1Neigh-Magnesium
Magnesium,CASQ2,1Neigh,1Neigh-Magnesium
Magnesium,CACNA1C,1Neigh,1Neigh-Magnesium
Magnesium,CALM3,1Neigh,1Neigh-Magnesium
Magnesium,CALML6,1Neigh,1Neigh-Magnesium
Magnesium,CALML3,1Neigh,1Neigh-Magnesium
Magnesium,PSEN1,1Neigh,1Neigh-Magnesium
Magnesium,TRDN,1Neigh,1Neigh-Magnesium
Magnesium,RYR1,1Neigh,1Neigh-Magnesium
Magnesium,RYR2,1Neigh,1Neigh-Magnesium
Magnesium,PSEN2,1Neigh,1Neigh-Magnesium
Magnesium,ASPH,1Neigh,1Neigh-Magnesium
Magnesium,CALML5,1Neigh,1Neigh-Magnesium
Magnesium,FKBP1B,1Neigh,1Neigh-Magnesium
Magnesium,FKBP1A,1Neigh,1Neigh-Magnesium
Magnesium,CALML4,1Neigh,1Neigh-Magnesium
Magnesium,NOS1,1Neigh,1Neigh-Magnesium
Magnesium,DLD,1Neigh,1Neigh-Magnesium
Magnesium,PDHX,1Neigh,1Neigh-Magnesium
Magnesium,DLAT,1Neigh,1Neigh-Magnesium
Magnesium,PDPR,1Neigh,1Neigh-Magnesium
Magnesium,PDHB,1Neigh,1Neigh-Magnesium
Magnesium,SEPTIN12,1Neigh,1Neigh-Magnesium
Magnesium,SEPTIN1,1Neigh,1Neigh-Magnesium
Magnesium,CDC42EP4,1Neigh,1Neigh-Magnesium
Magnesium,SEPTIN6,1Neigh,1Neigh-Magnesium
Magnesium,SEPTIN8,1Neigh,1Neigh-Magnesium
Magnesium,SEPTIN14,1Neigh,1Neigh-Magnesium
Magnesium,SEPTIN9,1Neigh,1Neigh-Magnesium
Magnesium,SEPTIN5,1Neigh,1Neigh-Magnesium
Magnesium,SEPTIN7,1Neigh,1Neigh-Magnesium
Magnesium,SEPTIN11,1Neigh,1Neigh-Magnesium
Magnesium,SEPTIN2,1Neigh,1Neigh-Magnesium
Magnesium,TIGAR,1Neigh,1Neigh-Magnesium
Magnesium,PCK2,1Neigh,1Neigh-Magnesium
Magnesium,GCK,1Neigh,1Neigh-Magnesium
Magnesium,TPI1,1Neigh,1Neigh-Magnesium
Magnesium,PFKFB4,1Neigh,1Neigh-Magnesium
Magnesium,ACOT2,1Neigh,1Neigh-Magnesium
Magnesium,G6PC,1Neigh,1Neigh-Magnesium
Magnesium,GID8,1Neigh,1Neigh-Magnesium
Magnesium,PFKL,1Neigh,1Neigh-Magnesium
Magnesium,TKTL2,1Neigh,1Neigh-Magnesium
Magnesium,HK2,1Neigh,1Neigh-Magnesium
Magnesium,HK3,1Neigh,1Neigh-Magnesium
Magnesium,ACOT1,1Neigh,1Neigh-Magnesium
Magnesium,MPI,1Neigh,1Neigh-Magnesium
Magnesium,BCKDHB,1Neigh,1Neigh-Magnesium
Magnesium,PKM,1Neigh,1Neigh-Magnesium
Magnesium,TALDO1,1Neigh,1Neigh-Magnesium
Magnesium,ACOT4,1Neigh,1Neigh-Magnesium
Magnesium,HKDC1,1Neigh,1Neigh-Magnesium
Magnesium,PFKFB2,1Neigh,1Neigh-Magnesium
Magnesium,TKTL1,1Neigh,1Neigh-Magnesium
Magnesium,PFKFB1,1Neigh,1Neigh-Magnesium
Magnesium,FBP2,1Neigh,1Neigh-Magnesium
Magnesium,PFKP,1Neigh,1Neigh-Magnesium
Magnesium,ALDOC,1Neigh,1Neigh-Magnesium
Magnesium,GPI,1Neigh,1Neigh-Magnesium
Magnesium,PFKFB3,1Neigh,1Neigh-Magnesium
Magnesium,HK1,1Neigh,1Neigh-Magnesium
Magnesium,ALDOA,1Neigh,1Neigh-Magnesium
Magnesium,PFKM,1Neigh,1Neigh-Magnesium
Magnesium,SPTLC2,1Neigh,1Neigh-Magnesium
Magnesium,DAO,1Neigh,1Neigh-Magnesium
Magnesium,HRG,1Neigh,1Neigh-Magnesium
Magnesium,SDS,1Neigh,1Neigh-Magnesium
Magnesium,SPTLC1,1Neigh,1Neigh-Magnesium
Magnesium,ILVBL,1Neigh,1Neigh-Magnesium
Magnesium,AMT,1Neigh,1Neigh-Magnesium
Magnesium,BHMT,1Neigh,1Neigh-Magnesium
Magnesium,CTBP1,1Neigh,1Neigh-Magnesium
Magnesium,ATXN7,1Neigh,1Neigh-Magnesium
Magnesium,MAT2A,1Neigh,1Neigh-Magnesium
Magnesium,GRHPR,1Neigh,1Neigh-Magnesium
Magnesium,PIPOX,1Neigh,1Neigh-Magnesium
Magnesium,SHMT1,1Neigh,1Neigh-Magnesium
Magnesium,GCSH,1Neigh,1Neigh-Magnesium
Magnesium,SHMT2,1Neigh,1Neigh-Magnesium
Magnesium,SDSL,1Neigh,1Neigh-Magnesium
Magnesium,HAO2,1Neigh,1Neigh-Magnesium
Magnesium,MTR,1Neigh,1Neigh-Magnesium
Magnesium,HOGA1,1Neigh,1Neigh-Magnesium
Magnesium,SARDH,1Neigh,1Neigh-Magnesium
Magnesium,GNMT,1Neigh,1Neigh-Magnesium
Magnesium,GLDC,1Neigh,1Neigh-Magnesium
Magnesium,GART,1Neigh,1Neigh-Magnesium
Magnesium,ASNS,1Neigh,1Neigh-Magnesium
Magnesium,ALAS1,1Neigh,1Neigh-Magnesium
Magnesium,ADHFE1,1Neigh,1Neigh-Magnesium
Magnesium,GATM,1Neigh,1Neigh-Magnesium
Magnesium,CBS,1Neigh,1Neigh-Magnesium
Magnesium,PUDP,1Neigh,1Neigh-Magnesium
Magnesium,CD4,1Neigh,1Neigh-Magnesium
Magnesium,IL2RB,1Neigh,1Neigh-Magnesium
Magnesium,IL2,1Neigh,1Neigh-Magnesium
Magnesium,KLRB1,1Neigh,1Neigh-Magnesium
Magnesium,NCR1,1Neigh,1Neigh-Magnesium
Magnesium,LAMP1,1Neigh,1Neigh-Magnesium
Magnesium,PDCD1,1Neigh,1Neigh-Magnesium
Magnesium,KIR2DL1,1Neigh,1Neigh-Magnesium
Magnesium,KLRD1,1Neigh,1Neigh-Magnesium
Magnesium,NCR3,1Neigh,1Neigh-Magnesium
Magnesium,KIR2DL3,1Neigh,1Neigh-Magnesium
Magnesium,ITGAL,1Neigh,1Neigh-Magnesium
Magnesium,CD247,1Neigh,1Neigh-Magnesium
Magnesium,FCGR3A,1Neigh,1Neigh-Magnesium
Magnesium,HLA-E,1Neigh,1Neigh-Magnesium
Magnesium,KLRC2,1Neigh,1Neigh-Magnesium
Magnesium,KIR3DL1,1Neigh,1Neigh-Magnesium
Magnesium,CD8A,1Neigh,1Neigh-Magnesium
Magnesium,PTPRC,1Neigh,1Neigh-Magnesium
Magnesium,CDIPT,1Neigh,1Neigh-Magnesium
Magnesium,LPIN2,1Neigh,1Neigh-Magnesium
Magnesium,PGS1,1Neigh,1Neigh-Magnesium
Magnesium,PLD2,1Neigh,1Neigh-Magnesium
Magnesium,AGPAT5,1Neigh,1Neigh-Magnesium
Magnesium,AGPAT3,1Neigh,1Neigh-Magnesium
Magnesium,MBOAT2,1Neigh,1Neigh-Magnesium
Magnesium,LCLAT1,1Neigh,1Neigh-Magnesium
Magnesium,COQ2,1Neigh,1Neigh-Magnesium
Magnesium,AGPAT4,1Neigh,1Neigh-Magnesium
Magnesium,MBOAT1,1Neigh,1Neigh-Magnesium
Magnesium,PLPP2,1Neigh,1Neigh-Magnesium
Magnesium,PLD1,1Neigh,1Neigh-Magnesium
Magnesium,PLPP3,1Neigh,1Neigh-Magnesium
Magnesium,AGPAT2,1Neigh,1Neigh-Magnesium
Magnesium,CRLS1,1Neigh,1Neigh-Magnesium
Magnesium,AGPAT1,1Neigh,1Neigh-Magnesium
Magnesium,PLPP4,1Neigh,1Neigh-Magnesium
Magnesium,PLD3,1Neigh,1Neigh-Magnesium
Magnesium,PLPP5,1Neigh,1Neigh-Magnesium
Magnesium,LPIN1,1Neigh,1Neigh-Magnesium
Magnesium,CDS2,1Neigh,1Neigh-Magnesium
Magnesium,FKTN,1Neigh,1Neigh-Magnesium
Magnesium,RXYLT1,1Neigh,1Neigh-Magnesium
Magnesium,POMT2,1Neigh,1Neigh-Magnesium
Magnesium,POMK,1Neigh,1Neigh-Magnesium
Magnesium,POMGNT2,1Neigh,1Neigh-Magnesium
Magnesium,POMT1,1Neigh,1Neigh-Magnesium
Magnesium,RAC2,1Neigh,1Neigh-Magnesium
Magnesium,ELMO2,1Neigh,1Neigh-Magnesium
Magnesium,CRK,1Neigh,1Neigh-Magnesium
Magnesium,ELMO1,1Neigh,1Neigh-Magnesium
Magnesium,RHOG,1Neigh,1Neigh-Magnesium
Magnesium,FYN,1Neigh,1Neigh-Magnesium
Magnesium,RAC1,1Neigh,1Neigh-Magnesium
Magnesium,PABPN1,1Neigh,1Neigh-Magnesium
Magnesium,CSTF1,1Neigh,1Neigh-Magnesium
Magnesium,SRSF9,1Neigh,1Neigh-Magnesium
Magnesium,MTREX,1Neigh,1Neigh-Magnesium
Magnesium,CPSF3,1Neigh,1Neigh-Magnesium
Magnesium,PAPOLG,1Neigh,1Neigh-Magnesium
Magnesium,SNRPA,1Neigh,1Neigh-Magnesium
Magnesium,SRSF6,1Neigh,1Neigh-Magnesium
Magnesium,SYMPK,1Neigh,1Neigh-Magnesium
Magnesium,SRSF1,1Neigh,1Neigh-Magnesium
Magnesium,CPSF6,1Neigh,1Neigh-Magnesium
Magnesium,DHX38,1Neigh,1Neigh-Magnesium
Magnesium,SSU72,1Neigh,1Neigh-Magnesium
Magnesium,CPSF4,1Neigh,1Neigh-Magnesium
Magnesium,WDR82,1Neigh,1Neigh-Magnesium
Magnesium,SLU7,1Neigh,1Neigh-Magnesium
Magnesium,PCF11,1Neigh,1Neigh-Magnesium
Magnesium,CPSF2,1Neigh,1Neigh-Magnesium
Magnesium,NUDT21,1Neigh,1Neigh-Magnesium
Magnesium,U2AF2,1Neigh,1Neigh-Magnesium
Magnesium,CSTF3,1Neigh,1Neigh-Magnesium
Magnesium,RBBP6,1Neigh,1Neigh-Magnesium
Magnesium,WDR33,1Neigh,1Neigh-Magnesium
Magnesium,SRSF7,1Neigh,1Neigh-Magnesium
Magnesium,NCBP2,1Neigh,1Neigh-Magnesium
Magnesium,CSTF2T,1Neigh,1Neigh-Magnesium
Magnesium,FIP1L1,1Neigh,1Neigh-Magnesium
Magnesium,CPSF7,1Neigh,1Neigh-Magnesium
Magnesium,CDC40,1Neigh,1Neigh-Magnesium
Magnesium,SRSF11,1Neigh,1Neigh-Magnesium
Magnesium,SRSF3,1Neigh,1Neigh-Magnesium
Magnesium,SRSF4,1Neigh,1Neigh-Magnesium
Magnesium,NCBP1,1Neigh,1Neigh-Magnesium
Magnesium,EXOSC10,1Neigh,1Neigh-Magnesium
Magnesium,ZFC3H1,1Neigh,1Neigh-Magnesium
Magnesium,SRSF2,1Neigh,1Neigh-Magnesium
Magnesium,PAPOLB,1Neigh,1Neigh-Magnesium
Magnesium,CSTF2,1Neigh,1Neigh-Magnesium
Magnesium,CLP1,1Neigh,1Neigh-Magnesium
Magnesium,TFPI,1Neigh,1Neigh-Magnesium
Magnesium,GGCX,1Neigh,1Neigh-Magnesium
Magnesium,F12,1Neigh,1Neigh-Magnesium
Magnesium,VWF,1Neigh,1Neigh-Magnesium
Magnesium,KLKB1,1Neigh,1Neigh-Magnesium
Magnesium,F2,1Neigh,1Neigh-Magnesium
Magnesium,F3,1Neigh,1Neigh-Magnesium
Magnesium,F8,1Neigh,1Neigh-Magnesium
Magnesium,SERPINC1,1Neigh,1Neigh-Magnesium
Magnesium,F5,1Neigh,1Neigh-Magnesium
Magnesium,F10,1Neigh,1Neigh-Magnesium
Magnesium,F7,1Neigh,1Neigh-Magnesium
Magnesium,F11,1Neigh,1Neigh-Magnesium
Magnesium,IGLL5,1Neigh,1Neigh-Magnesium
Magnesium,PON1,1Neigh,1Neigh-Magnesium
Magnesium,APOE,1Neigh,1Neigh-Magnesium
Magnesium,SI,1Neigh,1Neigh-Magnesium
Magnesium,APP,1Neigh,1Neigh-Magnesium
Magnesium,MAOA,1Neigh,1Neigh-Magnesium
Magnesium,DOK7,1Neigh,1Neigh-Magnesium
Magnesium,MYH9,1Neigh,1Neigh-Magnesium
Magnesium,MYL10,1Neigh,1Neigh-Magnesium
Magnesium,MYL7,1Neigh,1Neigh-Magnesium
Magnesium,ACTA2,1Neigh,1Neigh-Magnesium
Magnesium,MYH1,1Neigh,1Neigh-Magnesium
Magnesium,MYL2,1Neigh,1Neigh-Magnesium
Magnesium,MYH4,1Neigh,1Neigh-Magnesium
Magnesium,PPP1R12C,1Neigh,1Neigh-Magnesium
Magnesium,IQGAP1,1Neigh,1Neigh-Magnesium
Magnesium,MYLK4,1Neigh,1Neigh-Magnesium
Magnesium,MYL9,1Neigh,1Neigh-Magnesium
Magnesium,ARPC2,1Neigh,1Neigh-Magnesium
Magnesium,MYL1,1Neigh,1Neigh-Magnesium
Magnesium,TLN1,1Neigh,1Neigh-Magnesium
Magnesium,MYLPF,1Neigh,1Neigh-Magnesium
Magnesium,PPP1CA,1Neigh,1Neigh-Magnesium
Magnesium,MYH7,1Neigh,1Neigh-Magnesium
Magnesium,MYO9A,1Neigh,1Neigh-Magnesium
Magnesium,TPM1,1Neigh,1Neigh-Magnesium
Magnesium,MYLK,1Neigh,1Neigh-Magnesium
Magnesium,MYH10,1Neigh,1Neigh-Magnesium
Magnesium,MYO6,1Neigh,1Neigh-Magnesium
Magnesium,MYLK2,1Neigh,1Neigh-Magnesium
Magnesium,MYLK3,1Neigh,1Neigh-Magnesium
Magnesium,PPP1CB,1Neigh,1Neigh-Magnesium
Magnesium,MYH2,1Neigh,1Neigh-Magnesium
Magnesium,MYH8,1Neigh,1Neigh-Magnesium
Magnesium,MYH6,1Neigh,1Neigh-Magnesium
Magnesium,MYO18B,1Neigh,1Neigh-Magnesium
Magnesium,ACTG2,1Neigh,1Neigh-Magnesium
Magnesium,PPP1R12A,1Neigh,1Neigh-Magnesium
Magnesium,RHOA,1Neigh,1Neigh-Magnesium
Magnesium,MYH13,1Neigh,1Neigh-Magnesium
Magnesium,CFL1,1Neigh,1Neigh-Magnesium
Magnesium,MYO18A,1Neigh,1Neigh-Magnesium
Magnesium,MYL6B,1Neigh,1Neigh-Magnesium
Magnesium,MYL12B,1Neigh,1Neigh-Magnesium
Magnesium,MYH3,1Neigh,1Neigh-Magnesium
Magnesium,MYL12A,1Neigh,1Neigh-Magnesium
Magnesium,DYNLL2,1Neigh,1Neigh-Magnesium
Magnesium,MYH14,1Neigh,1Neigh-Magnesium
Magnesium,TPM4,1Neigh,1Neigh-Magnesium
Magnesium,MYO1F,1Neigh,1Neigh-Magnesium
Magnesium,ACTB,1Neigh,1Neigh-Magnesium
Magnesium,TPM2,1Neigh,1Neigh-Magnesium
Magnesium,VCL,1Neigh,1Neigh-Magnesium
Magnesium,SRF,1Neigh,1Neigh-Magnesium
Magnesium,RUNX1,1Neigh,1Neigh-Magnesium
Magnesium,MYL4,1Neigh,1Neigh-Magnesium
Magnesium,CALD1,1Neigh,1Neigh-Magnesium
Magnesium,LMOD1,1Neigh,1Neigh-Magnesium
Magnesium,MYL5,1Neigh,1Neigh-Magnesium
Magnesium,PPP2R5B,1Neigh,1Neigh-Magnesium
Magnesium,PPP2CB,1Neigh,1Neigh-Magnesium
Magnesium,TNNC1,1Neigh,1Neigh-Magnesium
Magnesium,PPP2R5A,1Neigh,1Neigh-Magnesium
Magnesium,PPP2R3C,1Neigh,1Neigh-Magnesium
Magnesium,PPP2R3A,1Neigh,1Neigh-Magnesium
Magnesium,PRKAG2,1Neigh,1Neigh-Magnesium
Magnesium,ACTC1,1Neigh,1Neigh-Magnesium
Magnesium,PRKACA,1Neigh,1Neigh-Magnesium
Magnesium,PPP2R1B,1Neigh,1Neigh-Magnesium
Magnesium,TCAP,1Neigh,1Neigh-Magnesium
Magnesium,TNNI3K,1Neigh,1Neigh-Magnesium
Magnesium,PPP2R1A,1Neigh,1Neigh-Magnesium
Magnesium,PPP2R2A,1Neigh,1Neigh-Magnesium
Magnesium,SCN5A,1Neigh,1Neigh-Magnesium
Magnesium,PPP2R5E,1Neigh,1Neigh-Magnesium
Magnesium,ATP2B4,1Neigh,1Neigh-Magnesium
Magnesium,ACTN2,1Neigh,1Neigh-Magnesium
Magnesium,TNNC2,1Neigh,1Neigh-Magnesium
Magnesium,TNNT3,1Neigh,1Neigh-Magnesium
Magnesium,TNNI2,1Neigh,1Neigh-Magnesium
Magnesium,PPP2R2C,1Neigh,1Neigh-Magnesium
Magnesium,PPP2R3B,1Neigh,1Neigh-Magnesium
Magnesium,PPP2R2B,1Neigh,1Neigh-Magnesium
Magnesium,PPP2R2D,1Neigh,1Neigh-Magnesium
Magnesium,PPP2R5C,1Neigh,1Neigh-Magnesium
Magnesium,PPP2R5D,1Neigh,1Neigh-Magnesium
Magnesium,TNNT1,1Neigh,1Neigh-Magnesium
Magnesium,TPM3,1Neigh,1Neigh-Magnesium
Magnesium,DHDH,1Neigh,1Neigh-Magnesium
Magnesium,GALM,1Neigh,1Neigh-Magnesium
Magnesium,UGP2,1Neigh,1Neigh-Magnesium
Magnesium,GALT,1Neigh,1Neigh-Magnesium
Magnesium,ATP5F1D,1Neigh,1Neigh-Magnesium
Magnesium,ATP6V1D,1Neigh,1Neigh-Magnesium
Magnesium,ATP12A,1Neigh,1Neigh-Magnesium
Magnesium,ATP6V1B1,1Neigh,1Neigh-Magnesium
Magnesium,ATP6V1E1,1Neigh,1Neigh-Magnesium
Magnesium,ATP5F1B,1Neigh,1Neigh-Magnesium
Magnesium,ATP6V0A1,1Neigh,1Neigh-Magnesium
Magnesium,PAPSS1,1Neigh,1Neigh-Magnesium
Magnesium,TCIRG1,1Neigh,1Neigh-Magnesium
Magnesium,ATP6V1A,1Neigh,1Neigh-Magnesium
Magnesium,ATP6V1B2,1Neigh,1Neigh-Magnesium
Magnesium,ATP5MC3,1Neigh,1Neigh-Magnesium
Magnesium,ATP5PO,1Neigh,1Neigh-Magnesium
Magnesium,ATP5MG,1Neigh,1Neigh-Magnesium
Magnesium,ATP5PD,1Neigh,1Neigh-Magnesium
Magnesium,ATP6V1E2,1Neigh,1Neigh-Magnesium
Magnesium,ATP6V0A4,1Neigh,1Neigh-Magnesium
Magnesium,ATP6V0C,1Neigh,1Neigh-Magnesium
Magnesium,ATP6V0A2,1Neigh,1Neigh-Magnesium
Magnesium,ATP4B,1Neigh,1Neigh-Magnesium
Magnesium,PPA2,1Neigh,1Neigh-Magnesium
Magnesium,ATP5F1C,1Neigh,1Neigh-Magnesium
Magnesium,MT-ATP6,1Neigh,1Neigh-Magnesium
Magnesium,LHPP,1Neigh,1Neigh-Magnesium
Magnesium,ATP5PB,1Neigh,1Neigh-Magnesium
Magnesium,ATP6AP1,1Neigh,1Neigh-Magnesium
Magnesium,ATP5MC1,1Neigh,1Neigh-Magnesium
Magnesium,ATP5F1A,1Neigh,1Neigh-Magnesium
Magnesium,ATP5PF,1Neigh,1Neigh-Magnesium
Magnesium,ATP6V1C1,1Neigh,1Neigh-Magnesium
Magnesium,TPSD1,1Neigh,1Neigh-Magnesium
Magnesium,DNAL4,1Neigh,1Neigh-Magnesium
Magnesium,ATP2A1,1Neigh,1Neigh-Magnesium
Magnesium,CSF3,1Neigh,1Neigh-Magnesium
Magnesium,GHSR,1Neigh,1Neigh-Magnesium
Magnesium,EPO,1Neigh,1Neigh-Magnesium
Magnesium,ALB,1Neigh,1Neigh-Magnesium
Magnesium,PRL,1Neigh,1Neigh-Magnesium
Magnesium,LEP,1Neigh,1Neigh-Magnesium
Magnesium,CSH1,1Neigh,1Neigh-Magnesium
Magnesium,GHRHR,1Neigh,1Neigh-Magnesium
Magnesium,LEPR,1Neigh,1Neigh-Magnesium
Magnesium,GH2,1Neigh,1Neigh-Magnesium
Magnesium,GHRL,1Neigh,1Neigh-Magnesium
Magnesium,CNTF,1Neigh,1Neigh-Magnesium
Magnesium,IGFBP3,1Neigh,1Neigh-Magnesium
Magnesium,JAK2,1Neigh,1Neigh-Magnesium
Magnesium,CSH2,1Neigh,1Neigh-Magnesium
Magnesium,IGF1,1Neigh,1Neigh-Magnesium
Magnesium,FCGRT,1Neigh,1Neigh-Magnesium
Magnesium,PRLR,1Neigh,1Neigh-Magnesium
Magnesium,GHR,1Neigh,1Neigh-Magnesium
Magnesium,ENSP00000497443,1Neigh,1Neigh-Magnesium
Magnesium,MACROD1,1Neigh,1Neigh-Magnesium
Magnesium,PARP1,1Neigh,1Neigh-Magnesium
Magnesium,HPS5,1Neigh,1Neigh-Magnesium
Magnesium,HPS3,1Neigh,1Neigh-Magnesium
Magnesium,POMC,1Neigh,1Neigh-Magnesium
Magnesium,MC1R,1Neigh,1Neigh-Magnesium
Magnesium,PPP1R15A,1Neigh,1Neigh-Magnesium
Magnesium,ARPC3,1Neigh,1Neigh-Magnesium
Magnesium,ACTR10,1Neigh,1Neigh-Magnesium
Magnesium,EIF2S1,1Neigh,1Neigh-Magnesium
Magnesium,TMOD1,1Neigh,1Neigh-Magnesium
Magnesium,CAPZA1,1Neigh,1Neigh-Magnesium
Magnesium,ACTR3,1Neigh,1Neigh-Magnesium
Magnesium,ARPC5,1Neigh,1Neigh-Magnesium
Magnesium,CFL2,1Neigh,1Neigh-Magnesium
Magnesium,CTNNA1,1Neigh,1Neigh-Magnesium
Magnesium,MTSS1,1Neigh,1Neigh-Magnesium
Magnesium,FLNC,1Neigh,1Neigh-Magnesium
Magnesium,SETD3,1Neigh,1Neigh-Magnesium
Magnesium,PHACTR1,1Neigh,1Neigh-Magnesium
Magnesium,FMNL3,1Neigh,1Neigh-Magnesium
Magnesium,ARHGAP12,1Neigh,1Neigh-Magnesium
Magnesium,NAA80,1Neigh,1Neigh-Magnesium
Magnesium,PLS3,1Neigh,1Neigh-Magnesium
Magnesium,PFN3,1Neigh,1Neigh-Magnesium
Magnesium,MYOZ1,1Neigh,1Neigh-Magnesium
Magnesium,TNNI1,1Neigh,1Neigh-Magnesium
Magnesium,CAP1,1Neigh,1Neigh-Magnesium
Magnesium,WAS,1Neigh,1Neigh-Magnesium
Magnesium,ACTR2,1Neigh,1Neigh-Magnesium
Magnesium,ARPC4,1Neigh,1Neigh-Magnesium
Magnesium,ARPC1B,1Neigh,1Neigh-Magnesium
Magnesium,CAPZB,1Neigh,1Neigh-Magnesium
Magnesium,DCTN2,1Neigh,1Neigh-Magnesium
Magnesium,WASF2,1Neigh,1Neigh-Magnesium
Magnesium,CPB2,1Neigh,1Neigh-Magnesium
Magnesium,SERPIND1,1Neigh,1Neigh-Magnesium
Magnesium,PROCR,1Neigh,1Neigh-Magnesium
Magnesium,SERPINE1,1Neigh,1Neigh-Magnesium
Magnesium,FGB,1Neigh,1Neigh-Magnesium
Magnesium,PGA5,1Neigh,1Neigh-Magnesium
Magnesium,SERPINF2,1Neigh,1Neigh-Magnesium
Magnesium,PGA3,1Neigh,1Neigh-Magnesium
Magnesium,FGG,1Neigh,1Neigh-Magnesium
Magnesium,PROS1,1Neigh,1Neigh-Magnesium
Magnesium,ERCC1,1Neigh,1Neigh-Magnesium
Magnesium,RFC2,1Neigh,1Neigh-Magnesium
Magnesium,TRIP13,1Neigh,1Neigh-Magnesium
Magnesium,CDC6,1Neigh,1Neigh-Magnesium
Magnesium,DMC1,1Neigh,1Neigh-Magnesium
Magnesium,CBX7,1Neigh,1Neigh-Magnesium
Magnesium,POLE2,1Neigh,1Neigh-Magnesium
Magnesium,RNASEH2A,1Neigh,1Neigh-Magnesium
Magnesium,RPA3,1Neigh,1Neigh-Magnesium
Magnesium,CCND1,1Neigh,1Neigh-Magnesium
Magnesium,RAD51AP1,1Neigh,1Neigh-Magnesium
Magnesium,FANCE,1Neigh,1Neigh-Magnesium
Magnesium,MLH1,1Neigh,1Neigh-Magnesium
Magnesium,MAD2L2,1Neigh,1Neigh-Magnesium
Magnesium,MND1,1Neigh,1Neigh-Magnesium
Magnesium,POLK,1Neigh,1Neigh-Magnesium
Magnesium,H4C6,1Neigh,1Neigh-Magnesium
Magnesium,SLX1A,1Neigh,1Neigh-Magnesium
Magnesium,RPA1,1Neigh,1Neigh-Magnesium
Magnesium,H3-3B,1Neigh,1Neigh-Magnesium
Magnesium,CCNB1,1Neigh,1Neigh-Magnesium
Magnesium,PHC2,1Neigh,1Neigh-Magnesium
Magnesium,CDK4,1Neigh,1Neigh-Magnesium
Magnesium,REV1,1Neigh,1Neigh-Magnesium
Magnesium,HUS1,1Neigh,1Neigh-Magnesium
Magnesium,BRIP1,1Neigh,1Neigh-Magnesium
Magnesium,TOPBP1,1Neigh,1Neigh-Magnesium
Magnesium,BARD1,1Neigh,1Neigh-Magnesium
Magnesium,PALB2,1Neigh,1Neigh-Magnesium
Magnesium,ANAPC5,1Neigh,1Neigh-Magnesium
Magnesium,TIPIN,1Neigh,1Neigh-Magnesium
Magnesium,XRCC1,1Neigh,1Neigh-Magnesium
Magnesium,MSH4,1Neigh,1Neigh-Magnesium
Magnesium,LIG1,1Neigh,1Neigh-Magnesium
Magnesium,POLD3,1Neigh,1Neigh-Magnesium
Magnesium,ZRANB3,1Neigh,1Neigh-Magnesium
Magnesium,UBE2S,1Neigh,1Neigh-Magnesium
Magnesium,RAD18,1Neigh,1Neigh-Magnesium
Magnesium,MCM2,1Neigh,1Neigh-Magnesium
Magnesium,MSH3,1Neigh,1Neigh-Magnesium
Magnesium,NBN,1Neigh,1Neigh-Magnesium
Magnesium,PMS2,1Neigh,1Neigh-Magnesium
Magnesium,CDK2,1Neigh,1Neigh-Magnesium
Magnesium,FANCM,1Neigh,1Neigh-Magnesium
Magnesium,TP53,1Neigh,1Neigh-Magnesium
Magnesium,CBX8,1Neigh,1Neigh-Magnesium
Magnesium,CBX4,1Neigh,1Neigh-Magnesium
Magnesium,NUF2,1Neigh,1Neigh-Magnesium
Magnesium,ATM,1Neigh,1Neigh-Magnesium
Magnesium,NSMCE2,1Neigh,1Neigh-Magnesium
Magnesium,BUB1B,1Neigh,1Neigh-Magnesium
Magnesium,FANCD2,1Neigh,1Neigh-Magnesium
Magnesium,CCNB2,1Neigh,1Neigh-Magnesium
Magnesium,FANCC,1Neigh,1Neigh-Magnesium
Magnesium,SLX4,1Neigh,1Neigh-Magnesium
Magnesium,MAD2L1,1Neigh,1Neigh-Magnesium
Magnesium,PCLAF,1Neigh,1Neigh-Magnesium
Magnesium,CDT1,1Neigh,1Neigh-Magnesium
Magnesium,BIRC5,1Neigh,1Neigh-Magnesium
Magnesium,FEN1,1Neigh,1Neigh-Magnesium
Magnesium,MUS81,1Neigh,1Neigh-Magnesium
Magnesium,CBX2,1Neigh,1Neigh-Magnesium
Magnesium,HLTF,1Neigh,1Neigh-Magnesium
Magnesium,SWSAP1,1Neigh,1Neigh-Magnesium
Magnesium,RMI2,1Neigh,1Neigh-Magnesium
Magnesium,ERCC4,1Neigh,1Neigh-Magnesium
Magnesium,FANCI,1Neigh,1Neigh-Magnesium
Magnesium,RAD9A,1Neigh,1Neigh-Magnesium
Magnesium,ATAD5,1Neigh,1Neigh-Magnesium
Magnesium,PRKDC,1Neigh,1Neigh-Magnesium
Magnesium,AURKB,1Neigh,1Neigh-Magnesium
Magnesium,ANAPC2,1Neigh,1Neigh-Magnesium
Magnesium,MEIOB,1Neigh,1Neigh-Magnesium
Magnesium,SWI5,1Neigh,1Neigh-Magnesium
Magnesium,RMI1,1Neigh,1Neigh-Magnesium
Magnesium,RECQL5,1Neigh,1Neigh-Magnesium
Magnesium,SUMO4,1Neigh,1Neigh-Magnesium
Magnesium,TOP3A,1Neigh,1Neigh-Magnesium
Magnesium,POLE,1Neigh,1Neigh-Magnesium
Magnesium,ATRIP,1Neigh,1Neigh-Magnesium
Magnesium,MRE11,1Neigh,1Neigh-Magnesium
Magnesium,FANCF,1Neigh,1Neigh-Magnesium
Magnesium,H3C13,1Neigh,1Neigh-Magnesium
Magnesium,RAD54B,1Neigh,1Neigh-Magnesium
Magnesium,RAD51C,1Neigh,1Neigh-Magnesium
Magnesium,ANAPC1,1Neigh,1Neigh-Magnesium
Magnesium,H3-5,1Neigh,1Neigh-Magnesium
Magnesium,BABAM2,1Neigh,1Neigh-Magnesium
Magnesium,ATR,1Neigh,1Neigh-Magnesium
Magnesium,SMARCA4,1Neigh,1Neigh-Magnesium
Magnesium,E2F1,1Neigh,1Neigh-Magnesium
Magnesium,BLM,1Neigh,1Neigh-Magnesium
Magnesium,CDC16,1Neigh,1Neigh-Magnesium
Magnesium,UBE2C,1Neigh,1Neigh-Magnesium
Magnesium,ABCD4,1Neigh,1Neigh-Magnesium
Magnesium,SMARCAL1,1Neigh,1Neigh-Magnesium
Magnesium,ANAPC11,1Neigh,1Neigh-Magnesium
Magnesium,DNA2,1Neigh,1Neigh-Magnesium
Magnesium,RAD52,1Neigh,1Neigh-Magnesium
Magnesium,REV3L,1Neigh,1Neigh-Magnesium
Magnesium,H3C12,1Neigh,1Neigh-Magnesium
Magnesium,XRCC6,1Neigh,1Neigh-Magnesium
Magnesium,XRCC2,1Neigh,1Neigh-Magnesium
Magnesium,WDHD1,1Neigh,1Neigh-Magnesium
Magnesium,RFWD3,1Neigh,1Neigh-Magnesium
Magnesium,SMC5,1Neigh,1Neigh-Magnesium
Magnesium,EXO1,1Neigh,1Neigh-Magnesium
Magnesium,H3-4,1Neigh,1Neigh-Magnesium
Magnesium,DTL,1Neigh,1Neigh-Magnesium
Magnesium,RNF2,1Neigh,1Neigh-Magnesium
Magnesium,H2BC21,1Neigh,1Neigh-Magnesium
Magnesium,BRCC3,1Neigh,1Neigh-Magnesium
Magnesium,SFR1,1Neigh,1Neigh-Magnesium
Magnesium,PCGF6,1Neigh,1Neigh-Magnesium
Magnesium,ABCD3,1Neigh,1Neigh-Magnesium
Magnesium,RAD54L,1Neigh,1Neigh-Magnesium
Magnesium,POLH,1Neigh,1Neigh-Magnesium
Magnesium,ATRX,1Neigh,1Neigh-Magnesium
Magnesium,RNF8,1Neigh,1Neigh-Magnesium
Magnesium,RPA2,1Neigh,1Neigh-Magnesium
Magnesium,CDC26,1Neigh,1Neigh-Magnesium
Magnesium,RING1,1Neigh,1Neigh-Magnesium
Magnesium,XPA,1Neigh,1Neigh-Magnesium
Magnesium,MDC1,1Neigh,1Neigh-Magnesium
Magnesium,BMI1,1Neigh,1Neigh-Magnesium
Magnesium,BCOR,1Neigh,1Neigh-Magnesium
Magnesium,FANCG,1Neigh,1Neigh-Magnesium
Magnesium,RAD50,1Neigh,1Neigh-Magnesium
Magnesium,MCM8,1Neigh,1Neigh-Magnesium
Magnesium,POLA1,1Neigh,1Neigh-Magnesium
Magnesium,FBH1,1Neigh,1Neigh-Magnesium
Magnesium,RFC3,1Neigh,1Neigh-Magnesium
Magnesium,BRCA2,1Neigh,1Neigh-Magnesium
Magnesium,ABRAXAS1,1Neigh,1Neigh-Magnesium
Magnesium,RAD1,1Neigh,1Neigh-Magnesium
Magnesium,TP53BP1,1Neigh,1Neigh-Magnesium
Magnesium,CHEK2,1Neigh,1Neigh-Magnesium
Magnesium,FANCA,1Neigh,1Neigh-Magnesium
Magnesium,ERCC2,1Neigh,1Neigh-Magnesium
Magnesium,XRCC5,1Neigh,1Neigh-Magnesium
Magnesium,SUMO1,1Neigh,1Neigh-Magnesium
Magnesium,RFC4,1Neigh,1Neigh-Magnesium
Magnesium,RAD9B,1Neigh,1Neigh-Magnesium
Magnesium,CDC23,1Neigh,1Neigh-Magnesium
Magnesium,RBBP8,1Neigh,1Neigh-Magnesium
Magnesium,PAXIP1,1Neigh,1Neigh-Magnesium
Magnesium,FANCL,1Neigh,1Neigh-Magnesium
Magnesium,CHEK1,1Neigh,1Neigh-Magnesium
Magnesium,ANAPC7,1Neigh,1Neigh-Magnesium
Magnesium,CDC45,1Neigh,1Neigh-Magnesium
Magnesium,SUMO2,1Neigh,1Neigh-Magnesium
Magnesium,RFC5,1Neigh,1Neigh-Magnesium
Magnesium,MCM10,1Neigh,1Neigh-Magnesium
Magnesium,BRCA1,1Neigh,1Neigh-Magnesium
Magnesium,RAD51B,1Neigh,1Neigh-Magnesium
Magnesium,PHC3,1Neigh,1Neigh-Magnesium
Magnesium,XRCC4,1Neigh,1Neigh-Magnesium
Magnesium,ANAPC13,1Neigh,1Neigh-Magnesium
Magnesium,ANAPC4,1Neigh,1Neigh-Magnesium
Magnesium,H2AX,1Neigh,1Neigh-Magnesium
Magnesium,CDC27,1Neigh,1Neigh-Magnesium
Magnesium,ANAPC15,1Neigh,1Neigh-Magnesium
Magnesium,PHC1,1Neigh,1Neigh-Magnesium
Magnesium,CUL7,1Neigh,1Neigh-Magnesium
Magnesium,XRCC3,1Neigh,1Neigh-Magnesium
Magnesium,POLD1,1Neigh,1Neigh-Magnesium
Magnesium,ANAPC16,1Neigh,1Neigh-Magnesium
Magnesium,ANAPC10,1Neigh,1Neigh-Magnesium
Magnesium,POLD2,1Neigh,1Neigh-Magnesium
Magnesium,PCGF2,1Neigh,1Neigh-Magnesium
Magnesium,RECQL4,1Neigh,1Neigh-Magnesium
Magnesium,CMPK2,1Neigh,1Neigh-Magnesium
Magnesium,DCK,1Neigh,1Neigh-Magnesium
Magnesium,APOBEC3F,1Neigh,1Neigh-Magnesium
Magnesium,APOBEC3B,1Neigh,1Neigh-Magnesium
Magnesium,UPP1,1Neigh,1Neigh-Magnesium
Magnesium,UCKL1,1Neigh,1Neigh-Magnesium
Magnesium,CES1,1Neigh,1Neigh-Magnesium
Magnesium,UCK2,1Neigh,1Neigh-Magnesium
Magnesium,DPYD,1Neigh,1Neigh-Magnesium
Magnesium,UCK1,1Neigh,1Neigh-Magnesium
Magnesium,UPRT,1Neigh,1Neigh-Magnesium
Magnesium,A1CF,1Neigh,1Neigh-Magnesium
Magnesium,TYMP,1Neigh,1Neigh-Magnesium
Magnesium,UPP2,1Neigh,1Neigh-Magnesium
Magnesium,RRM2B,1Neigh,1Neigh-Magnesium
Magnesium,PDE6A,1Neigh,1Neigh-Magnesium
Magnesium,GMPR,1Neigh,1Neigh-Magnesium
Magnesium,DGUOK,1Neigh,1Neigh-Magnesium
Magnesium,PDE6H,1Neigh,1Neigh-Magnesium
Magnesium,PDE6D,1Neigh,1Neigh-Magnesium
Magnesium,PDE9A,1Neigh,1Neigh-Magnesium
Magnesium,CACNB3,1Neigh,1Neigh-Magnesium
Magnesium,PDE6G,1Neigh,1Neigh-Magnesium
Magnesium,PKLR,1Neigh,1Neigh-Magnesium
Magnesium,PDE5A,1Neigh,1Neigh-Magnesium
Magnesium,PDE6C,1Neigh,1Neigh-Magnesium
Magnesium,HDDC3,1Neigh,1Neigh-Magnesium
Magnesium,NME6,1Neigh,1Neigh-Magnesium
Magnesium,GMPS,1Neigh,1Neigh-Magnesium
Magnesium,CYP2C19,1Neigh,1Neigh-Magnesium
Magnesium,CYP2D6,1Neigh,1Neigh-Magnesium
Magnesium,ARF5,1Neigh,1Neigh-Magnesium
Magnesium,NUDCD1,1Neigh,1Neigh-Magnesium
Magnesium,COPB1,1Neigh,1Neigh-Magnesium
Magnesium,ARFGAP3,1Neigh,1Neigh-Magnesium
Magnesium,ARCN1,1Neigh,1Neigh-Magnesium
Magnesium,SCYL1,1Neigh,1Neigh-Magnesium
Magnesium,TMED3,1Neigh,1Neigh-Magnesium
Magnesium,TMED10,1Neigh,1Neigh-Magnesium
Magnesium,DIPK2A,1Neigh,1Neigh-Magnesium
Magnesium,COPG1,1Neigh,1Neigh-Magnesium
Magnesium,COPB2,1Neigh,1Neigh-Magnesium
Magnesium,GBF1,1Neigh,1Neigh-Magnesium
Magnesium,SEC31A,1Neigh,1Neigh-Magnesium
Magnesium,COPG2,1Neigh,1Neigh-Magnesium
Magnesium,TMED7,1Neigh,1Neigh-Magnesium
Magnesium,COPZ1,1Neigh,1Neigh-Magnesium
Magnesium,COPE,1Neigh,1Neigh-Magnesium
Magnesium,CLTC,1Neigh,1Neigh-Magnesium
Magnesium,MAPK13,1Neigh,1Neigh-Magnesium
Magnesium,MAPK1,1Neigh,1Neigh-Magnesium
Magnesium,TAB1,1Neigh,1Neigh-Magnesium
Magnesium,NEFM,1Neigh,1Neigh-Magnesium
Magnesium,DUSP3,1Neigh,1Neigh-Magnesium
Magnesium,GNB3,1Neigh,1Neigh-Magnesium
Magnesium,GNB4,1Neigh,1Neigh-Magnesium
Magnesium,DUSP1,1Neigh,1Neigh-Magnesium
Magnesium,DUSP4,1Neigh,1Neigh-Magnesium
Magnesium,FOSB,1Neigh,1Neigh-Magnesium
Magnesium,CDC25B,1Neigh,1Neigh-Magnesium
Magnesium,JUND,1Neigh,1Neigh-Magnesium
Magnesium,CYBA,1Neigh,1Neigh-Magnesium
Magnesium,MAP2K2,1Neigh,1Neigh-Magnesium
Magnesium,MAPK3,1Neigh,1Neigh-Magnesium
Magnesium,ATF2,1Neigh,1Neigh-Magnesium
Magnesium,PRKG2,1Neigh,1Neigh-Magnesium
Magnesium,FOSL2,1Neigh,1Neigh-Magnesium
Magnesium,PPARGC1A,1Neigh,1Neigh-Magnesium
Magnesium,ZAP70,1Neigh,1Neigh-Magnesium
Magnesium,MEF2D,1Neigh,1Neigh-Magnesium
Magnesium,PTPRR,1Neigh,1Neigh-Magnesium
Magnesium,DUSP2,1Neigh,1Neigh-Magnesium
Magnesium,NCF1,1Neigh,1Neigh-Magnesium
Magnesium,DUSP16,1Neigh,1Neigh-Magnesium
Magnesium,MED1,1Neigh,1Neigh-Magnesium
Magnesium,HSPB2,1Neigh,1Neigh-Magnesium
Magnesium,MAP2K1,1Neigh,1Neigh-Magnesium
Magnesium,JUNB,1Neigh,1Neigh-Magnesium
Magnesium,GNB2,1Neigh,1Neigh-Magnesium
Magnesium,CEBPB,1Neigh,1Neigh-Magnesium
Magnesium,FOS,1Neigh,1Neigh-Magnesium
Magnesium,PTPN7,1Neigh,1Neigh-Magnesium
Magnesium,FOSL1,1Neigh,1Neigh-Magnesium
Magnesium,NEFH,1Neigh,1Neigh-Magnesium
Magnesium,GNAI2,1Neigh,1Neigh-Magnesium
Magnesium,CDC25C,1Neigh,1Neigh-Magnesium
Magnesium,PGR,1Neigh,1Neigh-Magnesium
Magnesium,CARM1,1Neigh,1Neigh-Magnesium
Magnesium,SP1,1Neigh,1Neigh-Magnesium
Magnesium,MAPK11,1Neigh,1Neigh-Magnesium
Magnesium,RPS6KA4,1Neigh,1Neigh-Magnesium
Magnesium,FOXO3,1Neigh,1Neigh-Magnesium
Magnesium,MEF2C,1Neigh,1Neigh-Magnesium
Magnesium,PTK2,1Neigh,1Neigh-Magnesium
Magnesium,ESR2,1Neigh,1Neigh-Magnesium
Magnesium,MAP2K3,1Neigh,1Neigh-Magnesium
Magnesium,DLG1,1Neigh,1Neigh-Magnesium
Magnesium,DUSP9,1Neigh,1Neigh-Magnesium
Magnesium,ELK4,1Neigh,1Neigh-Magnesium
Magnesium,PTPN5,1Neigh,1Neigh-Magnesium
Magnesium,DUSP10,1Neigh,1Neigh-Magnesium
Magnesium,MAPKAPK2,1Neigh,1Neigh-Magnesium
Magnesium,NCF2,1Neigh,1Neigh-Magnesium
Magnesium,MAP3K7,1Neigh,1Neigh-Magnesium
Magnesium,DUSP5,1Neigh,1Neigh-Magnesium
Magnesium,GNAI3,1Neigh,1Neigh-Magnesium
Magnesium,JUN,1Neigh,1Neigh-Magnesium
Magnesium,CARD9,1Neigh,1Neigh-Magnesium
Magnesium,NCOA3,1Neigh,1Neigh-Magnesium
Magnesium,FOXO4,1Neigh,1Neigh-Magnesium
Magnesium,ELK1,1Neigh,1Neigh-Magnesium
Magnesium,CYBB,1Neigh,1Neigh-Magnesium
Magnesium,GNB1,1Neigh,1Neigh-Magnesium
Magnesium,FOXO1,1Neigh,1Neigh-Magnesium
Magnesium,AKT2,1Neigh,1Neigh-Magnesium
Magnesium,MAPK8,1Neigh,1Neigh-Magnesium
Magnesium,RAPGEF4,1Neigh,1Neigh-Magnesium
Magnesium,DUSP8,1Neigh,1Neigh-Magnesium
Magnesium,MAPK9,1Neigh,1Neigh-Magnesium
Magnesium,RAPGEF3,1Neigh,1Neigh-Magnesium
Magnesium,MEF2B,1Neigh,1Neigh-Magnesium
Magnesium,MAP2K4,1Neigh,1Neigh-Magnesium
Magnesium,AKT1,1Neigh,1Neigh-Magnesium
Magnesium,MALT1,1Neigh,1Neigh-Magnesium
Magnesium,CDK13,1Neigh,1Neigh-Magnesium
Magnesium,SNRPD3,1Neigh,1Neigh-Magnesium
Magnesium,RBX1,1Neigh,1Neigh-Magnesium
Magnesium,SUPT16H,1Neigh,1Neigh-Magnesium
Magnesium,POLR2C,1Neigh,1Neigh-Magnesium
Magnesium,AGO2,1Neigh,1Neigh-Magnesium
Magnesium,PAF1,1Neigh,1Neigh-Magnesium
Magnesium,POLR2I,1Neigh,1Neigh-Magnesium
Magnesium,SETX,1Neigh,1Neigh-Magnesium
Magnesium,SUPT4H1,1Neigh,1Neigh-Magnesium
Magnesium,MED31,1Neigh,1Neigh-Magnesium
Magnesium,DDX5,1Neigh,1Neigh-Magnesium
Magnesium,POLR3B,1Neigh,1Neigh-Magnesium
Magnesium,CNOT2,1Neigh,1Neigh-Magnesium
Magnesium,TBP,1Neigh,1Neigh-Magnesium
Magnesium,MED28,1Neigh,1Neigh-Magnesium
Magnesium,ZC3H13,1Neigh,1Neigh-Magnesium
Magnesium,TBPL2,1Neigh,1Neigh-Magnesium
Magnesium,PIN1,1Neigh,1Neigh-Magnesium
Magnesium,MED17,1Neigh,1Neigh-Magnesium
Magnesium,MLLT1,1Neigh,1Neigh-Magnesium
Magnesium,TAF4,1Neigh,1Neigh-Magnesium
Magnesium,TRIM28,1Neigh,1Neigh-Magnesium
Magnesium,MED10,1Neigh,1Neigh-Magnesium
Magnesium,CDK7,1Neigh,1Neigh-Magnesium
Magnesium,VHL,1Neigh,1Neigh-Magnesium
Magnesium,MED4,1Neigh,1Neigh-Magnesium
Magnesium,GTF2H4,1Neigh,1Neigh-Magnesium
Magnesium,MNAT1,1Neigh,1Neigh-Magnesium
Magnesium,TRIP4,1Neigh,1Neigh-Magnesium
Magnesium,CCNT1,1Neigh,1Neigh-Magnesium
Magnesium,PHF3,1Neigh,1Neigh-Magnesium
Magnesium,PIH1D1,1Neigh,1Neigh-Magnesium
Magnesium,CREBBP,1Neigh,1Neigh-Magnesium
Magnesium,SETD1A,1Neigh,1Neigh-Magnesium
Magnesium,ELL,1Neigh,1Neigh-Magnesium
Magnesium,MED15,1Neigh,1Neigh-Magnesium
Magnesium,BRD4,1Neigh,1Neigh-Magnesium
Magnesium,MED26,1Neigh,1Neigh-Magnesium
Magnesium,CCNT2,1Neigh,1Neigh-Magnesium
Magnesium,GPN1,1Neigh,1Neigh-Magnesium
Magnesium,ERCC8,1Neigh,1Neigh-Magnesium
Magnesium,MED20,1Neigh,1Neigh-Magnesium
Magnesium,GTF2H1,1Neigh,1Neigh-Magnesium
Magnesium,MED9,1Neigh,1Neigh-Magnesium
Magnesium,POLR2D,1Neigh,1Neigh-Magnesium
Magnesium,GTF2H2,1Neigh,1Neigh-Magnesium
Magnesium,ASB6,1Neigh,1Neigh-Magnesium
Magnesium,SSRP1,1Neigh,1Neigh-Magnesium
Magnesium,MED21,1Neigh,1Neigh-Magnesium
Magnesium,GTF2E1,1Neigh,1Neigh-Magnesium
Magnesium,ERCC3,1Neigh,1Neigh-Magnesium
Magnesium,MED7,1Neigh,1Neigh-Magnesium
Magnesium,SCAF4,1Neigh,1Neigh-Magnesium
Magnesium,MED8,1Neigh,1Neigh-Magnesium
Magnesium,MED27,1Neigh,1Neigh-Magnesium
Magnesium,POLR2J,1Neigh,1Neigh-Magnesium
Magnesium,MED11,1Neigh,1Neigh-Magnesium
Magnesium,POLR3K,1Neigh,1Neigh-Magnesium
Magnesium,IWS1,1Neigh,1Neigh-Magnesium
Magnesium,H2AZ1,1Neigh,1Neigh-Magnesium
Magnesium,FBXW12,1Neigh,1Neigh-Magnesium
Magnesium,MED30,1Neigh,1Neigh-Magnesium
Magnesium,LEO1,1Neigh,1Neigh-Magnesium
Magnesium,POLR2M,1Neigh,1Neigh-Magnesium
Magnesium,DDB1,1Neigh,1Neigh-Magnesium
Magnesium,POLR2G,1Neigh,1Neigh-Magnesium
Magnesium,H2AC8,1Neigh,1Neigh-Magnesium
Magnesium,INTS6,1Neigh,1Neigh-Magnesium
Magnesium,TAF7,1Neigh,1Neigh-Magnesium
Magnesium,INTS3,1Neigh,1Neigh-Magnesium
Magnesium,SUPT6H,1Neigh,1Neigh-Magnesium
Magnesium,EZH2,1Neigh,1Neigh-Magnesium
Magnesium,CDK20,1Neigh,1Neigh-Magnesium
Magnesium,MED14,1Neigh,1Neigh-Magnesium
Magnesium,POLR2L,1Neigh,1Neigh-Magnesium
Magnesium,MED16,1Neigh,1Neigh-Magnesium
Magnesium,MED25,1Neigh,1Neigh-Magnesium
Magnesium,INTS5,1Neigh,1Neigh-Magnesium
Magnesium,HEXIM1,1Neigh,1Neigh-Magnesium
Magnesium,POLR2J2,1Neigh,1Neigh-Magnesium
Magnesium,H2AC20,1Neigh,1Neigh-Magnesium
Magnesium,UXT,1Neigh,1Neigh-Magnesium
Magnesium,NELFB,1Neigh,1Neigh-Magnesium
Magnesium,TAF3,1Neigh,1Neigh-Magnesium
Magnesium,GTF2F2,1Neigh,1Neigh-Magnesium
Magnesium,SMARCB1,1Neigh,1Neigh-Magnesium
Magnesium,ASH2L,1Neigh,1Neigh-Magnesium
Magnesium,POLR2K,1Neigh,1Neigh-Magnesium
Magnesium,TCEA2,1Neigh,1Neigh-Magnesium
Magnesium,H4C11,1Neigh,1Neigh-Magnesium
Magnesium,HTT,1Neigh,1Neigh-Magnesium
Magnesium,ERCC6,1Neigh,1Neigh-Magnesium
Magnesium,GTF2E2,1Neigh,1Neigh-Magnesium
Magnesium,CNOT3,1Neigh,1Neigh-Magnesium
Magnesium,H2AC13,1Neigh,1Neigh-Magnesium
Magnesium,VCP,1Neigh,1Neigh-Magnesium
Magnesium,WWP2,1Neigh,1Neigh-Magnesium
Magnesium,H2AC11,1Neigh,1Neigh-Magnesium
Magnesium,H2AC17,1Neigh,1Neigh-Magnesium
Magnesium,TAF11,1Neigh,1Neigh-Magnesium
Magnesium,CTR9,1Neigh,1Neigh-Magnesium
Magnesium,TAF13,1Neigh,1Neigh-Magnesium
Magnesium,CNOT7,1Neigh,1Neigh-Magnesium
Magnesium,INTS7,1Neigh,1Neigh-Magnesium
Magnesium,CDC73,1Neigh,1Neigh-Magnesium
Magnesium,DHX9,1Neigh,1Neigh-Magnesium
Magnesium,MED23,1Neigh,1Neigh-Magnesium
Magnesium,CDK19,1Neigh,1Neigh-Magnesium
Magnesium,RPRD2,1Neigh,1Neigh-Magnesium
Magnesium,H3C14,1Neigh,1Neigh-Magnesium
Magnesium,H2AC18,1Neigh,1Neigh-Magnesium
Magnesium,RNGTT,1Neigh,1Neigh-Magnesium
Magnesium,TAF5,1Neigh,1Neigh-Magnesium
Magnesium,GTF2B,1Neigh,1Neigh-Magnesium
Magnesium,TAF8,1Neigh,1Neigh-Magnesium
Magnesium,AGO1,1Neigh,1Neigh-Magnesium
Magnesium,PSMB2,1Neigh,1Neigh-Magnesium
Magnesium,CDK9,1Neigh,1Neigh-Magnesium
Magnesium,RPRD1B,1Neigh,1Neigh-Magnesium
Magnesium,MED18,1Neigh,1Neigh-Magnesium
Magnesium,NELFE,1Neigh,1Neigh-Magnesium
Magnesium,CUL4A,1Neigh,1Neigh-Magnesium
Magnesium,XRN2,1Neigh,1Neigh-Magnesium
Magnesium,H4C2,1Neigh,1Neigh-Magnesium
Magnesium,H2AC6,1Neigh,1Neigh-Magnesium
Magnesium,H4C3,1Neigh,1Neigh-Magnesium
Magnesium,TAF2,1Neigh,1Neigh-Magnesium
Magnesium,POLR2B,1Neigh,1Neigh-Magnesium
Magnesium,CDK8,1Neigh,1Neigh-Magnesium
Magnesium,SMARCA2,1Neigh,1Neigh-Magnesium
Magnesium,RTF1,1Neigh,1Neigh-Magnesium
Magnesium,CCNK,1Neigh,1Neigh-Magnesium
Magnesium,URI1,1Neigh,1Neigh-Magnesium
Magnesium,GTF2F1,1Neigh,1Neigh-Magnesium
Magnesium,GTF2A2,1Neigh,1Neigh-Magnesium
Magnesium,EAF1,1Neigh,1Neigh-Magnesium
Magnesium,INTS10,1Neigh,1Neigh-Magnesium
Magnesium,RPRD1A,1Neigh,1Neigh-Magnesium
Magnesium,H3C15,1Neigh,1Neigh-Magnesium
Magnesium,INTS1,1Neigh,1Neigh-Magnesium
Magnesium,POLR2F,1Neigh,1Neigh-Magnesium
Magnesium,SETD2,1Neigh,1Neigh-Magnesium
Magnesium,ELOA,1Neigh,1Neigh-Magnesium
Magnesium,CDK12,1Neigh,1Neigh-Magnesium
Magnesium,TAF6,1Neigh,1Neigh-Magnesium
Magnesium,TCEA3,1Neigh,1Neigh-Magnesium
Magnesium,TAF1,1Neigh,1Neigh-Magnesium
Magnesium,SCAF8,1Neigh,1Neigh-Magnesium
Magnesium,INTS2,1Neigh,1Neigh-Magnesium
Magnesium,INTS12,1Neigh,1Neigh-Magnesium
Magnesium,POLR2H,1Neigh,1Neigh-Magnesium
Magnesium,PPP2CA,1Neigh,1Neigh-Magnesium
Magnesium,GTF2H2C,1Neigh,1Neigh-Magnesium
Magnesium,NEDD4,1Neigh,1Neigh-Magnesium
Magnesium,UVSSA,1Neigh,1Neigh-Magnesium
Magnesium,TCEA1,1Neigh,1Neigh-Magnesium
Magnesium,CCNC,1Neigh,1Neigh-Magnesium
Magnesium,INTS9,1Neigh,1Neigh-Magnesium
Magnesium,INTS8,1Neigh,1Neigh-Magnesium
Magnesium,CNOT8,1Neigh,1Neigh-Magnesium
Magnesium,INTS4,1Neigh,1Neigh-Magnesium
Magnesium,TNKS1BP1,1Neigh,1Neigh-Magnesium
Magnesium,MED24,1Neigh,1Neigh-Magnesium
Magnesium,UBC,1Neigh,1Neigh-Magnesium
Magnesium,GPN3,1Neigh,1Neigh-Magnesium
Magnesium,H4-16,1Neigh,1Neigh-Magnesium
Magnesium,POLR1B,1Neigh,1Neigh-Magnesium
Magnesium,INTS11,1Neigh,1Neigh-Magnesium
Magnesium,GTF2H3,1Neigh,1Neigh-Magnesium
Magnesium,NELFA,1Neigh,1Neigh-Magnesium
Magnesium,GTF2A1,1Neigh,1Neigh-Magnesium
Magnesium,WDR61,1Neigh,1Neigh-Magnesium
Magnesium,H4C15,1Neigh,1Neigh-Magnesium
Magnesium,H4C14,1Neigh,1Neigh-Magnesium
Magnesium,ELOF1,1Neigh,1Neigh-Magnesium
Magnesium,SUPT5H,1Neigh,1Neigh-Magnesium
Magnesium,RUVBL2,1Neigh,1Neigh-Magnesium
Magnesium,NELFCD,1Neigh,1Neigh-Magnesium
Magnesium,GTF2H5,1Neigh,1Neigh-Magnesium
Magnesium,H2BC11,1Neigh,1Neigh-Magnesium
Magnesium,RPAP2,1Neigh,1Neigh-Magnesium
Magnesium,POLR2E,1Neigh,1Neigh-Magnesium
Magnesium,H4C1,1Neigh,1Neigh-Magnesium
Magnesium,H4C4,1Neigh,1Neigh-Magnesium
Magnesium,H4C12,1Neigh,1Neigh-Magnesium
Magnesium,H4C13,1Neigh,1Neigh-Magnesium
Magnesium,H4C9,1Neigh,1Neigh-Magnesium
Magnesium,MED29,1Neigh,1Neigh-Magnesium
Magnesium,MED6,1Neigh,1Neigh-Magnesium
Magnesium,H2AC15,1Neigh,1Neigh-Magnesium
Magnesium,MED22,1Neigh,1Neigh-Magnesium
Magnesium,H2AC16,1Neigh,1Neigh-Magnesium
Magnesium,H2AC4,1Neigh,1Neigh-Magnesium
Magnesium,H4C5,1Neigh,1Neigh-Magnesium
Magnesium,H4C8,1Neigh,1Neigh-Magnesium
Magnesium,CCNH,1Neigh,1Neigh-Magnesium
Magnesium,UNG,1Neigh,1Neigh-Magnesium
Magnesium,KRAS,1Neigh,1Neigh-Magnesium
Magnesium,RCOR1,1Neigh,1Neigh-Magnesium
Magnesium,XPC,1Neigh,1Neigh-Magnesium
Magnesium,ATP23,1Neigh,1Neigh-Magnesium
Magnesium,MCM9,1Neigh,1Neigh-Magnesium
Magnesium,NHEJ1,1Neigh,1Neigh-Magnesium
Magnesium,RAD23B,1Neigh,1Neigh-Magnesium
Magnesium,DNMT1,1Neigh,1Neigh-Magnesium
Magnesium,CETN2,1Neigh,1Neigh-Magnesium
Magnesium,PAXX,1Neigh,1Neigh-Magnesium
Magnesium,DCLRE1C,1Neigh,1Neigh-Magnesium
Magnesium,RFC1,1Neigh,1Neigh-Magnesium
Magnesium,ZSWIM7,1Neigh,1Neigh-Magnesium
Magnesium,KDM1A,1Neigh,1Neigh-Magnesium
Magnesium,PHF21A,1Neigh,1Neigh-Magnesium
Magnesium,ACO2,1Neigh,1Neigh-Magnesium
Magnesium,DHTKD1,1Neigh,1Neigh-Magnesium
Magnesium,BCKDHA,1Neigh,1Neigh-Magnesium
Magnesium,ASL,1Neigh,1Neigh-Magnesium
Magnesium,ACO1,1Neigh,1Neigh-Magnesium
Magnesium,ALDH5A1,1Neigh,1Neigh-Magnesium
Magnesium,DLST,1Neigh,1Neigh-Magnesium
Magnesium,CS,1Neigh,1Neigh-Magnesium
Magnesium,RIMKLB,1Neigh,1Neigh-Magnesium
Magnesium,DBT,1Neigh,1Neigh-Magnesium
Magnesium,SUCLG1,1Neigh,1Neigh-Magnesium
Magnesium,NIT2,1Neigh,1Neigh-Magnesium
Magnesium,HMGCLL1,1Neigh,1Neigh-Magnesium
Magnesium,SUCLG2,1Neigh,1Neigh-Magnesium
Magnesium,IL4I1,1Neigh,1Neigh-Magnesium
Magnesium,IDH3B,1Neigh,1Neigh-Magnesium
Magnesium,DVL2,1Neigh,1Neigh-Magnesium
Magnesium,CENPM,1Neigh,1Neigh-Magnesium
Magnesium,AURKA,1Neigh,1Neigh-Magnesium
Magnesium,MYBL2,1Neigh,1Neigh-Magnesium
Magnesium,STAG2,1Neigh,1Neigh-Magnesium
Magnesium,CEP41,1Neigh,1Neigh-Magnesium
Magnesium,FBXO5,1Neigh,1Neigh-Magnesium
Magnesium,SKP1,1Neigh,1Neigh-Magnesium
Magnesium,NEK9,1Neigh,1Neigh-Magnesium
Magnesium,NCAPH,1Neigh,1Neigh-Magnesium
Magnesium,TUBA4A,1Neigh,1Neigh-Magnesium
Magnesium,TUBG1,1Neigh,1Neigh-Magnesium
Magnesium,CCNA1,1Neigh,1Neigh-Magnesium
Magnesium,CEP135,1Neigh,1Neigh-Magnesium
Magnesium,TROAP,1Neigh,1Neigh-Magnesium
Magnesium,ESPL1,1Neigh,1Neigh-Magnesium
Magnesium,MDM2,1Neigh,1Neigh-Magnesium
Magnesium,DCTN3,1Neigh,1Neigh-Magnesium
Magnesium,KIF23,1Neigh,1Neigh-Magnesium
Magnesium,NDC80,1Neigh,1Neigh-Magnesium
Magnesium,CEP76,1Neigh,1Neigh-Magnesium
Magnesium,PKMYT1,1Neigh,1Neigh-Magnesium
Magnesium,ASF1B,1Neigh,1Neigh-Magnesium
Magnesium,TUBB4A,1Neigh,1Neigh-Magnesium
Magnesium,CEP72,1Neigh,1Neigh-Magnesium
Magnesium,CEP70,1Neigh,1Neigh-Magnesium
Magnesium,CPEB4,1Neigh,1Neigh-Magnesium
Magnesium,PRKAR2B,1Neigh,1Neigh-Magnesium
Magnesium,DBF4,1Neigh,1Neigh-Magnesium
Magnesium,CPEB3,1Neigh,1Neigh-Magnesium
Magnesium,CEP131,1Neigh,1Neigh-Magnesium
Magnesium,PLK4,1Neigh,1Neigh-Magnesium
Magnesium,CDCA5,1Neigh,1Neigh-Magnesium
Magnesium,NINL,1Neigh,1Neigh-Magnesium
Magnesium,CEP164,1Neigh,1Neigh-Magnesium
Magnesium,PPP4C,1Neigh,1Neigh-Magnesium
Magnesium,SPC25,1Neigh,1Neigh-Magnesium
Magnesium,CENPH,1Neigh,1Neigh-Magnesium
Magnesium,SMC2,1Neigh,1Neigh-Magnesium
Magnesium,RAD21,1Neigh,1Neigh-Magnesium
Magnesium,WAPL,1Neigh,1Neigh-Magnesium
Magnesium,RAB8A,1Neigh,1Neigh-Magnesium
Magnesium,PDS5A,1Neigh,1Neigh-Magnesium
Magnesium,CDC25A,1Neigh,1Neigh-Magnesium
Magnesium,YWHAG,1Neigh,1Neigh-Magnesium
Magnesium,CENPS,1Neigh,1Neigh-Magnesium
Magnesium,BOD1,1Neigh,1Neigh-Magnesium
Magnesium,ZWILCH,1Neigh,1Neigh-Magnesium
Magnesium,CLSPN,1Neigh,1Neigh-Magnesium
Magnesium,GORASP1,1Neigh,1Neigh-Magnesium
Magnesium,CEP57,1Neigh,1Neigh-Magnesium
Magnesium,SKA3,1Neigh,1Neigh-Magnesium
Magnesium,SMC1A,1Neigh,1Neigh-Magnesium
Magnesium,TACC3,1Neigh,1Neigh-Magnesium
Magnesium,CUL1,1Neigh,1Neigh-Magnesium
Magnesium,PCM1,1Neigh,1Neigh-Magnesium
Magnesium,CDCA2,1Neigh,1Neigh-Magnesium
Magnesium,CDKN3,1Neigh,1Neigh-Magnesium
Magnesium,KNL1,1Neigh,1Neigh-Magnesium
Magnesium,CEP63,1Neigh,1Neigh-Magnesium
Magnesium,CENPQ,1Neigh,1Neigh-Magnesium
Magnesium,TUBB,1Neigh,1Neigh-Magnesium
Magnesium,TUBB4B,1Neigh,1Neigh-Magnesium
Magnesium,SMC4,1Neigh,1Neigh-Magnesium
Magnesium,FOXM1,1Neigh,1Neigh-Magnesium
Magnesium,CDK5RAP2,1Neigh,1Neigh-Magnesium
Magnesium,AKAP9,1Neigh,1Neigh-Magnesium
Magnesium,BICD2,1Neigh,1Neigh-Magnesium
Magnesium,PCNT,1Neigh,1Neigh-Magnesium
Magnesium,TOPORS,1Neigh,1Neigh-Magnesium
Magnesium,SMC3,1Neigh,1Neigh-Magnesium
Magnesium,CDC14A,1Neigh,1Neigh-Magnesium
Magnesium,CEP170,1Neigh,1Neigh-Magnesium
Magnesium,FGFR1OP,1Neigh,1Neigh-Magnesium
Magnesium,NEK2,1Neigh,1Neigh-Magnesium
Magnesium,BUB3,1Neigh,1Neigh-Magnesium
Magnesium,SLK,1Neigh,1Neigh-Magnesium
Magnesium,ACTR1A,1Neigh,1Neigh-Magnesium
Magnesium,BTRC,1Neigh,1Neigh-Magnesium
Magnesium,CENPI,1Neigh,1Neigh-Magnesium
Magnesium,CDCA8,1Neigh,1Neigh-Magnesium
Magnesium,CNTRL,1Neigh,1Neigh-Magnesium
Magnesium,ZWINT,1Neigh,1Neigh-Magnesium
Magnesium,CCNB3,1Neigh,1Neigh-Magnesium
Magnesium,CENPO,1Neigh,1Neigh-Magnesium
Magnesium,CCP110,1Neigh,1Neigh-Magnesium
Magnesium,CENPJ,1Neigh,1Neigh-Magnesium
Magnesium,STAG1,1Neigh,1Neigh-Magnesium
Magnesium,ECT2,1Neigh,1Neigh-Magnesium
Magnesium,CENPN,1Neigh,1Neigh-Magnesium
Magnesium,NUMA1,1Neigh,1Neigh-Magnesium
Magnesium,PTTG1,1Neigh,1Neigh-Magnesium
Magnesium,KIF20A,1Neigh,1Neigh-Magnesium
Magnesium,FZR1,1Neigh,1Neigh-Magnesium
Magnesium,CENPK,1Neigh,1Neigh-Magnesium
Magnesium,CSNK1E,1Neigh,1Neigh-Magnesium
Magnesium,DYNC1I2,1Neigh,1Neigh-Magnesium
Magnesium,XPO1,1Neigh,1Neigh-Magnesium
Magnesium,KIF2A,1Neigh,1Neigh-Magnesium
Magnesium,NCAPG2,1Neigh,1Neigh-Magnesium
Magnesium,DSN1,1Neigh,1Neigh-Magnesium
Magnesium,CDC7,1Neigh,1Neigh-Magnesium
Magnesium,WEE1,1Neigh,1Neigh-Magnesium
Magnesium,FBXO43,1Neigh,1Neigh-Magnesium
Magnesium,TUBA1A,1Neigh,1Neigh-Magnesium
Magnesium,CENPT,1Neigh,1Neigh-Magnesium
Magnesium,FBXW7,1Neigh,1Neigh-Magnesium
Magnesium,ADAM22,1Neigh,1Neigh-Magnesium
Magnesium,KCNA6,1Neigh,1Neigh-Magnesium
Magnesium,KCNA4,1Neigh,1Neigh-Magnesium
Magnesium,CNTN2,1Neigh,1Neigh-Magnesium
Magnesium,KCNA3,1Neigh,1Neigh-Magnesium
Magnesium,KCNA10,1Neigh,1Neigh-Magnesium
Magnesium,KCNAB2,1Neigh,1Neigh-Magnesium
Magnesium,RPL23A,1Neigh,1Neigh-Magnesium
Magnesium,FAU,1Neigh,1Neigh-Magnesium
Magnesium,CACNB4,1Neigh,1Neigh-Magnesium
Magnesium,RPAP3,1Neigh,1Neigh-Magnesium
Magnesium,CD74,1Neigh,1Neigh-Magnesium
Magnesium,MRPS10,1Neigh,1Neigh-Magnesium
Magnesium,RRN3,1Neigh,1Neigh-Magnesium
Magnesium,BRF2,1Neigh,1Neigh-Magnesium
Magnesium,TWISTNB,1Neigh,1Neigh-Magnesium
Magnesium,SEC61A1,1Neigh,1Neigh-Magnesium
Magnesium,MRPS7,1Neigh,1Neigh-Magnesium
Magnesium,NAT10,1Neigh,1Neigh-Magnesium
Magnesium,RSAD1,1Neigh,1Neigh-Magnesium
Magnesium,RPL35,1Neigh,1Neigh-Magnesium
Magnesium,RPL8,1Neigh,1Neigh-Magnesium
Magnesium,MTIF2,1Neigh,1Neigh-Magnesium
Magnesium,GTF3C3,1Neigh,1Neigh-Magnesium
Magnesium,GFM1,1Neigh,1Neigh-Magnesium
Magnesium,MRPL3,1Neigh,1Neigh-Magnesium
Magnesium,EFL1,1Neigh,1Neigh-Magnesium
Magnesium,RPL3L,1Neigh,1Neigh-Magnesium
Magnesium,RPS11,1Neigh,1Neigh-Magnesium
Magnesium,MRPS5,1Neigh,1Neigh-Magnesium
Magnesium,RPS3,1Neigh,1Neigh-Magnesium
Magnesium,GUF1,1Neigh,1Neigh-Magnesium
Magnesium,MRPL17,1Neigh,1Neigh-Magnesium
Magnesium,EIF5B,1Neigh,1Neigh-Magnesium
Magnesium,PWP2,1Neigh,1Neigh-Magnesium
Magnesium,CCDC105,1Neigh,1Neigh-Magnesium
Magnesium,RPS23,1Neigh,1Neigh-Magnesium
Magnesium,NOL6,1Neigh,1Neigh-Magnesium
Magnesium,RPL10L,1Neigh,1Neigh-Magnesium
Magnesium,SEC61A2,1Neigh,1Neigh-Magnesium
Magnesium,POLR3E,1Neigh,1Neigh-Magnesium
Magnesium,MRPL16,1Neigh,1Neigh-Magnesium
Magnesium,TSR1,1Neigh,1Neigh-Magnesium
Magnesium,POLR1D,1Neigh,1Neigh-Magnesium
Magnesium,MRPL4,1Neigh,1Neigh-Magnesium
Magnesium,EEF2,1Neigh,1Neigh-Magnesium
Magnesium,WDR3,1Neigh,1Neigh-Magnesium
Magnesium,MRPL11,1Neigh,1Neigh-Magnesium
Magnesium,RPL4,1Neigh,1Neigh-Magnesium
Magnesium,MRPL1,1Neigh,1Neigh-Magnesium
Magnesium,MRPS11,1Neigh,1Neigh-Magnesium
Magnesium,MAF1,1Neigh,1Neigh-Magnesium
Magnesium,TUFM,1Neigh,1Neigh-Magnesium
Magnesium,IMP3,1Neigh,1Neigh-Magnesium
Magnesium,ZNRD1,1Neigh,1Neigh-Magnesium
Magnesium,MRPL12,1Neigh,1Neigh-Magnesium
Magnesium,POLR3C,1Neigh,1Neigh-Magnesium
Magnesium,RPL7,1Neigh,1Neigh-Magnesium
Magnesium,RPS2,1Neigh,1Neigh-Magnesium
Magnesium,RPL3,1Neigh,1Neigh-Magnesium
Magnesium,PES1,1Neigh,1Neigh-Magnesium
Magnesium,POLR3H,1Neigh,1Neigh-Magnesium
Magnesium,GTF3C1,1Neigh,1Neigh-Magnesium
Magnesium,BDP1,1Neigh,1Neigh-Magnesium
Magnesium,GTF3C2,1Neigh,1Neigh-Magnesium
Magnesium,GTPBP4,1Neigh,1Neigh-Magnesium
Magnesium,MRPL24,1Neigh,1Neigh-Magnesium
Magnesium,HEATR1,1Neigh,1Neigh-Magnesium
Magnesium,MRPL9,1Neigh,1Neigh-Magnesium
Magnesium,OAT,1Neigh,1Neigh-Magnesium
Magnesium,POLR3GL,1Neigh,1Neigh-Magnesium
Magnesium,PDCD11,1Neigh,1Neigh-Magnesium
Magnesium,RPL5,1Neigh,1Neigh-Magnesium
Magnesium,GTF3C5,1Neigh,1Neigh-Magnesium
Magnesium,MRPS16,1Neigh,1Neigh-Magnesium
Magnesium,RPL10A,1Neigh,1Neigh-Magnesium
Magnesium,BMS1,1Neigh,1Neigh-Magnesium
Magnesium,MRTO4,1Neigh,1Neigh-Magnesium
Magnesium,HMGN4,1Neigh,1Neigh-Magnesium
Magnesium,POLR3F,1Neigh,1Neigh-Magnesium
Magnesium,POLR1E,1Neigh,1Neigh-Magnesium
Magnesium,RPS16,1Neigh,1Neigh-Magnesium
Magnesium,NPSR1,1Neigh,1Neigh-Magnesium
Magnesium,MRPL2,1Neigh,1Neigh-Magnesium
Magnesium,RPS9,1Neigh,1Neigh-Magnesium
Magnesium,CRCP,1Neigh,1Neigh-Magnesium
Magnesium,RPS29,1Neigh,1Neigh-Magnesium
Magnesium,POLR3D,1Neigh,1Neigh-Magnesium
Magnesium,MRPS12,1Neigh,1Neigh-Magnesium
Magnesium,RPS14,1Neigh,1Neigh-Magnesium
Magnesium,EFTUD2,1Neigh,1Neigh-Magnesium
Magnesium,RPS18,1Neigh,1Neigh-Magnesium
Magnesium,RPL10,1Neigh,1Neigh-Magnesium
Magnesium,RPL7L1,1Neigh,1Neigh-Magnesium
Magnesium,RPL23,1Neigh,1Neigh-Magnesium
Magnesium,MRPS14,1Neigh,1Neigh-Magnesium
Magnesium,WDR36,1Neigh,1Neigh-Magnesium
Magnesium,RPL26L1,1Neigh,1Neigh-Magnesium
Magnesium,RPS20,1Neigh,1Neigh-Magnesium
Magnesium,MRPL22,1Neigh,1Neigh-Magnesium
Magnesium,RRP12,1Neigh,1Neigh-Magnesium
Magnesium,BRF1,1Neigh,1Neigh-Magnesium
Magnesium,RPLP0,1Neigh,1Neigh-Magnesium
Magnesium,TBL3,1Neigh,1Neigh-Magnesium
Magnesium,BOP1,1Neigh,1Neigh-Magnesium
Magnesium,RPL17-C18ORF32,1Neigh,1Neigh-Magnesium
Magnesium,RPL26,1Neigh,1Neigh-Magnesium
Magnesium,RPL17,1Neigh,1Neigh-Magnesium
Magnesium,CD3EAP,1Neigh,1Neigh-Magnesium
Magnesium,RPS15,1Neigh,1Neigh-Magnesium
Magnesium,RPS5,1Neigh,1Neigh-Magnesium
Magnesium,TEX48,1Neigh,1Neigh-Magnesium
Magnesium,RPL9,1Neigh,1Neigh-Magnesium
Magnesium,POLR1C,1Neigh,1Neigh-Magnesium
Magnesium,XBP1,1Neigh,1Neigh-Magnesium
Magnesium,HSPA5,1Neigh,1Neigh-Magnesium
Magnesium,ATF6,1Neigh,1Neigh-Magnesium
Magnesium,SEC61B,1Neigh,1Neigh-Magnesium
Magnesium,RELL2,1Neigh,1Neigh-Magnesium
Magnesium,WNK2,1Neigh,1Neigh-Magnesium
Magnesium,SEC62,1Neigh,1Neigh-Magnesium
Magnesium,SEC63,1Neigh,1Neigh-Magnesium
Magnesium,NUDT9,1Neigh,1Neigh-Magnesium
Magnesium,PYCR2,1Neigh,1Neigh-Magnesium
Magnesium,PRPS1,1Neigh,1Neigh-Magnesium
Magnesium,ADPRM,1Neigh,1Neigh-Magnesium
Magnesium,PGM2,1Neigh,1Neigh-Magnesium
Magnesium,PRPS2,1Neigh,1Neigh-Magnesium
Magnesium,PYCR1,1Neigh,1Neigh-Magnesium
Magnesium,UQCRC2,1Neigh,1Neigh-Magnesium
Magnesium,PDHA1,1Neigh,1Neigh-Magnesium
Magnesium,USP5,1Neigh,1Neigh-Magnesium
Magnesium,NEDD8,1Neigh,1Neigh-Magnesium
Magnesium,PIAS4,1Neigh,1Neigh-Magnesium
Magnesium,SAE1,1Neigh,1Neigh-Magnesium
Magnesium,UBQLN2,1Neigh,1Neigh-Magnesium
Magnesium,SENP1,1Neigh,1Neigh-Magnesium
Magnesium,RANGAP1,1Neigh,1Neigh-Magnesium
Magnesium,SENP6,1Neigh,1Neigh-Magnesium
Magnesium,TOP2B,1Neigh,1Neigh-Magnesium
Magnesium,RPS27A,1Neigh,1Neigh-Magnesium
Magnesium,TDP1,1Neigh,1Neigh-Magnesium
Magnesium,TOP1,1Neigh,1Neigh-Magnesium
Magnesium,UBA52,1Neigh,1Neigh-Magnesium
Magnesium,PPP5C,1Neigh,1Neigh-Magnesium
Magnesium,TXN2,1Neigh,1Neigh-Magnesium
Magnesium,MAPK14,1Neigh,1Neigh-Magnesium
Magnesium,TRAF2,1Neigh,1Neigh-Magnesium
Magnesium,DAB2IP,1Neigh,1Neigh-Magnesium
Magnesium,TRAF5,1Neigh,1Neigh-Magnesium
Magnesium,PRDX1,1Neigh,1Neigh-Magnesium
Magnesium,STAT3,1Neigh,1Neigh-Magnesium
Magnesium,DAXX,1Neigh,1Neigh-Magnesium
Magnesium,SOD1,1Neigh,1Neigh-Magnesium
Magnesium,FADD,1Neigh,1Neigh-Magnesium
Magnesium,PARK7,1Neigh,1Neigh-Magnesium
Magnesium,CASP8,1Neigh,1Neigh-Magnesium
Magnesium,YWHAB,1Neigh,1Neigh-Magnesium
Magnesium,TXN,1Neigh,1Neigh-Magnesium
Magnesium,BCL2,1Neigh,1Neigh-Magnesium
Magnesium,CDKN1A,1Neigh,1Neigh-Magnesium
Magnesium,ARRB2,1Neigh,1Neigh-Magnesium
Magnesium,ARRB1,1Neigh,1Neigh-Magnesium
Magnesium,TRAF6,1Neigh,1Neigh-Magnesium
Magnesium,MOB2,1Neigh,1Neigh-Magnesium
Magnesium,MOB1A,1Neigh,1Neigh-Magnesium
Magnesium,EXOSC5,1Neigh,1Neigh-Magnesium
Magnesium,EXOSC7,1Neigh,1Neigh-Magnesium
Magnesium,EXOSC4,1Neigh,1Neigh-Magnesium
Magnesium,EXOSC3,1Neigh,1Neigh-Magnesium
Magnesium,C1D,1Neigh,1Neigh-Magnesium
Magnesium,SUPV3L1,1Neigh,1Neigh-Magnesium
Magnesium,HBS1L,1Neigh,1Neigh-Magnesium
Magnesium,EXOSC1,1Neigh,1Neigh-Magnesium
Magnesium,EXOSC2,1Neigh,1Neigh-Magnesium
Magnesium,EXOSC9,1Neigh,1Neigh-Magnesium
Magnesium,EXOSC8,1Neigh,1Neigh-Magnesium
Magnesium,EXOSC6,1Neigh,1Neigh-Magnesium
Magnesium,DACH2,1Neigh,1Neigh-Magnesium
Magnesium,GUCY2F,1Neigh,1Neigh-Magnesium
Magnesium,GUCY2D,1Neigh,1Neigh-Magnesium
Magnesium,GUCY2C,1Neigh,1Neigh-Magnesium
Magnesium,GUCY1A2,1Neigh,1Neigh-Magnesium
Magnesium,ADCY8,1Neigh,1Neigh-Magnesium
Magnesium,ADCY9,1Neigh,1Neigh-Magnesium
Magnesium,GUCY1A1,1Neigh,1Neigh-Magnesium
Magnesium,ADCY1,1Neigh,1Neigh-Magnesium
Magnesium,CANT1,1Neigh,1Neigh-Magnesium
Magnesium,ADCY6,1Neigh,1Neigh-Magnesium
Magnesium,ADCY4,1Neigh,1Neigh-Magnesium
Magnesium,NPR2,1Neigh,1Neigh-Magnesium
Magnesium,ADCY2,1Neigh,1Neigh-Magnesium
Magnesium,ADCY10,1Neigh,1Neigh-Magnesium
Magnesium,NPR1,1Neigh,1Neigh-Magnesium
Magnesium,ENTPD6,1Neigh,1Neigh-Magnesium
Magnesium,GUCY1B1,1Neigh,1Neigh-Magnesium
Magnesium,SMPD3,1Neigh,1Neigh-Magnesium
Magnesium,CERS4,1Neigh,1Neigh-Magnesium
Magnesium,SMPD2,1Neigh,1Neigh-Magnesium
Magnesium,GALC,1Neigh,1Neigh-Magnesium
Magnesium,CERS2,1Neigh,1Neigh-Magnesium
Magnesium,CERS3,1Neigh,1Neigh-Magnesium
Magnesium,ACER1,1Neigh,1Neigh-Magnesium
Magnesium,DEGS2,1Neigh,1Neigh-Magnesium
Magnesium,UGT8,1Neigh,1Neigh-Magnesium
Magnesium,GBA,1Neigh,1Neigh-Magnesium
Magnesium,DEGS1,1Neigh,1Neigh-Magnesium
Magnesium,CERS5,1Neigh,1Neigh-Magnesium
Magnesium,ENPP7,1Neigh,1Neigh-Magnesium
Magnesium,SMPD1,1Neigh,1Neigh-Magnesium
Magnesium,ACER2,1Neigh,1Neigh-Magnesium
Magnesium,SGMS1,1Neigh,1Neigh-Magnesium
Magnesium,UGCG,1Neigh,1Neigh-Magnesium
Magnesium,GBA2,1Neigh,1Neigh-Magnesium
Magnesium,ASAH1,1Neigh,1Neigh-Magnesium
Magnesium,CERS6,1Neigh,1Neigh-Magnesium
Magnesium,SGMS2,1Neigh,1Neigh-Magnesium
Magnesium,ASAH2,1Neigh,1Neigh-Magnesium
Magnesium,SPTLC3,1Neigh,1Neigh-Magnesium
Magnesium,DCAF1,1Neigh,1Neigh-Magnesium
Magnesium,DCTN6,1Neigh,1Neigh-Magnesium
Magnesium,CAPZA2,1Neigh,1Neigh-Magnesium
Magnesium,RB1CC1,1Neigh,1Neigh-Magnesium
Magnesium,TSC2,1Neigh,1Neigh-Magnesium
Magnesium,RPS6KB1,1Neigh,1Neigh-Magnesium
Magnesium,NPRL2,1Neigh,1Neigh-Magnesium
Magnesium,SESN2,1Neigh,1Neigh-Magnesium
Magnesium,LAMTOR5,1Neigh,1Neigh-Magnesium
Magnesium,PIK3C3,1Neigh,1Neigh-Magnesium
Magnesium,WDR59,1Neigh,1Neigh-Magnesium
Magnesium,RRAGB,1Neigh,1Neigh-Magnesium
Magnesium,MAPKAP1,1Neigh,1Neigh-Magnesium
Magnesium,LAMTOR1,1Neigh,1Neigh-Magnesium
Magnesium,DEPTOR,1Neigh,1Neigh-Magnesium
Magnesium,WDR24,1Neigh,1Neigh-Magnesium
Magnesium,RICTOR,1Neigh,1Neigh-Magnesium
Magnesium,TSC1,1Neigh,1Neigh-Magnesium
Magnesium,RPTOR,1Neigh,1Neigh-Magnesium
Magnesium,DDIT4,1Neigh,1Neigh-Magnesium
Magnesium,RPS6KB2,1Neigh,1Neigh-Magnesium
Magnesium,ULK1,1Neigh,1Neigh-Magnesium
Magnesium,ATG101,1Neigh,1Neigh-Magnesium
Magnesium,MIOS,1Neigh,1Neigh-Magnesium
Magnesium,EIF4EBP1,1Neigh,1Neigh-Magnesium
Magnesium,LAMTOR4,1Neigh,1Neigh-Magnesium
Magnesium,MTOR,1Neigh,1Neigh-Magnesium
Magnesium,LAMTOR2,1Neigh,1Neigh-Magnesium
Magnesium,BNIP3,1Neigh,1Neigh-Magnesium
Magnesium,RRAGD,1Neigh,1Neigh-Magnesium
Magnesium,PRKAA2,1Neigh,1Neigh-Magnesium
Magnesium,RRAGC,1Neigh,1Neigh-Magnesium
Magnesium,RRAGA,1Neigh,1Neigh-Magnesium
Magnesium,AKT1S1,1Neigh,1Neigh-Magnesium
Magnesium,SLC38A9,1Neigh,1Neigh-Magnesium
Magnesium,RAF1,1Neigh,1Neigh-Magnesium
Magnesium,LAMTOR3,1Neigh,1Neigh-Magnesium
Magnesium,NPRL3,1Neigh,1Neigh-Magnesium
Magnesium,REXO1,1Neigh,1Neigh-Magnesium
Magnesium,REXO5,1Neigh,1Neigh-Magnesium
Magnesium,EPHA8,1Neigh,1Neigh-Magnesium
Magnesium,STUB1,1Neigh,1Neigh-Magnesium
Magnesium,CDKN1B,1Neigh,1Neigh-Magnesium
Magnesium,DOK1,1Neigh,1Neigh-Magnesium
Magnesium,ATG14,1Neigh,1Neigh-Magnesium
Magnesium,YWHAH,1Neigh,1Neigh-Magnesium
Magnesium,CCND2,1Neigh,1Neigh-Magnesium
Magnesium,TCF3,1Neigh,1Neigh-Magnesium
Magnesium,PIK3CA,1Neigh,1Neigh-Magnesium
Magnesium,CBL,1Neigh,1Neigh-Magnesium
Magnesium,SHC2,1Neigh,1Neigh-Magnesium
Magnesium,RB1,1Neigh,1Neigh-Magnesium
Magnesium,PXN,1Neigh,1Neigh-Magnesium
Magnesium,ERBB2,1Neigh,1Neigh-Magnesium
Magnesium,EGFR,1Neigh,1Neigh-Magnesium
Magnesium,EPHA1,1Neigh,1Neigh-Magnesium
Magnesium,NTRK2,1Neigh,1Neigh-Magnesium
Magnesium,EPHA4,1Neigh,1Neigh-Magnesium
Magnesium,STAT5B,1Neigh,1Neigh-Magnesium
Magnesium,ABI2,1Neigh,1Neigh-Magnesium
Magnesium,IL3,1Neigh,1Neigh-Magnesium
Magnesium,NPM1,1Neigh,1Neigh-Magnesium
Magnesium,HSPA4,1Neigh,1Neigh-Magnesium
Magnesium,BCR,1Neigh,1Neigh-Magnesium
Magnesium,RAC3,1Neigh,1Neigh-Magnesium
Magnesium,RIN1,1Neigh,1Neigh-Magnesium
Magnesium,SHC4,1Neigh,1Neigh-Magnesium
Magnesium,SOCS3,1Neigh,1Neigh-Magnesium
Magnesium,EPHB3,1Neigh,1Neigh-Magnesium
Magnesium,EPHA3,1Neigh,1Neigh-Magnesium
Magnesium,STAT5A,1Neigh,1Neigh-Magnesium
Magnesium,CRKL,1Neigh,1Neigh-Magnesium
Magnesium,FN1,1Neigh,1Neigh-Magnesium
Magnesium,EPHB4,1Neigh,1Neigh-Magnesium
Magnesium,EPHA2,1Neigh,1Neigh-Magnesium
Magnesium,NTRK3,1Neigh,1Neigh-Magnesium
Magnesium,NCKAP1,1Neigh,1Neigh-Magnesium
Magnesium,GAB2,1Neigh,1Neigh-Magnesium
Magnesium,BECN1,1Neigh,1Neigh-Magnesium
Magnesium,MCL1,1Neigh,1Neigh-Magnesium
Magnesium,EPHA7,1Neigh,1Neigh-Magnesium
Magnesium,NRAS,1Neigh,1Neigh-Magnesium
Magnesium,RUNX2,1Neigh,1Neigh-Magnesium
Magnesium,RAPGEF1,1Neigh,1Neigh-Magnesium
Magnesium,SHC3,1Neigh,1Neigh-Magnesium
Magnesium,BCL2L1,1Neigh,1Neigh-Magnesium
Magnesium,ABI1,1Neigh,1Neigh-Magnesium
Magnesium,TP73,1Neigh,1Neigh-Magnesium
Magnesium,YWHAQ,1Neigh,1Neigh-Magnesium
Magnesium,LRRK1,1Neigh,1Neigh-Magnesium
Magnesium,GRB2,1Neigh,1Neigh-Magnesium
Magnesium,WASF1,1Neigh,1Neigh-Magnesium
Magnesium,YWHAZ,1Neigh,1Neigh-Magnesium
Magnesium,SOS1,1Neigh,1Neigh-Magnesium
Magnesium,SHC1,1Neigh,1Neigh-Magnesium
Magnesium,HRAS,1Neigh,1Neigh-Magnesium
Magnesium,NCK1,1Neigh,1Neigh-Magnesium
Magnesium,ROBO2,1Neigh,1Neigh-Magnesium
Magnesium,CDKN2A,1Neigh,1Neigh-Magnesium
Magnesium,WWTR1,1Neigh,1Neigh-Magnesium
Magnesium,ROBO1,1Neigh,1Neigh-Magnesium
Magnesium,SH3BP2,1Neigh,1Neigh-Magnesium
Magnesium,VAV1,1Neigh,1Neigh-Magnesium
Magnesium,YAP1,1Neigh,1Neigh-Magnesium
Magnesium,CRTC3,1Neigh,1Neigh-Magnesium
Magnesium,CRTC1,1Neigh,1Neigh-Magnesium
Magnesium,CRTC2,1Neigh,1Neigh-Magnesium
Magnesium,PRKACG,1Neigh,1Neigh-Magnesium
Magnesium,MAPK8IP1,1Neigh,1Neigh-Magnesium
Magnesium,MAP3K10,1Neigh,1Neigh-Magnesium
Magnesium,RIPK1,1Neigh,1Neigh-Magnesium
Magnesium,MAP3K8,1Neigh,1Neigh-Magnesium
Magnesium,MAP3K13,1Neigh,1Neigh-Magnesium
Magnesium,MAP3K11,1Neigh,1Neigh-Magnesium
Magnesium,CFLAR,1Neigh,1Neigh-Magnesium
Magnesium,GSK3B,1Neigh,1Neigh-Magnesium
Magnesium,PPM1A,1Neigh,1Neigh-Magnesium
Magnesium,MAPK8IP2,1Neigh,1Neigh-Magnesium
Magnesium,TRADD,1Neigh,1Neigh-Magnesium
Magnesium,TAB2,1Neigh,1Neigh-Magnesium
Magnesium,TAB3,1Neigh,1Neigh-Magnesium
Magnesium,MAP3K1,1Neigh,1Neigh-Magnesium
Magnesium,WDR62,1Neigh,1Neigh-Magnesium
Magnesium,PRKCA,1Neigh,1Neigh-Magnesium
Magnesium,PER1,1Neigh,1Neigh-Magnesium
Magnesium,ASF1A,1Neigh,1Neigh-Magnesium
Magnesium,ORC5,1Neigh,1Neigh-Magnesium
Magnesium,TERT,1Neigh,1Neigh-Magnesium
Magnesium,PRH2,1Neigh,1Neigh-Magnesium
Magnesium,FIBP,1Neigh,1Neigh-Magnesium
Magnesium,IRAK2,1Neigh,1Neigh-Magnesium
Magnesium,TLR2,1Neigh,1Neigh-Magnesium
Magnesium,IL1A,1Neigh,1Neigh-Magnesium
Magnesium,IL1B,1Neigh,1Neigh-Magnesium
Magnesium,TLR8,1Neigh,1Neigh-Magnesium
Magnesium,TOLLIP,1Neigh,1Neigh-Magnesium
Magnesium,IRAK1,1Neigh,1Neigh-Magnesium
Magnesium,TLR4,1Neigh,1Neigh-Magnesium
Magnesium,IL1R1,1Neigh,1Neigh-Magnesium
Magnesium,IRAK4,1Neigh,1Neigh-Magnesium
Magnesium,TLR5,1Neigh,1Neigh-Magnesium
Magnesium,ESF1,1Neigh,1Neigh-Magnesium
Magnesium,FBL,1Neigh,1Neigh-Magnesium
Magnesium,RBM28,1Neigh,1Neigh-Magnesium
Magnesium,UTP18,1Neigh,1Neigh-Magnesium
Magnesium,GAR1,1Neigh,1Neigh-Magnesium
Magnesium,BYSL,1Neigh,1Neigh-Magnesium
Magnesium,RRP9,1Neigh,1Neigh-Magnesium
Magnesium,CEBPZ,1Neigh,1Neigh-Magnesium
Magnesium,UTP3,1Neigh,1Neigh-Magnesium
Magnesium,NIP7,1Neigh,1Neigh-Magnesium
Magnesium,TTC5,1Neigh,1Neigh-Magnesium
Magnesium,UTP20,1Neigh,1Neigh-Magnesium
Magnesium,DDX18,1Neigh,1Neigh-Magnesium
Magnesium,TAF1B,1Neigh,1Neigh-Magnesium
Magnesium,NOP58,1Neigh,1Neigh-Magnesium
Magnesium,NOB1,1Neigh,1Neigh-Magnesium
Magnesium,NVL,1Neigh,1Neigh-Magnesium
Magnesium,SMARCA5,1Neigh,1Neigh-Magnesium
Magnesium,DHX32,1Neigh,1Neigh-Magnesium
Magnesium,UBTF,1Neigh,1Neigh-Magnesium
Magnesium,PA2G4,1Neigh,1Neigh-Magnesium
Magnesium,WDR75,1Neigh,1Neigh-Magnesium
Magnesium,NOC2L,1Neigh,1Neigh-Magnesium
Magnesium,UTP4,1Neigh,1Neigh-Magnesium
Magnesium,DHX15,1Neigh,1Neigh-Magnesium
Magnesium,BRIX1,1Neigh,1Neigh-Magnesium
Magnesium,TAF1A,1Neigh,1Neigh-Magnesium
Magnesium,DDX21,1Neigh,1Neigh-Magnesium
Magnesium,SDAD1,1Neigh,1Neigh-Magnesium
Magnesium,GNL3L,1Neigh,1Neigh-Magnesium
Magnesium,DKC1,1Neigh,1Neigh-Magnesium
Magnesium,NOC3L,1Neigh,1Neigh-Magnesium
Magnesium,WDR46,1Neigh,1Neigh-Magnesium
Magnesium,NSUN6,1Neigh,1Neigh-Magnesium
Magnesium,NOP56,1Neigh,1Neigh-Magnesium
Magnesium,NOL10,1Neigh,1Neigh-Magnesium
Magnesium,NOP2,1Neigh,1Neigh-Magnesium
Magnesium,PUM3,1Neigh,1Neigh-Magnesium
Magnesium,WDR43,1Neigh,1Neigh-Magnesium
Magnesium,DQX1,1Neigh,1Neigh-Magnesium
Magnesium,GNL3,1Neigh,1Neigh-Magnesium
Magnesium,CTPS2,1Neigh,1Neigh-Magnesium
Magnesium,RPF2,1Neigh,1Neigh-Magnesium
Magnesium,NOP14,1Neigh,1Neigh-Magnesium
Magnesium,TAF1D,1Neigh,1Neigh-Magnesium
Magnesium,NDUFA5,1Neigh,1Neigh-Magnesium
Magnesium,FBLL1,1Neigh,1Neigh-Magnesium
Magnesium,RAPGEF2,1Neigh,1Neigh-Magnesium
Magnesium,MORC1,1Neigh,1Neigh-Magnesium
Magnesium,IRF7,1Neigh,1Neigh-Magnesium
Magnesium,HSD17B10,1Neigh,1Neigh-Magnesium
Magnesium,CANX,1Neigh,1Neigh-Magnesium
Magnesium,EDEM1,1Neigh,1Neigh-Magnesium
Magnesium,DGCR8,1Neigh,1Neigh-Magnesium
Magnesium,TARBP2,1Neigh,1Neigh-Magnesium
Magnesium,BAX,1Neigh,1Neigh-Magnesium
Magnesium,HSP90B1,1Neigh,1Neigh-Magnesium
Magnesium,POP7,1Neigh,1Neigh-Magnesium
Magnesium,ITPR1,1Neigh,1Neigh-Magnesium
Magnesium,CYCS,1Neigh,1Neigh-Magnesium
Magnesium,RPP25,1Neigh,1Neigh-Magnesium
Magnesium,PRKRA,1Neigh,1Neigh-Magnesium
Magnesium,ATF4,1Neigh,1Neigh-Magnesium
Magnesium,SEL1L,1Neigh,1Neigh-Magnesium
Magnesium,POP5,1Neigh,1Neigh-Magnesium
Magnesium,AGO3,1Neigh,1Neigh-Magnesium
Magnesium,AGO4,1Neigh,1Neigh-Magnesium
Magnesium,BAK1,1Neigh,1Neigh-Magnesium
Magnesium,ATF6B,1Neigh,1Neigh-Magnesium
Magnesium,SYVN1,1Neigh,1Neigh-Magnesium
Magnesium,RPP40,1Neigh,1Neigh-Magnesium
Magnesium,BCL2L11,1Neigh,1Neigh-Magnesium
Magnesium,ERO1A,1Neigh,1Neigh-Magnesium
Magnesium,POP1,1Neigh,1Neigh-Magnesium
Magnesium,RPP30,1Neigh,1Neigh-Magnesium
Magnesium,RPP21,1Neigh,1Neigh-Magnesium
Magnesium,RPP14,1Neigh,1Neigh-Magnesium
Magnesium,DROSHA,1Neigh,1Neigh-Magnesium
Magnesium,DICER1,1Neigh,1Neigh-Magnesium
Magnesium,PRORP,1Neigh,1Neigh-Magnesium
Magnesium,POP4,1Neigh,1Neigh-Magnesium
Magnesium,ATIC,1Neigh,1Neigh-Magnesium
Magnesium,GDA,1Neigh,1Neigh-Magnesium
Magnesium,PPAT,1Neigh,1Neigh-Magnesium
Magnesium,WDR90,1Neigh,1Neigh-Magnesium
Magnesium,TPMT,1Neigh,1Neigh-Magnesium
Magnesium,PRTFDC1,1Neigh,1Neigh-Magnesium
Magnesium,IMPDH2,1Neigh,1Neigh-Magnesium
Magnesium,ADSS1,1Neigh,1Neigh-Magnesium
Magnesium,ENTPD5,1Neigh,1Neigh-Magnesium
Magnesium,IMPDH1,1Neigh,1Neigh-Magnesium
Magnesium,ENTPD4,1Neigh,1Neigh-Magnesium
Magnesium,ADSS2,1Neigh,1Neigh-Magnesium
Magnesium,PGK1,1Neigh,1Neigh-Magnesium
Magnesium,POLG,1Neigh,1Neigh-Magnesium
Magnesium,MLEC,1Neigh,1Neigh-Magnesium
Magnesium,RPN2,1Neigh,1Neigh-Magnesium
Magnesium,DAD1,1Neigh,1Neigh-Magnesium
Magnesium,KRTCAP2,1Neigh,1Neigh-Magnesium
Magnesium,STT3B,1Neigh,1Neigh-Magnesium
Magnesium,RPN1,1Neigh,1Neigh-Magnesium
Magnesium,STT3A,1Neigh,1Neigh-Magnesium
Magnesium,DDOST,1Neigh,1Neigh-Magnesium
Magnesium,SSR3,1Neigh,1Neigh-Magnesium
Magnesium,OSTC,1Neigh,1Neigh-Magnesium
Magnesium,TMEM258,1Neigh,1Neigh-Magnesium
Magnesium,RIDA,1Neigh,1Neigh-Magnesium
Magnesium,ACOX1,1Neigh,1Neigh-Magnesium
Magnesium,BCAT2,1Neigh,1Neigh-Magnesium
Magnesium,MT-CO1,1Neigh,1Neigh-Magnesium
Magnesium,MT-CO2,1Neigh,1Neigh-Magnesium
Magnesium,SCP2,1Neigh,1Neigh-Magnesium
Magnesium,PEX5,1Neigh,1Neigh-Magnesium
Magnesium,ENSP00000428055,1Neigh,1Neigh-Magnesium
Magnesium,PSMC4,1Neigh,1Neigh-Magnesium
Magnesium,PSMA3,1Neigh,1Neigh-Magnesium
Magnesium,RAB3A,1Neigh,1Neigh-Magnesium
Magnesium,CTSD,1Neigh,1Neigh-Magnesium
Magnesium,APOA1,1Neigh,1Neigh-Magnesium
Magnesium,TTR,1Neigh,1Neigh-Magnesium
Magnesium,TARDBP,1Neigh,1Neigh-Magnesium
Magnesium,HSPB1,1Neigh,1Neigh-Magnesium
Magnesium,SNAP25,1Neigh,1Neigh-Magnesium
Magnesium,HTRA2,1Neigh,1Neigh-Magnesium
Magnesium,KLC4,1Neigh,1Neigh-Magnesium
Magnesium,PSMC1,1Neigh,1Neigh-Magnesium
Magnesium,SNCAIP,1Neigh,1Neigh-Magnesium
Magnesium,PSMD11,1Neigh,1Neigh-Magnesium
Magnesium,SLC4A1,1Neigh,1Neigh-Magnesium
Magnesium,NDUFS3,1Neigh,1Neigh-Magnesium
Magnesium,SLC6A3,1Neigh,1Neigh-Magnesium
Magnesium,NRGN,1Neigh,1Neigh-Magnesium
Magnesium,UCHL1,1Neigh,1Neigh-Magnesium
Magnesium,UBE2L6,1Neigh,1Neigh-Magnesium
Magnesium,SYN1,1Neigh,1Neigh-Magnesium
Magnesium,NDUFS4,1Neigh,1Neigh-Magnesium
Magnesium,HSPA9,1Neigh,1Neigh-Magnesium
Magnesium,GPR37,1Neigh,1Neigh-Magnesium
Magnesium,KIF5B,1Neigh,1Neigh-Magnesium
Magnesium,USP9X,1Neigh,1Neigh-Magnesium
Magnesium,SIAH2,1Neigh,1Neigh-Magnesium
Magnesium,NDUFV2,1Neigh,1Neigh-Magnesium
Magnesium,MAPT,1Neigh,1Neigh-Magnesium
Magnesium,SIAH1,1Neigh,1Neigh-Magnesium
Magnesium,PRKN,1Neigh,1Neigh-Magnesium
Magnesium,NDUFS2,1Neigh,1Neigh-Magnesium
Magnesium,PSMD4,1Neigh,1Neigh-Magnesium
Magnesium,HSPA1B,1Neigh,1Neigh-Magnesium
Magnesium,HDAC6,1Neigh,1Neigh-Magnesium
Magnesium,TH,1Neigh,1Neigh-Magnesium
Magnesium,SQSTM1,1Neigh,1Neigh-Magnesium
Magnesium,KLC3,1Neigh,1Neigh-Magnesium
Magnesium,INS,1Neigh,1Neigh-Magnesium
Magnesium,PSMD14,1Neigh,1Neigh-Magnesium
Magnesium,SLC18A1,1Neigh,1Neigh-Magnesium
Magnesium,KIF5C,1Neigh,1Neigh-Magnesium
Magnesium,KLC2,1Neigh,1Neigh-Magnesium
Magnesium,UBE2L3,1Neigh,1Neigh-Magnesium
Magnesium,KIF5A,1Neigh,1Neigh-Magnesium
Magnesium,KLC1,1Neigh,1Neigh-Magnesium
Magnesium,VAMP2,1Neigh,1Neigh-Magnesium
Magnesium,CRYAB,1Neigh,1Neigh-Magnesium
Magnesium,PSMD9,1Neigh,1Neigh-Magnesium
Magnesium,UBB,1Neigh,1Neigh-Magnesium
Magnesium,ADRM1,1Neigh,1Neigh-Magnesium
Magnesium,SLC18A2,1Neigh,1Neigh-Magnesium
Magnesium,CALM1,1Neigh,1Neigh-Magnesium
Magnesium,CALM2,1Neigh,1Neigh-Magnesium
Magnesium,GSR,1Neigh,1Neigh-Magnesium
Magnesium,FLT3,1Neigh,1Neigh-Magnesium
Magnesium,PDGFRA,1Neigh,1Neigh-Magnesium
Magnesium,IREB2,1Neigh,1Neigh-Magnesium
Magnesium,DNMT3A,1Neigh,1Neigh-Magnesium
Magnesium,L2HGDH,1Neigh,1Neigh-Magnesium
Magnesium,PGD,1Neigh,1Neigh-Magnesium
Magnesium,U2AF1,1Neigh,1Neigh-Magnesium
Magnesium,NF1,1Neigh,1Neigh-Magnesium
Magnesium,H3-3A,1Neigh,1Neigh-Magnesium
Magnesium,NADK,1Neigh,1Neigh-Magnesium
Magnesium,G6PD,1Neigh,1Neigh-Magnesium
Magnesium,GAPDH,1Neigh,1Neigh-Magnesium
Magnesium,NFE2L2,1Neigh,1Neigh-Magnesium
Magnesium,ENO2,1Neigh,1Neigh-Magnesium
Magnesium,BCAT1,1Neigh,1Neigh-Magnesium
Magnesium,LDHA,1Neigh,1Neigh-Magnesium
Magnesium,ACLY,1Neigh,1Neigh-Magnesium
Magnesium,H6PD,1Neigh,1Neigh-Magnesium
Magnesium,USH1C,1Neigh,1Neigh-Magnesium
Magnesium,CDH23,1Neigh,1Neigh-Magnesium
Magnesium,USH2A,1Neigh,1Neigh-Magnesium
Magnesium,WHRN,1Neigh,1Neigh-Magnesium
Magnesium,PCDH15,1Neigh,1Neigh-Magnesium
Magnesium,ADGRV1,1Neigh,1Neigh-Magnesium
Magnesium,MYO7A,1Neigh,1Neigh-Magnesium
Magnesium,TMIE,1Neigh,1Neigh-Magnesium
Magnesium,MTFMT,1Neigh,1Neigh-Magnesium
Magnesium,DMGDH,1Neigh,1Neigh-Magnesium
Magnesium,BHMT2,1Neigh,1Neigh-Magnesium
Magnesium,ALDH1L2,1Neigh,1Neigh-Magnesium
Magnesium,MTHFS,1Neigh,1Neigh-Magnesium
Magnesium,ALDH1L1,1Neigh,1Neigh-Magnesium
Magnesium,MTHFSD,1Neigh,1Neigh-Magnesium
Magnesium,IBA57,1Neigh,1Neigh-Magnesium
Magnesium,ALDH18A1,1Neigh,1Neigh-Magnesium
Magnesium,FPGS,1Neigh,1Neigh-Magnesium
Magnesium,MTHFR,1Neigh,1Neigh-Magnesium
Magnesium,PSAT1,1Neigh,1Neigh-Magnesium
Magnesium,MTHFD2L,1Neigh,1Neigh-Magnesium
Magnesium,FTCD,1Neigh,1Neigh-Magnesium
Magnesium,DHFR,1Neigh,1Neigh-Magnesium
Magnesium,ST20-MTHFS,1Neigh,1Neigh-Magnesium
Magnesium,MTHFD1L,1Neigh,1Neigh-Magnesium
Magnesium,SNRNP27,1Neigh,1Neigh-Magnesium
Magnesium,RBM39,1Neigh,1Neigh-Magnesium
Magnesium,PRPF38A,1Neigh,1Neigh-Magnesium
Magnesium,ACIN1,1Neigh,1Neigh-Magnesium
Magnesium,LUC7L,1Neigh,1Neigh-Magnesium
Magnesium,ZRSR2,1Neigh,1Neigh-Magnesium
Magnesium,DDX23,1Neigh,1Neigh-Magnesium
Magnesium,SRRM1,1Neigh,1Neigh-Magnesium
Magnesium,LUC7L2,1Neigh,1Neigh-Magnesium
Magnesium,RBM23,1Neigh,1Neigh-Magnesium
Magnesium,CDC5L,1Neigh,1Neigh-Magnesium
Magnesium,CLK3,1Neigh,1Neigh-Magnesium
Magnesium,RNPS1,1Neigh,1Neigh-Magnesium
Magnesium,GAPDHS,1Neigh,1Neigh-Magnesium
Magnesium,NUDT12,1Neigh,1Neigh-Magnesium
Magnesium,GPAM,1Neigh,1Neigh-Magnesium
Magnesium,IDI2,1Neigh,1Neigh-Magnesium
Magnesium,THNSL2,1Neigh,1Neigh-Magnesium
Magnesium,NUDT13,1Neigh,1Neigh-Magnesium
Magnesium,AASDH,1Neigh,1Neigh-Magnesium
Magnesium,USP22,1Neigh,1Neigh-Magnesium
Magnesium,HAT1,1Neigh,1Neigh-Magnesium
Magnesium,OXSM,1Neigh,1Neigh-Magnesium
Magnesium,MCAT,1Neigh,1Neigh-Magnesium
Magnesium,FASN,1Neigh,1Neigh-Magnesium
Magnesium,ANKS6,1Neigh,1Neigh-Magnesium
Magnesium,ANKS3,1Neigh,1Neigh-Magnesium
Magnesium,NEK7,1Neigh,1Neigh-Magnesium
Magnesium,EIF2S3,1Neigh,1Neigh-Magnesium
Magnesium,EIF2S3B,1Neigh,1Neigh-Magnesium
Magnesium,ARL3,1Neigh,1Neigh-Magnesium
Magnesium,PRUNE1,1Neigh,1Neigh-Magnesium
Magnesium,DCTPP1,1Neigh,1Neigh-Magnesium
Magnesium,ENTPD2,1Neigh,1Neigh-Magnesium
Magnesium,NTPCR,1Neigh,1Neigh-Magnesium
Magnesium,SET,1Neigh,1Neigh-Magnesium
Magnesium,NUDT2,1Neigh,1Neigh-Magnesium
Magnesium,ADCY3,1Neigh,1Neigh-Magnesium
Magnesium,GCH1,1Neigh,1Neigh-Magnesium
Magnesium,CTPS1,1Neigh,1Neigh-Magnesium
Magnesium,OXCT1,1Neigh,1Neigh-Magnesium
Magnesium,MVK,1Neigh,1Neigh-Magnesium
Magnesium,MCCC1,1Neigh,1Neigh-Magnesium
Magnesium,ACAT1,1Neigh,1Neigh-Magnesium
Magnesium,ACAA2,1Neigh,1Neigh-Magnesium
Magnesium,HMGCR,1Neigh,1Neigh-Magnesium
Magnesium,BDH2,1Neigh,1Neigh-Magnesium
Magnesium,HMGCS1,1Neigh,1Neigh-Magnesium
Magnesium,AACS,1Neigh,1Neigh-Magnesium
Magnesium,HADHB,1Neigh,1Neigh-Magnesium
Magnesium,ACAA1,1Neigh,1Neigh-Magnesium
Magnesium,MCCC2,1Neigh,1Neigh-Magnesium
Magnesium,ACAT2,1Neigh,1Neigh-Magnesium
Magnesium,ECHS1,1Neigh,1Neigh-Magnesium
Magnesium,HMGCS2,1Neigh,1Neigh-Magnesium
Magnesium,OXCT2,1Neigh,1Neigh-Magnesium
Magnesium,AUH,1Neigh,1Neigh-Magnesium
Magnesium,PCCA,1Neigh,1Neigh-Magnesium
Magnesium,HADHA,1Neigh,1Neigh-Magnesium
Magnesium,BDH1,1Neigh,1Neigh-Magnesium
Magnesium,KDM1B,1Neigh,1Neigh-Magnesium
Magnesium,HCFC1,1Neigh,1Neigh-Magnesium
Magnesium,OGT,1Neigh,1Neigh-Magnesium
Magnesium,ASXL1,1Neigh,1Neigh-Magnesium
Magnesium,RBBP7,1Neigh,1Neigh-Magnesium
Magnesium,SIN3A,1Neigh,1Neigh-Magnesium
Magnesium,ASXL2,1Neigh,1Neigh-Magnesium
Magnesium,INPP4A,1Neigh,1Neigh-Magnesium
Magnesium,MIOX,1Neigh,1Neigh-Magnesium
Magnesium,PIGL,1Neigh,1Neigh-Magnesium
Magnesium,IMPAD1,1Neigh,1Neigh-Magnesium
Magnesium,IMPA2,1Neigh,1Neigh-Magnesium
Magnesium,GPD2,1Neigh,1Neigh-Magnesium
Magnesium,ISYNA1,1Neigh,1Neigh-Magnesium
Magnesium,TTF2,1Neigh,1Neigh-Magnesium
Magnesium,MTM1,1Neigh,1Neigh-Magnesium
Magnesium,INPP1,1Neigh,1Neigh-Magnesium
Magnesium,RGPD5,1Neigh,1Neigh-Magnesium
Magnesium,EEF1A2,1Neigh,1Neigh-Magnesium
Magnesium,NUTF2,1Neigh,1Neigh-Magnesium
Magnesium,RANGRF,1Neigh,1Neigh-Magnesium
Magnesium,NUP107,1Neigh,1Neigh-Magnesium
Magnesium,NUP85,1Neigh,1Neigh-Magnesium
Magnesium,DLGAP5,1Neigh,1Neigh-Magnesium
Magnesium,SIRT2,1Neigh,1Neigh-Magnesium
Magnesium,IPO8,1Neigh,1Neigh-Magnesium
Magnesium,AKIRIN2,1Neigh,1Neigh-Magnesium
Magnesium,RANBP6,1Neigh,1Neigh-Magnesium
Magnesium,IPO5,1Neigh,1Neigh-Magnesium
Magnesium,KPNA3,1Neigh,1Neigh-Magnesium
Magnesium,CSE1L,1Neigh,1Neigh-Magnesium
Magnesium,NUP54,1Neigh,1Neigh-Magnesium
Magnesium,XPO5,1Neigh,1Neigh-Magnesium
Magnesium,TNPO3,1Neigh,1Neigh-Magnesium
Magnesium,CCT6A,1Neigh,1Neigh-Magnesium
Magnesium,CCT8,1Neigh,1Neigh-Magnesium
Magnesium,KPNB1,1Neigh,1Neigh-Magnesium
Magnesium,PHAX,1Neigh,1Neigh-Magnesium
Magnesium,NEMP1,1Neigh,1Neigh-Magnesium
Magnesium,NUP93,1Neigh,1Neigh-Magnesium
Magnesium,NUP98,1Neigh,1Neigh-Magnesium
Magnesium,TCP1,1Neigh,1Neigh-Magnesium
Magnesium,XPOT,1Neigh,1Neigh-Magnesium
Magnesium,RGPD6,1Neigh,1Neigh-Magnesium
Magnesium,KPNA4,1Neigh,1Neigh-Magnesium
Magnesium,TNPO1,1Neigh,1Neigh-Magnesium
Magnesium,EEF1A1,1Neigh,1Neigh-Magnesium
Magnesium,RANBP3,1Neigh,1Neigh-Magnesium
Magnesium,KPNA1,1Neigh,1Neigh-Magnesium
Magnesium,NUP50,1Neigh,1Neigh-Magnesium
Magnesium,IPO4,1Neigh,1Neigh-Magnesium
Magnesium,NUP214,1Neigh,1Neigh-Magnesium
Magnesium,IPO13,1Neigh,1Neigh-Magnesium
Magnesium,EIF1AX,1Neigh,1Neigh-Magnesium
Magnesium,IPO7,1Neigh,1Neigh-Magnesium
Magnesium,MYBBP1A,1Neigh,1Neigh-Magnesium
Magnesium,RAE1,1Neigh,1Neigh-Magnesium
Magnesium,SEH1L,1Neigh,1Neigh-Magnesium
Magnesium,RGPD3,1Neigh,1Neigh-Magnesium
Magnesium,RANBP1,1Neigh,1Neigh-Magnesium
Magnesium,TNPO2,1Neigh,1Neigh-Magnesium
Magnesium,NMD3,1Neigh,1Neigh-Magnesium
Magnesium,NXF1,1Neigh,1Neigh-Magnesium
Magnesium,KPNA2,1Neigh,1Neigh-Magnesium
Magnesium,NUP153,1Neigh,1Neigh-Magnesium
Magnesium,SKAP2,1Neigh,1Neigh-Magnesium
Magnesium,ITGB4,1Neigh,1Neigh-Magnesium
Magnesium,TIMP1,1Neigh,1Neigh-Magnesium
Magnesium,MMP2,1Neigh,1Neigh-Magnesium
Magnesium,TGFB1,1Neigh,1Neigh-Magnesium
Magnesium,PIK3R2,1Neigh,1Neigh-Magnesium
Magnesium,COMP,1Neigh,1Neigh-Magnesium
Magnesium,HGF,1Neigh,1Neigh-Magnesium
Magnesium,LAMB1,1Neigh,1Neigh-Magnesium
Magnesium,ITGB8,1Neigh,1Neigh-Magnesium
Magnesium,CAV2,1Neigh,1Neigh-Magnesium
Magnesium,COL1A1,1Neigh,1Neigh-Magnesium
Magnesium,VTN,1Neigh,1Neigh-Magnesium
Magnesium,IBSP,1Neigh,1Neigh-Magnesium
Magnesium,LAMA4,1Neigh,1Neigh-Magnesium
Magnesium,TNN,1Neigh,1Neigh-Magnesium
Magnesium,RAP1B,1Neigh,1Neigh-Magnesium
Magnesium,ACTN4,1Neigh,1Neigh-Magnesium
Magnesium,LAMA5,1Neigh,1Neigh-Magnesium
Magnesium,TNS4,1Neigh,1Neigh-Magnesium
Magnesium,LGALS3,1Neigh,1Neigh-Magnesium
Magnesium,LAMC1,1Neigh,1Neigh-Magnesium
Magnesium,CHAD,1Neigh,1Neigh-Magnesium
Magnesium,ITGAV,1Neigh,1Neigh-Magnesium
Magnesium,CDH1,1Neigh,1Neigh-Magnesium
Magnesium,PDGFRB,1Neigh,1Neigh-Magnesium
Magnesium,SEMA7A,1Neigh,1Neigh-Magnesium
Magnesium,ITGA2B,1Neigh,1Neigh-Magnesium
Magnesium,PIK3R3,1Neigh,1Neigh-Magnesium
Magnesium,ITGAE,1Neigh,1Neigh-Magnesium
Magnesium,CD81,1Neigh,1Neigh-Magnesium
Magnesium,LAMC2,1Neigh,1Neigh-Magnesium
Magnesium,ITGA9,1Neigh,1Neigh-Magnesium
Magnesium,ICAM1,1Neigh,1Neigh-Magnesium
Magnesium,SCARB2,1Neigh,1Neigh-Magnesium
Magnesium,TNC,1Neigh,1Neigh-Magnesium
Magnesium,NRP1,1Neigh,1Neigh-Magnesium
Magnesium,ITGB7,1Neigh,1Neigh-Magnesium
Magnesium,FERMT3,1Neigh,1Neigh-Magnesium
Magnesium,FREM2,1Neigh,1Neigh-Magnesium
Magnesium,FLT1,1Neigh,1Neigh-Magnesium
Magnesium,ITGA1,1Neigh,1Neigh-Magnesium
Magnesium,ITGB6,1Neigh,1Neigh-Magnesium
Magnesium,THY1,1Neigh,1Neigh-Magnesium
Magnesium,KIT,1Neigh,1Neigh-Magnesium
Magnesium,ITGA5,1Neigh,1Neigh-Magnesium
Magnesium,VCAM1,1Neigh,1Neigh-Magnesium
Magnesium,COL6A3,1Neigh,1Neigh-Magnesium
Magnesium,ITGB5,1Neigh,1Neigh-Magnesium
Magnesium,ITGA2,1Neigh,1Neigh-Magnesium
Magnesium,COL1A2,1Neigh,1Neigh-Magnesium
Magnesium,JAM3,1Neigh,1Neigh-Magnesium
Magnesium,COL6A2,1Neigh,1Neigh-Magnesium
Magnesium,COL3A1,1Neigh,1Neigh-Magnesium
Magnesium,ALCAM,1Neigh,1Neigh-Magnesium
Magnesium,LAMB2,1Neigh,1Neigh-Magnesium
Magnesium,ITGA3,1Neigh,1Neigh-Magnesium
Magnesium,MET,1Neigh,1Neigh-Magnesium
Magnesium,CD151,1Neigh,1Neigh-Magnesium
Magnesium,LAMA3,1Neigh,1Neigh-Magnesium
Magnesium,ITGA11,1Neigh,1Neigh-Magnesium
Magnesium,COL4A5,1Neigh,1Neigh-Magnesium
Magnesium,BSG,1Neigh,1Neigh-Magnesium
Magnesium,PARVA,1Neigh,1Neigh-Magnesium
Magnesium,CAV1,1Neigh,1Neigh-Magnesium
Magnesium,THBS4,1Neigh,1Neigh-Magnesium
Magnesium,FERMT2,1Neigh,1Neigh-Magnesium
Magnesium,COL6A6,1Neigh,1Neigh-Magnesium
Magnesium,COL4A2,1Neigh,1Neigh-Magnesium
Magnesium,DPP4,1Neigh,1Neigh-Magnesium
Magnesium,ITGB1BP1,1Neigh,1Neigh-Magnesium
Magnesium,LAMC3,1Neigh,1Neigh-Magnesium
Magnesium,COL6A1,1Neigh,1Neigh-Magnesium
Magnesium,CD47,1Neigh,1Neigh-Magnesium
Magnesium,THBS2,1Neigh,1Neigh-Magnesium
Magnesium,TNR,1Neigh,1Neigh-Magnesium
Magnesium,THBS3,1Neigh,1Neigh-Magnesium
Magnesium,ITGA10,1Neigh,1Neigh-Magnesium
Magnesium,RAP1A,1Neigh,1Neigh-Magnesium
Magnesium,FLNA,1Neigh,1Neigh-Magnesium
Magnesium,L1CAM,1Neigh,1Neigh-Magnesium
Magnesium,HSPG2,1Neigh,1Neigh-Magnesium
Magnesium,COL4A1,1Neigh,1Neigh-Magnesium
Magnesium,PIK3CD,1Neigh,1Neigh-Magnesium
Magnesium,ITGA8,1Neigh,1Neigh-Magnesium
Magnesium,PRKD3,1Neigh,1Neigh-Magnesium
Magnesium,COL2A1,1Neigh,1Neigh-Magnesium
Magnesium,CD9,1Neigh,1Neigh-Magnesium
Magnesium,ITGAD,1Neigh,1Neigh-Magnesium
Magnesium,LAMA1,1Neigh,1Neigh-Magnesium
Magnesium,LAMB3,1Neigh,1Neigh-Magnesium
Magnesium,ACTN1,1Neigh,1Neigh-Magnesium
Magnesium,COL4A6,1Neigh,1Neigh-Magnesium
Magnesium,SPP1,1Neigh,1Neigh-Magnesium
Magnesium,COL4A3,1Neigh,1Neigh-Magnesium
Magnesium,COL4A4,1Neigh,1Neigh-Magnesium
Magnesium,ITGA4,1Neigh,1Neigh-Magnesium
Magnesium,PTK2B,1Neigh,1Neigh-Magnesium
Magnesium,ITGB2,1Neigh,1Neigh-Magnesium
Magnesium,PARVB,1Neigh,1Neigh-Magnesium
Magnesium,RGS14,1Neigh,1Neigh-Magnesium
Magnesium,NPNT,1Neigh,1Neigh-Magnesium
Magnesium,PRKD1,1Neigh,1Neigh-Magnesium
Magnesium,PARVG,1Neigh,1Neigh-Magnesium
Magnesium,PTPN6,1Neigh,1Neigh-Magnesium
Magnesium,PRKD2,1Neigh,1Neigh-Magnesium
Magnesium,CD44,1Neigh,1Neigh-Magnesium
Magnesium,TNXB,1Neigh,1Neigh-Magnesium
Magnesium,FREM1,1Neigh,1Neigh-Magnesium
Magnesium,LYN,1Neigh,1Neigh-Magnesium
Magnesium,ITGB3,1Neigh,1Neigh-Magnesium
Magnesium,TLN2,1Neigh,1Neigh-Magnesium
Magnesium,RASSF5,1Neigh,1Neigh-Magnesium
Magnesium,ITGAM,1Neigh,1Neigh-Magnesium
Magnesium,IGF1R,1Neigh,1Neigh-Magnesium
Magnesium,CDC42,1Neigh,1Neigh-Magnesium
Magnesium,ORC6,1Neigh,1Neigh-Magnesium
Magnesium,CHRAC1,1Neigh,1Neigh-Magnesium
Magnesium,STN1,1Neigh,1Neigh-Magnesium
Magnesium,ORC2,1Neigh,1Neigh-Magnesium
Magnesium,CHTF18,1Neigh,1Neigh-Magnesium
Magnesium,POLA2,1Neigh,1Neigh-Magnesium
Magnesium,DONSON,1Neigh,1Neigh-Magnesium
Magnesium,DSCC1,1Neigh,1Neigh-Magnesium
Magnesium,NLGN4Y,1Neigh,1Neigh-Magnesium
Magnesium,ORC1,1Neigh,1Neigh-Magnesium
Magnesium,RPA4,1Neigh,1Neigh-Magnesium
Magnesium,POLE3,1Neigh,1Neigh-Magnesium
Magnesium,TEN1,1Neigh,1Neigh-Magnesium
Magnesium,POLE4,1Neigh,1Neigh-Magnesium
Magnesium,POLG2,1Neigh,1Neigh-Magnesium
Magnesium,MCM3,1Neigh,1Neigh-Magnesium
Magnesium,PRIM2,1Neigh,1Neigh-Magnesium
Magnesium,CBX5,1Neigh,1Neigh-Magnesium
Magnesium,SIRT1,1Neigh,1Neigh-Magnesium
Magnesium,APEX1,1Neigh,1Neigh-Magnesium
Magnesium,TERF2,1Neigh,1Neigh-Magnesium
Magnesium,POLB,1Neigh,1Neigh-Magnesium
Magnesium,TINF2,1Neigh,1Neigh-Magnesium
Magnesium,TERF1,1Neigh,1Neigh-Magnesium
Magnesium,APLF,1Neigh,1Neigh-Magnesium
Magnesium,PNKP,1Neigh,1Neigh-Magnesium
Magnesium,SIRT6,1Neigh,1Neigh-Magnesium
Magnesium,POT1,1Neigh,1Neigh-Magnesium
Magnesium,LIG3,1Neigh,1Neigh-Magnesium
Magnesium,APTX,1Neigh,1Neigh-Magnesium
Magnesium,BIVM-ERCC5,1Neigh,1Neigh-Magnesium
Magnesium,EP300,1Neigh,1Neigh-Magnesium
Magnesium,DNMT3B,1Neigh,1Neigh-Magnesium
Magnesium,ALDH1A2,1Neigh,1Neigh-Magnesium
Magnesium,CYP2C9,1Neigh,1Neigh-Magnesium
Magnesium,ALDH2,1Neigh,1Neigh-Magnesium
Magnesium,ALDH8A1,1Neigh,1Neigh-Magnesium
Magnesium,CYP2C18,1Neigh,1Neigh-Magnesium
Magnesium,ALDH16A1,1Neigh,1Neigh-Magnesium
Magnesium,ALDH1A1,1Neigh,1Neigh-Magnesium
Magnesium,PRKAG1,1Neigh,1Neigh-Magnesium
Magnesium,CYP2B6,1Neigh,1Neigh-Magnesium
Magnesium,ALDH1A3,1Neigh,1Neigh-Magnesium
Magnesium,DALRD3,1Neigh,1Neigh-Magnesium
Magnesium,ALDH3A2,1Neigh,1Neigh-Magnesium
Magnesium,ALDH9A1,1Neigh,1Neigh-Magnesium
Magnesium,CYP2J2,1Neigh,1Neigh-Magnesium
Magnesium,CYP2C8,1Neigh,1Neigh-Magnesium
Magnesium,ALDH4A1,1Neigh,1Neigh-Magnesium
Magnesium,ALDH1B1,1Neigh,1Neigh-Magnesium
Magnesium,QRICH1,1Neigh,1Neigh-Magnesium
Magnesium,ALDH7A1,1Neigh,1Neigh-Magnesium
Magnesium,PRKAG3,1Neigh,1Neigh-Magnesium
Magnesium,ALDH3A1,1Neigh,1Neigh-Magnesium
Magnesium,ALDH3B1,1Neigh,1Neigh-Magnesium
Magnesium,LDHAL6A,1Neigh,1Neigh-Magnesium
Magnesium,PDHA2,1Neigh,1Neigh-Magnesium
Magnesium,LDHD,1Neigh,1Neigh-Magnesium
Magnesium,LDHAL6B,1Neigh,1Neigh-Magnesium
Magnesium,ME2,1Neigh,1Neigh-Magnesium
Magnesium,AFMID,1Neigh,1Neigh-Magnesium
Magnesium,LDHC,1Neigh,1Neigh-Magnesium
Magnesium,ME3,1Neigh,1Neigh-Magnesium
Magnesium,CYP51A1,1Neigh,1Neigh-Magnesium
Magnesium,HSD17B7,1Neigh,1Neigh-Magnesium
Magnesium,MSMO1,1Neigh,1Neigh-Magnesium
Magnesium,SC5D,1Neigh,1Neigh-Magnesium
Magnesium,SQLE,1Neigh,1Neigh-Magnesium
Magnesium,GGPS1,1Neigh,1Neigh-Magnesium
Magnesium,MVD,1Neigh,1Neigh-Magnesium
Magnesium,INSIG1,1Neigh,1Neigh-Magnesium
Magnesium,DHCR7,1Neigh,1Neigh-Magnesium
Magnesium,SREBF1,1Neigh,1Neigh-Magnesium
Magnesium,FDPS,1Neigh,1Neigh-Magnesium
Magnesium,DHDDS,1Neigh,1Neigh-Magnesium
Magnesium,SREBF2,1Neigh,1Neigh-Magnesium
Magnesium,NUS1,1Neigh,1Neigh-Magnesium
Magnesium,DHCR24,1Neigh,1Neigh-Magnesium
Magnesium,UBIAD1,1Neigh,1Neigh-Magnesium
Magnesium,STRADB,1Neigh,1Neigh-Magnesium
Magnesium,CDC37,1Neigh,1Neigh-Magnesium
Magnesium,PRKAB2,1Neigh,1Neigh-Magnesium
Magnesium,CAB39,1Neigh,1Neigh-Magnesium
Magnesium,NUAK1,1Neigh,1Neigh-Magnesium
Magnesium,AXIN1,1Neigh,1Neigh-Magnesium
Magnesium,PRKCI,1Neigh,1Neigh-Magnesium
Magnesium,CAMKK2,1Neigh,1Neigh-Magnesium
Magnesium,STRADA,1Neigh,1Neigh-Magnesium
Magnesium,PRKAA1,1Neigh,1Neigh-Magnesium
Magnesium,HSP90AB1,1Neigh,1Neigh-Magnesium
Magnesium,PTEN,1Neigh,1Neigh-Magnesium
Magnesium,PRKCZ,1Neigh,1Neigh-Magnesium
Magnesium,ALK,1Neigh,1Neigh-Magnesium
Magnesium,CASP3,1Neigh,1Neigh-Magnesium
Magnesium,SAV1,1Neigh,1Neigh-Magnesium
Magnesium,RASSF4,1Neigh,1Neigh-Magnesium
Magnesium,RASSF6,1Neigh,1Neigh-Magnesium
Magnesium,RASSF1,1Neigh,1Neigh-Magnesium
Magnesium,AMOT,1Neigh,1Neigh-Magnesium
Magnesium,RASSF2,1Neigh,1Neigh-Magnesium
Magnesium,LATS2,1Neigh,1Neigh-Magnesium
Magnesium,MOB1B,1Neigh,1Neigh-Magnesium
Magnesium,LRPPRC,1Neigh,1Neigh-Magnesium
Magnesium,UBE2N,1Neigh,1Neigh-Magnesium
Magnesium,S1PR4,1Neigh,1Neigh-Magnesium
Magnesium,SGPP1,1Neigh,1Neigh-Magnesium
Magnesium,SYT1,1Neigh,1Neigh-Magnesium
Magnesium,PRKCG,1Neigh,1Neigh-Magnesium
Magnesium,PRKCE,1Neigh,1Neigh-Magnesium
Magnesium,SGPP2,1Neigh,1Neigh-Magnesium
Magnesium,SGPL1,1Neigh,1Neigh-Magnesium
Magnesium,ACER3,1Neigh,1Neigh-Magnesium
Magnesium,SPHK2,1Neigh,1Neigh-Magnesium
Magnesium,PTP4A2,1Neigh,1Neigh-Magnesium
Magnesium,ORC3,1Neigh,1Neigh-Magnesium
Magnesium,ICK,1Neigh,1Neigh-Magnesium
Magnesium,ORC4,1Neigh,1Neigh-Magnesium
Magnesium,CRBN,1Neigh,1Neigh-Magnesium
Magnesium,ALG10,1Neigh,1Neigh-Magnesium
Magnesium,ALG10B,1Neigh,1Neigh-Magnesium
Magnesium,DOLPP1,1Neigh,1Neigh-Magnesium
Magnesium,IL1RAPL1,1Neigh,1Neigh-Magnesium
Magnesium,MOGS,1Neigh,1Neigh-Magnesium
Magnesium,FERMT1,1Neigh,1Neigh-Magnesium
Magnesium,NCK2,1Neigh,1Neigh-Magnesium
Magnesium,ARHGEF6,1Neigh,1Neigh-Magnesium
Magnesium,PELP1,1Neigh,1Neigh-Magnesium
Magnesium,RUVBL1,1Neigh,1Neigh-Magnesium
Magnesium,LIMS2,1Neigh,1Neigh-Magnesium
Magnesium,LIMS1,1Neigh,1Neigh-Magnesium
Magnesium,PDPK1,1Neigh,1Neigh-Magnesium
Magnesium,RSU1,1Neigh,1Neigh-Magnesium
Magnesium,TMSB4X,1Neigh,1Neigh-Magnesium
Magnesium,ARHGEF7,1Neigh,1Neigh-Magnesium
Magnesium,AKT3,1Neigh,1Neigh-Magnesium
Magnesium,USP39,1Neigh,1Neigh-Magnesium
Magnesium,SREK1,1Neigh,1Neigh-Magnesium
Magnesium,SF3A3,1Neigh,1Neigh-Magnesium
Magnesium,SF1,1Neigh,1Neigh-Magnesium
Magnesium,MTCL1,1Neigh,1Neigh-Magnesium
Magnesium,UTRN,1Neigh,1Neigh-Magnesium
Magnesium,FKBP2,1Neigh,1Neigh-Magnesium
Magnesium,CTTNBP2,1Neigh,1Neigh-Magnesium
Magnesium,FGFR1OP2,1Neigh,1Neigh-Magnesium
Magnesium,STRIP2,1Neigh,1Neigh-Magnesium
Magnesium,STRN,1Neigh,1Neigh-Magnesium
Magnesium,CTTNBP2NL,1Neigh,1Neigh-Magnesium
Magnesium,MOB4,1Neigh,1Neigh-Magnesium
Magnesium,LRSAM1,1Neigh,1Neigh-Magnesium
Magnesium,STK25,1Neigh,1Neigh-Magnesium
Magnesium,STRN3,1Neigh,1Neigh-Magnesium
Magnesium,TRAF3IP3,1Neigh,1Neigh-Magnesium
Magnesium,SIKE1,1Neigh,1Neigh-Magnesium
Magnesium,STRIP1,1Neigh,1Neigh-Magnesium
Magnesium,STK24,1Neigh,1Neigh-Magnesium
Magnesium,C4ORF19,1Neigh,1Neigh-Magnesium
Magnesium,STRN4,1Neigh,1Neigh-Magnesium
Magnesium,PDCD10,1Neigh,1Neigh-Magnesium
Magnesium,OTC,1Neigh,1Neigh-Magnesium
Magnesium,PYGM,1Neigh,1Neigh-Magnesium
Magnesium,PYGL,1Neigh,1Neigh-Magnesium
Magnesium,PYGB,1Neigh,1Neigh-Magnesium
Magnesium,GYS2,1Neigh,1Neigh-Magnesium
Magnesium,SORD,1Neigh,1Neigh-Magnesium
Magnesium,UAP1,1Neigh,1Neigh-Magnesium
Magnesium,AGL,1Neigh,1Neigh-Magnesium
Magnesium,PGM2L1,1Neigh,1Neigh-Magnesium
Magnesium,GYS1,1Neigh,1Neigh-Magnesium
Magnesium,ENO3,1Neigh,1Neigh-Magnesium
Magnesium,WNT3,1Neigh,1Neigh-Magnesium
Magnesium,HSPBP1,1Neigh,1Neigh-Magnesium
Magnesium,APC,1Neigh,1Neigh-Magnesium
Magnesium,LRP6,1Neigh,1Neigh-Magnesium
Magnesium,SH3GL1,1Neigh,1Neigh-Magnesium
Magnesium,LRP5,1Neigh,1Neigh-Magnesium
Magnesium,TUBB6,1Neigh,1Neigh-Magnesium
Magnesium,SH3GL3,1Neigh,1Neigh-Magnesium
Magnesium,SFN,1Neigh,1Neigh-Magnesium
Magnesium,RHOT1,1Neigh,1Neigh-Magnesium
Magnesium,MSN,1Neigh,1Neigh-Magnesium
Magnesium,SH3GL2,1Neigh,1Neigh-Magnesium
Magnesium,ADGRA2,1Neigh,1Neigh-Magnesium
Magnesium,MFN2,1Neigh,1Neigh-Magnesium
Magnesium,HSPA8,1Neigh,1Neigh-Magnesium
Magnesium,HIF1A,1Neigh,1Neigh-Magnesium
Magnesium,PAK6,1Neigh,1Neigh-Magnesium
Magnesium,CSNK2A1,1Neigh,1Neigh-Magnesium
Magnesium,NCAPG,1Neigh,1Neigh-Magnesium
Magnesium,GINS2,1Neigh,1Neigh-Magnesium
Magnesium,KIF11,1Neigh,1Neigh-Magnesium
Magnesium,KIF14,1Neigh,1Neigh-Magnesium
Magnesium,HDAC1,1Neigh,1Neigh-Magnesium
Magnesium,CKS2,1Neigh,1Neigh-Magnesium
Magnesium,GSTA3,1Neigh,1Neigh-Magnesium
Magnesium,LAP3,1Neigh,1Neigh-Magnesium
Magnesium,GSTM2,1Neigh,1Neigh-Magnesium
Magnesium,GGT1,1Neigh,1Neigh-Magnesium
Magnesium,GSTM5,1Neigh,1Neigh-Magnesium
Magnesium,GGCT,1Neigh,1Neigh-Magnesium
Magnesium,GSTT2B,1Neigh,1Neigh-Magnesium
Magnesium,CHAC2,1Neigh,1Neigh-Magnesium
Magnesium,ANPEP,1Neigh,1Neigh-Magnesium
Magnesium,GSTM1,1Neigh,1Neigh-Magnesium
Magnesium,GSTA1,1Neigh,1Neigh-Magnesium
Magnesium,GGT7,1Neigh,1Neigh-Magnesium
Magnesium,PRDX6,1Neigh,1Neigh-Magnesium
Magnesium,GSTO2,1Neigh,1Neigh-Magnesium
Magnesium,GPX4,1Neigh,1Neigh-Magnesium
Magnesium,GSTM3,1Neigh,1Neigh-Magnesium
Magnesium,MGST3,1Neigh,1Neigh-Magnesium
Magnesium,GSTO1,1Neigh,1Neigh-Magnesium
Magnesium,GSTM4,1Neigh,1Neigh-Magnesium
Magnesium,GCLM,1Neigh,1Neigh-Magnesium
Magnesium,GSTA4,1Neigh,1Neigh-Magnesium
Magnesium,GSTA5,1Neigh,1Neigh-Magnesium
Magnesium,TXNDC12,1Neigh,1Neigh-Magnesium
Magnesium,GGT6,1Neigh,1Neigh-Magnesium
Magnesium,MGST1,1Neigh,1Neigh-Magnesium
Magnesium,GGT5,1Neigh,1Neigh-Magnesium
Magnesium,GSTP1,1Neigh,1Neigh-Magnesium
Magnesium,GSTA2,1Neigh,1Neigh-Magnesium
Magnesium,GPX8,1Neigh,1Neigh-Magnesium
Magnesium,MGST2,1Neigh,1Neigh-Magnesium
Magnesium,CHAC1,1Neigh,1Neigh-Magnesium
Magnesium,HMOX1,1Neigh,1Neigh-Magnesium
Magnesium,CDO1,1Neigh,1Neigh-Magnesium
Magnesium,KYAT3,1Neigh,1Neigh-Magnesium
Magnesium,GLUL,1Neigh,1Neigh-Magnesium
Magnesium,GLS2,1Neigh,1Neigh-Magnesium
Magnesium,GLS,1Neigh,1Neigh-Magnesium
Magnesium,GAD1,1Neigh,1Neigh-Magnesium
Magnesium,CTH,1Neigh,1Neigh-Magnesium
Magnesium,GAD2,1Neigh,1Neigh-Magnesium
Magnesium,SRXN1,1Neigh,1Neigh-Magnesium
Magnesium,KEAP1,1Neigh,1Neigh-Magnesium
Magnesium,KYAT1,1Neigh,1Neigh-Magnesium
Magnesium,OPLAH,1Neigh,1Neigh-Magnesium
Magnesium,ADH1A,1Neigh,1Neigh-Magnesium
Magnesium,CYP3A5,1Neigh,1Neigh-Magnesium
Magnesium,PTGIS,1Neigh,1Neigh-Magnesium
Magnesium,ADH5,1Neigh,1Neigh-Magnesium
Magnesium,CYP2A6,1Neigh,1Neigh-Magnesium
Magnesium,ADH1B,1Neigh,1Neigh-Magnesium
Magnesium,CYP2S1,1Neigh,1Neigh-Magnesium
Magnesium,CYP2A13,1Neigh,1Neigh-Magnesium
Magnesium,CYP2F1,1Neigh,1Neigh-Magnesium
Magnesium,CYP1A2,1Neigh,1Neigh-Magnesium
Magnesium,PTGES,1Neigh,1Neigh-Magnesium
Magnesium,PTGES2,1Neigh,1Neigh-Magnesium
Magnesium,PTGS1,1Neigh,1Neigh-Magnesium
Magnesium,PTGS2,1Neigh,1Neigh-Magnesium
Magnesium,PTGDS,1Neigh,1Neigh-Magnesium
Magnesium,AKR1C3,1Neigh,1Neigh-Magnesium
Magnesium,ADH6,1Neigh,1Neigh-Magnesium
Magnesium,CYP1A1,1Neigh,1Neigh-Magnesium
Magnesium,ADH7,1Neigh,1Neigh-Magnesium
Magnesium,ADH4,1Neigh,1Neigh-Magnesium
Magnesium,ADH1C,1Neigh,1Neigh-Magnesium
Magnesium,CYP2E1,1Neigh,1Neigh-Magnesium
Magnesium,CYP1B1,1Neigh,1Neigh-Magnesium
Magnesium,EPHX1,1Neigh,1Neigh-Magnesium
Magnesium,USP21,1Neigh,1Neigh-Magnesium
Magnesium,ACSS2,1Neigh,1Neigh-Magnesium
Magnesium,G6PC3,1Neigh,1Neigh-Magnesium
Magnesium,MMUT,1Neigh,1Neigh-Magnesium
Magnesium,ACSS1,1Neigh,1Neigh-Magnesium
Magnesium,BIRC3,1Neigh,1Neigh-Magnesium
Magnesium,XIAP,1Neigh,1Neigh-Magnesium
Magnesium,B4GALT7,1Neigh,1Neigh-Magnesium
Magnesium,B3GAT3,1Neigh,1Neigh-Magnesium
Magnesium,GABARAPL2,1Neigh,1Neigh-Magnesium
Magnesium,TOMM22,1Neigh,1Neigh-Magnesium
Magnesium,NDUFS7,1Neigh,1Neigh-Magnesium
Magnesium,TRAP1,1Neigh,1Neigh-Magnesium
Magnesium,NDUFA10,1Neigh,1Neigh-Magnesium
Magnesium,USP30,1Neigh,1Neigh-Magnesium
Magnesium,NDUFA9,1Neigh,1Neigh-Magnesium
Magnesium,NDUFS6,1Neigh,1Neigh-Magnesium
Magnesium,TOMM70,1Neigh,1Neigh-Magnesium
Magnesium,NDUFB8,1Neigh,1Neigh-Magnesium
Magnesium,RHOT2,1Neigh,1Neigh-Magnesium
Magnesium,TRAK1,1Neigh,1Neigh-Magnesium
Magnesium,NDUFA4,1Neigh,1Neigh-Magnesium
Magnesium,NBR1,1Neigh,1Neigh-Magnesium
Magnesium,ATG7,1Neigh,1Neigh-Magnesium
Magnesium,TOMM7,1Neigh,1Neigh-Magnesium
Magnesium,MT-ND6,1Neigh,1Neigh-Magnesium
Magnesium,MT-ND1,1Neigh,1Neigh-Magnesium
Magnesium,MT-ND5,1Neigh,1Neigh-Magnesium
Magnesium,MT-ND4,1Neigh,1Neigh-Magnesium
Magnesium,MT-ND2,1Neigh,1Neigh-Magnesium
Magnesium,MT-ND3,1Neigh,1Neigh-Magnesium
Magnesium,TOMM20,1Neigh,1Neigh-Magnesium
Magnesium,ATG5,1Neigh,1Neigh-Magnesium
Magnesium,NDUFA8,1Neigh,1Neigh-Magnesium
Magnesium,MAP1LC3A,1Neigh,1Neigh-Magnesium
Magnesium,FUNDC1,1Neigh,1Neigh-Magnesium
Magnesium,OPTN,1Neigh,1Neigh-Magnesium
Magnesium,BNIP3L,1Neigh,1Neigh-Magnesium
Magnesium,VDAC1,1Neigh,1Neigh-Magnesium
Magnesium,NEDD4L,1Neigh,1Neigh-Magnesium
Magnesium,IMMT,1Neigh,1Neigh-Magnesium
Magnesium,NDUFS1,1Neigh,1Neigh-Magnesium
Magnesium,CALCOCO2,1Neigh,1Neigh-Magnesium
Magnesium,TOMM40,1Neigh,1Neigh-Magnesium
Magnesium,GABARAPL1,1Neigh,1Neigh-Magnesium
Magnesium,PGAM5,1Neigh,1Neigh-Magnesium
Magnesium,NAMPT,1Neigh,1Neigh-Magnesium
Magnesium,UMPS,1Neigh,1Neigh-Magnesium
Magnesium,CNIH3,1Neigh,1Neigh-Magnesium
Magnesium,NMNAT2,1Neigh,1Neigh-Magnesium
Magnesium,NMNAT1,1Neigh,1Neigh-Magnesium
Magnesium,QPRT,1Neigh,1Neigh-Magnesium
Magnesium,NAPRT,1Neigh,1Neigh-Magnesium
Magnesium,XYLB,1Neigh,1Neigh-Magnesium
Magnesium,PGLS,1Neigh,1Neigh-Magnesium
Magnesium,RPIA,1Neigh,1Neigh-Magnesium
Magnesium,RBM45,1Neigh,1Neigh-Magnesium
Magnesium,PGAM2,1Neigh,1Neigh-Magnesium
Magnesium,PGK2,1Neigh,1Neigh-Magnesium
Magnesium,RBKS,1Neigh,1Neigh-Magnesium
Magnesium,ADPGK,1Neigh,1Neigh-Magnesium
Magnesium,ENO4,1Neigh,1Neigh-Magnesium
Magnesium,RPE,1Neigh,1Neigh-Magnesium
Magnesium,PGAM1,1Neigh,1Neigh-Magnesium
Magnesium,MINPP1,1Neigh,1Neigh-Magnesium
Magnesium,G6PC2,1Neigh,1Neigh-Magnesium
Magnesium,BPGM,1Neigh,1Neigh-Magnesium
Magnesium,PGAM4,1Neigh,1Neigh-Magnesium
Magnesium,DERA,1Neigh,1Neigh-Magnesium
Magnesium,ENO1,1Neigh,1Neigh-Magnesium
Magnesium,CFTR,1Neigh,1Neigh-Magnesium
Magnesium,AKAP11,1Neigh,1Neigh-Magnesium
Magnesium,CREB3L3,1Neigh,1Neigh-Magnesium
Magnesium,KCNQ1,1Neigh,1Neigh-Magnesium
Magnesium,AQP2,1Neigh,1Neigh-Magnesium
Magnesium,NFKBIA,1Neigh,1Neigh-Magnesium
Magnesium,ARHGDIG,1Neigh,1Neigh-Magnesium
Magnesium,AKAP10,1Neigh,1Neigh-Magnesium
Magnesium,NFKB1,1Neigh,1Neigh-Magnesium
Magnesium,GLI1,1Neigh,1Neigh-Magnesium
Magnesium,ARHGDIB,1Neigh,1Neigh-Magnesium
Magnesium,NR3C1,1Neigh,1Neigh-Magnesium
Magnesium,SLC8A2,1Neigh,1Neigh-Magnesium
Magnesium,LIPE,1Neigh,1Neigh-Magnesium
Magnesium,SOX9,1Neigh,1Neigh-Magnesium
Magnesium,SMO,1Neigh,1Neigh-Magnesium
Magnesium,PPP1R1B,1Neigh,1Neigh-Magnesium
Magnesium,CSNK1G2,1Neigh,1Neigh-Magnesium
Magnesium,PPP1R1A,1Neigh,1Neigh-Magnesium
Magnesium,KCNMB4,1Neigh,1Neigh-Magnesium
Magnesium,GNB5,1Neigh,1Neigh-Magnesium
Magnesium,ATF1,1Neigh,1Neigh-Magnesium
Magnesium,SLC12A2,1Neigh,1Neigh-Magnesium
Magnesium,SLC9A3R1,1Neigh,1Neigh-Magnesium
Magnesium,GRIN2D,1Neigh,1Neigh-Magnesium
Magnesium,PAX8,1Neigh,1Neigh-Magnesium
Magnesium,ATP2B3,1Neigh,1Neigh-Magnesium
Magnesium,SLC9A1,1Neigh,1Neigh-Magnesium
Magnesium,RASGRF2,1Neigh,1Neigh-Magnesium
Magnesium,TRPV5,1Neigh,1Neigh-Magnesium
Magnesium,PRKAR2A,1Neigh,1Neigh-Magnesium
Magnesium,KCNMB1,1Neigh,1Neigh-Magnesium
Magnesium,GRIA4,1Neigh,1Neigh-Magnesium
Magnesium,KCNMA1,1Neigh,1Neigh-Magnesium
Magnesium,CACNA1D,1Neigh,1Neigh-Magnesium
Magnesium,ARAF,1Neigh,1Neigh-Magnesium
Magnesium,GRIN2C,1Neigh,1Neigh-Magnesium
Magnesium,KCNJ3,1Neigh,1Neigh-Magnesium
Magnesium,GRIA2,1Neigh,1Neigh-Magnesium
Magnesium,PLIN1,1Neigh,1Neigh-Magnesium
Magnesium,CACNG2,1Neigh,1Neigh-Magnesium
Magnesium,PTGER4,1Neigh,1Neigh-Magnesium
Magnesium,SCN1A,1Neigh,1Neigh-Magnesium
Magnesium,ADRB2,1Neigh,1Neigh-Magnesium
Magnesium,GABARAP,1Neigh,1Neigh-Magnesium
Magnesium,KCNMB3,1Neigh,1Neigh-Magnesium
Magnesium,SCN4B,1Neigh,1Neigh-Magnesium
Magnesium,KDM3B,1Neigh,1Neigh-Magnesium
Magnesium,GRIN2A,1Neigh,1Neigh-Magnesium
Magnesium,TTF1,1Neigh,1Neigh-Magnesium
Magnesium,GNG2,1Neigh,1Neigh-Magnesium
Magnesium,EZR,1Neigh,1Neigh-Magnesium
Magnesium,DYRK1A,1Neigh,1Neigh-Magnesium
Magnesium,CREB3,1Neigh,1Neigh-Magnesium
Magnesium,CACNA2D1,1Neigh,1Neigh-Magnesium
Magnesium,PLN,1Neigh,1Neigh-Magnesium
Magnesium,CREB5,1Neigh,1Neigh-Magnesium
Magnesium,AKAP4,1Neigh,1Neigh-Magnesium
Magnesium,ATP2B2,1Neigh,1Neigh-Magnesium
Magnesium,CSNK1G3,1Neigh,1Neigh-Magnesium
Magnesium,AKAP13,1Neigh,1Neigh-Magnesium
Magnesium,GRIN3A,1Neigh,1Neigh-Magnesium
Magnesium,CACNA1S,1Neigh,1Neigh-Magnesium
Magnesium,ATP1B1,1Neigh,1Neigh-Magnesium
Magnesium,ATP1A4,1Neigh,1Neigh-Magnesium
Magnesium,KCNJ9,1Neigh,1Neigh-Magnesium
Magnesium,RAB13,1Neigh,1Neigh-Magnesium
Magnesium,PDE4DIP,1Neigh,1Neigh-Magnesium
Magnesium,SUFU,1Neigh,1Neigh-Magnesium
Magnesium,GNAS,1Neigh,1Neigh-Magnesium
Magnesium,AKAP14,1Neigh,1Neigh-Magnesium
Magnesium,GRIN1,1Neigh,1Neigh-Magnesium
Magnesium,NR5A1,1Neigh,1Neigh-Magnesium
Magnesium,ITPR3,1Neigh,1Neigh-Magnesium
Magnesium,AR,1Neigh,1Neigh-Magnesium
Magnesium,CACNA1F,1Neigh,1Neigh-Magnesium
Magnesium,NPPA,1Neigh,1Neigh-Magnesium
Magnesium,CSNK1A1L,1Neigh,1Neigh-Magnesium
Magnesium,PDX1,1Neigh,1Neigh-Magnesium
Magnesium,SLC8A3,1Neigh,1Neigh-Magnesium
Magnesium,ITPR2,1Neigh,1Neigh-Magnesium
Magnesium,PRKAR1A,1Neigh,1Neigh-Magnesium
Magnesium,KIF7,1Neigh,1Neigh-Magnesium
Magnesium,BAD,1Neigh,1Neigh-Magnesium
Magnesium,ULK2,1Neigh,1Neigh-Magnesium
Magnesium,GLI3,1Neigh,1Neigh-Magnesium
Magnesium,KCNE1,1Neigh,1Neigh-Magnesium
Magnesium,KCNU1,1Neigh,1Neigh-Magnesium
Magnesium,RELA,1Neigh,1Neigh-Magnesium
Magnesium,GCG,1Neigh,1Neigh-Magnesium
Magnesium,SCN1B,1Neigh,1Neigh-Magnesium
Magnesium,GNG4,1Neigh,1Neigh-Magnesium
Magnesium,ESR1,1Neigh,1Neigh-Magnesium
Magnesium,RASGRF1,1Neigh,1Neigh-Magnesium
Magnesium,ADCY5,1Neigh,1Neigh-Magnesium
Magnesium,GRIA1,1Neigh,1Neigh-Magnesium
Magnesium,KCNJ5,1Neigh,1Neigh-Magnesium
Magnesium,ATP1A3,1Neigh,1Neigh-Magnesium
Magnesium,ATP1A1,1Neigh,1Neigh-Magnesium
Magnesium,KCNJ6,1Neigh,1Neigh-Magnesium
Magnesium,GRIN2B,1Neigh,1Neigh-Magnesium
Magnesium,CTNNB1,1Neigh,1Neigh-Magnesium
Magnesium,DCN,1Neigh,1Neigh-Magnesium
Magnesium,CCL2,1Neigh,1Neigh-Magnesium
Magnesium,TGFB3,1Neigh,1Neigh-Magnesium
Magnesium,FGL2,1Neigh,1Neigh-Magnesium
Magnesium,PF4,1Neigh,1Neigh-Magnesium
Magnesium,PLG,1Neigh,1Neigh-Magnesium
Magnesium,COL18A1,1Neigh,1Neigh-Magnesium
Magnesium,TGFB2,1Neigh,1Neigh-Magnesium
Magnesium,MMP9,1Neigh,1Neigh-Magnesium
Magnesium,SDC4,1Neigh,1Neigh-Magnesium
Magnesium,SDC1,1Neigh,1Neigh-Magnesium
Magnesium,FGL1,1Neigh,1Neigh-Magnesium
Magnesium,AJUBA,1Neigh,1Neigh-Magnesium
Magnesium,LIMD1,1Neigh,1Neigh-Magnesium
Magnesium,NF2,1Neigh,1Neigh-Magnesium
Magnesium,TEAD4,1Neigh,1Neigh-Magnesium
Magnesium,PTPN14,1Neigh,1Neigh-Magnesium
Magnesium,NPHP4,1Neigh,1Neigh-Magnesium
Magnesium,AMOTL1,1Neigh,1Neigh-Magnesium
Magnesium,AMOTL2,1Neigh,1Neigh-Magnesium
Magnesium,WWC1,1Neigh,1Neigh-Magnesium
Magnesium,TEAD1,1Neigh,1Neigh-Magnesium
Magnesium,MLKL,1Neigh,1Neigh-Magnesium
Magnesium,TRPV2,1Neigh,1Neigh-Magnesium
Magnesium,TRPM2,1Neigh,1Neigh-Magnesium
Magnesium,NDRG1,1Neigh,1Neigh-Magnesium
Magnesium,SCLY,1Neigh,1Neigh-Magnesium
Magnesium,TADA2A,1Neigh,1Neigh-Magnesium
Magnesium,RARS2,1Neigh,1Neigh-Magnesium
Magnesium,WARS1,1Neigh,1Neigh-Magnesium
Magnesium,NARS2,1Neigh,1Neigh-Magnesium
Magnesium,CARS1,1Neigh,1Neigh-Magnesium
Magnesium,GARS1,1Neigh,1Neigh-Magnesium
Magnesium,MARS2,1Neigh,1Neigh-Magnesium
Magnesium,YARS1,1Neigh,1Neigh-Magnesium
Magnesium,TARS1,1Neigh,1Neigh-Magnesium
Magnesium,EARS2,1Neigh,1Neigh-Magnesium
Magnesium,PARS2,1Neigh,1Neigh-Magnesium
Magnesium,SARS2-2,1Neigh,1Neigh-Magnesium
Magnesium,VARS2,1Neigh,1Neigh-Magnesium
Magnesium,LARS2,1Neigh,1Neigh-Magnesium
Magnesium,HARS2,1Neigh,1Neigh-Magnesium
Magnesium,NGF,1Neigh,1Neigh-Magnesium
Magnesium,LZTR1,1Neigh,1Neigh-Magnesium
Magnesium,AMPD2,1Neigh,1Neigh-Magnesium
Magnesium,AK2,1Neigh,1Neigh-Magnesium
Magnesium,ESRP2,1Neigh,1Neigh-Magnesium
Magnesium,PLCG2,1Neigh,1Neigh-Magnesium
Magnesium,MTTP,1Neigh,1Neigh-Magnesium
Magnesium,IL10,1Neigh,1Neigh-Magnesium
Magnesium,DNAJA2,1Neigh,1Neigh-Magnesium
Magnesium,PTGES3,1Neigh,1Neigh-Magnesium
Magnesium,MAD1L1,1Neigh,1Neigh-Magnesium
Magnesium,RPS27,1Neigh,1Neigh-Magnesium
Magnesium,CLIP1,1Neigh,1Neigh-Magnesium
Magnesium,CKAP5,1Neigh,1Neigh-Magnesium
Magnesium,RCC2,1Neigh,1Neigh-Magnesium
Magnesium,SLC17A7,1Neigh,1Neigh-Magnesium
Magnesium,NLGN1,1Neigh,1Neigh-Magnesium
Magnesium,TK1,1Neigh,1Neigh-Magnesium
Magnesium,OFD1,1Neigh,1Neigh-Magnesium
Magnesium,DISC1,1Neigh,1Neigh-Magnesium
Magnesium,RAB9A,1Neigh,1Neigh-Magnesium
Magnesium,PAFAH1B2,1Neigh,1Neigh-Magnesium
Magnesium,PNPO,1Neigh,1Neigh-Magnesium
Magnesium,FDX2,1Neigh,1Neigh-Magnesium
Magnesium,TP53RK,1Neigh,1Neigh-Magnesium
Magnesium,SEPTIN3,1Neigh,1Neigh-Magnesium
Magnesium,PC,1Neigh,1Neigh-Magnesium
Magnesium,ALDOB,1Neigh,1Neigh-Magnesium
Magnesium,GID4,1Neigh,1Neigh-Magnesium
Magnesium,HAO1,1Neigh,1Neigh-Magnesium
Magnesium,ALAS2,1Neigh,1Neigh-Magnesium
Magnesium,MAT1A,1Neigh,1Neigh-Magnesium
Magnesium,CTBP2,1Neigh,1Neigh-Magnesium
Magnesium,ATXN7-2,1Neigh,1Neigh-Magnesium
Magnesium,GLYCTK,1Neigh,1Neigh-Magnesium
Magnesium,LCK,1Neigh,1Neigh-Magnesium
Magnesium,IL2RA,1Neigh,1Neigh-Magnesium
Magnesium,IL15,1Neigh,1Neigh-Magnesium
Magnesium,KLRK1,1Neigh,1Neigh-Magnesium
Magnesium,LAMP2,1Neigh,1Neigh-Magnesium
Magnesium,CD274,1Neigh,1Neigh-Magnesium
Magnesium,KLRC1,1Neigh,1Neigh-Magnesium
Magnesium,CD226,1Neigh,1Neigh-Magnesium
Magnesium,FCGR3B,1Neigh,1Neigh-Magnesium
Magnesium,LPIN3,1Neigh,1Neigh-Magnesium
Magnesium,PLD4,1Neigh,1Neigh-Magnesium
Magnesium,FKRP,1Neigh,1Neigh-Magnesium
Magnesium,B4GAT1,1Neigh,1Neigh-Magnesium
Magnesium,DAG1,1Neigh,1Neigh-Magnesium
Magnesium,ELMO3,1Neigh,1Neigh-Magnesium
Magnesium,SRSF5,1Neigh,1Neigh-Magnesium
Magnesium,CPSF1,1Neigh,1Neigh-Magnesium
Magnesium,TENT4B,1Neigh,1Neigh-Magnesium
Magnesium,ZCCHC7,1Neigh,1Neigh-Magnesium
Magnesium,SNRNP70,1Neigh,1Neigh-Magnesium
Magnesium,FURIN,1Neigh,1Neigh-Magnesium
Magnesium,IGHV3-43D,1Neigh,1Neigh-Magnesium
Magnesium,VKORC1,1Neigh,1Neigh-Magnesium
Magnesium,THBD,1Neigh,1Neigh-Magnesium
Magnesium,KNG1,1Neigh,1Neigh-Magnesium
Magnesium,MGAM,1Neigh,1Neigh-Magnesium
Magnesium,BACE1,1Neigh,1Neigh-Magnesium
Magnesium,MAOB,1Neigh,1Neigh-Magnesium
Magnesium,MUSK,1Neigh,1Neigh-Magnesium
Magnesium,MYO1C,1Neigh,1Neigh-Magnesium
Magnesium,MYL3,1Neigh,1Neigh-Magnesium
Magnesium,MYOCD,1Neigh,1Neigh-Magnesium
Magnesium,CBFB,1Neigh,1Neigh-Magnesium
Magnesium,RUNX1T1,1Neigh,1Neigh-Magnesium
Magnesium,TNNT2,1Neigh,1Neigh-Magnesium
Magnesium,MYBPC3,1Neigh,1Neigh-Magnesium
Magnesium,TTN,1Neigh,1Neigh-Magnesium
Magnesium,FPGT-TNNI3K,1Neigh,1Neigh-Magnesium
Magnesium,GALE,1Neigh,1Neigh-Magnesium
Magnesium,ATP5MC2,1Neigh,1Neigh-Magnesium
Magnesium,ATP6V0B,1Neigh,1Neigh-Magnesium
Magnesium,PAPSS2,1Neigh,1Neigh-Magnesium
Magnesium,SLN,1Neigh,1Neigh-Magnesium
Magnesium,THPO,1Neigh,1Neigh-Magnesium
Magnesium,B2M,1Neigh,1Neigh-Magnesium
Magnesium,GHRH,1Neigh,1Neigh-Magnesium
Magnesium,HPF1,1Neigh,1Neigh-Magnesium
Magnesium,PARG,1Neigh,1Neigh-Magnesium
Magnesium,HPS6,1Neigh,1Neigh-Magnesium
Magnesium,ASIP,1Neigh,1Neigh-Magnesium
Magnesium,PPP1R15B,1Neigh,1Neigh-Magnesium
Magnesium,GSN,1Neigh,1Neigh-Magnesium
Magnesium,WIPF1,1Neigh,1Neigh-Magnesium
Magnesium,GC,1Neigh,1Neigh-Magnesium
Magnesium,TWF1,1Neigh,1Neigh-Magnesium
Magnesium,LCP1,1Neigh,1Neigh-Magnesium
Magnesium,ACTN3,1Neigh,1Neigh-Magnesium
Magnesium,MYO10,1Neigh,1Neigh-Magnesium
Magnesium,COBL,1Neigh,1Neigh-Magnesium
Magnesium,MRTFB,1Neigh,1Neigh-Magnesium
Magnesium,MRTFA,1Neigh,1Neigh-Magnesium
Magnesium,SERPINB2,1Neigh,1Neigh-Magnesium
Magnesium,IGHV3-72,1Neigh,1Neigh-Magnesium
Magnesium,A2M,1Neigh,1Neigh-Magnesium
Magnesium,SERPINA1,1Neigh,1Neigh-Magnesium
Magnesium,F2R,1Neigh,1Neigh-Magnesium
Magnesium,SERPINA5,1Neigh,1Neigh-Magnesium
Magnesium,FGA,1Neigh,1Neigh-Magnesium
Magnesium,F13B,1Neigh,1Neigh-Magnesium
Magnesium,PGA4,1Neigh,1Neigh-Magnesium
Magnesium,ERCC5,1Neigh,1Neigh-Magnesium
Magnesium,RAD17,1Neigh,1Neigh-Magnesium
Magnesium,CCNA2,1Neigh,1Neigh-Magnesium
Magnesium,H3-2,1Neigh,1Neigh-Magnesium
Magnesium,UBE2T,1Neigh,1Neigh-Magnesium
Magnesium,MLH3,1Neigh,1Neigh-Magnesium
Magnesium,PSMC3IP,1Neigh,1Neigh-Magnesium
Magnesium,KAT5,1Neigh,1Neigh-Magnesium
Magnesium,UIMC1,1Neigh,1Neigh-Magnesium
Magnesium,MSH5,1Neigh,1Neigh-Magnesium
Magnesium,RAD51D,1Neigh,1Neigh-Magnesium
Magnesium,RAD51D-2,1Neigh,1Neigh-Magnesium
Magnesium,TPX2,1Neigh,1Neigh-Magnesium
Magnesium,SMC6,1Neigh,1Neigh-Magnesium
Magnesium,EME1,1Neigh,1Neigh-Magnesium
Magnesium,CDC20B,1Neigh,1Neigh-Magnesium
Magnesium,TTK,1Neigh,1Neigh-Magnesium
Magnesium,UBE2V2,1Neigh,1Neigh-Magnesium
Magnesium,SEM1,1Neigh,1Neigh-Magnesium
Magnesium,APOBEC3G,1Neigh,1Neigh-Magnesium
Magnesium,APOBEC3A,1Neigh,1Neigh-Magnesium
Magnesium,CES2,1Neigh,1Neigh-Magnesium
Magnesium,PDE6B,1Neigh,1Neigh-Magnesium
Magnesium,ATP6V0E2,1Neigh,1Neigh-Magnesium
Magnesium,CYP3A4,1Neigh,1Neigh-Magnesium
Magnesium,ARF1,1Neigh,1Neigh-Magnesium
Magnesium,ARFGAP2,1Neigh,1Neigh-Magnesium
Magnesium,COPZ2,1Neigh,1Neigh-Magnesium
Magnesium,AP2B1,1Neigh,1Neigh-Magnesium
Magnesium,MAX,1Neigh,1Neigh-Magnesium
Magnesium,NEFL,1Neigh,1Neigh-Magnesium
Magnesium,PRKG1,1Neigh,1Neigh-Magnesium
Magnesium,BCL10,1Neigh,1Neigh-Magnesium
Magnesium,DDIT3,1Neigh,1Neigh-Magnesium
Magnesium,RPS6KA5,1Neigh,1Neigh-Magnesium
Magnesium,MAPKAPK5,1Neigh,1Neigh-Magnesium
Magnesium,MAP2K6,1Neigh,1Neigh-Magnesium
Magnesium,MAPKAPK3,1Neigh,1Neigh-Magnesium
Magnesium,PTPN3,1Neigh,1Neigh-Magnesium
Magnesium,NCF4,1Neigh,1Neigh-Magnesium
Magnesium,GNAI1,1Neigh,1Neigh-Magnesium
Magnesium,MEF2A,1Neigh,1Neigh-Magnesium
Magnesium,SCRIB,1Neigh,1Neigh-Magnesium
Magnesium,DUSP7,1Neigh,1Neigh-Magnesium
Magnesium,HNRNPU,1Neigh,1Neigh-Magnesium
Magnesium,HTATSF1,1Neigh,1Neigh-Magnesium
Magnesium,XAB2,1Neigh,1Neigh-Magnesium
Magnesium,ELOC,1Neigh,1Neigh-Magnesium
Magnesium,MED19,1Neigh,1Neigh-Magnesium
Magnesium,CTDP1,1Neigh,1Neigh-Magnesium
Magnesium,POLR2J3,1Neigh,1Neigh-Magnesium
Magnesium,DDX6,1Neigh,1Neigh-Magnesium
Magnesium,TAF1L,1Neigh,1Neigh-Magnesium
Magnesium,MYC,1Neigh,1Neigh-Magnesium
Magnesium,FBF1,1Neigh,1Neigh-Magnesium
Magnesium,ITCH,1Neigh,1Neigh-Magnesium
Magnesium,PMS1,1Neigh,1Neigh-Magnesium
Magnesium,SMARCAD1,1Neigh,1Neigh-Magnesium
Magnesium,BRAF,1Neigh,1Neigh-Magnesium
Magnesium,HMGB1,1Neigh,1Neigh-Magnesium
Magnesium,SUCLA2,1Neigh,1Neigh-Magnesium
Magnesium,CSNK1D,1Neigh,1Neigh-Magnesium
Magnesium,CPEB2,1Neigh,1Neigh-Magnesium
Magnesium,CEP192,1Neigh,1Neigh-Magnesium
Magnesium,CPEB1,1Neigh,1Neigh-Magnesium
Magnesium,LIN9,1Neigh,1Neigh-Magnesium
Magnesium,REC8,1Neigh,1Neigh-Magnesium
Magnesium,CCNF,1Neigh,1Neigh-Magnesium
Magnesium,NCAPD3,1Neigh,1Neigh-Magnesium
Magnesium,CEP290,1Neigh,1Neigh-Magnesium
Magnesium,NEDD1,1Neigh,1Neigh-Magnesium
Magnesium,PTTG2,1Neigh,1Neigh-Magnesium
Magnesium,RACGAP1,1Neigh,1Neigh-Magnesium
Magnesium,SPC24,1Neigh,1Neigh-Magnesium
Magnesium,GTSE1,1Neigh,1Neigh-Magnesium
Magnesium,CEP152,1Neigh,1Neigh-Magnesium
Magnesium,NUSAP1,1Neigh,1Neigh-Magnesium
Magnesium,SSNA1,1Neigh,1Neigh-Magnesium
Magnesium,ALMS1,1Neigh,1Neigh-Magnesium
Magnesium,CEP78,1Neigh,1Neigh-Magnesium
Magnesium,GOLGA2,1Neigh,1Neigh-Magnesium
Magnesium,SFI1,1Neigh,1Neigh-Magnesium
Magnesium,SDCCAG8,1Neigh,1Neigh-Magnesium
Magnesium,CEP250,1Neigh,1Neigh-Magnesium
Magnesium,ODF2,1Neigh,1Neigh-Magnesium
Magnesium,BORA,1Neigh,1Neigh-Magnesium
Magnesium,KNTC1,1Neigh,1Neigh-Magnesium
Magnesium,H2BC14,1Neigh,1Neigh-Magnesium
Magnesium,HJURP,1Neigh,1Neigh-Magnesium
Magnesium,MKI67,1Neigh,1Neigh-Magnesium
Magnesium,DLG4,1Neigh,1Neigh-Magnesium
Magnesium,LGI1,1Neigh,1Neigh-Magnesium
Magnesium,CNTNAP2,1Neigh,1Neigh-Magnesium
Magnesium,KCNA2,1Neigh,1Neigh-Magnesium
Magnesium,CACNA1A,1Neigh,1Neigh-Magnesium
Magnesium,RPL11,1Neigh,1Neigh-Magnesium
Magnesium,GTF3C4,1Neigh,1Neigh-Magnesium
Magnesium,ENSP00000487094,1Neigh,1Neigh-Magnesium
Magnesium,POLR3G,1Neigh,1Neigh-Magnesium
Magnesium,LOC102724159,1Neigh,1Neigh-Magnesium
Magnesium,SEC61G,1Neigh,1Neigh-Magnesium
Magnesium,WNK1,1Neigh,1Neigh-Magnesium
Magnesium,PRPS1L1,1Neigh,1Neigh-Magnesium
Magnesium,NDUFV1,1Neigh,1Neigh-Magnesium
Magnesium,KCTD2,1Neigh,1Neigh-Magnesium
Magnesium,SUMO3,1Neigh,1Neigh-Magnesium
Magnesium,RAD23A,1Neigh,1Neigh-Magnesium
Magnesium,PIAS2,1Neigh,1Neigh-Magnesium
Magnesium,PIAS1,1Neigh,1Neigh-Magnesium
Magnesium,PIAS3,1Neigh,1Neigh-Magnesium
Magnesium,E2F6,1Neigh,1Neigh-Magnesium
Magnesium,TXNIP,1Neigh,1Neigh-Magnesium
Magnesium,TNFAIP3,1Neigh,1Neigh-Magnesium
Magnesium,TRAF1,1Neigh,1Neigh-Magnesium
Magnesium,FAS,1Neigh,1Neigh-Magnesium
Magnesium,MAPK8IP3,1Neigh,1Neigh-Magnesium
Magnesium,PNPT1,1Neigh,1Neigh-Magnesium
Magnesium,SIX1,1Neigh,1Neigh-Magnesium
Magnesium,DACH1,1Neigh,1Neigh-Magnesium
Magnesium,ADCY7,1Neigh,1Neigh-Magnesium
Magnesium,SMPD4,1Neigh,1Neigh-Magnesium
Magnesium,KDSR,1Neigh,1Neigh-Magnesium
Magnesium,DCAF7,1Neigh,1Neigh-Magnesium
Magnesium,DCTN4,1Neigh,1Neigh-Magnesium
Magnesium,ATG13,1Neigh,1Neigh-Magnesium
Magnesium,TBC1D7,1Neigh,1Neigh-Magnesium
Magnesium,MLST8,1Neigh,1Neigh-Magnesium
Magnesium,RPS6,1Neigh,1Neigh-Magnesium
Magnesium,DEPDC5,1Neigh,1Neigh-Magnesium
Magnesium,CASTOR1,1Neigh,1Neigh-Magnesium
Magnesium,EIF4E,1Neigh,1Neigh-Magnesium
Magnesium,CDK5,1Neigh,1Neigh-Magnesium
Magnesium,GRB10,1Neigh,1Neigh-Magnesium
Magnesium,NTRK1,1Neigh,1Neigh-Magnesium
Magnesium,SORBS1,1Neigh,1Neigh-Magnesium
Magnesium,BCAR1,1Neigh,1Neigh-Magnesium
Magnesium,KITLG,1Neigh,1Neigh-Magnesium
Magnesium,SOCS1,1Neigh,1Neigh-Magnesium
Magnesium,NEDD9,1Neigh,1Neigh-Magnesium
Magnesium,EPHB6,1Neigh,1Neigh-Magnesium
Magnesium,EPHA6,1Neigh,1Neigh-Magnesium
Magnesium,EPHB1,1Neigh,1Neigh-Magnesium
Magnesium,EPHB2,1Neigh,1Neigh-Magnesium
Magnesium,EPHA5,1Neigh,1Neigh-Magnesium
Magnesium,SLIT2,1Neigh,1Neigh-Magnesium
Magnesium,CREB1,1Neigh,1Neigh-Magnesium
Magnesium,MAP3K12,1Neigh,1Neigh-Magnesium
Magnesium,SIK1B,1Neigh,1Neigh-Magnesium
Magnesium,PRH1,1Neigh,1Neigh-Magnesium
Magnesium,TIMELESS,1Neigh,1Neigh-Magnesium
Magnesium,MYD88,1Neigh,1Neigh-Magnesium
Magnesium,DDX10,1Neigh,1Neigh-Magnesium
Magnesium,DDX27,1Neigh,1Neigh-Magnesium
Magnesium,TAF1C,1Neigh,1Neigh-Magnesium
Magnesium,NOLC1,1Neigh,1Neigh-Magnesium
Magnesium,SIRT7,1Neigh,1Neigh-Magnesium
Magnesium,NLE1,1Neigh,1Neigh-Magnesium
Magnesium,RAPGEF6,1Neigh,1Neigh-Magnesium
Magnesium,RPP38,1Neigh,1Neigh-Magnesium
Magnesium,RACK1,1Neigh,1Neigh-Magnesium
Magnesium,PDIA6,1Neigh,1Neigh-Magnesium
Magnesium,DNAJC3,1Neigh,1Neigh-Magnesium
Magnesium,DNAJB9,1Neigh,1Neigh-Magnesium
Magnesium,TNF,1Neigh,1Neigh-Magnesium
Magnesium,TMBIM6,1Neigh,1Neigh-Magnesium
Magnesium,DERL3,1Neigh,1Neigh-Magnesium
Magnesium,XDH,1Neigh,1Neigh-Magnesium
Magnesium,MTAP,1Neigh,1Neigh-Magnesium
Magnesium,OST4,1Neigh,1Neigh-Magnesium
Magnesium,F5H5P2_HUMAN,1Neigh,1Neigh-Magnesium
Magnesium,HSD17B4,1Neigh,1Neigh-Magnesium
Magnesium,MT-CO3,1Neigh,1Neigh-Magnesium
Magnesium,PEX5L,1Neigh,1Neigh-Magnesium
Magnesium,PSMC3,1Neigh,1Neigh-Magnesium
Magnesium,ATXN3,1Neigh,1Neigh-Magnesium
Magnesium,CLU,1Neigh,1Neigh-Magnesium
Magnesium,EPB42,1Neigh,1Neigh-Magnesium
Magnesium,NDUFB6,1Neigh,1Neigh-Magnesium
Magnesium,KLK6,1Neigh,1Neigh-Magnesium
Magnesium,PRNP,1Neigh,1Neigh-Magnesium
Magnesium,RAB1A,1Neigh,1Neigh-Magnesium
Magnesium,MAP1LC3B,1Neigh,1Neigh-Magnesium
Magnesium,CEBPA,1Neigh,1Neigh-Magnesium
Magnesium,FGFR2,1Neigh,1Neigh-Magnesium
Magnesium,NDUFS8,1Neigh,1Neigh-Magnesium
Magnesium,USH1G,1Neigh,1Neigh-Magnesium
Magnesium,LHFPL5,1Neigh,1Neigh-Magnesium
Magnesium,PDZD7,1Neigh,1Neigh-Magnesium
Magnesium,MYO15A,1Neigh,1Neigh-Magnesium
Magnesium,MTHFD1,1Neigh,1Neigh-Magnesium
Magnesium,PHGDH,1Neigh,1Neigh-Magnesium
Magnesium,TRA2B,1Neigh,1Neigh-Magnesium
Magnesium,LUC7L3,1Neigh,1Neigh-Magnesium
Magnesium,CLK1,1Neigh,1Neigh-Magnesium
Magnesium,SRSF8,1Neigh,1Neigh-Magnesium
Magnesium,ARGLU1,1Neigh,1Neigh-Magnesium
Magnesium,DDX46,1Neigh,1Neigh-Magnesium
Magnesium,GPAT2,1Neigh,1Neigh-Magnesium
Magnesium,THNSL1,1Neigh,1Neigh-Magnesium
Magnesium,NDUFAB1,1Neigh,1Neigh-Magnesium
Magnesium,H4C7,1Neigh,1Neigh-Magnesium
Magnesium,COASY,1Neigh,1Neigh-Magnesium
Magnesium,EIF2S2,1Neigh,1Neigh-Magnesium
Magnesium,UNC119B,1Neigh,1Neigh-Magnesium
Magnesium,ANP32A,1Neigh,1Neigh-Magnesium
Magnesium,PCCB,1Neigh,1Neigh-Magnesium
Magnesium,ACADVL,1Neigh,1Neigh-Magnesium
Magnesium,BAP1,1Neigh,1Neigh-Magnesium
Magnesium,NCOR2,1Neigh,1Neigh-Magnesium
Magnesium,INPP4B,1Neigh,1Neigh-Magnesium
Magnesium,EEF1B2,1Neigh,1Neigh-Magnesium
Magnesium,NUP62,1Neigh,1Neigh-Magnesium
Magnesium,RCC1,1Neigh,1Neigh-Magnesium
Magnesium,CCT4,1Neigh,1Neigh-Magnesium
Magnesium,KPNA6,1Neigh,1Neigh-Magnesium
Magnesium,SNUPN,1Neigh,1Neigh-Magnesium
Magnesium,RGPD2,1Neigh,1Neigh-Magnesium
Magnesium,NCBP2L,1Neigh,1Neigh-Magnesium
Magnesium,ITGAX,1Neigh,1Neigh-Magnesium
Magnesium,ITGA6,1Neigh,1Neigh-Magnesium
Magnesium,CD63,1Neigh,1Neigh-Magnesium
Magnesium,PIK3CB,1Neigh,1Neigh-Magnesium
Magnesium,CD36,1Neigh,1Neigh-Magnesium
Magnesium,LAMA2,1Neigh,1Neigh-Magnesium
Magnesium,MCAM,1Neigh,1Neigh-Magnesium
Magnesium,PRKCB,1Neigh,1Neigh-Magnesium
Magnesium,DSPP,1Neigh,1Neigh-Magnesium
Magnesium,CDH2,1Neigh,1Neigh-Magnesium
Magnesium,PECAM1,1Neigh,1Neigh-Magnesium
Magnesium,TNS3,1Neigh,1Neigh-Magnesium
Magnesium,FRAS1,1Neigh,1Neigh-Magnesium
Magnesium,JAM2,1Neigh,1Neigh-Magnesium
Magnesium,RELN,1Neigh,1Neigh-Magnesium
Magnesium,FLNB,1Neigh,1Neigh-Magnesium
Magnesium,ITGA7,1Neigh,1Neigh-Magnesium
Magnesium,TGM2,1Neigh,1Neigh-Magnesium
Magnesium,ACE2,1Neigh,1Neigh-Magnesium
Magnesium,CD24,1Neigh,1Neigh-Magnesium
Magnesium,EXTL2,1Neigh,1Neigh-Magnesium
Magnesium,EXTL1,1Neigh,1Neigh-Magnesium
Magnesium,PRIMPOL,1Neigh,1Neigh-Magnesium
Magnesium,CTC1,1Neigh,1Neigh-Magnesium
Magnesium,SUV39H1,1Neigh,1Neigh-Magnesium
Magnesium,ACD,1Neigh,1Neigh-Magnesium
Magnesium,DCLRE1B,1Neigh,1Neigh-Magnesium
Magnesium,NEIL1,1Neigh,1Neigh-Magnesium
Magnesium,TOP3B,1Neigh,1Neigh-Magnesium
Magnesium,GADD45A,1Neigh,1Neigh-Magnesium
Magnesium,GMPR2,1Neigh,1Neigh-Magnesium
Magnesium,ALDH3B2,1Neigh,1Neigh-Magnesium
Magnesium,F8VP50_HUMAN,1Neigh,1Neigh-Magnesium
Magnesium,ADAL,1Neigh,1Neigh-Magnesium
Magnesium,FDFT1,1Neigh,1Neigh-Magnesium
Magnesium,LSS,1Neigh,1Neigh-Magnesium
Magnesium,PMVK,1Neigh,1Neigh-Magnesium
Magnesium,NSDHL,1Neigh,1Neigh-Magnesium
Magnesium,CAB39L,1Neigh,1Neigh-Magnesium
Magnesium,PRKAB1,1Neigh,1Neigh-Magnesium
Magnesium,ARHGEF18,1Neigh,1Neigh-Magnesium
Magnesium,FKBP5,1Neigh,1Neigh-Magnesium
Magnesium,RASSF3,1Neigh,1Neigh-Magnesium
Magnesium,SLIRP,1Neigh,1Neigh-Magnesium
Magnesium,TMC1,1Neigh,1Neigh-Magnesium
Magnesium,ZNF567,1Neigh,1Neigh-Magnesium
Magnesium,S1PR1,1Neigh,1Neigh-Magnesium
Magnesium,S100A13,1Neigh,1Neigh-Magnesium
Magnesium,PTP4A1,1Neigh,1Neigh-Magnesium
Magnesium,CBSL,1Neigh,1Neigh-Magnesium
Magnesium,FBLIM1,1Neigh,1Neigh-Magnesium
Magnesium,SLMAP,1Neigh,1Neigh-Magnesium
Magnesium,MARK3,1Neigh,1Neigh-Magnesium
Magnesium,PARD3,1Neigh,1Neigh-Magnesium
Magnesium,LOC114841035,1Neigh,1Neigh-Magnesium
Magnesium,HSPE1-MOB4,1Neigh,1Neigh-Magnesium
Magnesium,GBE1,1Neigh,1Neigh-Magnesium
Magnesium,ESD,1Neigh,1Neigh-Magnesium
Magnesium,PGM3,1Neigh,1Neigh-Magnesium
Magnesium,DVL1,1Neigh,1Neigh-Magnesium
Magnesium,RAB5B,1Neigh,1Neigh-Magnesium
Magnesium,MBP,1Neigh,1Neigh-Magnesium
Magnesium,PTK6,1Neigh,1Neigh-Magnesium
Magnesium,DNM1L,1Neigh,1Neigh-Magnesium
Magnesium,MFN1,1Neigh,1Neigh-Magnesium
Magnesium,SYNJ1,1Neigh,1Neigh-Magnesium
Magnesium,CHD4,1Neigh,1Neigh-Magnesium
Magnesium,ATAD2,1Neigh,1Neigh-Magnesium
Magnesium,KIF15,1Neigh,1Neigh-Magnesium
Magnesium,COPS5,1Neigh,1Neigh-Magnesium
Magnesium,PDS5B,1Neigh,1Neigh-Magnesium
Magnesium,ZNF451,1Neigh,1Neigh-Magnesium
Magnesium,PRC1,1Neigh,1Neigh-Magnesium
Magnesium,UHRF1,1Neigh,1Neigh-Magnesium
Magnesium,RNF4,1Neigh,1Neigh-Magnesium
Magnesium,SOD2,1Neigh,1Neigh-Magnesium
Magnesium,PPARG,1Neigh,1Neigh-Magnesium
Magnesium,BIRC2,1Neigh,1Neigh-Magnesium
Magnesium,XYLT1,1Neigh,1Neigh-Magnesium
Magnesium,B3GALT6,1Neigh,1Neigh-Magnesium
Magnesium,BECN2,1Neigh,1Neigh-Magnesium
Magnesium,ATG12,1Neigh,1Neigh-Magnesium
Magnesium,TFAM,1Neigh,1Neigh-Magnesium
Magnesium,EIF4G1,1Neigh,1Neigh-Magnesium
Magnesium,AMBRA1,1Neigh,1Neigh-Magnesium
Magnesium,CNIH2,1Neigh,1Neigh-Magnesium
Magnesium,RPEL1,1Neigh,1Neigh-Magnesium
Magnesium,KCNE1B,1Neigh,1Neigh-Magnesium
Magnesium,NR4A1,1Neigh,1Neigh-Magnesium
Magnesium,NFATC1,1Neigh,1Neigh-Magnesium
Magnesium,ARHGDIA,1Neigh,1Neigh-Magnesium
Magnesium,GLI2,1Neigh,1Neigh-Magnesium
Magnesium,SLC8A1,1Neigh,1Neigh-Magnesium
Magnesium,PRKAR1B,1Neigh,1Neigh-Magnesium
Magnesium,KCNMB2,1Neigh,1Neigh-Magnesium
Magnesium,GRIA3,1Neigh,1Neigh-Magnesium
Magnesium,FXYD1,1Neigh,1Neigh-Magnesium
Magnesium,PPARA,1Neigh,1Neigh-Magnesium
Magnesium,NBEA,1Neigh,1Neigh-Magnesium
Magnesium,AKAP5,1Neigh,1Neigh-Magnesium
Magnesium,AKAP7,1Neigh,1Neigh-Magnesium
Magnesium,AKAP1,1Neigh,1Neigh-Magnesium
Magnesium,ORAI1,1Neigh,1Neigh-Magnesium
Magnesium,TRPV1,1Neigh,1Neigh-Magnesium
Magnesium,NACA-2,1Neigh,1Neigh-Magnesium
Magnesium,SCN7A,1Neigh,1Neigh-Magnesium
Magnesium,PBX1,1Neigh,1Neigh-Magnesium
Magnesium,KDM3A,1Neigh,1Neigh-Magnesium
Magnesium,ATP2B1,1Neigh,1Neigh-Magnesium
Magnesium,PALM2AKAP2,1Neigh,1Neigh-Magnesium
Magnesium,ABCC8,1Neigh,1Neigh-Magnesium
Magnesium,GPR161,1Neigh,1Neigh-Magnesium
Magnesium,KCNK2,1Neigh,1Neigh-Magnesium
Magnesium,PKIA,1Neigh,1Neigh-Magnesium
Magnesium,GSKIP,1Neigh,1Neigh-Magnesium
Magnesium,ADORA2A,1Neigh,1Neigh-Magnesium
Magnesium,PKIG,1Neigh,1Neigh-Magnesium
Magnesium,LTBP1,1Neigh,1Neigh-Magnesium
Magnesium,PLAU,1Neigh,1Neigh-Magnesium
Magnesium,CXCL8,1Neigh,1Neigh-Magnesium
Magnesium,ID1,1Neigh,1Neigh-Magnesium
Magnesium,PDGFB,1Neigh,1Neigh-Magnesium
Magnesium,SIRPA,1Neigh,1Neigh-Magnesium
Magnesium,WTIP,1Neigh,1Neigh-Magnesium
Magnesium,NDRG2,1Neigh,1Neigh-Magnesium
Magnesium,SEPHS1,Target,Target-Magnesium
Magnesium,SARS1,Target,Target-Magnesium
Magnesium,BEX3,Target,Target-Magnesium
Magnesium,RIT1,Target,Target-Magnesium
Magnesium,SPEG,Target,Target-Magnesium
Magnesium,CAVIN4,Target,Target-Magnesium
Magnesium,ADK,Target,Target-Magnesium
Magnesium,ENAH,Target,Target-Magnesium
Magnesium,SH2D2A,Target,Target-Magnesium
Magnesium,GPT,Target,Target-Magnesium
Magnesium,MRS2,Target,Target-Magnesium
Magnesium,NUDC,Target,Target-Magnesium
Magnesium,GPHN,Target,Target-Magnesium
Magnesium,DUT,Target,Target-Magnesium
Magnesium,NDE1,Target,Target-Magnesium
Magnesium,GDPD4,Target,Target-Magnesium
Magnesium,PDXK,Target,Target-Magnesium
Magnesium,RYR3,Target,Target-Magnesium
Magnesium,IPP,Target,Target-Magnesium
Magnesium,PDP1,Target,Target-Magnesium
Magnesium,SEPTIN10,Target,Target-Magnesium
Magnesium,FBP1,Target,Target-Magnesium
Magnesium,SLC7A13,Target,Target-Magnesium
Magnesium,AGXT,Target,Target-Magnesium
Magnesium,PRF1,Target,Target-Magnesium
Magnesium,CDS1,Target,Target-Magnesium
Magnesium,CRPPA,Target,Target-Magnesium
Magnesium,DOCK3,Target,Target-Magnesium
Magnesium,PLPP6,Target,Target-Magnesium
Magnesium,PAPOLA,Target,Target-Magnesium
Magnesium,F9,Target,Target-Magnesium
Magnesium,BCHE,Target,Target-Magnesium
Magnesium,MYL6,Target,Target-Magnesium
Magnesium,MYH11,Target,Target-Magnesium
Magnesium,TNNI3,Target,Target-Magnesium
Magnesium,GALK1,Target,Target-Magnesium
Magnesium,PPA1,Target,Target-Magnesium
Magnesium,TPSB2,Target,Target-Magnesium
Magnesium,TPSAB1,Target,Target-Magnesium
Magnesium,EPYC,Target,Target-Magnesium
Magnesium,SLFN14,Target,Target-Magnesium
Magnesium,FHL5,Target,Target-Magnesium
Magnesium,CASQ1,Target,Target-Magnesium
Magnesium,GH1,Target,Target-Magnesium
Magnesium,ADPRS,Target,Target-Magnesium
Magnesium,TYRP1,Target,Target-Magnesium
Magnesium,ACTA1,Target,Target-Magnesium
Magnesium,PROC,Target,Target-Magnesium
Magnesium,RAD51,Target,Target-Magnesium
Magnesium,CDA,Target,Target-Magnesium
Magnesium,GUK1,Target,Target-Magnesium
Magnesium,ATP4A,Target,Target-Magnesium
Magnesium,COPA,Target,Target-Magnesium
Magnesium,NIPA2,Target,Target-Magnesium
Magnesium,MAPK12,Target,Target-Magnesium
Magnesium,POLR2A,Target,Target-Magnesium
Magnesium,CLYBL,Target,Target-Magnesium
Magnesium,MSH2,Target,Target-Magnesium
Magnesium,IDH3G,Target,Target-Magnesium
Magnesium,PLK1,Target,Target-Magnesium
Magnesium,KCNA1,Target,Target-Magnesium
Magnesium,POLR3A,Target,Target-Magnesium
Magnesium,ERN2,Target,Target-Magnesium
Magnesium,THG1L,Target,Target-Magnesium
Magnesium,OXSR1,Target,Target-Magnesium
Magnesium,MAP3K6,Target,Target-Magnesium
Magnesium,NUDT5,Target,Target-Magnesium
Magnesium,IDH3A,Target,Target-Magnesium
Magnesium,UBA2,Target,Target-Magnesium
Magnesium,TDP2,Target,Target-Magnesium
Magnesium,MAP3K5,Target,Target-Magnesium
Magnesium,SLC41A1,Target,Target-Magnesium
Magnesium,STK38,Target,Target-Magnesium
Magnesium,DIS3L2,Target,Target-Magnesium
Magnesium,EYA2,Target,Target-Magnesium
Magnesium,NIM1K,Target,Target-Magnesium
Magnesium,PDE2A,Target,Target-Magnesium
Magnesium,BRSK1,Target,Target-Magnesium
Magnesium,BRSK2,Target,Target-Magnesium
Magnesium,CERK,Target,Target-Magnesium
Magnesium,DYRK2,Target,Target-Magnesium
Magnesium,TPPP,Target,Target-Magnesium
Magnesium,RHEB,Target,Target-Magnesium
Magnesium,REXO2,Target,Target-Magnesium
Magnesium,XXYLT1,Target,Target-Magnesium
Magnesium,ABL1,Target,Target-Magnesium
Magnesium,SIK2,Target,Target-Magnesium
Magnesium,MAP2K7,Target,Target-Magnesium
Magnesium,SIK1,Target,Target-Magnesium
Magnesium,PIF1,Target,Target-Magnesium
Magnesium,TMEM94,Target,Target-Magnesium
Magnesium,IRAK3,Target,Target-Magnesium
Magnesium,POLR1A,Target,Target-Magnesium
Magnesium,RAP2A,Target,Target-Magnesium
Magnesium,MORC2,Target,Target-Magnesium
Magnesium,DHX36,Target,Target-Magnesium
Magnesium,ERN1,Target,Target-Magnesium
Magnesium,HPRT1,Target,Target-Magnesium
Magnesium,POLQ,Target,Target-Magnesium
Magnesium,MAGT1,Target,Target-Magnesium
Magnesium,HACL1,Target,Target-Magnesium
Magnesium,SNCA,Target,Target-Magnesium
Magnesium,IDH1,Target,Target-Magnesium
Magnesium,CIB2,Target,Target-Magnesium
Magnesium,MTHFD2,Target,Target-Magnesium
Magnesium,SRPK2,Target,Target-Magnesium
Magnesium,PSPH,Target,Target-Magnesium
Magnesium,PLSCR3,Target,Target-Magnesium
Magnesium,AASDHPPT,Target,Target-Magnesium
Magnesium,SNRK,Target,Target-Magnesium
Magnesium,NEK6,Target,Target-Magnesium
Magnesium,GEN1,Target,Target-Magnesium
Magnesium,SLC41A2,Target,Target-Magnesium
Magnesium,CDC123,Target,Target-Magnesium
Magnesium,RP2,Target,Target-Magnesium
Magnesium,NUDT16,Target,Target-Magnesium
Magnesium,NME1,Target,Target-Magnesium
Magnesium,ABL2,Target,Target-Magnesium
Magnesium,HMGCL,Target,Target-Magnesium
Magnesium,FOXK2,Target,Target-Magnesium
Magnesium,IMPA1,Target,Target-Magnesium
Magnesium,DYRK3,Target,Target-Magnesium
Magnesium,RAN,Target,Target-Magnesium
Magnesium,ITGB1,Target,Target-Magnesium
Magnesium,NIPAL4,Target,Target-Magnesium
Magnesium,EXTL3,Target,Target-Magnesium
Magnesium,TSSK4,Target,Target-Magnesium
Magnesium,PRIM1,Target,Target-Magnesium
Magnesium,WRN,Target,Target-Magnesium
Magnesium,TDG,Target,Target-Magnesium
Magnesium,EPHX2,Target,Target-Magnesium
Magnesium,CIB4,Target,Target-Magnesium
Magnesium,ME1,Target,Target-Magnesium
Magnesium,IDI1,Target,Target-Magnesium
Magnesium,STK11,Target,Target-Magnesium
Magnesium,STK4,Target,Target-Magnesium
Magnesium,MTPAP,Target,Target-Magnesium
Magnesium,ADPRH,Target,Target-Magnesium
Magnesium,EXD2,Target,Target-Magnesium
Magnesium,CIB3,Target,Target-Magnesium
Magnesium,TSSK2,Target,Target-Magnesium
Magnesium,MAP3K20,Target,Target-Magnesium
Magnesium,SPHK1,Target,Target-Magnesium
Magnesium,PLSCR1,Target,Target-Magnesium
Magnesium,CNNM2,Target,Target-Magnesium
Magnesium,CILK1,Target,Target-Magnesium
Magnesium,TUSC3,Target,Target-Magnesium
Magnesium,ILK,Target,Target-Magnesium
Magnesium,SRPK1,Target,Target-Magnesium
Magnesium,STK3,Target,Target-Magnesium
Magnesium,SRR,Target,Target-Magnesium
Magnesium,MARK2,Target,Target-Magnesium
Magnesium,STK26,Target,Target-Magnesium
Magnesium,PGM1,Target,Target-Magnesium
Magnesium,LRRK2,Target,Target-Magnesium
Magnesium,TOP2A,Target,Target-Magnesium
Magnesium,GSS,Target,Target-Magnesium
Magnesium,CDC42BPG,Target,Target-Magnesium
Magnesium,GCLC,Target,Target-Magnesium
Magnesium,PKD1L3,Target,Target-Magnesium
Magnesium,TREX2,Target,Target-Magnesium
Magnesium,HPGDS,Target,Target-Magnesium
Magnesium,ENOSF1,Target,Target-Magnesium
Magnesium,GEM,Target,Target-Magnesium
Magnesium,PKD2L1,Target,Target-Magnesium
Magnesium,MARK1,Target,Target-Magnesium
Magnesium,MSH6,Target,Target-Magnesium
Magnesium,PCK1,Target,Target-Magnesium
Magnesium,NIPA1,Target,Target-Magnesium
Magnesium,SEPTIN4,Target,Target-Magnesium
Magnesium,CDC42BPA,Target,Target-Magnesium
Magnesium,SLC41A3,Target,Target-Magnesium
Magnesium,XYLT2,Target,Target-Magnesium
Magnesium,NUDT3,Target,Target-Magnesium
Magnesium,PINK1,Target,Target-Magnesium
Magnesium,NT5C1A,Target,Target-Magnesium
Magnesium,TSSK1B,Target,Target-Magnesium
Magnesium,TSSK6,Target,Target-Magnesium
Magnesium,TRPM6,Target,Target-Magnesium
Magnesium,LIG4,Target,Target-Magnesium
Magnesium,TKT,Target,Target-Magnesium
Magnesium,PRKACB,Target,Target-Magnesium
Magnesium,THBS1,Target,Target-Magnesium
Magnesium,LATS1,Target,Target-Magnesium
Magnesium,NUAK2,Target,Target-Magnesium
Magnesium,TRPM7,Target,Target-Magnesium
Magnesium,SIK3,Target,Target-Magnesium
Magnesium,STK38L,Target,Target-Magnesium
