Compound,Protein,Neighborhood_1,Tag
Immune_system,MBOAT4,Target,Target-Immune_system
Immune_system,SUPT6H,Target,Target-Immune_system
Immune_system,ZDHHC7,Target,Target-Immune_system
Immune_system,HENMT1,Target,Target-Immune_system
Immune_system,BDH2,Target,Target-Immune_system
Immune_system,GNPTAB,Target,Target-Immune_system
Immune_system,DHX34,Target,Target-Immune_system
Immune_system,CEP41,Target,Target-Immune_system
Immune_system,PARP1,Target,Target-Immune_system
Immune_system,TTLL6,Target,Target-Immune_system
Immune_system,TTLL3,Target,Target-Immune_system
Immune_system,PIWIL2,Target,Target-Immune_system
Immune_system,TBP,Target,Target-Immune_system
Immune_system,UBIAD1,Target,Target-Immune_system
Immune_system,PEX12,Target,Target-Immune_system
Immune_system,NBAS,Target,Target-Immune_system
Immune_system,LDHD,Target,Target-Immune_system
Immune_system,SPHK2,Target,Target-Immune_system
Immune_system,INS,Target,Target-Immune_system
Immune_system,SLC1A2,Target,Target-Immune_system
Immune_system,RMI1,Target,Target-Immune_system
Immune_system,WAS,Target,Target-Immune_system
Immune_system,SAR1A,Target,Target-Immune_system
Immune_system,FDXR,Target,Target-Immune_system
Immune_system,GRIK1,Target,Target-Immune_system
Immune_system,EPC1,Target,Target-Immune_system
Immune_system,C14orf28,Target,Target-Immune_system
Immune_system,AURKB,Target,Target-Immune_system
Immune_system,SLC45A2,Target,Target-Immune_system
Immune_system,CRYBG1,Target,Target-Immune_system
Immune_system,ABHD16A,Target,Target-Immune_system
Immune_system,ACSL1,Target,Target-Immune_system
Immune_system,CCNB1IP1,Target,Target-Immune_system
Immune_system,ADAM8,Target,Target-Immune_system
Immune_system,SACM1L,Target,Target-Immune_system
Immune_system,CA1,Target,Target-Immune_system
Immune_system,CLN3,Target,Target-Immune_system
Immune_system,TRNT1,Target,Target-Immune_system
Immune_system,ABCD1,Target,Target-Immune_system
Immune_system,B3GALNT2,Target,Target-Immune_system
Immune_system,SNX14,Target,Target-Immune_system
Immune_system,KARS1,Target,Target-Immune_system
Immune_system,UGT8,Target,Target-Immune_system
Immune_system,XDH,Target,Target-Immune_system
Immune_system,PRMT1,Target,Target-Immune_system
Immune_system,ALDH1L1,Target,Target-Immune_system
Immune_system,NEDD4,Target,Target-Immune_system
Immune_system,NT5C2,Target,Target-Immune_system
Immune_system,MTHFD2L,Target,Target-Immune_system
Immune_system,CDC42BPA,Target,Target-Immune_system
Immune_system,BCO1,Target,Target-Immune_system
Immune_system,ALDH5A1,Target,Target-Immune_system
Immune_system,EHHADH,Target,Target-Immune_system
Immune_system,ABHD17A,Target,Target-Immune_system
Immune_system,SIRT2,Target,Target-Immune_system
Immune_system,GET1,Target,Target-Immune_system
Immune_system,CHD6,Target,Target-Immune_system
Immune_system,CHD5,Target,Target-Immune_system
Immune_system,PGP,Target,Target-Immune_system
Immune_system,ZFP36L1,Target,Target-Immune_system
Immune_system,CSAD,Target,Target-Immune_system
Immune_system,SULT1C2,Target,Target-Immune_system
Immune_system,SULT1C4,Target,Target-Immune_system
Immune_system,USP2,Target,Target-Immune_system
Immune_system,ACSL3,Target,Target-Immune_system
Immune_system,PRKACA,Target,Target-Immune_system
Immune_system,PRKCA,Target,Target-Immune_system
Immune_system,PCYT1A,Target,Target-Immune_system
Immune_system,FA2H,Target,Target-Immune_system
Immune_system,PTGDS,Target,Target-Immune_system
Immune_system,ALOX15,Target,Target-Immune_system
Immune_system,NDUFS2,Target,Target-Immune_system
Immune_system,NDST1,Target,Target-Immune_system
Immune_system,B3GNTL1,Target,Target-Immune_system
Immune_system,ISYNA1,Target,Target-Immune_system
Immune_system,ACSL4,Target,Target-Immune_system
Immune_system,ACSL5,Target,Target-Immune_system
Immune_system,B4GALNT1,Target,Target-Immune_system
Immune_system,VCPIP1,Target,Target-Immune_system
Immune_system,ASRGL1,Target,Target-Immune_system
Immune_system,MAN2A1,Target,Target-Immune_system
Immune_system,LIPE,Target,Target-Immune_system
Immune_system,OGDHL,Target,Target-Immune_system
Immune_system,AS3MT,Target,Target-Immune_system
Immune_system,PLOD1,Target,Target-Immune_system
Immune_system,CDK1,Target,Target-Immune_system
Immune_system,DPYS,Target,Target-Immune_system
Immune_system,ELOVL5,Target,Target-Immune_system
Immune_system,CBS,Target,Target-Immune_system
Immune_system,ST3GAL2,Target,Target-Immune_system
Immune_system,CASP3,Target,Target-Immune_system
Immune_system,AKR1A1,Target,Target-Immune_system
Immune_system,USP19,Target,Target-Immune_system
Immune_system,VKORC1L1,Target,Target-Immune_system
Immune_system,HSD17B7,Target,Target-Immune_system
Immune_system,MAP4K2,Target,Target-Immune_system
Immune_system,GCK,Target,Target-Immune_system
Immune_system,FUT2,Target,Target-Immune_system
Immune_system,HPD,Target,Target-Immune_system
Immune_system,ZDHHC2,Target,Target-Immune_system
Immune_system,CPQ,Target,Target-Immune_system
Immune_system,SCD,Target,Target-Immune_system
Immune_system,RABGGTA,Target,Target-Immune_system
Immune_system,STK39,Target,Target-Immune_system
Immune_system,NQO1,Target,Target-Immune_system
Immune_system,KCNAB2,Target,Target-Immune_system
Immune_system,HYAL2,Target,Target-Immune_system
Immune_system,GTDC1,Target,Target-Immune_system
Immune_system,DNPH1,Target,Target-Immune_system
Immune_system,CYP7A1,Target,Target-Immune_system
Immune_system,ALPI,Target,Target-Immune_system
Immune_system,ALDH1A1,Target,Target-Immune_system
Immune_system,AKT1,Target,Target-Immune_system
Immune_system,AHR,Target,Target-Immune_system
Immune_system,ADPRH,Target,Target-Immune_system
Immune_system,ECHDC3,Target,Target-Immune_system
Immune_system,SLC16A12,Target,Target-Immune_system
Immune_system,FAAH,Target,Target-Immune_system
Immune_system,GTPBP1,Target,Target-Immune_system
Immune_system,RBMXL1,Target,Target-Immune_system
Immune_system,CAPN3,Target,Target-Immune_system
Immune_system,CAPN2,Target,Target-Immune_system
Immune_system,CAPN1,Target,Target-Immune_system
Immune_system,THOP1,Target,Target-Immune_system
Immune_system,ASS1,Target,Target-Immune_system
Immune_system,BAAT,Target,Target-Immune_system
Immune_system,CDK12,Target,Target-Immune_system
Immune_system,HNRNPA2B1,Target,Target-Immune_system
Immune_system,EGLN2,Target,Target-Immune_system
Immune_system,PIK3C2G,Target,Target-Immune_system
Immune_system,MLYCD,Target,Target-Immune_system
Immune_system,SNRK,Target,Target-Immune_system
Immune_system,SLC38A1,Target,Target-Immune_system
Immune_system,SECISBP2,Target,Target-Immune_system
Immune_system,LSS,Target,Target-Immune_system
Immune_system,TRAK2,Target,Target-Immune_system
Immune_system,RNF4,Target,Target-Immune_system
Immune_system,MAPK1,Target,Target-Immune_system
Immune_system,RABGGTB,Target,Target-Immune_system
Immune_system,ASPG,Target,Target-Immune_system
Immune_system,QDPR,Target,Target-Immune_system
Immune_system,PDCL3,Target,Target-Immune_system
Immune_system,PLK2,Target,Target-Immune_system
Immune_system,EPHX2,Target,Target-Immune_system
Immune_system,PPP3CA,Target,Target-Immune_system
Immune_system,MAP1LC3A,Target,Target-Immune_system
Immune_system,PLCG1,Target,Target-Immune_system
Immune_system,PGM1,Target,Target-Immune_system
Immune_system,GUCY2D,Target,Target-Immune_system
Immune_system,RIC8A,Target,Target-Immune_system
Immune_system,NLN,Target,Target-Immune_system
Immune_system,LCT,Target,Target-Immune_system
Immune_system,DGKI,Target,Target-Immune_system
Immune_system,PTPRZ1,Target,Target-Immune_system
Immune_system,SRR,Target,Target-Immune_system
Immune_system,ACOT8,Target,Target-Immune_system
Immune_system,EPHA7,Target,Target-Immune_system
Immune_system,SULT1B1,Target,Target-Immune_system
Immune_system,SYCP2,Target,Target-Immune_system
Immune_system,CTDSP2,Target,Target-Immune_system
Immune_system,SCP2,Target,Target-Immune_system
Immune_system,SETD3,Target,Target-Immune_system
Immune_system,KMO,Target,Target-Immune_system
Immune_system,PDE4A,Target,Target-Immune_system
Immune_system,PCK1,Target,Target-Immune_system
Immune_system,ENPP2,Target,Target-Immune_system
Immune_system,NTRK2,Target,Target-Immune_system
Immune_system,SKP1,Target,Target-Immune_system
Immune_system,RAD51,Target,Target-Immune_system
Immune_system,FAN1,Target,Target-Immune_system
Immune_system,FSCN1,Target,Target-Immune_system
Immune_system,HID1,Target,Target-Immune_system
Immune_system,DMC1,Target,Target-Immune_system
Immune_system,DCXR,Target,Target-Immune_system
Immune_system,PLPPR1,Target,Target-Immune_system
Immune_system,HK3,Target,Target-Immune_system
Immune_system,HK2,Target,Target-Immune_system
Immune_system,HK1,Target,Target-Immune_system
Immune_system,PMPCB,Target,Target-Immune_system
Immune_system,HAS2,Target,Target-Immune_system
Immune_system,GRM5,Target,Target-Immune_system
Immune_system,GNMT,Target,Target-Immune_system
Immune_system,NAAA,Target,Target-Immune_system
Immune_system,INSRR,Target,Target-Immune_system
Immune_system,CEACAM1,Target,Target-Immune_system
Immune_system,ACOT1,Target,Target-Immune_system
Immune_system,ALDH6A1,Target,Target-Immune_system
Immune_system,PLB1,Target,Target-Immune_system
Immune_system,PLA2G6,Target,Target-Immune_system
Immune_system,PDP2,Target,Target-Immune_system
Immune_system,USP15,Target,Target-Immune_system
Immune_system,CPT1C,Target,Target-Immune_system
Immune_system,UHMK1,Target,Target-Immune_system
Immune_system,PLPP1,Target,Target-Immune_system
Immune_system,JUN,Target,Target-Immune_system
Immune_system,AGXT2,Target,Target-Immune_system
Immune_system,SUMO2,Target,Target-Immune_system
Immune_system,PGGT1B,Target,Target-Immune_system
Immune_system,MDM2,Target,Target-Immune_system
Immune_system,ALOX12B,Target,Target-Immune_system
Immune_system,MGLL,Target,Target-Immune_system
Immune_system,A3GALT2,Target,Target-Immune_system
Immune_system,NUAK2,Target,Target-Immune_system
Immune_system,LHX1,Target,Target-Immune_system
Immune_system,LYPLA1,Target,Target-Immune_system
Immune_system,ENPP3,Target,Target-Immune_system
Immune_system,PTPN22,Target,Target-Immune_system
Immune_system,PPP3CB,Target,Target-Immune_system
Immune_system,PRRT1,Target,Target-Immune_system
Immune_system,FBXO6,Target,Target-Immune_system
Immune_system,KDM2A,Target,Target-Immune_system
Immune_system,FBXW5,Target,Target-Immune_system
Immune_system,CLOCK,Target,Target-Immune_system
Immune_system,POLA2,Target,Target-Immune_system
Immune_system,ADCY3,Target,Target-Immune_system
Immune_system,POLA1,Target,Target-Immune_system
Immune_system,ZNF365,Target,Target-Immune_system
Immune_system,OLAH,Target,Target-Immune_system
Immune_system,HACL1,Target,Target-Immune_system
Immune_system,WNK1,Target,Target-Immune_system
Immune_system,STK17B,Target,Target-Immune_system
Immune_system,ASAH2,Target,Target-Immune_system
Immune_system,PAM,Target,Target-Immune_system
Immune_system,MYCBP2,Target,Target-Immune_system
Immune_system,HUS1,Target,Target-Immune_system
Immune_system,UBR1,Target,Target-Immune_system
Immune_system,SLFN14,Target,Target-Immune_system
Immune_system,TRIM58,Target,Target-Immune_system
Immune_system,THEM5,Target,Target-Immune_system
Immune_system,TRIM47,Target,Target-Immune_system
Immune_system,ZNHIT1,Target,Target-Immune_system
Immune_system,HINFP,Target,Target-Immune_system
Immune_system,RNF157,Target,Target-Immune_system
Immune_system,SYNPO2,Target,Target-Immune_system
Immune_system,PDIA4,Target,Target-Immune_system
Immune_system,NLRP2,Target,Target-Immune_system
Immune_system,NBN,Target,Target-Immune_system
Immune_system,PICK1,Target,Target-Immune_system
Immune_system,PDK2,Target,Target-Immune_system
Immune_system,PDK1,Target,Target-Immune_system
Immune_system,PDPK1,Target,Target-Immune_system
Immune_system,PNLIPRP2,Target,Target-Immune_system
Immune_system,SC5D,Target,Target-Immune_system
Immune_system,PLA2G15,Target,Target-Immune_system
Immune_system,GGTA1,Target,Target-Immune_system
Immune_system,P3H2,Target,Target-Immune_system
Immune_system,SHPK,Target,Target-Immune_system
Immune_system,TTLL10,Target,Target-Immune_system
Immune_system,NPC1,Target,Target-Immune_system
Immune_system,GZMB,Target,Target-Immune_system
Immune_system,AGBL4,Target,Target-Immune_system
Immune_system,EIF4G2,Target,Target-Immune_system
Immune_system,MBOAT1,Target,Target-Immune_system
Immune_system,TUT7,Target,Target-Immune_system
Immune_system,CYP39A1,Target,Target-Immune_system
Immune_system,RPS6KA5,Target,Target-Immune_system
Immune_system,ABHD15,Target,Target-Immune_system
Immune_system,MTFR1,Target,Target-Immune_system
Immune_system,PNPLA8,Target,Target-Immune_system
Immune_system,EHMT1,Target,Target-Immune_system
Immune_system,MSMO1,Target,Target-Immune_system
Immune_system,PEX10,Target,Target-Immune_system
Immune_system,GCN1,Target,Target-Immune_system
Immune_system,HEATR1,Target,Target-Immune_system
Immune_system,TMEM131,Target,Target-Immune_system
Immune_system,RAD50,Target,Target-Immune_system
Immune_system,MYC,Target,Target-Immune_system
Immune_system,SARM1,Target,Target-Immune_system
Immune_system,PHLPP1,Target,Target-Immune_system
Immune_system,UGGT1,Target,Target-Immune_system
Immune_system,PRIM2,Target,Target-Immune_system
Immune_system,CD8A,Target,Target-Immune_system
Immune_system,MAL,Target,Target-Immune_system
Immune_system,TIRAP,Target,Target-Immune_system
Immune_system,MRTFA,Target,Target-Immune_system
Immune_system,RAB2A,Target,Target-Immune_system
Immune_system,NCBP2,Target,Target-Immune_system
Immune_system,NCBP1,Target,Target-Immune_system
Immune_system,UBR5,Target,Target-Immune_system
Immune_system,OCA2,Target,Target-Immune_system
Immune_system,PINK1,Target,Target-Immune_system
Immune_system,EDC3,Target,Target-Immune_system
Immune_system,SMN1; SMN2,Target,Target-Immune_system
Immune_system,SNRPN,Target,Target-Immune_system
Immune_system,CTPS1,Target,Target-Immune_system
Immune_system,DCAF12,Target,Target-Immune_system
Immune_system,ADAR,Target,Target-Immune_system
Immune_system,MIB1,Target,Target-Immune_system
Immune_system,CCNDBP1,Target,Target-Immune_system
Immune_system,MT-RNR1,Target,Target-Immune_system
Immune_system,CIROP,Target,Target-Immune_system
Immune_system,BLTP3B,Target,Target-Immune_system
Immune_system,POTEB3,Target,Target-Immune_system
Immune_system,CLRN2,Target,Target-Immune_system
Immune_system,ARHGAP10,Target,Target-Immune_system
Immune_system,FAM170A,Target,Target-Immune_system
Immune_system,SYCE3,Target,Target-Immune_system
Immune_system,ELOVL7,Target,Target-Immune_system
Immune_system,SH3PXD2B,Target,Target-Immune_system
Immune_system,FRMD3,Target,Target-Immune_system
Immune_system,TMEM218,Target,Target-Immune_system
Immune_system,CCDC66,Target,Target-Immune_system
Immune_system,TYW5,Target,Target-Immune_system
Immune_system,GSAP,Target,Target-Immune_system
Immune_system,EME2,Target,Target-Immune_system
Immune_system,ODAD3,Target,Target-Immune_system
Immune_system,PEDS1,Target,Target-Immune_system
Immune_system,MEGF11,Target,Target-Immune_system
Immune_system,BDP1,Target,Target-Immune_system
Immune_system,NKX2-6,Target,Target-Immune_system
Immune_system,SDHAF1,Target,Target-Immune_system
Immune_system,PCARE,Target,Target-Immune_system
Immune_system,MYMK,Target,Target-Immune_system
Immune_system,PCNX2,Target,Target-Immune_system
Immune_system,PCID2,Target,Target-Immune_system
Immune_system,AHCY,Target,Target-Immune_system
Immune_system,NAA60,Target,Target-Immune_system
Immune_system,EOGT,Target,Target-Immune_system
Immune_system,ICE1,Target,Target-Immune_system
Immune_system,CNBP,Target,Target-Immune_system
Immune_system,MCM6,Target,Target-Immune_system
Immune_system,POLQ,Target,Target-Immune_system
Immune_system,VPS13D,Target,Target-Immune_system
Immune_system,PUS7,Target,Target-Immune_system
Immune_system,TRMT112,Target,Target-Immune_system
Immune_system,EIF3J,Target,Target-Immune_system
Immune_system,RFC4,Target,Target-Immune_system
Immune_system,SLC26A2,Target,Target-Immune_system
Immune_system,PARG,Target,Target-Immune_system
Immune_system,NAA80,Target,Target-Immune_system
Immune_system,SON,Target,Target-Immune_system
Immune_system,WDR82,Target,Target-Immune_system
Immune_system,PKN1,Target,Target-Immune_system
Immune_system,ACSBG1,Target,Target-Immune_system
Immune_system,AMD1,Target,Target-Immune_system
Immune_system,GART,Target,Target-Immune_system
Immune_system,PFAS,Target,Target-Immune_system
Immune_system,RAB7A,Target,Target-Immune_system
Immune_system,CDK8,Target,Target-Immune_system
Immune_system,MYT1,Target,Target-Immune_system
Immune_system,PKMYT1,Target,Target-Immune_system
Immune_system,SUPT5H,Target,Target-Immune_system
Immune_system,SDHA,Target,Target-Immune_system
Immune_system,BRCA2,Target,Target-Immune_system
Immune_system,DAD1,Target,Target-Immune_system
Immune_system,RIF1,Target,Target-Immune_system
Immune_system,LRIF1,Target,Target-Immune_system
Immune_system,INSL6,Target,Target-Immune_system
Immune_system,NHLH1,Target,Target-Immune_system
Immune_system,POLR2D,Target,Target-Immune_system
Immune_system,MECR,Target,Target-Immune_system
Immune_system,TAF4,Target,Target-Immune_system
Immune_system,NRG1,Target,Target-Immune_system
Immune_system,GLYR1,Target,Target-Immune_system
Immune_system,SRRT,Target,Target-Immune_system
Immune_system,TAF10,Target,Target-Immune_system
Immune_system,PABPN1,Target,Target-Immune_system
Immune_system,PGAM5,Target,Target-Immune_system
Immune_system,GCNA,Target,Target-Immune_system
Immune_system,AHCYL1,Target,Target-Immune_system
Immune_system,MAEL,Target,Target-Immune_system
Immune_system,CFAP20,Target,Target-Immune_system
Immune_system,CAV1,Target,Target-Immune_system
Immune_system,HASPIN,Target,Target-Immune_system
Immune_system,ADAT1,Target,Target-Immune_system
Immune_system,OGA,Target,Target-Immune_system
Immune_system,MTPAP,Target,Target-Immune_system
Immune_system,NIT1,Target,Target-Immune_system
Immune_system,IRAK3,Target,Target-Immune_system
Immune_system,SYT11,Target,Target-Immune_system
Immune_system,RELA,Target,Target-Immune_system
Immune_system,INPP5B,Target,Target-Immune_system
Immune_system,TRIM31,Target,Target-Immune_system
Immune_system,HERC2,Target,Target-Immune_system
Immune_system,DYRK3,Target,Target-Immune_system
Immune_system,GLUD1,Target,Target-Immune_system
Immune_system,GLS,Target,Target-Immune_system
Immune_system,LOXL3,Target,Target-Immune_system
Immune_system,EIF3K,Target,Target-Immune_system
Immune_system,POLDIP3,Target,Target-Immune_system
Immune_system,EPHB2,Target,Target-Immune_system
Immune_system,ABCA2,Target,Target-Immune_system
Immune_system,NEU2,Target,Target-Immune_system
Immune_system,UBD,Target,Target-Immune_system
Immune_system,NEK4,Target,Target-Immune_system
Immune_system,FBH1,Target,Target-Immune_system
Immune_system,FBXW7,Target,Target-Immune_system
Immune_system,CEMIP,Target,Target-Immune_system
Immune_system,HSPA1B,Target,Target-Immune_system
Immune_system,SYK,Target,Target-Immune_system
Immune_system,RBBP6,Target,Target-Immune_system
Immune_system,CERS1,Target,Target-Immune_system
Immune_system,PNPT1,Target,Target-Immune_system
Immune_system,SANBR,Target,Target-Immune_system
Immune_system,CHUK,Target,Target-Immune_system
Immune_system,SCT,Target,Target-Immune_system
Immune_system,PIGF,Target,Target-Immune_system
Immune_system,RAB11B,Target,Target-Immune_system
Immune_system,PLOD3,Target,Target-Immune_system
Immune_system,LYPLA2,Target,Target-Immune_system
Immune_system,ATG14,Target,Target-Immune_system
Immune_system,MARCHF7,Target,Target-Immune_system
Immune_system,NUDT13,Target,Target-Immune_system
Immune_system,ALKBH8,Target,Target-Immune_system
Immune_system,PTK2,Target,Target-Immune_system
Immune_system,AWAT2,Target,Target-Immune_system
Immune_system,USP44,Target,Target-Immune_system
Immune_system,EXD1,Target,Target-Immune_system
Immune_system,EPO,Target,Target-Immune_system
Immune_system,EPX,Target,Target-Immune_system
Immune_system,BATF,Target,Target-Immune_system
Immune_system,TET2,Target,Target-Immune_system
Immune_system,MAP3K20,Target,Target-Immune_system
Immune_system,AGBL2,Target,Target-Immune_system
Immune_system,SPPL2C,Target,Target-Immune_system
Immune_system,SOCS4,Target,Target-Immune_system
Immune_system,SOCS7,Target,Target-Immune_system
Immune_system,EIF4E,Target,Target-Immune_system
Immune_system,EIF3A,Target,Target-Immune_system
Immune_system,EIF6,Target,Target-Immune_system
Immune_system,DENND3,Target,Target-Immune_system
Immune_system,NCEH1,Target,Target-Immune_system
Immune_system,SLC39A8,Target,Target-Immune_system
Immune_system,TTLL4,Target,Target-Immune_system
Immune_system,NUDT7,Target,Target-Immune_system
Immune_system,ATG12,Target,Target-Immune_system
Immune_system,METTL16,Target,Target-Immune_system
Immune_system,HS3ST1,Target,Target-Immune_system
Immune_system,PIWIL1,Target,Target-Immune_system
Immune_system,FBXL7,Target,Target-Immune_system
Immune_system,NOX4,Target,Target-Immune_system
Immune_system,RNF34,Target,Target-Immune_system
Immune_system,SIRT6,Target,Target-Immune_system
Immune_system,MKNK1,Target,Target-Immune_system
Immune_system,TRIM71,Target,Target-Immune_system
Immune_system,RC3H1,Target,Target-Immune_system
Immune_system,ZDHHC11,Target,Target-Immune_system
Immune_system,RDH5,Target,Target-Immune_system
Immune_system,SRPK2,Target,Target-Immune_system
Immune_system,RAB12,Target,Target-Immune_system
Immune_system,MKNK2,Target,Target-Immune_system
Immune_system,TDRD9,Target,Target-Immune_system
Immune_system,BRME1,Target,Target-Immune_system
Immune_system,ZSWIM2,Target,Target-Immune_system
Immune_system,NSG1,Target,Target-Immune_system
Immune_system,TOP6BL,Target,Target-Immune_system
Immune_system,NLK,Target,Target-Immune_system
Immune_system,RDH16,Target,Target-Immune_system
Immune_system,TSSK4,Target,Target-Immune_system
Immune_system,NEMF,Target,Target-Immune_system
Immune_system,PJVK,Target,Target-Immune_system
Immune_system,ATP5IF1,Target,Target-Immune_system
Immune_system,ATG13,Target,Target-Immune_system
Immune_system,ATG7,Target,Target-Immune_system
Immune_system,LIAT1,Target,Target-Immune_system
Immune_system,SPATA2,Target,Target-Immune_system
Immune_system,TFB1M,Target,Target-Immune_system
Immune_system,ZDHHC16,Target,Target-Immune_system
Immune_system,SPRTN,Target,Target-Immune_system
Immune_system,POLG,Target,Target-Immune_system
Immune_system,TSPAN14,Target,Target-Immune_system
Immune_system,RNF6,Target,Target-Immune_system
Immune_system,SYVN1,Target,Target-Immune_system
Immune_system,CROT,Target,Target-Immune_system
Immune_system,TSPAN5,Target,Target-Immune_system
Immune_system,ABCB6,Target,Target-Immune_system
Immune_system,TRIM56,Target,Target-Immune_system
Immune_system,TSSK2,Target,Target-Immune_system
Immune_system,TSSK1B,Target,Target-Immune_system
Immune_system,PLA2G10,Target,Target-Immune_system
Immune_system,TSKU,Target,Target-Immune_system
Immune_system,NUDT3,Target,Target-Immune_system
Immune_system,ACP3,Target,Target-Immune_system
Immune_system,UPP1,Target,Target-Immune_system
Immune_system,GANAB,Target,Target-Immune_system
Immune_system,CYP4F3,Target,Target-Immune_system
Immune_system,FAM20C,Target,Target-Immune_system
Immune_system,TTLL7,Target,Target-Immune_system
Immune_system,ARMC3,Target,Target-Immune_system
Immune_system,LPCAT2,Target,Target-Immune_system
Immune_system,SGMS2,Target,Target-Immune_system
Immune_system,B4GALT6,Target,Target-Immune_system
Immune_system,HSF2BP,Target,Target-Immune_system
Immune_system,RUBCNL,Target,Target-Immune_system
Immune_system,DNAJB1,Target,Target-Immune_system
Immune_system,CHST5,Target,Target-Immune_system
Immune_system,ZDHHC1,Target,Target-Immune_system
Immune_system,ACOX1,Target,Target-Immune_system
Immune_system,CRTC2,Target,Target-Immune_system
Immune_system,INSM1,Target,Target-Immune_system
Immune_system,XXYLT1,Target,Target-Immune_system
Immune_system,ETFBKMT,Target,Target-Immune_system
Immune_system,DYRK1A,Target,Target-Immune_system
Immune_system,DNASE1,Target,Target-Immune_system
Immune_system,HYAL3,Target,Target-Immune_system
Immune_system,SPAM1,Target,Target-Immune_system
Immune_system,ZPR1,Target,Target-Immune_system
Immune_system,PAPSS2,Target,Target-Immune_system
Immune_system,GCNT1,Target,Target-Immune_system
Immune_system,GBA1,Target,Target-Immune_system
Immune_system,GALC,Target,Target-Immune_system
Immune_system,GAD1,Target,Target-Immune_system
Immune_system,FYN,Target,Target-Immune_system
Immune_system,CPSF3,Target,Target-Immune_system
Immune_system,TMPRSS11D,Target,Target-Immune_system
Immune_system,ATRX,Target,Target-Immune_system
Immune_system,STAT3,Target,Target-Immune_system
Immune_system,AGBL1,Target,Target-Immune_system
Immune_system,LDB1,Target,Target-Immune_system
Immune_system,POMGNT2,Target,Target-Immune_system
Immune_system,ANGPTL8,Target,Target-Immune_system
Immune_system,MCM9,Target,Target-Immune_system
Immune_system,GALNT3,Target,Target-Immune_system
Immune_system,XRN2,Target,Target-Immune_system
Immune_system,USP9X,Target,Target-Immune_system
Immune_system,MAST2,Target,Target-Immune_system
Immune_system,EXT1,Target,Target-Immune_system
Immune_system,KLHL18,Target,Target-Immune_system
Immune_system,TOMT,Target,Target-Immune_system
Immune_system,MEI4,Target,Target-Immune_system
Immune_system,TMPRSS2,Target,Target-Immune_system
Immune_system,ANKLE1,Target,Target-Immune_system
Immune_system,EIF3E,Target,Target-Immune_system
Immune_system,RNF8,Target,Target-Immune_system
Immune_system,FBXO3,Target,Target-Immune_system
Immune_system,ACOT9,Target,Target-Immune_system
Immune_system,TAPBP,Target,Target-Immune_system
Immune_system,TESK1,Target,Target-Immune_system
Immune_system,TEAD4,Target,Target-Immune_system
Immune_system,DNA2,Target,Target-Immune_system
Immune_system,PKD1,Target,Target-Immune_system
Immune_system,PRKD1,Target,Target-Immune_system
Immune_system,UBE3A,Target,Target-Immune_system
Immune_system,EIF3D,Target,Target-Immune_system
Immune_system,HSD17B1,Target,Target-Immune_system
Immune_system,DGKG,Target,Target-Immune_system
Immune_system,PDZRN3,Target,Target-Immune_system
Immune_system,TTF1,Target,Target-Immune_system
Immune_system,NKX2-1,Target,Target-Immune_system
Immune_system,DDX5,Target,Target-Immune_system
Immune_system,CDK5RAP3,Target,Target-Immune_system
Immune_system,PRKACB,Target,Target-Immune_system
Immune_system,PIM2,Target,Target-Immune_system
Immune_system,PIM1,Target,Target-Immune_system
Immune_system,PDGFRB,Target,Target-Immune_system
Immune_system,PDGFRA,Target,Target-Immune_system
Immune_system,SCD5,Target,Target-Immune_system
Immune_system,ILF3,Target,Target-Immune_system
Immune_system,CTH,Target,Target-Immune_system
Immune_system,VSIG2,Target,Target-Immune_system
Immune_system,PRXL2B,Target,Target-Immune_system
Immune_system,NMNAT1,Target,Target-Immune_system
Immune_system,NUDT19,Target,Target-Immune_system
Immune_system,EIF4G3,Target,Target-Immune_system
Immune_system,UPP2,Target,Target-Immune_system
Immune_system,ARRB1,Target,Target-Immune_system
Immune_system,PIGO,Target,Target-Immune_system
Immune_system,GSK3B,Target,Target-Immune_system
Immune_system,DAGLB,Target,Target-Immune_system
Immune_system,DCTPP1,Target,Target-Immune_system
Immune_system,ARRDC4,Target,Target-Immune_system
Immune_system,ALKBH7,Target,Target-Immune_system
Immune_system,NUDT8,Target,Target-Immune_system
Immune_system,EXOSC3,Target,Target-Immune_system
Immune_system,EIF2AK2,Target,Target-Immune_system
Immune_system,TNK1,Target,Target-Immune_system
Immune_system,FAF2,Target,Target-Immune_system
Immune_system,PSENEN,Target,Target-Immune_system
Immune_system,MBOAT2,Target,Target-Immune_system
Immune_system,LPCAT4,Target,Target-Immune_system
Immune_system,AQP11,Target,Target-Immune_system
Immune_system,SENP7,Target,Target-Immune_system
Immune_system,SYCP1,Target,Target-Immune_system
Immune_system,PPM1B,Target,Target-Immune_system
Immune_system,TANK,Target,Target-Immune_system
Immune_system,TRAF2,Target,Target-Immune_system
Immune_system,ABHD13,Target,Target-Immune_system
Immune_system,MTF1,Target,Target-Immune_system
Immune_system,PUS1,Target,Target-Immune_system
Immune_system,ST6GAL1,Target,Target-Immune_system
Immune_system,FOXK2,Target,Target-Immune_system
Immune_system,ACACA,Target,Target-Immune_system
Immune_system,FCSK,Target,Target-Immune_system
Immune_system,ZFAND2B,Target,Target-Immune_system
Immune_system,SLBP,Target,Target-Immune_system
Immune_system,SMPDL3B,Target,Target-Immune_system
Immune_system,TDH,Target,Target-Immune_system
Immune_system,NUP160,Target,Target-Immune_system
Immune_system,AFG3L2,Target,Target-Immune_system
Immune_system,CDK13,Target,Target-Immune_system
Immune_system,ENPP1,Target,Target-Immune_system
Immune_system,NOS2,Target,Target-Immune_system
Immune_system,NANOS2,Target,Target-Immune_system
Immune_system,KLHL3,Target,Target-Immune_system
Immune_system,ENPP6,Target,Target-Immune_system
Immune_system,DHX33,Target,Target-Immune_system
Immune_system,PRSS56,Target,Target-Immune_system
Immune_system,MFSD12,Target,Target-Immune_system
Immune_system,SLC25A19,Target,Target-Immune_system
Immune_system,EIF3C,Target,Target-Immune_system
Immune_system,TRPV4,Target,Target-Immune_system
Immune_system,MTHFD1,Target,Target-Immune_system
Immune_system,NRROS,Target,Target-Immune_system
Immune_system,SENP1,Target,Target-Immune_system
Immune_system,ADH4,Target,Target-Immune_system
Immune_system,ABCD2,Target,Target-Immune_system
Immune_system,CORIN,Target,Target-Immune_system
Immune_system,ABHD17B,Target,Target-Immune_system
Immune_system,ADAM9,Target,Target-Immune_system
Immune_system,DGKD,Target,Target-Immune_system
Immune_system,RAG2,Target,Target-Immune_system
Immune_system,RAG1,Target,Target-Immune_system
Immune_system,MESD,Target,Target-Immune_system
Immune_system,ACACB,Target,Target-Immune_system
Immune_system,PTPRC,Target,Target-Immune_system
Immune_system,PTPN1,Target,Target-Immune_system
Immune_system,MAP4K4,Target,Target-Immune_system
Immune_system,ALKBH2,Target,Target-Immune_system
Immune_system,ITK,Target,Target-Immune_system
Immune_system,DPH1,Target,Target-Immune_system
Immune_system,TEX15,Target,Target-Immune_system
Immune_system,SVBP,Target,Target-Immune_system
Immune_system,ELL3,Target,Target-Immune_system
Immune_system,ACER1,Target,Target-Immune_system
Immune_system,INPP5K,Target,Target-Immune_system
Immune_system,CLSTN3,Target,Target-Immune_system
Immune_system,UBR4,Target,Target-Immune_system
Immune_system,FUOM,Target,Target-Immune_system
Immune_system,E2F1,Target,Target-Immune_system
Immune_system,SRRM4,Target,Target-Immune_system
Immune_system,LPCAT3,Target,Target-Immune_system
Immune_system,DPEP2,Target,Target-Immune_system
Immune_system,P3H3,Target,Target-Immune_system
Immune_system,APOBEC1,Target,Target-Immune_system
Immune_system,CERS6,Target,Target-Immune_system
Immune_system,DIS3L2,Target,Target-Immune_system
Immune_system,VASH1,Target,Target-Immune_system
Immune_system,SRD5A3,Target,Target-Immune_system
Immune_system,MRPS34,Target,Target-Immune_system
Immune_system,ABHD10,Target,Target-Immune_system
Immune_system,ERN1,Target,Target-Immune_system
Immune_system,PIK3C2A,Target,Target-Immune_system
Immune_system,GAL3ST1,Target,Target-Immune_system
Immune_system,EIF3G,Target,Target-Immune_system
Immune_system,PIN1,Target,Target-Immune_system
Immune_system,TBX21,Target,Target-Immune_system
Immune_system,YME1L1,Target,Target-Immune_system
Immune_system,TFIP11,Target,Target-Immune_system
Immune_system,RNF220,Target,Target-Immune_system
Immune_system,WWP1,Target,Target-Immune_system
Immune_system,ALDH1A3,Target,Target-Immune_system
Immune_system,LRRK2,Target,Target-Immune_system
Immune_system,AGBL3,Target,Target-Immune_system
Immune_system,ABHD12,Target,Target-Immune_system
Immune_system,VCP,Target,Target-Immune_system
Immune_system,PLA2G2F,Target,Target-Immune_system
Immune_system,PLA2G2E,Target,Target-Immune_system
Immune_system,CUL1,Target,Target-Immune_system
Immune_system,ACE,Target,Target-Immune_system
Immune_system,ABL2,Target,Target-Immune_system
Immune_system,ABL1,Target,Target-Immune_system
Immune_system,ASIP,Target,Target-Immune_system
Immune_system,PIGS,Target,Target-Immune_system
Immune_system,TSPAN15,Target,Target-Immune_system
Immune_system,SULF1,Target,Target-Immune_system
Immune_system,PIAS1,Target,Target-Immune_system
Immune_system,PNKP,Target,Target-Immune_system
Immune_system,ZDHHC17,Target,Target-Immune_system
Immune_system,TUT4,Target,Target-Immune_system
Immune_system,DAGLA,Target,Target-Immune_system
Immune_system,TSSK6,Target,Target-Immune_system
Immune_system,ULK1,Target,Target-Immune_system
Immune_system,PLD6,Target,Target-Immune_system
Immune_system,SEL1L,Target,Target-Immune_system
Immune_system,ATG9A,Target,Target-Immune_system
Immune_system,ROS1,Target,Target-Immune_system
Immune_system,DCAF1,Target,Target-Immune_system
Immune_system,LSM14B,Target,Target-Immune_system
Immune_system,TRIP13,Target,Target-Immune_system
Immune_system,ENDOG,Target,Target-Immune_system
Immune_system,AARSD1,Target,Target-Immune_system
Immune_system,TPK1,Target,Target-Immune_system
Immune_system,MTRR,Target,Target-Immune_system
Immune_system,ODC1,Target,Target-Immune_system
Immune_system,AICDA,Target,Target-Immune_system
Immune_system,LARGE1,Target,Target-Immune_system
Immune_system,MED1,Target,Target-Immune_system
Immune_system,MBD4,Target,Target-Immune_system
Immune_system,NR1H2,Target,Target-Immune_system
Immune_system,DAPK1,Target,Target-Immune_system
Immune_system,NR4A3,Target,Target-Immune_system
Immune_system,NR4A2,Target,Target-Immune_system
Immune_system,LBR,Target,Target-Immune_system
Immune_system,STK16,Target,Target-Immune_system
Immune_system,ELOVL4,Target,Target-Immune_system
Immune_system,MOV10L1,Target,Target-Immune_system
Immune_system,PTGS2,Target,Target-Immune_system
Immune_system,LPIN2,Target,Target-Immune_system
Immune_system,LPIN1,Target,Target-Immune_system
Immune_system,PRIM1,Target,Target-Immune_system
Immune_system,SRGN,Target,Target-Immune_system
Immune_system,POLD1,Target,Target-Immune_system
Immune_system,SENP2,Target,Target-Immune_system
Immune_system,SIX6OS1,Target,Target-Immune_system
Immune_system,FBXW8,Target,Target-Immune_system
Immune_system,BRSK2,Target,Target-Immune_system
Immune_system,ABCD3,Target,Target-Immune_system
Immune_system,CLK2,Target,Target-Immune_system
Immune_system,TEX11,Target,Target-Immune_system
Immune_system,DUSP1,Target,Target-Immune_system
Immune_system,TDRD1,Target,Target-Immune_system
Immune_system,UGCG,Target,Target-Immune_system
Immune_system,XYLT1,Target,Target-Immune_system
Immune_system,LRAT,Target,Target-Immune_system
Immune_system,PRIMPOL,Target,Target-Immune_system
Immune_system,DNASE1L3,Target,Target-Immune_system
Immune_system,PHB2,Target,Target-Immune_system
Immune_system,DIP2A,Target,Target-Immune_system
Immune_system,HMGB1,Target,Target-Immune_system
Immune_system,UVRAG,Target,Target-Immune_system
Immune_system,HTRA3,Target,Target-Immune_system
Immune_system,NDUFS3,Target,Target-Immune_system
Immune_system,SIRT5,Target,Target-Immune_system
Immune_system,ZFP36L2,Target,Target-Immune_system
Immune_system,SQSTM1,Target,Target-Immune_system
Immune_system,ZC3H12A,Target,Target-Immune_system
Immune_system,ZDHHC21,Target,Target-Immune_system
Immune_system,SIRT7,Target,Target-Immune_system
Immune_system,MICAL1,Target,Target-Immune_system
Immune_system,MGAT4A,Target,Target-Immune_system
Immune_system,SLC25A44,Target,Target-Immune_system
Immune_system,CHIA,Target,Target-Immune_system
Immune_system,KAT5,Target,Target-Immune_system
Immune_system,ATG4D,Target,Target-Immune_system
Immune_system,ABHD4,Target,Target-Immune_system
Immune_system,FOXO3,Target,Target-Immune_system
Immune_system,PCYT2,Target,Target-Immune_system
Immune_system,ABHD3,Target,Target-Immune_system
Immune_system,IDO1,Target,Target-Immune_system
Immune_system,IDE,Target,Target-Immune_system
Immune_system,SCNM1,Target,Target-Immune_system
Immune_system,GLIS3,Target,Target-Immune_system
Immune_system,YTHDF2,Target,Target-Immune_system
Immune_system,POGLUT1,Target,Target-Immune_system
Immune_system,GDPD3,Target,Target-Immune_system
Immune_system,NR1D1,Target,Target-Immune_system
Immune_system,HIPK3,Target,Target-Immune_system
Immune_system,HIPK2,Target,Target-Immune_system
Immune_system,ID2,Target,Target-Immune_system
Immune_system,ADPRS,Target,Target-Immune_system
Immune_system,PKDCC,Target,Target-Immune_system
Immune_system,SHOC1,Target,Target-Immune_system
Immune_system,ZNRF1,Target,Target-Immune_system
Immune_system,ZDHHC15,Target,Target-Immune_system
Immune_system,CASP4,Target,Target-Immune_system
Immune_system,ATPSCKMT,Target,Target-Immune_system
Immune_system,CYP27B1,Target,Target-Immune_system
Immune_system,PTPN2,Target,Target-Immune_system
Immune_system,PTPRB,Target,Target-Immune_system
Immune_system,PTPRS,Target,Target-Immune_system
Immune_system,DDO,Target,Target-Immune_system
Immune_system,QKI,Target,Target-Immune_system
Immune_system,KLHL25,Target,Target-Immune_system
Immune_system,NEU4,Target,Target-Immune_system
Immune_system,MTA1,Target,Target-Immune_system
Immune_system,LARP7,Target,Target-Immune_system
Immune_system,SDHAF4,Target,Target-Immune_system
Immune_system,NUDT12,Target,Target-Immune_system
Immune_system,HORMAD1,Target,Target-Immune_system
Immune_system,SREBF1,Target,Target-Immune_system
Immune_system,OOEP,Target,Target-Immune_system
Immune_system,POLD3,Target,Target-Immune_system
Immune_system,DICER1,Target,Target-Immune_system
Immune_system,RNF213,Target,Target-Immune_system
Immune_system,DXO,Target,Target-Immune_system
Immune_system,NAPEPLD,Target,Target-Immune_system
Immune_system,QTRT2,Target,Target-Immune_system
Immune_system,CARNS1,Target,Target-Immune_system
Immune_system,NSUN5,Target,Target-Immune_system
Immune_system,HINT1,Target,Target-Immune_system
Immune_system,ENDOV,Target,Target-Immune_system
Immune_system,HHAT,Target,Target-Immune_system
Immune_system,ALDH1L2,Target,Target-Immune_system
Immune_system,IKBKB,Target,Target-Immune_system
Immune_system,CEMIP2,Target,Target-Immune_system
Immune_system,CYP8B1,Target,Target-Immune_system
Immune_system,PHF2,Target,Target-Immune_system
Immune_system,LAMP2,Target,Target-Immune_system
Immune_system,TMEM106A,Target,Target-Immune_system
Immune_system,ATP13A2,Target,Target-Immune_system
Immune_system,DHCR24,Target,Target-Immune_system
Immune_system,TAFA4,Target,Target-Immune_system
Immune_system,SFR1,Target,Target-Immune_system
Immune_system,N6AMT1,Target,Target-Immune_system
Immune_system,PSME4,Target,Target-Immune_system
Immune_system,EPOP,Target,Target-Immune_system
Immune_system,PNPLA7,Target,Target-Immune_system
Immune_system,EIF2AK3,Target,Target-Immune_system
Immune_system,ENTPD5,Target,Target-Immune_system
Immune_system,RDH12,Target,Target-Immune_system
Immune_system,FBXO45,Target,Target-Immune_system
Immune_system,GSTT1,Target,Target-Immune_system
Immune_system,PTER,Target,Target-Immune_system
Immune_system,BMP8B,Target,Target-Immune_system
Immune_system,GNE,Target,Target-Immune_system
Immune_system,SMYD2,Target,Target-Immune_system
Immune_system,MAPK6,Target,Target-Immune_system
Immune_system,PPM1A,Target,Target-Immune_system
Immune_system,GK5,Target,Target-Immune_system
Immune_system,ZC3H4,Target,Target-Immune_system
Immune_system,RIC8B,Target,Target-Immune_system
Immune_system,CTSH,Target,Target-Immune_system
Immune_system,NSUN2,Target,Target-Immune_system
Immune_system,KIN,Target,Target-Immune_system
Immune_system,ADARB1,Target,Target-Immune_system
Immune_system,RNF25,Target,Target-Immune_system
Immune_system,PORCN,Target,Target-Immune_system
Immune_system,JAK2,Target,Target-Immune_system
Immune_system,NDST2,Target,Target-Immune_system
Immune_system,TARS3,Target,Target-Immune_system
Immune_system,SKP2,Target,Target-Immune_system
Immune_system,ABCA7,Target,Target-Immune_system
Immune_system,ABCB11,Target,Target-Immune_system
Immune_system,DNAJB9,Target,Target-Immune_system
Immune_system,ABCA3,Target,Target-Immune_system
Immune_system,IL4,Target,Target-Immune_system
Immune_system,DGKH,Target,Target-Immune_system
Immune_system,SGMS1,Target,Target-Immune_system
Immune_system,AREL1,Target,Target-Immune_system
Immune_system,HTR1A,Target,Target-Immune_system
Immune_system,GPAT3,Target,Target-Immune_system
Immune_system,HSP90AA1,Target,Target-Immune_system
Immune_system,HSP90AB1,Target,Target-Immune_system
Immune_system,HSPA1A,Target,Target-Immune_system
Immune_system,PPM1E,Target,Target-Immune_system
Immune_system,PPM1M,Target,Target-Immune_system
Immune_system,IRGM,Target,Target-Immune_system
Immune_system,WDR55,Target,Target-Immune_system
Immune_system,UBE2F,Target,Target-Immune_system
Immune_system,COQ9,Target,Target-Immune_system
Immune_system,UFM1,Target,Target-Immune_system
Immune_system,MTLN,Target,Target-Immune_system
Immune_system,ASPRV1,Target,Target-Immune_system
Immune_system,RNF115,Target,Target-Immune_system
Immune_system,ATG3,Target,Target-Immune_system
Immune_system,DERL1,Target,Target-Immune_system
Immune_system,DGAT2,Target,Target-Immune_system
Immune_system,CD36,Target,Target-Immune_system
Immune_system,SELENOI,Target,Target-Immune_system
Immune_system,BCO2,Target,Target-Immune_system
Immune_system,NDUFV1,Target,Target-Immune_system
Immune_system,CTSK,Target,Target-Immune_system
Immune_system,RPL39L,Target,Target-Immune_system
Immune_system,CSNK1E,Target,Target-Immune_system
Immune_system,CYREN,Target,Target-Immune_system
Immune_system,MVP,Target,Target-Immune_system
Immune_system,APLP2,Target,Target-Immune_system
Immune_system,APPL2,Target,Target-Immune_system
Immune_system,APBB1,Target,Target-Immune_system
Immune_system,EIF3H,Target,Target-Immune_system
Immune_system,NEUROD2,Target,Target-Immune_system
Immune_system,DDB1,Target,Target-Immune_system
Immune_system,BTRC,Target,Target-Immune_system
Immune_system,METAP1,Target,Target-Immune_system
Immune_system,WNK2,Target,Target-Immune_system
Immune_system,NHEJ1,Target,Target-Immune_system
Immune_system,CYP7B1,Target,Target-Immune_system
Immune_system,TDG,Target,Target-Immune_system
Immune_system,CASP8,Target,Target-Immune_system
Immune_system,SULF2,Target,Target-Immune_system
Immune_system,PDXP,Target,Target-Immune_system
Immune_system,TERF2IP,Target,Target-Immune_system
Immune_system,USP36,Target,Target-Immune_system
Immune_system,FBXW11,Target,Target-Immune_system
Immune_system,XPO1,Target,Target-Immune_system
Immune_system,ASB4,Target,Target-Immune_system
Immune_system,ASB2,Target,Target-Immune_system
Immune_system,PNPLA1,Target,Target-Immune_system
Immune_system,CITED1,Target,Target-Immune_system
Immune_system,ABCB10,Target,Target-Immune_system
Immune_system,BAG6,Target,Target-Immune_system
Immune_system,NSUN4,Target,Target-Immune_system
Immune_system,S100A9,Target,Target-Immune_system
Immune_system,ACVR1B,Target,Target-Immune_system
Immune_system,FBXL2,Target,Target-Immune_system
Immune_system,CUL5,Target,Target-Immune_system
Immune_system,NUDT16,Target,Target-Immune_system
Immune_system,TTLL8,Target,Target-Immune_system
Immune_system,OTUD4,Target,Target-Immune_system
Immune_system,MEIOC,Target,Target-Immune_system
Immune_system,PML,Target,Target-Immune_system
Immune_system,RORA,Target,Target-Immune_system
Immune_system,PLA2G2A,Target,Target-Immune_system
Immune_system,FKBP6,Target,Target-Immune_system
Immune_system,MEIOB,Target,Target-Immune_system
Immune_system,MICAL2,Target,Target-Immune_system
Immune_system,SPATA33,Target,Target-Immune_system
Immune_system,BOP1,Target,Target-Immune_system
Immune_system,CYP46A1,Target,Target-Immune_system
Immune_system,STK11,Target,Target-Immune_system
Immune_system,MMP24,Target,Target-Immune_system
Immune_system,HTRA1,Target,Target-Immune_system
Immune_system,RB1CC1,Target,Target-Immune_system
Immune_system,SORL1,Target,Target-Immune_system
Immune_system,PTK2B,Target,Target-Immune_system
Immune_system,TDRD12,Target,Target-Immune_system
Immune_system,PRMT3,Target,Target-Immune_system
Immune_system,RNF135,Target,Target-Immune_system
Immune_system,RIOX1,Target,Target-Immune_system
Immune_system,BRCC3,Target,Target-Immune_system
Immune_system,FPGT,Target,Target-Immune_system
Immune_system,TET1,Target,Target-Immune_system
Immune_system,CLK3,Target,Target-Immune_system
Immune_system,NEK3,Target,Target-Immune_system
Immune_system,GPX1,Target,Target-Immune_system
Immune_system,PPP1CC,Target,Target-Immune_system
Immune_system,PPP1CB,Target,Target-Immune_system
Immune_system,RORC,Target,Target-Immune_system
Immune_system,CERS5,Target,Target-Immune_system
Immune_system,PLAA,Target,Target-Immune_system
Immune_system,PLA2G4E,Target,Target-Immune_system
Immune_system,SLC17A9,Target,Target-Immune_system
Immune_system,ABCA12,Target,Target-Immune_system
Immune_system,METTL5,Target,Target-Immune_system
Immune_system,DPH3,Target,Target-Immune_system
Immune_system,SIRT4,Target,Target-Immune_system
Immune_system,TMPRSS7,Target,Target-Immune_system
Immune_system,EP300,Target,Target-Immune_system
Immune_system,BLM,Target,Target-Immune_system
Immune_system,LGMN,Target,Target-Immune_system
Immune_system,FUT9,Target,Target-Immune_system
Immune_system,PI4KA,Target,Target-Immune_system
Immune_system,TRMT2B,Target,Target-Immune_system
Immune_system,AGBL5,Target,Target-Immune_system
Immune_system,SPTLC2,Target,Target-Immune_system
Immune_system,TRAF6,Target,Target-Immune_system
Immune_system,SIAH2,Target,Target-Immune_system
Immune_system,SERPINA2,Target,Target-Immune_system
Immune_system,ANTXR1,Target,Target-Immune_system
Immune_system,ATR,Target,Target-Immune_system
Immune_system,RGN,Target,Target-Immune_system
Immune_system,PIKFYVE,Target,Target-Immune_system
Immune_system,SIRT1,Target,Target-Immune_system
Immune_system,FEM1B,Target,Target-Immune_system
Immune_system,TDRKH,Target,Target-Immune_system
Immune_system,CUZD1,Target,Target-Immune_system
Immune_system,CUL4B,Target,Target-Immune_system
Immune_system,PAXX,Target,Target-Immune_system
Immune_system,MLF1,Target,Target-Immune_system
Immune_system,VASH2,Target,Target-Immune_system
Immune_system,DGLUCY,Target,Target-Immune_system
Immune_system,TWNK,Target,Target-Immune_system
Immune_system,LIN28A,Target,Target-Immune_system
Immune_system,USP30,Target,Target-Immune_system
Immune_system,PLA2G2D,Target,Target-Immune_system
Immune_system,ZMPSTE24,Target,Target-Immune_system
Immune_system,ANKRD16,Target,Target-Immune_system
Immune_system,ZNF418,Target,Target-Immune_system
Immune_system,TRIM6,Target,Target-Immune_system
Immune_system,LYN,Target,Target-Immune_system
Immune_system,TREX1,Target,Target-Immune_system
Immune_system,CDK2,Target,Target-Immune_system
Immune_system,SIK1,Target,Target-Immune_system
Immune_system,FBXL3,Target,Target-Immune_system
Immune_system,NEURL1,Target,Target-Immune_system
Immune_system,MTFR2,Target,Target-Immune_system
Immune_system,MARCHF8,Target,Target-Immune_system
Immune_system,TSPAN33,Target,Target-Immune_system
Immune_system,PCYT1B,Target,Target-Immune_system
Immune_system,EEF1AKMT3,Target,Target-Immune_system
Immune_system,UBA5,Target,Target-Immune_system
Immune_system,KYAT3,Target,Target-Immune_system
Immune_system,HNRNPU,Target,Target-Immune_system
Immune_system,B4GALT5,Target,Target-Immune_system
Immune_system,UBA6,Target,Target-Immune_system
Immune_system,MCM8,Target,Target-Immune_system
Immune_system,NTMT1,Target,Target-Immune_system
Immune_system,ATG4B,Target,Target-Immune_system
Immune_system,ASTE1,Target,Target-Immune_system
Immune_system,GDPD1,Target,Target-Immune_system
Immune_system,SPPL2A,Target,Target-Immune_system
Immune_system,DAPK3,Target,Target-Immune_system
Immune_system,SETD7,Target,Target-Immune_system
Immune_system,RPS6KB1,Target,Target-Immune_system
Immune_system,CRY1,Target,Target-Immune_system
Immune_system,CSF1R,Target,Target-Immune_system
Immune_system,PIK3CG,Target,Target-Immune_system
Immune_system,RNF133,Target,Target-Immune_system
Immune_system,PPP1R11,Target,Target-Immune_system
Immune_system,ZDHHC12,Target,Target-Immune_system
Immune_system,ACER3,Target,Target-Immune_system
Immune_system,P3H4,Target,Target-Immune_system
Immune_system,UFC1,Target,Target-Immune_system
Immune_system,SPO16,Target,Target-Immune_system
Immune_system,ATG5,Target,Target-Immune_system
Immune_system,PDE9A,Target,Target-Immune_system
Immune_system,EIF3L,Target,Target-Immune_system
Immune_system,PIGT,Target,Target-Immune_system
Immune_system,LTN1,Target,Target-Immune_system
Immune_system,ZDHHC3,Target,Target-Immune_system
Immune_system,ABRAXAS2,Target,Target-Immune_system
Immune_system,RIPK1,Target,Target-Immune_system
Immune_system,PLD4,Target,Target-Immune_system
Immune_system,RICTOR,Target,Target-Immune_system
Immune_system,PRKG1,Target,Target-Immune_system
Immune_system,ALOXE3,Target,Target-Immune_system
Immune_system,EXOSC6,Target,Target-Immune_system
Immune_system,PIP4P2,Target,Target-Immune_system
Immune_system,STING1,Target,Target-Immune_system
Immune_system,MINK1,Target,Target-Immune_system
Immune_system,NEU3,Target,Target-Immune_system
Immune_system,FBXL21P,Target,Target-Immune_system
Immune_system,EXTL3,Target,Target-Immune_system
Immune_system,EIF3I,Target,Target-Immune_system
Immune_system,UCHL3,Target,Target-Immune_system
Immune_system,CSNK1D,Target,Target-Immune_system
Immune_system,NANP,Target,Target-Immune_system
Immune_system,ACSL6,Target,Target-Immune_system
Immune_system,CYGB,Target,Target-Immune_system
Immune_system,ST8SIA5,Target,Target-Immune_system
Immune_system,TAFAZZIN,Target,Target-Immune_system
Immune_system,WWTR1,Target,Target-Immune_system
Immune_system,SFXN2,Target,Target-Immune_system
Immune_system,POR,Target,Target-Immune_system
Immune_system,SARS1,Target,Target-Immune_system
Immune_system,SART3,Target,Target-Immune_system
Immune_system,DTD1,Target,Target-Immune_system
Immune_system,NIPSNAP1,Target,Target-Immune_system
Immune_system,MC4R,Target,Target-Immune_system
Immune_system,PTGIS,Target,Target-Immune_system
Immune_system,CRPPA,Target,Target-Immune_system
Immune_system,TBPL1,Target,Target-Immune_system
Immune_system,ASB11,Target,Target-Immune_system
Immune_system,TICRR,Target,Target-Immune_system
Immune_system,UPF1,Target,Target-Immune_system
Immune_system,METTL3,Target,Target-Immune_system
Immune_system,PCIF1,Target,Target-Immune_system
Immune_system,DTD2,Target,Target-Immune_system
Immune_system,HMGB2,Target,Target-Immune_system
Immune_system,RETREG2,Target,Target-Immune_system
Immune_system,IDI1,Target,Target-Immune_system
Immune_system,GLCE,Target,Target-Immune_system
Immune_system,FMO1,Target,Target-Immune_system
Immune_system,POLD2,Target,Target-Immune_system
Immune_system,PTPRU,Target,Target-Immune_system
Immune_system,PTPRO,Target,Target-Immune_system
Immune_system,USP27X,Target,Target-Immune_system
Immune_system,PQBP1,Target,Target-Immune_system
Immune_system,PNLDC1,Target,Target-Immune_system
Immune_system,LARGE2,Target,Target-Immune_system
Immune_system,ETNK2,Target,Target-Immune_system
Immune_system,SELENOK,Target,Target-Immune_system
Immune_system,QTRT1,Target,Target-Immune_system
Immune_system,FKBP1B,Target,Target-Immune_system
Immune_system,FKBP9,Target,Target-Immune_system
Immune_system,GALNT11,Target,Target-Immune_system
Immune_system,STK33,Target,Target-Immune_system
Immune_system,ST3GAL3,Target,Target-Immune_system
Immune_system,RRM2,Target,Target-Immune_system
Immune_system,RRM1,Target,Target-Immune_system
Immune_system,SPHK1,Target,Target-Immune_system
Immune_system,GBA2,Target,Target-Immune_system
Immune_system,TGFB2,Target,Target-Immune_system
Immune_system,OBSCN,Target,Target-Immune_system
Immune_system,DCP2,Target,Target-Immune_system
Immune_system,PLA2G5,Target,Target-Immune_system
Immune_system,PPARD,Target,Target-Immune_system
Immune_system,CKB,Target,Target-Immune_system
Immune_system,CASP1,Target,Target-Immune_system
Immune_system,TSPAN17,Target,Target-Immune_system
Immune_system,CYLD,Target,Target-Immune_system
Immune_system,GMNC,Target,Target-Immune_system
Immune_system,LSM11,Target,Target-Immune_system
Immune_system,ALG8,Target,Target-Immune_system
Immune_system,PPARGC1A,Target,Target-Immune_system
Immune_system,USPL1,Target,Target-Immune_system
Immune_system,DHPS,Target,Target-Immune_system
Immune_system,GFER,Target,Target-Immune_system
Immune_system,SHFL,Target,Target-Immune_system
Immune_system,EIF2AK1,Target,Target-Immune_system
Immune_system,FBXO2,Target,Target-Immune_system
Immune_system,EIF2AK4,Target,Target-Immune_system
Immune_system,SMPD1,Target,Target-Immune_system
Immune_system,ST3GAL1,Target,Target-Immune_system
Immune_system,ATF4,Target,Target-Immune_system
Immune_system,ASL,Target,Target-Immune_system
Immune_system,LPGAT1,Target,Target-Immune_system
Immune_system,HMCES,Target,Target-Immune_system
Immune_system,UBE2W,Target,Target-Immune_system
Immune_system,B3GNT7,Target,Target-Immune_system
Immune_system,XBP1,Target,Target-Immune_system
Immune_system,WT1,Target,Target-Immune_system
Immune_system,ATG16L1,Target,Target-Immune_system
Immune_system,TPST1,Target,Target-Immune_system
Immune_system,PIP4K2A,Target,Target-Immune_system
Immune_system,MTNAP1,Target,Target-Immune_system
Immune_system,TARS1,Target,Target-Immune_system
Immune_system,OTULIN,Target,Target-Immune_system
Immune_system,RBM47,Target,Target-Immune_system
Immune_system,UCP1,Target,Target-Immune_system
Immune_system,U2AF2,Target,Target-Immune_system
Immune_system,CERS2,Target,Target-Immune_system
Immune_system,IHO1,Target,Target-Immune_system
Immune_system,RHBDD1,Target,Target-Immune_system
Immune_system,PIP4K2B,Target,Target-Immune_system
Immune_system,TEK,Target,Target-Immune_system
Immune_system,ISG15,Target,Target-Immune_system
Immune_system,ALKBH1,Target,Target-Immune_system
Immune_system,PTPMT1,Target,Target-Immune_system
Immune_system,SNX25,Target,Target-Immune_system
Immune_system,ETFB,Target,Target-Immune_system
Immune_system,CD40LG,Target,Target-Immune_system
Immune_system,CILK1,Target,Target-Immune_system
Immune_system,USP21,Target,Target-Immune_system
Immune_system,USP25,Target,Target-Immune_system
Immune_system,ST8SIA2,Target,Target-Immune_system
Immune_system,ST8SIA3,Target,Target-Immune_system
Immune_system,ST8SIA4,Target,Target-Immune_system
Immune_system,SLC16A1,Target,Target-Immune_system
Immune_system,MAPKAPK5,Target,Target-Immune_system
Immune_system,OTUD7B,Target,Target-Immune_system
Immune_system,UGDH,Target,Target-Immune_system
Immune_system,ATE1,Target,Target-Immune_system
Immune_system,UBE2N,Target,Target-Immune_system
Immune_system,DGAT1,Target,Target-Immune_system
Immune_system,SRSF10,Target,Target-Immune_system
Immune_system,DGKE,Target,Target-Immune_system
Immune_system,DDX17,Target,Target-Immune_system
Immune_system,CCRL2,Target,Target-Immune_system
Immune_system,CCR6,Target,Target-Immune_system
Immune_system,MKRN2,Target,Target-Immune_system
Immune_system,PLD3,Target,Target-Immune_system
Immune_system,OMA1,Target,Target-Immune_system
Immune_system,RFX3,Target,Target-Immune_system
Immune_system,CISD2,Target,Target-Immune_system
Immune_system,HAS1,Target,Target-Immune_system
Immune_system,NTHL1,Target,Target-Immune_system
Immune_system,PDCD6IP,Target,Target-Immune_system
Immune_system,HDAC6,Target,Target-Immune_system
Immune_system,ZNF830,Target,Target-Immune_system
Immune_system,ZDHHC6,Target,Target-Immune_system
Immune_system,TRIT1,Target,Target-Immune_system
Immune_system,NEIL3,Target,Target-Immune_system
Immune_system,AARS1,Target,Target-Immune_system
Immune_system,RNF112,Target,Target-Immune_system
Immune_system,MMP13,Target,Target-Immune_system
Immune_system,CPEB3,Target,Target-Immune_system
Immune_system,FAR1,Target,Target-Immune_system
Immune_system,BCL11A,Target,Target-Immune_system
Immune_system,NR1H3,Target,Target-Immune_system
Immune_system,CYBC1,Target,Target-Immune_system
Immune_system,SMPD4,Target,Target-Immune_system
Immune_system,MBOAT7,Target,Target-Immune_system
Immune_system,NIPSNAP2,Target,Target-Immune_system
Immune_system,DGKZ,Target,Target-Immune_system
Immune_system,SMPD2,Target,Target-Immune_system
Immune_system,DCLRE1B,Target,Target-Immune_system
Immune_system,ADISSP,Target,Target-Immune_system
Immune_system,ELP1,Target,Target-Immune_system
Immune_system,SRPK1,Target,Target-Immune_system
Immune_system,ERI1,Target,Target-Immune_system
Immune_system,PRDM9,Target,Target-Immune_system
Immune_system,SLC39A14,Target,Target-Immune_system
Immune_system,LPCAT1,Target,Target-Immune_system
Immune_system,RNF183,Target,Target-Immune_system
Immune_system,RPL39,Target,Target-Immune_system
Immune_system,CSNK1A1,Target,Target-Immune_system
Immune_system,SLC26A7,Target,Target-Immune_system
Immune_system,TSPAN10,Target,Target-Immune_system
Immune_system,SPART,Target,Target-Immune_system
Immune_system,MRAP2,Target,Target-Immune_system
Immune_system,FUT10,Target,Target-Immune_system
Immune_system,RNF212B,Target,Target-Immune_system
Immune_system,CBR1,Target,Target-Immune_system
Immune_system,CERS3,Target,Target-Immune_system
Immune_system,CAMK2A,Target,Target-Immune_system
Immune_system,DDX25,Target,Target-Immune_system
Immune_system,TOR1A,Target,Target-Immune_system
Immune_system,AGTPBP1,Target,Target-Immune_system
Immune_system,USP8,Target,Target-Immune_system
Immune_system,TBX2,Target,Target-Immune_system
Immune_system,TAT,Target,Target-Immune_system
Immune_system,SULT1E1,Target,Target-Immune_system
Immune_system,SULT2A1,Target,Target-Immune_system
Immune_system,SAMD1,Target,Target-Immune_system
Immune_system,SMARCA4,Target,Target-Immune_system
Immune_system,MANBA,Target,Target-Immune_system
Immune_system,SLC25A5,Target,Target-Immune_system
Immune_system,SLC25A4,Target,Target-Immune_system
Immune_system,CYP1B1,Target,Target-Immune_system
Immune_system,CYBB,Target,Target-Immune_system
Immune_system,CTSL,Target,Target-Immune_system
Immune_system,CTSB,Target,Target-Immune_system
Immune_system,PRPF19,Target,Target-Immune_system
Immune_system,TMPRSS11E,Target,Target-Immune_system
Immune_system,TPI1,Target,Target-Immune_system
Immune_system,TPH1,Target,Target-Immune_system
Immune_system,TG,Target,Target-Immune_system
Immune_system,USP42,Target,Target-Immune_system
Immune_system,GPAT4,Target,Target-Immune_system
Immune_system,SLC10A7,Target,Target-Immune_system
Immune_system,NTAQ1,Target,Target-Immune_system
Immune_system,MYOCD,Target,Target-Immune_system
Immune_system,COL4A2,Target,Target-Immune_system
Immune_system,ZBTB7B,Target,Target-Immune_system
Immune_system,ELOVL2,Target,Target-Immune_system
Immune_system,PRKAA1,Target,Target-Immune_system
Immune_system,ELOVL1,Target,Target-Immune_system
Immune_system,MBTPS1,Target,Target-Immune_system
Immune_system,DDX4,Target,Target-Immune_system
Immune_system,CASP7,Target,Target-Immune_system
Immune_system,EPHA8,Target,Target-Immune_system
Immune_system,ELL,Target,Target-Immune_system
Immune_system,FUT1,Target,Target-Immune_system
Immune_system,STOML2,Target,Target-Immune_system
Immune_system,NAPSA,Target,Target-Immune_system
Immune_system,UCP2,Target,Target-Immune_system
Immune_system,EYA1,Target,Target-Immune_system
Immune_system,KEAP1,Target,Target-Immune_system
Immune_system,BACE1,Target,Target-Immune_system
Immune_system,MT-ND6,Target,Target-Immune_system
Immune_system,PLA2G4A,Target,Target-Immune_system
Immune_system,DPEP1,Target,Target-Immune_system
Immune_system,RNF212,Target,Target-Immune_system
Immune_system,PRKAA2,Target,Target-Immune_system
Immune_system,DBH,Target,Target-Immune_system
Immune_system,AOC1,Target,Target-Immune_system
Immune_system,DAO,Target,Target-Immune_system
Immune_system,SWI5,Target,Target-Immune_system
Immune_system,MARCHF1,Target,Target-Immune_system
Immune_system,NDUFV2,Target,Target-Immune_system
Immune_system,USP29,Target,Target-Immune_system
Immune_system,IYD,Target,Target-Immune_system
Immune_system,RNF126,Target,Target-Immune_system
Immune_system,ACTMAP,Target,Target-Immune_system
Immune_system,GPAT2,Target,Target-Immune_system
Immune_system,PER2,Target,Target-Immune_system
Immune_system,BECN2,Target,Target-Immune_system
Immune_system,MYRF,Target,Target-Immune_system
Immune_system,DCAF13,Target,Target-Immune_system
Immune_system,VCPKMT,Target,Target-Immune_system
Immune_system,ELOVL3,Target,Target-Immune_system
Immune_system,TERF2,Target,Target-Immune_system
Immune_system,RNF168,Target,Target-Immune_system
Immune_system,PIWIL4,Target,Target-Immune_system
Immune_system,ABHD17C,Target,Target-Immune_system
Immune_system,RBM20,Target,Target-Immune_system
Immune_system,ANKRD31,Target,Target-Immune_system
Immune_system,ATG16L2,Target,Target-Immune_system
Immune_system,ACER2,Target,Target-Immune_system
Immune_system,SIRT3,Target,Target-Immune_system
Immune_system,PSMA8,Target,Target-Immune_system
Immune_system,REC114,Target,Target-Immune_system
Immune_system,GGCX,Target,Target-Immune_system
Immune_system,GGT1,Target,Target-Immune_system
Immune_system,PTGES,Target,Target-Immune_system
Immune_system,SMPD3,Target,Target-Immune_system
Immune_system,GUK1,Target,Target-Immune_system
Immune_system,SCX,Target,Target-Immune_system
Immune_system,KAT7,Target,Target-Immune_system
Immune_system,CYP26A1,Target,Target-Immune_system
Immune_system,SAMHD1,Target,Target-Immune_system
Immune_system,HAS3,Target,Target-Immune_system
Immune_system,APTX,Target,Target-Immune_system
Immune_system,CTSC,Target,Target-Immune_system
Immune_system,PPP1CA,Target,Target-Immune_system
Immune_system,BMAL1,Target,Target-Immune_system
Immune_system,SPSB2,Target,Target-Immune_system
Immune_system,ADAM17,Target,Target-Immune_system
Immune_system,BAD,Target,Target-Immune_system
Immune_system,ZBTB7A,Target,Target-Immune_system
Immune_system,RNF7,Target,Target-Immune_system
Immune_system,TM7SF2,Target,Target-Immune_system
Immune_system,RLIM,Target,Target-Immune_system
Immune_system,RDH14,Target,Target-Immune_system
Immune_system,TP53BP1,Target,Target-Immune_system
Immune_system,SLC5A7,Target,Target-Immune_system
Immune_system,RDH11,Target,Target-Immune_system
Immune_system,DCT,Target,Target-Immune_system
Immune_system,MAPKAPK2,Target,Target-Immune_system
Immune_system,PM20D1,Target,Target-Immune_system
Immune_system,TRIM24,Target,Target-Immune_system
Immune_system,METTL14,Target,Target-Immune_system
Immune_system,AOX1,Target,Target-Immune_system
Immune_system,ANG,Target,Target-Immune_system
Immune_system,SIDT2,Target,Target-Immune_system
Immune_system,MPST,Target,Target-Immune_system
Immune_system,PLAAT3,Target,Target-Immune_system
Immune_system,PDE2A,Target,Target-Immune_system
Immune_system,SHH,Target,Target-Immune_system
Immune_system,SCG5,Target,Target-Immune_system
Immune_system,WDR77,Target,Target-Immune_system
Immune_system,MEN1,Target,Target-Immune_system
Immune_system,COX7A1,Target,Target-Immune_system
Immune_system,TALDO1,Target,Target-Immune_system
Immune_system,TRDMT1,Target,Target-Immune_system
Immune_system,ADGRV1,Target,Target-Immune_system
Immune_system,PLSCR1,Target,Target-Immune_system
Immune_system,KAT2B,Target,Target-Immune_system
Immune_system,S100B,Target,Target-Immune_system
Immune_system,THTPA,Target,Target-Immune_system
Immune_system,GSK3A,Target,Target-Immune_system
Immune_system,ADAM10,Target,Target-Immune_system
Immune_system,SYCP3,Target,Target-Immune_system
Immune_system,A1CF,Target,Target-Immune_system
Immune_system,MAP4K1,Target,Target-Immune_system
Immune_system,MAP3K12,Target,Target-Immune_system
Immune_system,MAP3K7,Target,Target-Immune_system
Immune_system,MAPK10,Target,Target-Immune_system
Immune_system,MAPK9,Target,Target-Immune_system
Immune_system,MAPK8,Target,Target-Immune_system
Immune_system,MAPK3,Target,Target-Immune_system
Immune_system,CHORDC1,Target,Target-Immune_system
Immune_system,WWP2,Target,Target-Immune_system
Immune_system,LZTR1,Target,Target-Immune_system
Immune_system,DNAJC10,Target,Target-Immune_system
Immune_system,PNPLA2,Target,Target-Immune_system
Immune_system,DUSP8,Target,Target-Immune_system
Immune_system,SPTLC1,Target,Target-Immune_system
Immune_system,SH3PXD2A,Target,Target-Immune_system
Immune_system,KLHL2,Target,Target-Immune_system
Immune_system,EIF3B,Target,Target-Immune_system
Immune_system,DOLPP1,Target,Target-Immune_system
Immune_system,FBXO25,Target,Target-Immune_system
Immune_system,VKORC1,Target,Target-Immune_system
Immune_system,ASAH1,Target,Target-Immune_system
Immune_system,RCN3,Target,Target-Immune_system
Immune_system,KGD4,Target,Target-Immune_system
Immune_system,UBR3,Target,Target-Immune_system
Immune_system,EIF3F,Target,Target-Immune_system
Immune_system,ABHD6,Target,Target-Immune_system
Immune_system,RBX1,Target,Target-Immune_system
Immune_system,BECN1,Target,Target-Immune_system
Immune_system,GDE1,Target,Target-Immune_system
Immune_system,RBM15B,Target,Target-Immune_system
Immune_system,RAB2B,Target,Target-Immune_system
Immune_system,NNMT,Target,Target-Immune_system
Immune_system,ATXN3,Target,Target-Immune_system
Immune_system,ALOX5,Target,Target-Immune_system
Immune_system,ALOX12,Target,Target-Immune_system
Immune_system,ALAS2,Target,Target-Immune_system
Immune_system,UBR2,Target,Target-Immune_system
Immune_system,ALPL,Target,Target-Immune_system
Immune_system,NGLY1,Target,Target-Immune_system
Immune_system,ADCY6,Target,Target-Immune_system
Immune_system,ADA,Target,Target-Immune_system
Immune_system,TK2,Target,Target-Immune_system
Immune_system,SIK2,Target,Target-Immune_system
Immune_system,STUB1,Target,Target-Immune_system
Immune_system,GAPDH,Target,Target-Immune_system
Immune_system,CHM,Target,Target-Immune_system
Immune_system,MARK1,Target,Target-Immune_system
Immune_system,GOT1,Target,Target-Immune_system
Immune_system,ALOX15B,Target,Target-Immune_system
Immune_system,PAOX,Target,Target-Immune_system
Immune_system,CYP11B1,Target,Target-Immune_system
Immune_system,CYP24A1,Target,Target-Immune_system
Immune_system,DGKB,Target,Target-Immune_system
Immune_system,CARNMT1,Target,Target-Immune_system
Immune_system,PIGL,Target,Target-Immune_system
Immune_system,SIAH1,Target,Target-Immune_system
Immune_system,CPT1B,Target,Target-Immune_system
Immune_system,CPT1A,Target,Target-Immune_system
Immune_system,CACNA1H,Target,Target-Immune_system
Immune_system,NR3C1,Target,Target-Immune_system
Immune_system,GSTM1,Target,Target-Immune_system
Immune_system,GYS2,Target,Target-Immune_system
Immune_system,ELOA,Target,Target-Immune_system
Immune_system,SLC27A2,Target,Target-Immune_system
Immune_system,XPNPEP1,Target,Target-Immune_system
Immune_system,PGAP2,Target,Target-Immune_system
Immune_system,SLC7A6,Target,Target-Immune_system
Immune_system,MARK2,Target,Target-Immune_system
Immune_system,HSPA4L,Target,Target-Immune_system
Immune_system,TESK2,Target,Target-Immune_system
Immune_system,ADCY2,Target,Target-Immune_system
Immune_system,GPAM,Target,Target-Immune_system
Immune_system,TRIP4,Target,Target-Immune_system
Immune_system,WDR26,Target,Target-Immune_system
Immune_system,MBTPS2,Target,Target-Immune_system
Immune_system,POLH,Target,Target-Immune_system
Immune_system,MRPL17,Target,Target-Immune_system
Immune_system,MSH4,Target,Target-Immune_system
Immune_system,HPR,Target,Target-Immune_system
Immune_system,FBXL17,Target,Target-Immune_system
Immune_system,RING1,Target,Target-Immune_system
Immune_system,ATXN1,Target,Target-Immune_system
Immune_system,SH2D3A,Target,Target-Immune_system
Immune_system,ZAR1,Target,Target-Immune_system
Immune_system,MUS81,Target,Target-Immune_system
Immune_system,B3GALT4,Target,Target-Immune_system
Immune_system,UXS1,Target,Target-Immune_system
Immune_system,PFDN2,Target,Target-Immune_system
Immune_system,FSD2,Target,Target-Immune_system
Immune_system,TTL,Target,Target-Immune_system
Immune_system,SLC7A9,Target,Target-Immune_system
Immune_system,DDX39B,Target,Target-Immune_system
Immune_system,GFPT1,Target,Target-Immune_system
Immune_system,NELL2,Target,Target-Immune_system
Immune_system,NRP2,Target,Target-Immune_system
Immune_system,DEGS1,Target,Target-Immune_system
Immune_system,CCT8,Target,Target-Immune_system
Immune_system,SERPINA1,Target,Target-Immune_system
Immune_system,MSH5,Target,Target-Immune_system
Immune_system,CCL23,Target,Target-Immune_system
Immune_system,MAGI1,Target,Target-Immune_system
Immune_system,RFC3,Target,Target-Immune_system
Immune_system,LRIG1,Target,Target-Immune_system
Immune_system,LIG1,Target,Target-Immune_system
Immune_system,LY6E,Target,Target-Immune_system
Immune_system,BRCA1,Target,Target-Immune_system
Immune_system,FLNC,Target,Target-Immune_system
Immune_system,ABCA1,Target,Target-Immune_system
Immune_system,HEATR6,Target,Target-Immune_system
Immune_system,FMR1,Target,Target-Immune_system
Immune_system,FH,Target,Target-Immune_system
Immune_system,FGR,Target,Target-Immune_system
Immune_system,SLC27A1,Target,Target-Immune_system
Immune_system,PDZD11,Target,Target-Immune_system
Immune_system,RTEL1,Target,Target-Immune_system
Immune_system,NHLH2,Target,Target-Immune_system
Immune_system,MSR1,Target,Target-Immune_system
Immune_system,ACP4,Target,Target-Immune_system
Immune_system,PFDN6,Target,Target-Immune_system
Immune_system,SLC38A2,Target,Target-Immune_system
Immune_system,GCH1,Target,Target-Immune_system
Immune_system,SLC25A22,Target,Target-Immune_system
Immune_system,BCAR3,Target,Target-Immune_system
Immune_system,PDS5A,Target,Target-Immune_system
Immune_system,RDM1,Target,Target-Immune_system
Immune_system,PUDP,Target,Target-Immune_system
Immune_system,TRANK1,Target,Target-Immune_system
Immune_system,FAS,Target,Target-Immune_system
Immune_system,NRP1,Target,Target-Immune_system
Immune_system,NELL1,Target,Target-Immune_system
Immune_system,TMEM50A,Target,Target-Immune_system
Immune_system,PFDN1,Target,Target-Immune_system
Immune_system,UPF3A,Target,Target-Immune_system
Immune_system,RBM25,Target,Target-Immune_system
Immune_system,PDS5B,Target,Target-Immune_system
Immune_system,GNAT3,Target,Target-Immune_system
Immune_system,POU3F2,Target,Target-Immune_system
Immune_system,CPSF4,Target,Target-Immune_system
Immune_system,CSK,Target,Target-Immune_system
Immune_system,CRY2,Target,Target-Immune_system
Immune_system,PREP,Target,Target-Immune_system
Immune_system,PFDN5,Target,Target-Immune_system
Immune_system,MOGS,Target,Target-Immune_system
Immune_system,KCNH2,Target,Target-Immune_system
Immune_system,SQLE,Target,Target-Immune_system
Immune_system,MALT1,Target,Target-Immune_system
Immune_system,PIK3C3,Target,Target-Immune_system
Immune_system,MT3,Target,Target-Immune_system
Immune_system,HUWE1,Target,Target-Immune_system
Immune_system,FN3K,Target,Target-Immune_system
Immune_system,MRE11,Target,Target-Immune_system
Immune_system,MAPK7,Target,Target-Immune_system
Immune_system,RNF13,Target,Target-Immune_system
Immune_system,ANGPT4,Target,Target-Immune_system
Immune_system,USP7,Target,Target-Immune_system
Immune_system,SCTR,Target,Target-Immune_system
Immune_system,CAVIN1,Target,Target-Immune_system
Immune_system,ELOVL6,Target,Target-Immune_system
Immune_system,ECI1,Target,Target-Immune_system
Immune_system,EPHX1,Target,Target-Immune_system
Immune_system,KCNH7,Target,Target-Immune_system
Immune_system,SEPHS1,Target,Target-Immune_system
Immune_system,NAGA,Target,Target-Immune_system
Immune_system,YBEY,Target,Target-Immune_system
Immune_system,AMPH,Target,Target-Immune_system
Immune_system,SPEG,Target,Target-Immune_system
Immune_system,DECR1,Target,Target-Immune_system
Immune_system,ADK,Target,Target-Immune_system
Immune_system,PROS1,Target,Target-Immune_system
Immune_system,NUDC,Target,Target-Immune_system
Immune_system,SELENOO,Target,Target-Immune_system
Immune_system,LPP,Target,Target-Immune_system
Immune_system,DLST,Target,Target-Immune_system
Immune_system,RPE65,Target,Target-Immune_system
Immune_system,FES,Target,Target-Immune_system
Immune_system,FDPS,Target,Target-Immune_system
Immune_system,C3,Target,Target-Immune_system
Immune_system,C2,Target,Target-Immune_system
Immune_system,SLC39A4,Target,Target-Immune_system
Immune_system,H6PD,Target,Target-Immune_system
Immune_system,GYS1,Target,Target-Immune_system
Immune_system,MPPE1,Target,Target-Immune_system
Immune_system,TPSB2,Target,Target-Immune_system
Immune_system,TPSAB1,Target,Target-Immune_system
Immune_system,GYG1,Target,Target-Immune_system
Immune_system,MAK,Target,Target-Immune_system
Immune_system,ALPK3,Target,Target-Immune_system
Immune_system,ERG,Target,Target-Immune_system
Immune_system,ADH1B,Target,Target-Immune_system
Immune_system,PPID,Target,Target-Immune_system
Immune_system,PEPD,Target,Target-Immune_system
Immune_system,MCCC1,Target,Target-Immune_system
Immune_system,PRMT5,Target,Target-Immune_system
Immune_system,SOX21,Target,Target-Immune_system
Immune_system,RPIA,Target,Target-Immune_system
Immune_system,FICD,Target,Target-Immune_system
Immune_system,KHK,Target,Target-Immune_system
Immune_system,AVPR2,Target,Target-Immune_system
Immune_system,DPP7,Target,Target-Immune_system
Immune_system,GGPS1,Target,Target-Immune_system
Immune_system,TPP2,Target,Target-Immune_system
Immune_system,MNAT1,Target,Target-Immune_system
Immune_system,PDP1,Target,Target-Immune_system
Immune_system,TAOK2,Target,Target-Immune_system
Immune_system,SEZ6L2,Target,Target-Immune_system
Immune_system,TRIM5,Target,Target-Immune_system
Immune_system,GTF2B,Target,Target-Immune_system
Immune_system,SH2D2A,Target,Target-Immune_system
Immune_system,SCAP,Target,Target-Immune_system
Immune_system,SLC25A21,Target,Target-Immune_system
Immune_system,HAMP,Target,Target-Immune_system
Immune_system,LPAR1,Target,Target-Immune_system
Immune_system,PHB1,Target,Target-Immune_system
Immune_system,CTSD,Target,Target-Immune_system
Immune_system,DFFB,Target,Target-Immune_system
Immune_system,CALD1,Target,Target-Immune_system
Immune_system,CAD,Target,Target-Immune_system
Immune_system,FOLH1,Target,Target-Immune_system
Immune_system,UGT1A3,Target,Target-Immune_system
Immune_system,UGT1A6,Target,Target-Immune_system
Immune_system,UGT1A8,Target,Target-Immune_system
Immune_system,UGT1A9,Target,Target-Immune_system
Immune_system,UGT1A4,Target,Target-Immune_system
Immune_system,UGT1A7,Target,Target-Immune_system
Immune_system,UGT1A1,Target,Target-Immune_system
Immune_system,UGT1A10,Target,Target-Immune_system
Immune_system,UGT1A5,Target,Target-Immune_system
Immune_system,PLD1,Target,Target-Immune_system
Immune_system,TMEM201,Target,Target-Immune_system
Immune_system,CUTC,Target,Target-Immune_system
Immune_system,SLC7A5,Target,Target-Immune_system
Immune_system,SEPSECS,Target,Target-Immune_system
Immune_system,LPO,Target,Target-Immune_system
Immune_system,EXOSC5,Target,Target-Immune_system
Immune_system,IMPA1,Target,Target-Immune_system
Immune_system,GAR1,Target,Target-Immune_system
Immune_system,MTDH,Target,Target-Immune_system
Immune_system,PRRC2A,Target,Target-Immune_system
Immune_system,TENT4B,Target,Target-Immune_system
Immune_system,DBP,Target,Target-Immune_system
Immune_system,VMP1,Target,Target-Immune_system
Immune_system,PRF1,Target,Target-Immune_system
Immune_system,NPEPPS,Target,Target-Immune_system
Immune_system,PSAT1,Target,Target-Immune_system
Immune_system,DES,Target,Target-Immune_system
Immune_system,CDS1,Target,Target-Immune_system
Immune_system,ALDOC,Target,Target-Immune_system
Immune_system,CCR1,Target,Target-Immune_system
Immune_system,MT-CYB,Target,Target-Immune_system
Immune_system,ACR,Target,Target-Immune_system
Immune_system,AAK1,Target,Target-Immune_system
Immune_system,IDH3G,Target,Target-Immune_system
Immune_system,AK1,Target,Target-Immune_system
Immune_system,TREH,Target,Target-Immune_system
Immune_system,DIO2,Target,Target-Immune_system
Immune_system,MRPS7,Target,Target-Immune_system
Immune_system,ABAT,Target,Target-Immune_system
Immune_system,MRPS6,Target,Target-Immune_system
Immune_system,DAP3,Target,Target-Immune_system
Immune_system,DLGAP3,Target,Target-Immune_system
Immune_system,MRPS16,Target,Target-Immune_system
Immune_system,MRPS23,Target,Target-Immune_system
Immune_system,MRPS12,Target,Target-Immune_system
Immune_system,TBCD,Target,Target-Immune_system
Immune_system,ASPH,Target,Target-Immune_system
Immune_system,MRPL57,Target,Target-Immune_system
Immune_system,FDX1,Target,Target-Immune_system
Immune_system,CYP11A1,Target,Target-Immune_system
Immune_system,LONP1,Target,Target-Immune_system
Immune_system,CYP21A2,Target,Target-Immune_system
Immune_system,GUCY2F,Target,Target-Immune_system
Immune_system,MRPS25,Target,Target-Immune_system
Immune_system,MRPS22,Target,Target-Immune_system
Immune_system,GBGT1,Target,Target-Immune_system
Immune_system,STT3A,Target,Target-Immune_system
Immune_system,CPA1,Target,Target-Immune_system
Immune_system,MRPL55,Target,Target-Immune_system
Immune_system,MRPL52,Target,Target-Immune_system
Immune_system,MRPL51,Target,Target-Immune_system
Immune_system,MRPS11,Target,Target-Immune_system
Immune_system,MRPS15,Target,Target-Immune_system
Immune_system,MRPS18B,Target,Target-Immune_system
Immune_system,MRPS18A,Target,Target-Immune_system
Immune_system,MRPS21,Target,Target-Immune_system
Immune_system,MRPS2,Target,Target-Immune_system
Immune_system,PTGES2,Target,Target-Immune_system
Immune_system,SGTA,Target,Target-Immune_system
Immune_system,HADH,Target,Target-Immune_system
Immune_system,KTI12,Target,Target-Immune_system
Immune_system,CPB1,Target,Target-Immune_system
Immune_system,PAQR8,Target,Target-Immune_system
Immune_system,P3H1,Target,Target-Immune_system
Immune_system,REV1,Target,Target-Immune_system
Immune_system,CRTAP,Target,Target-Immune_system
Immune_system,SPTY2D1,Target,Target-Immune_system
Immune_system,MAD2L2,Target,Target-Immune_system
Immune_system,SOX9,Target,Target-Immune_system
Immune_system,OTC,Target,Target-Immune_system
Immune_system,PPIB,Target,Target-Immune_system
Immune_system,PMS2,Target,Target-Immune_system
Immune_system,GOT2,Target,Target-Immune_system
Immune_system,MSH6,Target,Target-Immune_system
Immune_system,B4GALT1,Target,Target-Immune_system
Immune_system,DDOST,Target,Target-Immune_system
Immune_system,TRIB2,Target,Target-Immune_system
Immune_system,SARS2,Target,Target-Immune_system
Immune_system,STT3B,Target,Target-Immune_system
Immune_system,MRPS28,Target,Target-Immune_system
Immune_system,MRPS35,Target,Target-Immune_system
Immune_system,GLYAT,Target,Target-Immune_system
Immune_system,KDSR,Target,Target-Immune_system
Immune_system,MRPS5,Target,Target-Immune_system
Immune_system,RPN1,Target,Target-Immune_system
Immune_system,POLD4,Target,Target-Immune_system
Immune_system,POLDIP2,Target,Target-Immune_system
Immune_system,GPLD1,Target,Target-Immune_system
Immune_system,DLAT,Target,Target-Immune_system
Immune_system,MRPL10,Target,Target-Immune_system
Immune_system,HMGB3,Target,Target-Immune_system
Immune_system,ABCA4,Target,Target-Immune_system
Immune_system,MRPS26,Target,Target-Immune_system
Immune_system,CRYAA,Target,Target-Immune_system
Immune_system,PPP4C,Target,Target-Immune_system
Immune_system,MRPS24,Target,Target-Immune_system
Immune_system,ADCY1,Target,Target-Immune_system
Immune_system,RTCB,Target,Target-Immune_system
Immune_system,DCK,Target,Target-Immune_system
Immune_system,DCLK2,Target,Target-Immune_system
Immune_system,TPO,Target,Target-Immune_system
Immune_system,DHRS4,Target,Target-Immune_system
Immune_system,MIOX,Target,Target-Immune_system
Immune_system,SNRNP35,Target,Target-Immune_system
Immune_system,PPA1,Target,Target-Immune_system
Immune_system,GALK1,Target,Target-Immune_system
Immune_system,ASB1,Target,Target-Immune_system
Immune_system,REM1,Target,Target-Immune_system
Immune_system,GALT,Target,Target-Immune_system
Immune_system,SLC26A4,Target,Target-Immune_system
Immune_system,TEX2,Target,Target-Immune_system
Immune_system,TSTD1,Target,Target-Immune_system
Immune_system,CPD,Target,Target-Immune_system
Immune_system,PBRM1,Target,Target-Immune_system
Immune_system,EPYC,Target,Target-Immune_system
Immune_system,DOHH,Target,Target-Immune_system
Immune_system,FUT3,Target,Target-Immune_system
Immune_system,IVNS1ABP,Target,Target-Immune_system
Immune_system,TPP1,Target,Target-Immune_system
Immune_system,TTPA,Target,Target-Immune_system
Immune_system,ACD,Target,Target-Immune_system
Immune_system,GAS1,Target,Target-Immune_system
Immune_system,CS,Target,Target-Immune_system
Immune_system,TSPYL2,Target,Target-Immune_system
Immune_system,LINC01587,Target,Target-Immune_system
Immune_system,GNPAT,Target,Target-Immune_system
Immune_system,HOPX,Target,Target-Immune_system
Immune_system,DBF4,Target,Target-Immune_system
Immune_system,FLNB,Target,Target-Immune_system
Immune_system,NXF1,Target,Target-Immune_system
Immune_system,ADH1A,Target,Target-Immune_system
Immune_system,CALR,Target,Target-Immune_system
Immune_system,DPH2,Target,Target-Immune_system
Immune_system,NADK,Target,Target-Immune_system
Immune_system,UBE2D1,Target,Target-Immune_system
Immune_system,UBASH3B,Target,Target-Immune_system
Immune_system,OLR1,Target,Target-Immune_system
Immune_system,PTDSS1,Target,Target-Immune_system
Immune_system,SGSM3,Target,Target-Immune_system
Immune_system,SGCD,Target,Target-Immune_system
Immune_system,NOC2L,Target,Target-Immune_system
Immune_system,TYR,Target,Target-Immune_system
Immune_system,GC,Target,Target-Immune_system
Immune_system,LYST,Target,Target-Immune_system
Immune_system,PFKP,Target,Target-Immune_system
Immune_system,GK,Target,Target-Immune_system
Immune_system,CARS1,Target,Target-Immune_system
Immune_system,GAST,Target,Target-Immune_system
Immune_system,PPIP5K2,Target,Target-Immune_system
Immune_system,GPR68,Target,Target-Immune_system
Immune_system,GLG1,Target,Target-Immune_system
Immune_system,CC2D1B,Target,Target-Immune_system
Immune_system,MAP2K4,Target,Target-Immune_system
Immune_system,PGD,Target,Target-Immune_system
Immune_system,MGAT1,Target,Target-Immune_system
Immune_system,CMA1,Target,Target-Immune_system
Immune_system,BDH1,Target,Target-Immune_system
Immune_system,GNPNAT1,Target,Target-Immune_system
Immune_system,MNDA,Target,Target-Immune_system
Immune_system,CLEC4D,Target,Target-Immune_system
Immune_system,SMG1,Target,Target-Immune_system
Immune_system,PMCH,Target,Target-Immune_system
Immune_system,PCSK2,Target,Target-Immune_system
Immune_system,PCSK1,Target,Target-Immune_system
Immune_system,MCM7,Target,Target-Immune_system
Immune_system,MCM2,Target,Target-Immune_system
Immune_system,SOHLH2,Target,Target-Immune_system
Immune_system,DDX41,Target,Target-Immune_system
Immune_system,PSMA1,Target,Target-Immune_system
Immune_system,PSMA2,Target,Target-Immune_system
Immune_system,HGD,Target,Target-Immune_system
Immune_system,ALDOA,Target,Target-Immune_system
Immune_system,LRP1,Target,Target-Immune_system
Immune_system,NT5DC3,Target,Target-Immune_system
Immune_system,TTC41P,Target,Target-Immune_system
Immune_system,COMT,Target,Target-Immune_system
Immune_system,ASNS,Target,Target-Immune_system
Immune_system,CCR2,Target,Target-Immune_system
Immune_system,TSPO,Target,Target-Immune_system
Immune_system,MAN2C1,Target,Target-Immune_system
Immune_system,PUS10,Target,Target-Immune_system
Immune_system,ZEB1,Target,Target-Immune_system
Immune_system,HDAC10,Target,Target-Immune_system
Immune_system,KAT2A,Target,Target-Immune_system
Immune_system,CDA,Target,Target-Immune_system
Immune_system,MSL3,Target,Target-Immune_system
Immune_system,LIPM,Target,Target-Immune_system
Immune_system,ACHE,Target,Target-Immune_system
Immune_system,PNP,Target,Target-Immune_system
Immune_system,PPY,Target,Target-Immune_system
Immune_system,CARD16,Target,Target-Immune_system
Immune_system,PSMB5,Target,Target-Immune_system
Immune_system,RERE,Target,Target-Immune_system
Immune_system,AGPS,Target,Target-Immune_system
Immune_system,PIGC,Target,Target-Immune_system
Immune_system,PKN2,Target,Target-Immune_system
Immune_system,SLC33A1,Target,Target-Immune_system
Immune_system,NAGK,Target,Target-Immune_system
Immune_system,TAB2,Target,Target-Immune_system
Immune_system,ALDH7A1,Target,Target-Immune_system
Immune_system,CYC1,Target,Target-Immune_system
Immune_system,POFUT1,Target,Target-Immune_system
Immune_system,PNPO,Target,Target-Immune_system
Immune_system,IRS1,Target,Target-Immune_system
Immune_system,PEX2,Target,Target-Immune_system
Immune_system,DHFR,Target,Target-Immune_system
Immune_system,SOAT1,Target,Target-Immune_system
Immune_system,RCE1,Target,Target-Immune_system
Immune_system,TRIM39,Target,Target-Immune_system
Immune_system,DENND2B,Target,Target-Immune_system
Immune_system,MTERF4,Target,Target-Immune_system
Immune_system,GAS2,Target,Target-Immune_system
Immune_system,ABCG1,Target,Target-Immune_system
Immune_system,CARM1,Target,Target-Immune_system
Immune_system,SOD1,Target,Target-Immune_system
Immune_system,LAD1,Target,Target-Immune_system
Immune_system,SLC6A20,Target,Target-Immune_system
Immune_system,SIT1,Target,Target-Immune_system
Immune_system,ACAT1,Target,Target-Immune_system
Immune_system,RCN1,Target,Target-Immune_system
Immune_system,DPAGT1,Target,Target-Immune_system
Immune_system,AIF1,Target,Target-Immune_system
Immune_system,AKR1C1,Target,Target-Immune_system
Immune_system,GLO1,Target,Target-Immune_system
Immune_system,TTLL1,Target,Target-Immune_system
Immune_system,FHL5,Target,Target-Immune_system
Immune_system,IVD,Target,Target-Immune_system
Immune_system,PATE1,Target,Target-Immune_system
Immune_system,PATJ,Target,Target-Immune_system
Immune_system,PTGR1,Target,Target-Immune_system
Immune_system,HMOX1,Target,Target-Immune_system
Immune_system,SDHB,Target,Target-Immune_system
Immune_system,SDS,Target,Target-Immune_system
Immune_system,FGF23,Target,Target-Immune_system
Immune_system,SEM1,Target,Target-Immune_system
Immune_system,MAPK11,Target,Target-Immune_system
Immune_system,CARF,Target,Target-Immune_system
Immune_system,CDKN2AIP,Target,Target-Immune_system
Immune_system,TYRP1,Target,Target-Immune_system
Immune_system,LIPA,Target,Target-Immune_system
Immune_system,ALG1,Target,Target-Immune_system
Immune_system,PRMT2,Target,Target-Immune_system
Immune_system,CCN3,Target,Target-Immune_system
Immune_system,TAP2,Target,Target-Immune_system
Immune_system,TERT,Target,Target-Immune_system
Immune_system,PAFAH1B1,Target,Target-Immune_system
Immune_system,SOD2,Target,Target-Immune_system
Immune_system,KANK1,Target,Target-Immune_system
Immune_system,THAP12,Target,Target-Immune_system
Immune_system,DLGAP4,Target,Target-Immune_system
Immune_system,POLL,Target,Target-Immune_system
Immune_system,GCNT2,Target,Target-Immune_system
Immune_system,SEPHS2,Target,Target-Immune_system
Immune_system,ERC1,Target,Target-Immune_system
Immune_system,RIDA,Target,Target-Immune_system
Immune_system,BLOC1S6,Target,Target-Immune_system
Immune_system,CD302,Target,Target-Immune_system
Immune_system,PIGA,Target,Target-Immune_system
Immune_system,PIGB,Target,Target-Immune_system
Immune_system,PIGG,Target,Target-Immune_system
Immune_system,PIGH,Target,Target-Immune_system
Immune_system,PIGM,Target,Target-Immune_system
Immune_system,MAN2B1,Target,Target-Immune_system
Immune_system,CENPJ,Target,Target-Immune_system
Immune_system,CPS1,Target,Target-Immune_system
Immune_system,FCF1,Target,Target-Immune_system
Immune_system,NELFE,Target,Target-Immune_system
Immune_system,ERMAP,Target,Target-Immune_system
Immune_system,CHEK2,Target,Target-Immune_system
Immune_system,CLEC2A,Target,Target-Immune_system
Immune_system,MED10,Target,Target-Immune_system
Immune_system,UBE2D2,Target,Target-Immune_system
Immune_system,MAT1A,Target,Target-Immune_system
Immune_system,SGCG,Target,Target-Immune_system
Immune_system,HM13,Target,Target-Immune_system
Immune_system,ZEB2,Target,Target-Immune_system
Immune_system,NDUFAF1,Target,Target-Immune_system
Immune_system,SRM,Target,Target-Immune_system
Immune_system,IDH1,Target,Target-Immune_system
Immune_system,AGT,Target,Target-Immune_system
Immune_system,ITPK1,Target,Target-Immune_system
Immune_system,PPIP5K1,Target,Target-Immune_system
Immune_system,MAVS,Target,Target-Immune_system
Immune_system,HAT1,Target,Target-Immune_system
Immune_system,LEMD3,Target,Target-Immune_system
Immune_system,ITPKA,Target,Target-Immune_system
Immune_system,ACOT4,Target,Target-Immune_system
Immune_system,MACROD2,Target,Target-Immune_system
Immune_system,NECAB3,Target,Target-Immune_system
Immune_system,CSKMT,Target,Target-Immune_system
Immune_system,CRIPTO,Target,Target-Immune_system
Immune_system,PRKCE,Target,Target-Immune_system
Immune_system,GUCY1B1,Target,Target-Immune_system
Immune_system,ZDHHC22,Target,Target-Immune_system
Immune_system,GUCY1A1,Target,Target-Immune_system
Immune_system,C2orf69,Target,Target-Immune_system
Immune_system,PTGR2,Target,Target-Immune_system
Immune_system,RNF152,Target,Target-Immune_system
Immune_system,OTULINL,Target,Target-Immune_system
Immune_system,ELP3,Target,Target-Immune_system
Immune_system,TDP1,Target,Target-Immune_system
Immune_system,TBX3,Target,Target-Immune_system
Immune_system,MEF2A,Target,Target-Immune_system
Immune_system,KCTD21,Target,Target-Immune_system
Immune_system,DUSP28,Target,Target-Immune_system
Immune_system,ACSF3,Target,Target-Immune_system
Immune_system,GXYLT1,Target,Target-Immune_system
Immune_system,CYP27C1,Target,Target-Immune_system
Immune_system,GPS1,Target,Target-Immune_system
Immune_system,SP100,Target,Target-Immune_system
Immune_system,LORICRIN,Target,Target-Immune_system
Immune_system,S100A12,Target,Target-Immune_system
Immune_system,NADK2,Target,Target-Immune_system
Immune_system,AIG1,Target,Target-Immune_system
Immune_system,ANAPC15,Target,Target-Immune_system
Immune_system,JAK1,Target,Target-Immune_system
Immune_system,GCSH,Target,Target-Immune_system
Immune_system,PAF1,Target,Target-Immune_system
Immune_system,WIPI1,Target,Target-Immune_system
Immune_system,WDR45B,Target,Target-Immune_system
Immune_system,SDR16C5,Target,Target-Immune_system
Immune_system,TTC3,Target,Target-Immune_system
Immune_system,POLR2K,Target,Target-Immune_system
Immune_system,ALG11,Target,Target-Immune_system
Immune_system,XRCC4,Target,Target-Immune_system
Immune_system,MAP3K9,Target,Target-Immune_system
Immune_system,D2HGDH,Target,Target-Immune_system
Immune_system,GALNT16,Target,Target-Immune_system
Immune_system,PPM1K,Target,Target-Immune_system
Immune_system,HROB,Target,Target-Immune_system
Immune_system,METTL4,Target,Target-Immune_system
Immune_system,ASCC3,Target,Target-Immune_system
Immune_system,CYP4F2,Target,Target-Immune_system
Immune_system,PARP8,Target,Target-Immune_system
Immune_system,CYP2C19,Target,Target-Immune_system
Immune_system,CYP2C18,Target,Target-Immune_system
Immune_system,CENPS,Target,Target-Immune_system
Immune_system,CSTF2,Target,Target-Immune_system
Immune_system,DHDDS,Target,Target-Immune_system
Immune_system,TMTC2,Target,Target-Immune_system
Immune_system,HCCS,Target,Target-Immune_system
Immune_system,PIAS4,Target,Target-Immune_system
Immune_system,ILVBL,Target,Target-Immune_system
Immune_system,UBE2J2,Target,Target-Immune_system
Immune_system,CALCA,Target,Target-Immune_system
Immune_system,HEXA,Target,Target-Immune_system
Immune_system,ZAP70,Target,Target-Immune_system
Immune_system,LPL,Target,Target-Immune_system
Immune_system,LIMK2,Target,Target-Immune_system
Immune_system,LIMK1,Target,Target-Immune_system
Immune_system,CYP2F1,Target,Target-Immune_system
Immune_system,POLR2A,Target,Target-Immune_system
Immune_system,MVD,Target,Target-Immune_system
Immune_system,MAGEA2,Target,Target-Immune_system
Immune_system,RAD52,Target,Target-Immune_system
Immune_system,PGAM4,Target,Target-Immune_system
Immune_system,CCAR2,Target,Target-Immune_system
Immune_system,PIM3,Target,Target-Immune_system
Immune_system,ORMDL3,Target,Target-Immune_system
Immune_system,MSH2,Target,Target-Immune_system
Immune_system,UPF2,Target,Target-Immune_system
Immune_system,VPS72,Target,Target-Immune_system
Immune_system,NTRK1,Target,Target-Immune_system
Immune_system,POMGNT1,Target,Target-Immune_system
Immune_system,PLCG2,Target,Target-Immune_system
Immune_system,CAND1,Target,Target-Immune_system
Immune_system,PRKCD,Target,Target-Immune_system
Immune_system,CSNK2A1,Target,Target-Immune_system
Immune_system,WDR74,Target,Target-Immune_system
Immune_system,GARS1,Target,Target-Immune_system
Immune_system,IARS1,Target,Target-Immune_system
Immune_system,RFFL,Target,Target-Immune_system
Immune_system,CRAT,Target,Target-Immune_system
Immune_system,KCTD13,Target,Target-Immune_system
Immune_system,ATG4A,Target,Target-Immune_system
Immune_system,SSH1,Target,Target-Immune_system
Immune_system,GRK1,Target,Target-Immune_system
Immune_system,KLHL24,Target,Target-Immune_system
Immune_system,TBCC,Target,Target-Immune_system
Immune_system,TBCE,Target,Target-Immune_system
Immune_system,ING5,Target,Target-Immune_system
Immune_system,IFNL4,Target,Target-Immune_system
Immune_system,ACLY,Target,Target-Immune_system
Immune_system,ERVK-6,Target,Target-Immune_system
Immune_system,ARFIP2,Target,Target-Immune_system
Immune_system,PLK1,Target,Target-Immune_system
Immune_system,AK9,Target,Target-Immune_system
Immune_system,CTNNBL1,Target,Target-Immune_system
Immune_system,PDXK,Target,Target-Immune_system
Immune_system,UBE2C,Target,Target-Immune_system
Immune_system,PIK3C2B,Target,Target-Immune_system
Immune_system,UBE2S,Target,Target-Immune_system
Immune_system,ATXN3L,Target,Target-Immune_system
Immune_system,CYP2D7,Target,Target-Immune_system
Immune_system,ALK,Target,Target-Immune_system
Immune_system,CSTF3,Target,Target-Immune_system
Immune_system,BNIP3,Target,Target-Immune_system
Immune_system,GEMIN2,Target,Target-Immune_system
Immune_system,CHMP4B,Target,Target-Immune_system
Immune_system,ABCB9,Target,Target-Immune_system
Immune_system,MGST3,Target,Target-Immune_system
Immune_system,BCKDK,Target,Target-Immune_system
Immune_system,FAR2,Target,Target-Immune_system
Immune_system,PTPN13,Target,Target-Immune_system
Immune_system,PTPRJ,Target,Target-Immune_system
Immune_system,PHYH,Target,Target-Immune_system
Immune_system,POLR3A,Target,Target-Immune_system
Immune_system,SAYSD1,Target,Target-Immune_system
Immune_system,ETFA,Target,Target-Immune_system
Immune_system,VPS4A,Target,Target-Immune_system
Immune_system,MGAT5,Target,Target-Immune_system
Immune_system,PFKFB3,Target,Target-Immune_system
Immune_system,TRIM26,Target,Target-Immune_system
Immune_system,FAP,Target,Target-Immune_system
Immune_system,DPYD,Target,Target-Immune_system
Immune_system,SF3A3,Target,Target-Immune_system
Immune_system,USP4,Target,Target-Immune_system
Immune_system,IK,Target,Target-Immune_system
Immune_system,MTAP,Target,Target-Immune_system
Immune_system,EIF2B5,Target,Target-Immune_system
Immune_system,PAK1,Target,Target-Immune_system
Immune_system,ERN2,Target,Target-Immune_system
Immune_system,CDKN2A,Target,Target-Immune_system
Immune_system,RPS3,Target,Target-Immune_system
Immune_system,FITM2,Target,Target-Immune_system
Immune_system,OTUD6B,Target,Target-Immune_system
Immune_system,GLDC,Target,Target-Immune_system
Immune_system,POLR1E,Target,Target-Immune_system
Immune_system,DUS2,Target,Target-Immune_system
Immune_system,KRTCAP2,Target,Target-Immune_system
Immune_system,UIMC1,Target,Target-Immune_system
Immune_system,VPS13A,Target,Target-Immune_system
Immune_system,UBE2M,Target,Target-Immune_system
Immune_system,THG1L,Target,Target-Immune_system
Immune_system,CBLL1,Target,Target-Immune_system
Immune_system,LMF1,Target,Target-Immune_system
Immune_system,WDR24,Target,Target-Immune_system
Immune_system,CSGALNACT2,Target,Target-Immune_system
Immune_system,CAMKK2,Target,Target-Immune_system
Immune_system,RNF182,Target,Target-Immune_system
Immune_system,DNTT,Target,Target-Immune_system
Immune_system,FUCA1,Target,Target-Immune_system
Immune_system,KCTD17,Target,Target-Immune_system
Immune_system,AADAT,Target,Target-Immune_system
Immune_system,PARP16,Target,Target-Immune_system
Immune_system,UNG,Target,Target-Immune_system
Immune_system,CPSF7,Target,Target-Immune_system
Immune_system,SMC6,Target,Target-Immune_system
Immune_system,CHIT1,Target,Target-Immune_system
Immune_system,RNF10,Target,Target-Immune_system
Immune_system,TMEM86B,Target,Target-Immune_system
Immune_system,XRCC5,Target,Target-Immune_system
Immune_system,HSD11B2,Target,Target-Immune_system
Immune_system,ZC3H8,Target,Target-Immune_system
Immune_system,TMEM258,Target,Target-Immune_system
Immune_system,SLC25A51,Target,Target-Immune_system
Immune_system,DHRSX,Target,Target-Immune_system
Immune_system,ARRDC1,Target,Target-Immune_system
Immune_system,POLR1G,Target,Target-Immune_system
Immune_system,FTSJ1,Target,Target-Immune_system
Immune_system,ZNF451,Target,Target-Immune_system
Immune_system,PARN,Target,Target-Immune_system
Immune_system,HECTD4,Target,Target-Immune_system
Immune_system,TESC,Target,Target-Immune_system
Immune_system,OXSR1,Target,Target-Immune_system
Immune_system,PYCR2,Target,Target-Immune_system
Immune_system,GALM,Target,Target-Immune_system
Immune_system,FGGY,Target,Target-Immune_system
Immune_system,HADHA,Target,Target-Immune_system
Immune_system,MDH2,Target,Target-Immune_system
Immune_system,ANKRD9,Target,Target-Immune_system
Immune_system,AK4,Target,Target-Immune_system
Immune_system,APH1A,Target,Target-Immune_system
Immune_system,CHTOP,Target,Target-Immune_system
Immune_system,WDR45,Target,Target-Immune_system
Immune_system,MMACHC,Target,Target-Immune_system
Immune_system,PLPP5,Target,Target-Immune_system
Immune_system,DYRK1B,Target,Target-Immune_system
Immune_system,SPSB1,Target,Target-Immune_system
Immune_system,HBS1L,Target,Target-Immune_system
Immune_system,AASS,Target,Target-Immune_system
Immune_system,ETFDH,Target,Target-Immune_system
Immune_system,ISG20,Target,Target-Immune_system
Immune_system,GMPPB,Target,Target-Immune_system
Immune_system,VPS33A,Target,Target-Immune_system
Immune_system,FBXO7,Target,Target-Immune_system
Immune_system,MOCS3,Target,Target-Immune_system
Immune_system,PGM3,Target,Target-Immune_system
Immune_system,NDST3,Target,Target-Immune_system
Immune_system,MAP3K6,Target,Target-Immune_system
Immune_system,ANAPC16,Target,Target-Immune_system
Immune_system,MPDU1,Target,Target-Immune_system
Immune_system,ARIH2,Target,Target-Immune_system
Immune_system,ADRM1,Target,Target-Immune_system
Immune_system,THRA,Target,Target-Immune_system
Immune_system,EIF2S2,Target,Target-Immune_system
Immune_system,USP17L24,Target,Target-Immune_system
Immune_system,MT-ATP8,Target,Target-Immune_system
Immune_system,MT-ND5,Target,Target-Immune_system
Immune_system,MT-ND4,Target,Target-Immune_system
Immune_system,COA6,Target,Target-Immune_system
Immune_system,CDK9,Target,Target-Immune_system
Immune_system,HLCS,Target,Target-Immune_system
Immune_system,CDC27,Target,Target-Immune_system
Immune_system,CYP4A11,Target,Target-Immune_system
Immune_system,BHMT,Target,Target-Immune_system
Immune_system,EXT2,Target,Target-Immune_system
Immune_system,ERO1A,Target,Target-Immune_system
Immune_system,RNASEH2A,Target,Target-Immune_system
Immune_system,CLU,Target,Target-Immune_system
Immune_system,CDC23,Target,Target-Immune_system
Immune_system,FBXO10,Target,Target-Immune_system
Immune_system,MT-ND3,Target,Target-Immune_system
Immune_system,MT-ND2,Target,Target-Immune_system
Immune_system,MT-ND1,Target,Target-Immune_system
Immune_system,VPS16,Target,Target-Immune_system
Immune_system,LYRM7,Target,Target-Immune_system
Immune_system,TOP2B,Target,Target-Immune_system
Immune_system,RPL6,Target,Target-Immune_system
Immune_system,PRSS2,Target,Target-Immune_system
Immune_system,CDK7,Target,Target-Immune_system
Immune_system,NUDT5,Target,Target-Immune_system
Immune_system,AANAT,Target,Target-Immune_system
Immune_system,STX1A,Target,Target-Immune_system
Immune_system,CPSF6,Target,Target-Immune_system
Immune_system,ITPKB,Target,Target-Immune_system
Immune_system,PARP14,Target,Target-Immune_system
Immune_system,PARP15,Target,Target-Immune_system
Immune_system,STN1,Target,Target-Immune_system
Immune_system,YIPF5,Target,Target-Immune_system
Immune_system,DTYMK,Target,Target-Immune_system
Immune_system,GLYATL1,Target,Target-Immune_system
Immune_system,POP5,Target,Target-Immune_system
Immune_system,RFK,Target,Target-Immune_system
Immune_system,MMP14,Target,Target-Immune_system
Immune_system,SULT1A2,Target,Target-Immune_system
Immune_system,SULT1A1,Target,Target-Immune_system
Immune_system,EEF2,Target,Target-Immune_system
Immune_system,AK8,Target,Target-Immune_system
Immune_system,ACSBG2,Target,Target-Immune_system
Immune_system,PTEN,Target,Target-Immune_system
Immune_system,SEC61B,Target,Target-Immune_system
Immune_system,CHST7,Target,Target-Immune_system
Immune_system,NDUFAB1,Target,Target-Immune_system
Immune_system,ELAC1,Target,Target-Immune_system
Immune_system,HSPB6,Target,Target-Immune_system
Immune_system,SSH2,Target,Target-Immune_system
Immune_system,PTPRT,Target,Target-Immune_system
Immune_system,SDHD,Target,Target-Immune_system
Immune_system,SOCS2,Target,Target-Immune_system
Immune_system,YTHDC1,Target,Target-Immune_system
Immune_system,HNMT,Target,Target-Immune_system
Immune_system,FIRRM,Target,Target-Immune_system
Immune_system,C19orf12,Target,Target-Immune_system
Immune_system,DNAJC16,Target,Target-Immune_system
Immune_system,MAGOHB,Target,Target-Immune_system
Immune_system,POFUT2,Target,Target-Immune_system
Immune_system,CARD8,Target,Target-Immune_system
Immune_system,EFR3B,Target,Target-Immune_system
Immune_system,TNKS,Target,Target-Immune_system
Immune_system,TRIM52,Target,Target-Immune_system
Immune_system,NR1I2,Target,Target-Immune_system
Immune_system,ADIPOR1,Target,Target-Immune_system
Immune_system,DTX4,Target,Target-Immune_system
Immune_system,PSIP1,Target,Target-Immune_system
Immune_system,ERLIN1,Target,Target-Immune_system
Immune_system,SMG8,Target,Target-Immune_system
Immune_system,CCDC47,Target,Target-Immune_system
Immune_system,LUC7L3,Target,Target-Immune_system
Immune_system,RNF169,Target,Target-Immune_system
Immune_system,RXYLT1,Target,Target-Immune_system
Immune_system,B3GNT3,Target,Target-Immune_system
Immune_system,GALNT6,Target,Target-Immune_system
Immune_system,CHFR,Target,Target-Immune_system
Immune_system,CLN8,Target,Target-Immune_system
Immune_system,CHST4,Target,Target-Immune_system
Immune_system,RNF125,Target,Target-Immune_system
Immune_system,COPS7A,Target,Target-Immune_system
Immune_system,TSEN2,Target,Target-Immune_system
Immune_system,TRIM11,Target,Target-Immune_system
Immune_system,TRAPPC4,Target,Target-Immune_system
Immune_system,ASF1A,Target,Target-Immune_system
Immune_system,NDOR1,Target,Target-Immune_system
Immune_system,FARSA,Target,Target-Immune_system
Immune_system,MORF4L1,Target,Target-Immune_system
Immune_system,DBI,Target,Target-Immune_system
Immune_system,HS3ST2,Target,Target-Immune_system
Immune_system,ST3GAL6,Target,Target-Immune_system
Immune_system,POLK,Target,Target-Immune_system
Immune_system,UBA2,Target,Target-Immune_system
Immune_system,RNF14,Target,Target-Immune_system
Immune_system,DNAJB11,Target,Target-Immune_system
Immune_system,NAT8,Target,Target-Immune_system
Immune_system,FAM98A,Target,Target-Immune_system
Immune_system,HPSE,Target,Target-Immune_system
Immune_system,UPB1,Target,Target-Immune_system
Immune_system,TENT4A,Target,Target-Immune_system
Immune_system,GRHPR,Target,Target-Immune_system
Immune_system,EXTL2,Target,Target-Immune_system
Immune_system,APOBEC2,Target,Target-Immune_system
Immune_system,GEMIN4,Target,Target-Immune_system
Immune_system,METTL1,Target,Target-Immune_system
Immune_system,ENTPD4,Target,Target-Immune_system
Immune_system,RTRAF,Target,Target-Immune_system
Immune_system,TDP2,Target,Target-Immune_system
Immune_system,HELB,Target,Target-Immune_system
Immune_system,DNAJB6,Target,Target-Immune_system
Immune_system,XYLB,Target,Target-Immune_system
Immune_system,CTDP1,Target,Target-Immune_system
Immune_system,NUB1,Target,Target-Immune_system
Immune_system,CDS2,Target,Target-Immune_system
Immune_system,RPUSD4,Target,Target-Immune_system
Immune_system,TNNI3K,Target,Target-Immune_system
Immune_system,LSM4,Target,Target-Immune_system
Immune_system,ALDH3A1,Target,Target-Immune_system
Immune_system,LSM5,Target,Target-Immune_system
Immune_system,ARIH1,Target,Target-Immune_system
Immune_system,CHST2,Target,Target-Immune_system
Immune_system,LAS1L,Target,Target-Immune_system
Immune_system,RBM7,Target,Target-Immune_system
Immune_system,VTI1B,Target,Target-Immune_system
Immune_system,BOD1L1,Target,Target-Immune_system
Immune_system,TRIM17,Target,Target-Immune_system
Immune_system,RIPK3,Target,Target-Immune_system
Immune_system,PPCDC,Target,Target-Immune_system
Immune_system,POLR3H,Target,Target-Immune_system
Immune_system,OARD1,Target,Target-Immune_system
Immune_system,BIRC7,Target,Target-Immune_system
Immune_system,RARA,Target,Target-Immune_system
Immune_system,WIPI2,Target,Target-Immune_system
Immune_system,GAA,Target,Target-Immune_system
Immune_system,VPS37A,Target,Target-Immune_system
Immune_system,PRSS33,Target,Target-Immune_system
Immune_system,LOXL2,Target,Target-Immune_system
Immune_system,MYO3A,Target,Target-Immune_system
Immune_system,CSNK2A3,Target,Target-Immune_system
Immune_system,CHST13,Target,Target-Immune_system
Immune_system,DCPS,Target,Target-Immune_system
Immune_system,GEMIN6,Target,Target-Immune_system
Immune_system,METTL21A,Target,Target-Immune_system
Immune_system,VRK2,Target,Target-Immune_system
Immune_system,DDX42,Target,Target-Immune_system
Immune_system,UGT2B7,Target,Target-Immune_system
Immune_system,KPNA4,Target,Target-Immune_system
Immune_system,PEX7,Target,Target-Immune_system
Immune_system,ABCA5,Target,Target-Immune_system
Immune_system,LIPH,Target,Target-Immune_system
Immune_system,PRPF31,Target,Target-Immune_system
Immune_system,ATP2A2,Target,Target-Immune_system
Immune_system,VRK1,Target,Target-Immune_system
Immune_system,RARRES2,Target,Target-Immune_system
Immune_system,RNF5,Target,Target-Immune_system
Immune_system,BAG1,Target,Target-Immune_system
Immune_system,ZRSR2,Target,Target-Immune_system
Immune_system,RNASEH2B,Target,Target-Immune_system
Immune_system,ACSM1,Target,Target-Immune_system
Immune_system,ATXN2L,Target,Target-Immune_system
Immune_system,TARBP2,Target,Target-Immune_system
Immune_system,UQCC3,Target,Target-Immune_system
Immune_system,TRUB1,Target,Target-Immune_system
Immune_system,ZNRF4,Target,Target-Immune_system
Immune_system,RNASET2,Target,Target-Immune_system
Immune_system,DDX3X,Target,Target-Immune_system
Immune_system,PES1,Target,Target-Immune_system
Immune_system,KBTBD7,Target,Target-Immune_system
Immune_system,ZDHHC19,Target,Target-Immune_system
Immune_system,STK25,Target,Target-Immune_system
Immune_system,TXNL4A,Target,Target-Immune_system
Immune_system,PIP5K1A,Target,Target-Immune_system
Immune_system,RPL24,Target,Target-Immune_system
Immune_system,TRIM41,Target,Target-Immune_system
Immune_system,RACK1,Target,Target-Immune_system
Immune_system,EIF5A,Target,Target-Immune_system
Immune_system,BARD1,Target,Target-Immune_system
Immune_system,PCF11,Target,Target-Immune_system
Immune_system,ABCA8,Target,Target-Immune_system
Immune_system,HSD17B10,Target,Target-Immune_system
Immune_system,SKIC2,Target,Target-Immune_system
Immune_system,CPSF2,Target,Target-Immune_system
Immune_system,RBBP8,Target,Target-Immune_system
Immune_system,SF3A1,Target,Target-Immune_system
Immune_system,ZFP36,Target,Target-Immune_system
Immune_system,NUP133,Target,Target-Immune_system
Immune_system,SF3B4,Target,Target-Immune_system
Immune_system,UGT2B4,Target,Target-Immune_system
Immune_system,UROD,Target,Target-Immune_system
Immune_system,HDAC7,Target,Target-Immune_system
Immune_system,CCNH,Target,Target-Immune_system
Immune_system,CHPT1,Target,Target-Immune_system
Immune_system,TP53I3,Target,Target-Immune_system
Immune_system,TGFBR1,Target,Target-Immune_system
Immune_system,FUT6,Target,Target-Immune_system
Immune_system,O00370,Target,Target-Immune_system
Immune_system,GCFC2,Target,Target-Immune_system
Immune_system,RDH10,Target,Target-Immune_system
Immune_system,USP13,Target,Target-Immune_system
Immune_system,HS3ST5,Target,Target-Immune_system
Immune_system,CLP1,Target,Target-Immune_system
Immune_system,GSTM3,Target,Target-Immune_system
Immune_system,EMG1,Target,Target-Immune_system
Immune_system,WDFY3,Target,Target-Immune_system
Immune_system,UFL1,Target,Target-Immune_system
Immune_system,CHST9,Target,Target-Immune_system
Immune_system,GCDH,Target,Target-Immune_system
Immune_system,NT5C,Target,Target-Immune_system
Immune_system,TRAF7,Target,Target-Immune_system
Immune_system,METTL6,Target,Target-Immune_system
Immune_system,STX17,Target,Target-Immune_system
Immune_system,DUSP29,Target,Target-Immune_system
Immune_system,CELF3,Target,Target-Immune_system
Immune_system,TRMT10A,Target,Target-Immune_system
Immune_system,MAML1,Target,Target-Immune_system
Immune_system,PIP4K2C,Target,Target-Immune_system
Immune_system,GLYCTK,Target,Target-Immune_system
Immune_system,MCAT,Target,Target-Immune_system
Immune_system,UBXN4,Target,Target-Immune_system
Immune_system,TSC1,Target,Target-Immune_system
Immune_system,BAP1,Target,Target-Immune_system
Immune_system,IP6K1,Target,Target-Immune_system
Immune_system,FUNDC1,Target,Target-Immune_system
Immune_system,TOPBP1,Target,Target-Immune_system
Immune_system,GBF1,Target,Target-Immune_system
Immune_system,PSMF1,Target,Target-Immune_system
Immune_system,HSD17B8,Target,Target-Immune_system
Immune_system,TKFC,Target,Target-Immune_system
Immune_system,DNAJB14,Target,Target-Immune_system
Immune_system,MAP4K3,Target,Target-Immune_system
Immune_system,SETD6,Target,Target-Immune_system
Immune_system,UBA3,Target,Target-Immune_system
Immune_system,APOBEC3F,Target,Target-Immune_system
Immune_system,DDX1,Target,Target-Immune_system
Immune_system,SMPDL3A,Target,Target-Immune_system
Immune_system,TFAP2B,Target,Target-Immune_system
Immune_system,HMGCLL1,Target,Target-Immune_system
Immune_system,DDB2,Target,Target-Immune_system
Immune_system,CYP2W1,Target,Target-Immune_system
Immune_system,PUM2,Target,Target-Immune_system
Immune_system,SLC35B2,Target,Target-Immune_system
Immune_system,ETFRF1,Target,Target-Immune_system
Immune_system,NPLOC4,Target,Target-Immune_system
Immune_system,SPOPL,Target,Target-Immune_system
Immune_system,UCK2,Target,Target-Immune_system
Immune_system,TMTC3,Target,Target-Immune_system
Immune_system,UBXN6,Target,Target-Immune_system
Immune_system,LACTB,Target,Target-Immune_system
Immune_system,DMD,Target,Target-Immune_system
Immune_system,TRIM8,Target,Target-Immune_system
Immune_system,QPRT,Target,Target-Immune_system
Immune_system,HAAO,Target,Target-Immune_system
Immune_system,EYA3,Target,Target-Immune_system
Immune_system,PTPRK,Target,Target-Immune_system
Immune_system,TRPC4AP,Target,Target-Immune_system
Immune_system,GNPDA1,Target,Target-Immune_system
Immune_system,HSD3B2,Target,Target-Immune_system
Immune_system,SH3RF3,Target,Target-Immune_system
Immune_system,FANCM,Target,Target-Immune_system
Immune_system,GSPT2,Target,Target-Immune_system
Immune_system,STK38,Target,Target-Immune_system
Immune_system,SUPV3L1,Target,Target-Immune_system
Immune_system,OGDH,Target,Target-Immune_system
Immune_system,SH3RF2,Target,Target-Immune_system
Immune_system,NSUN6,Target,Target-Immune_system
Immune_system,SLX4,Target,Target-Immune_system
Immune_system,NIM1K,Target,Target-Immune_system
Immune_system,FTSJ3,Target,Target-Immune_system
Immune_system,DDX39A,Target,Target-Immune_system
Immune_system,NUDT1,Target,Target-Immune_system
Immune_system,KAT6A,Target,Target-Immune_system
Immune_system,CREBBP,Target,Target-Immune_system
Immune_system,PXYLP1,Target,Target-Immune_system
Immune_system,NEK7,Target,Target-Immune_system
Immune_system,KBTBD2,Target,Target-Immune_system
Immune_system,PFKFB1,Target,Target-Immune_system
Immune_system,PARK7,Target,Target-Immune_system
Immune_system,PARP9,Target,Target-Immune_system
Immune_system,SMC5,Target,Target-Immune_system
Immune_system,OTUD7A,Target,Target-Immune_system
Immune_system,CDC5L,Target,Target-Immune_system
Immune_system,MRPL41,Target,Target-Immune_system
Immune_system,COG7,Target,Target-Immune_system
Immune_system,GNPDA2,Target,Target-Immune_system
Immune_system,RNASEH2C,Target,Target-Immune_system
Immune_system,PYGM,Target,Target-Immune_system
Immune_system,ACOX2,Target,Target-Immune_system
Immune_system,PTGES3,Target,Target-Immune_system
Immune_system,ELAVL4,Target,Target-Immune_system
Immune_system,CPNE1,Target,Target-Immune_system
Immune_system,DNAJA4,Target,Target-Immune_system
Immune_system,CANT1,Target,Target-Immune_system
Immune_system,TSG101,Target,Target-Immune_system
Immune_system,TAF1C,Target,Target-Immune_system
Immune_system,COQ7,Target,Target-Immune_system
Immune_system,TM9SF2,Target,Target-Immune_system
Immune_system,GLA,Target,Target-Immune_system
Immune_system,UBE2Q2,Target,Target-Immune_system
Immune_system,TAF7,Target,Target-Immune_system
Immune_system,TAF5,Target,Target-Immune_system
Immune_system,LCK,Target,Target-Immune_system
Immune_system,PRSS57,Target,Target-Immune_system
Immune_system,INSR,Target,Target-Immune_system
Immune_system,TYSND1,Target,Target-Immune_system
Immune_system,EEF1AKMT1,Target,Target-Immune_system
Immune_system,RNF138,Target,Target-Immune_system
Immune_system,LEO1,Target,Target-Immune_system
Immune_system,PPP5C,Target,Target-Immune_system
Immune_system,PSMD14,Target,Target-Immune_system
Immune_system,RNF187,Target,Target-Immune_system
Immune_system,SLC17A3,Target,Target-Immune_system
Immune_system,GPX4,Target,Target-Immune_system
Immune_system,POLR2I,Target,Target-Immune_system
Immune_system,CDK11B,Target,Target-Immune_system
Immune_system,BLVRA,Target,Target-Immune_system
Immune_system,PLK4,Target,Target-Immune_system
Immune_system,EEF2K,Target,Target-Immune_system
Immune_system,AFG1L,Target,Target-Immune_system
Immune_system,PTPN12,Target,Target-Immune_system
Immune_system,TRIM37,Target,Target-Immune_system
Immune_system,UBE2I,Target,Target-Immune_system
Immune_system,CDK10,Target,Target-Immune_system
Immune_system,PMVK,Target,Target-Immune_system
Immune_system,EBP,Target,Target-Immune_system
Immune_system,PDK3,Target,Target-Immune_system
Immune_system,HELQ,Target,Target-Immune_system
Immune_system,DDX54,Target,Target-Immune_system
Immune_system,BRSK1,Target,Target-Immune_system
Immune_system,DTX3L,Target,Target-Immune_system
Immune_system,CSTA,Target,Target-Immune_system
Immune_system,SGPP2,Target,Target-Immune_system
Immune_system,CD44,Target,Target-Immune_system
Immune_system,ADHFE1,Target,Target-Immune_system
Immune_system,NPR1,Target,Target-Immune_system
Immune_system,ATP5F1C,Target,Target-Immune_system
Immune_system,LMTK2,Target,Target-Immune_system
Immune_system,ZBTB8OS,Target,Target-Immune_system
Immune_system,ALG3,Target,Target-Immune_system
Immune_system,ZC3H7A,Target,Target-Immune_system
Immune_system,SPPL3,Target,Target-Immune_system
Immune_system,CERK,Target,Target-Immune_system
Immune_system,DYRK2,Target,Target-Immune_system
Immune_system,TRPM4,Target,Target-Immune_system
Immune_system,PXDN,Target,Target-Immune_system
Immune_system,APPBP2,Target,Target-Immune_system
Immune_system,DHX38,Target,Target-Immune_system
Immune_system,GPT2,Target,Target-Immune_system
Immune_system,RPS9,Target,Target-Immune_system
Immune_system,MAPK15,Target,Target-Immune_system
Immune_system,NCF4,Target,Target-Immune_system
Immune_system,CDK5R1,Target,Target-Immune_system
Immune_system,KIF14,Target,Target-Immune_system
Immune_system,KHSRP,Target,Target-Immune_system
Immune_system,EXTL1,Target,Target-Immune_system
Immune_system,DDI1,Target,Target-Immune_system
Immune_system,ZDHHC14,Target,Target-Immune_system
Immune_system,SUMO1,Target,Target-Immune_system
Immune_system,GPKOW,Target,Target-Immune_system
Immune_system,ABHD5,Target,Target-Immune_system
Immune_system,COPS5,Target,Target-Immune_system
Immune_system,SF3B3,Target,Target-Immune_system
Immune_system,UBE3C,Target,Target-Immune_system
Immune_system,RNF139,Target,Target-Immune_system
Immune_system,KLHL12,Target,Target-Immune_system
Immune_system,ELOC,Target,Target-Immune_system
Immune_system,PCBP2,Target,Target-Immune_system
Immune_system,PCBP1,Target,Target-Immune_system
Immune_system,XRN1,Target,Target-Immune_system
Immune_system,ERBB4,Target,Target-Immune_system
Immune_system,RPUSD2,Target,Target-Immune_system
Immune_system,RNF103,Target,Target-Immune_system
Immune_system,PSMD11,Target,Target-Immune_system
Immune_system,UFD1,Target,Target-Immune_system
Immune_system,ULK2,Target,Target-Immune_system
Immune_system,CMTR2,Target,Target-Immune_system
Immune_system,MACROH2A1,Target,Target-Immune_system
Immune_system,FARS2,Target,Target-Immune_system
Immune_system,RPE,Target,Target-Immune_system
Immune_system,AK6,Target,Target-Immune_system
Immune_system,TRIM3,Target,Target-Immune_system
Immune_system,CIAO2B,Target,Target-Immune_system
Immune_system,PPIL1,Target,Target-Immune_system
Immune_system,RNF11,Target,Target-Immune_system
Immune_system,TPRKB,Target,Target-Immune_system
Immune_system,PGLS,Target,Target-Immune_system
Immune_system,PEX19,Target,Target-Immune_system
Immune_system,REXO2,Target,Target-Immune_system
Immune_system,SF3B6,Target,Target-Immune_system
Immune_system,SBDS,Target,Target-Immune_system
Immune_system,B3GALT1,Target,Target-Immune_system
Immune_system,USP17L6P,Target,Target-Immune_system
Immune_system,CELF2,Target,Target-Immune_system
Immune_system,SRSF3,Target,Target-Immune_system
Immune_system,APOBEC3D,Target,Target-Immune_system
Immune_system,MTFMT,Target,Target-Immune_system
Immune_system,UBE2D4,Target,Target-Immune_system
Immune_system,ZDHHC9,Target,Target-Immune_system
Immune_system,RBMX2,Target,Target-Immune_system
Immune_system,UBE2J1,Target,Target-Immune_system
Immune_system,THRAP3,Target,Target-Immune_system
Immune_system,COG6,Target,Target-Immune_system
Immune_system,SH3GLB1,Target,Target-Immune_system
Immune_system,KLHDC2,Target,Target-Immune_system
Immune_system,NTAN1,Target,Target-Immune_system
Immune_system,MRPS17,Target,Target-Immune_system
Immune_system,LSM2,Target,Target-Immune_system
Immune_system,ADSL,Target,Target-Immune_system
Immune_system,TEX264,Target,Target-Immune_system
Immune_system,EEFSEC,Target,Target-Immune_system
Immune_system,RFT1,Target,Target-Immune_system
Immune_system,CLIP3,Target,Target-Immune_system
Immune_system,DERA,Target,Target-Immune_system
Immune_system,NUP107,Target,Target-Immune_system
Immune_system,CYP3A5,Target,Target-Immune_system
Immune_system,KLHL20,Target,Target-Immune_system
Immune_system,TRAPPC8,Target,Target-Immune_system
Immune_system,DIS3,Target,Target-Immune_system
Immune_system,MTMR6,Target,Target-Immune_system
Immune_system,RPL14,Target,Target-Immune_system
Immune_system,DHCR7,Target,Target-Immune_system
Immune_system,ASH2L,Target,Target-Immune_system
Immune_system,NMT1,Target,Target-Immune_system
Immune_system,F13A1,Target,Target-Immune_system
Immune_system,DALRD3,Target,Target-Immune_system
Immune_system,KCTD6,Target,Target-Immune_system
Immune_system,DMGDH,Target,Target-Immune_system
Immune_system,RPA1,Target,Target-Immune_system
Immune_system,APEX1,Target,Target-Immune_system
Immune_system,MRC2,Target,Target-Immune_system
Immune_system,MAGEC2,Target,Target-Immune_system
Immune_system,WBP4,Target,Target-Immune_system
Immune_system,SAE1,Target,Target-Immune_system
Immune_system,PCSK9,Target,Target-Immune_system
Immune_system,MFN2,Target,Target-Immune_system
Immune_system,RDH13,Target,Target-Immune_system
Immune_system,AZU1,Target,Target-Immune_system
Immune_system,KIT,Target,Target-Immune_system
Immune_system,SUMF1,Target,Target-Immune_system
Immune_system,PGAP3,Target,Target-Immune_system
Immune_system,PPT1,Target,Target-Immune_system
Immune_system,THOC1,Target,Target-Immune_system
Immune_system,RNF144A,Target,Target-Immune_system
Immune_system,KMT5B,Target,Target-Immune_system
Immune_system,TRMT61A,Target,Target-Immune_system
Immune_system,LRBA,Target,Target-Immune_system
Immune_system,SLC27A3,Target,Target-Immune_system
Immune_system,HSD17B2,Target,Target-Immune_system
Immune_system,CDC25B,Target,Target-Immune_system
Immune_system,PRPF38A,Target,Target-Immune_system
Immune_system,GALNTL6,Target,Target-Immune_system
Immune_system,UBE2G2,Target,Target-Immune_system
Immune_system,CDC20,Target,Target-Immune_system
Immune_system,HSD17B6,Target,Target-Immune_system
Immune_system,SMARCB1,Target,Target-Immune_system
Immune_system,DUSP21,Target,Target-Immune_system
Immune_system,CDIPT,Target,Target-Immune_system
Immune_system,RIOK3,Target,Target-Immune_system
Immune_system,EFEMP1,Target,Target-Immune_system
Immune_system,TFCP2,Target,Target-Immune_system
Immune_system,WDR4,Target,Target-Immune_system
Immune_system,APEH,Target,Target-Immune_system
Immune_system,PPOX,Target,Target-Immune_system
Immune_system,PIGP,Target,Target-Immune_system
Immune_system,RPL18A,Target,Target-Immune_system
Immune_system,MTARC2,Target,Target-Immune_system
Immune_system,TBRG4,Target,Target-Immune_system
Immune_system,ESCO1,Target,Target-Immune_system
Immune_system,ZRANB3,Target,Target-Immune_system
Immune_system,ALAD,Target,Target-Immune_system
Immune_system,UTP4,Target,Target-Immune_system
Immune_system,MBTD1,Target,Target-Immune_system
Immune_system,MUL1,Target,Target-Immune_system
Immune_system,WBP2,Target,Target-Immune_system
Immune_system,UBE2E3,Target,Target-Immune_system
Immune_system,KMT5A,Target,Target-Immune_system
Immune_system,GFM2,Target,Target-Immune_system
Immune_system,HYAL1,Target,Target-Immune_system
Immune_system,DET1,Target,Target-Immune_system
Immune_system,FBXO32,Target,Target-Immune_system
Immune_system,ENC1,Target,Target-Immune_system
Immune_system,ABCD4,Target,Target-Immune_system
Immune_system,GPHN,Target,Target-Immune_system
Immune_system,PRG3,Target,Target-Immune_system
Immune_system,CNOT4,Target,Target-Immune_system
Immune_system,ADCY5,Target,Target-Immune_system
Immune_system,DUS4L,Target,Target-Immune_system
Immune_system,POMT1,Target,Target-Immune_system
Immune_system,PTCD1,Target,Target-Immune_system
Immune_system,ROCK2,Target,Target-Immune_system
Immune_system,AEN,Target,Target-Immune_system
Immune_system,EIF1AX,Target,Target-Immune_system
Immune_system,RRP7A,Target,Target-Immune_system
Immune_system,BACE2,Target,Target-Immune_system
Immune_system,ST14,Target,Target-Immune_system
Immune_system,FLVCR1,Target,Target-Immune_system
Immune_system,GRK7,Target,Target-Immune_system
Immune_system,NFS1,Target,Target-Immune_system
Immune_system,ZNF473,Target,Target-Immune_system
Immune_system,ESS2,Target,Target-Immune_system
Immune_system,AUP1,Target,Target-Immune_system
Immune_system,ALG5,Target,Target-Immune_system
Immune_system,ALG6,Target,Target-Immune_system
Immune_system,PISD,Target,Target-Immune_system
Immune_system,INSIG2,Target,Target-Immune_system
Immune_system,HS3ST3A1,Target,Target-Immune_system
Immune_system,HS3ST3B1,Target,Target-Immune_system
Immune_system,SPIN1,Target,Target-Immune_system
Immune_system,USP16,Target,Target-Immune_system
Immune_system,OTUB2,Target,Target-Immune_system
Immune_system,RBM8A,Target,Target-Immune_system
Immune_system,CDC42BPB,Target,Target-Immune_system
Immune_system,POLR2B,Target,Target-Immune_system
Immune_system,ABCF1,Target,Target-Immune_system
Immune_system,HMGA1,Target,Target-Immune_system
Immune_system,KBTBD8,Target,Target-Immune_system
Immune_system,HSPA6,Target,Target-Immune_system
Immune_system,EEF1AKMT2,Target,Target-Immune_system
Immune_system,UCHL5,Target,Target-Immune_system
Immune_system,EARS2,Target,Target-Immune_system
Immune_system,NEK11,Target,Target-Immune_system
Immune_system,IPMK,Target,Target-Immune_system
Immune_system,POLR1A,Target,Target-Immune_system
Immune_system,ETHE1,Target,Target-Immune_system
Immune_system,RPL36,Target,Target-Immune_system
Immune_system,COQ8B,Target,Target-Immune_system
Immune_system,EEF2KMT,Target,Target-Immune_system
Immune_system,DUSP11,Target,Target-Immune_system
Immune_system,USP12,Target,Target-Immune_system
Immune_system,UGT2B11,Target,Target-Immune_system
Immune_system,TMEM126A,Target,Target-Immune_system
Immune_system,LDHA,Target,Target-Immune_system
Immune_system,CYP2B6,Target,Target-Immune_system
Immune_system,ENOPH1,Target,Target-Immune_system
Immune_system,ADSS2,Target,Target-Immune_system
Immune_system,PITRM1,Target,Target-Immune_system
Immune_system,ZBTB48,Target,Target-Immune_system
Immune_system,NEIL1,Target,Target-Immune_system
Immune_system,LHPP,Target,Target-Immune_system
Immune_system,CDCA5,Target,Target-Immune_system
Immune_system,CPA4,Target,Target-Immune_system
Immune_system,UBE2B,Target,Target-Immune_system
Immune_system,PRSS50,Target,Target-Immune_system
Immune_system,DDX11,Target,Target-Immune_system
Immune_system,PTPRF,Target,Target-Immune_system
Immune_system,EIF2B4,Target,Target-Immune_system
Immune_system,PELI1,Target,Target-Immune_system
Immune_system,POLG2,Target,Target-Immune_system
Immune_system,PIK3R4,Target,Target-Immune_system
Immune_system,ANKZF1,Target,Target-Immune_system
Immune_system,CDC26,Target,Target-Immune_system
Immune_system,COP1,Target,Target-Immune_system
Immune_system,B4GALNT2,Target,Target-Immune_system
Immune_system,AMACR,Target,Target-Immune_system
Immune_system,DDX20,Target,Target-Immune_system
Immune_system,GIMAP7,Target,Target-Immune_system
Immune_system,PTCD3,Target,Target-Immune_system
Immune_system,DNAJA3,Target,Target-Immune_system
Immune_system,IP6K2,Target,Target-Immune_system
Immune_system,COQ8A,Target,Target-Immune_system
Immune_system,PIN4,Target,Target-Immune_system
Immune_system,PCYOX1,Target,Target-Immune_system
Immune_system,CTCFL,Target,Target-Immune_system
Immune_system,NAT8B,Target,Target-Immune_system
Immune_system,LSM8,Target,Target-Immune_system
Immune_system,PPTC7,Target,Target-Immune_system
Immune_system,C1GALT1C1,Target,Target-Immune_system
Immune_system,RRP36,Target,Target-Immune_system
Immune_system,UBQLN2,Target,Target-Immune_system
Immune_system,TBK1,Target,Target-Immune_system
Immune_system,THOC2,Target,Target-Immune_system
Immune_system,NPC1L1,Target,Target-Immune_system
Immune_system,SGF29,Target,Target-Immune_system
Immune_system,B4GALT7,Target,Target-Immune_system
Immune_system,RAD51D,Target,Target-Immune_system
Immune_system,PGGHG,Target,Target-Immune_system
Immune_system,REN,Target,Target-Immune_system
Immune_system,SRMS,Target,Target-Immune_system
Immune_system,SLC25A12,Target,Target-Immune_system
Immune_system,ME3,Target,Target-Immune_system
Immune_system,ZFP91,Target,Target-Immune_system
Immune_system,PIGU,Target,Target-Immune_system
Immune_system,HAGH,Target,Target-Immune_system
Immune_system,KYAT1,Target,Target-Immune_system
Immune_system,QPCT,Target,Target-Immune_system
Immune_system,PLAT,Target,Target-Immune_system
Immune_system,FBXL15,Target,Target-Immune_system
Immune_system,F9,Target,Target-Immune_system
Immune_system,IVL,Target,Target-Immune_system
Immune_system,PTPN23,Target,Target-Immune_system
Immune_system,TMPRSS5,Target,Target-Immune_system
Immune_system,SSU72,Target,Target-Immune_system
Immune_system,ALG13,Target,Target-Immune_system
Immune_system,MLXIPL,Target,Target-Immune_system
Immune_system,GCM1,Target,Target-Immune_system
Immune_system,AKAP8L,Target,Target-Immune_system
Immune_system,KYNU,Target,Target-Immune_system
Immune_system,SLC35D2,Target,Target-Immune_system
Immune_system,ZMYND8,Target,Target-Immune_system
Immune_system,ST6GAL2,Target,Target-Immune_system
Immune_system,ZNRF3,Target,Target-Immune_system
Immune_system,MMADHC,Target,Target-Immune_system
Immune_system,ISY1,Target,Target-Immune_system
Immune_system,TERF1,Target,Target-Immune_system
Immune_system,BOLA2,Target,Target-Immune_system
Immune_system,VPS39,Target,Target-Immune_system
Immune_system,IAPP,Target,Target-Immune_system
Immune_system,MTRFR,Target,Target-Immune_system
Immune_system,COG3,Target,Target-Immune_system
Immune_system,ANAPC10,Target,Target-Immune_system
Immune_system,FZR1,Target,Target-Immune_system
Immune_system,PADI4,Target,Target-Immune_system
Immune_system,ACAD11,Target,Target-Immune_system
Immune_system,CNOT6,Target,Target-Immune_system
Immune_system,RSRC1,Target,Target-Immune_system
Immune_system,METTL2A,Target,Target-Immune_system
Immune_system,ADTRP,Target,Target-Immune_system
Immune_system,ITGB4,Target,Target-Immune_system
Immune_system,NDUFS7,Target,Target-Immune_system
Immune_system,ALG14,Target,Target-Immune_system
Immune_system,UQCRFS1,Target,Target-Immune_system
Immune_system,SNAP29,Target,Target-Immune_system
Immune_system,CHST14,Target,Target-Immune_system
Immune_system,SAT2,Target,Target-Immune_system
Immune_system,POP4,Target,Target-Immune_system
Immune_system,MOCOS,Target,Target-Immune_system
Immune_system,VNN1,Target,Target-Immune_system
Immune_system,SLC16A11,Target,Target-Immune_system
Immune_system,MARK3,Target,Target-Immune_system
Immune_system,NFE2L2,Target,Target-Immune_system
Immune_system,ENPP4,Target,Target-Immune_system
Immune_system,FAM98B,Target,Target-Immune_system
Immune_system,ENOX2,Target,Target-Immune_system
Immune_system,DUSP10,Target,Target-Immune_system
Immune_system,ARSG,Target,Target-Immune_system
Immune_system,CAPN7,Target,Target-Immune_system
Immune_system,MTMR8,Target,Target-Immune_system
Immune_system,ZC3H7B,Target,Target-Immune_system
Immune_system,NUMBL,Target,Target-Immune_system
Immune_system,LIMD1,Target,Target-Immune_system
Immune_system,SESN1,Target,Target-Immune_system
Immune_system,PARP2,Target,Target-Immune_system
Immune_system,SQOR,Target,Target-Immune_system
Immune_system,COX11,Target,Target-Immune_system
Immune_system,SLC4A7,Target,Target-Immune_system
Immune_system,ERLEC1,Target,Target-Immune_system
Immune_system,CEPT1,Target,Target-Immune_system
Immune_system,ZRANB1,Target,Target-Immune_system
Immune_system,INO80,Target,Target-Immune_system
Immune_system,NDUFS8,Target,Target-Immune_system
Immune_system,TYRO3,Target,Target-Immune_system
Immune_system,UTP20,Target,Target-Immune_system
Immune_system,RNF123,Target,Target-Immune_system
Immune_system,ZDHHC8,Target,Target-Immune_system
Immune_system,MCTS1,Target,Target-Immune_system
Immune_system,RAB23,Target,Target-Immune_system
Immune_system,XAB2,Target,Target-Immune_system
Immune_system,SNRNP200,Target,Target-Immune_system
Immune_system,ITCH,Target,Target-Immune_system
Immune_system,THOC3,Target,Target-Immune_system
Immune_system,MPV17L,Target,Target-Immune_system
Immune_system,IFI16,Target,Target-Immune_system
Immune_system,DHX36,Target,Target-Immune_system
Immune_system,USP17L2,Target,Target-Immune_system
Immune_system,GCM2,Target,Target-Immune_system
Immune_system,PDK4,Target,Target-Immune_system
Immune_system,WDR6,Target,Target-Immune_system
Immune_system,DPM2,Target,Target-Immune_system
Immune_system,POMT2,Target,Target-Immune_system
Immune_system,SMN1,Target,Target-Immune_system
Immune_system,AGO2,Target,Target-Immune_system
Immune_system,AMFR,Target,Target-Immune_system
Immune_system,PARL,Target,Target-Immune_system
Immune_system,FBXO4,Target,Target-Immune_system
Immune_system,KLK12,Target,Target-Immune_system
Immune_system,TAOK3,Target,Target-Immune_system
Immune_system,TNKS2,Target,Target-Immune_system
Immune_system,PLAAT4,Target,Target-Immune_system
Immune_system,AGO1,Target,Target-Immune_system
Immune_system,DSE,Target,Target-Immune_system
Immune_system,RARS1,Target,Target-Immune_system
Immune_system,TRMT6,Target,Target-Immune_system
Immune_system,CRLS1,Target,Target-Immune_system
Immune_system,HPRT1,Target,Target-Immune_system
Immune_system,DDX27,Target,Target-Immune_system
Immune_system,SNF8,Target,Target-Immune_system
Immune_system,ATG10,Target,Target-Immune_system
Immune_system,SYF2,Target,Target-Immune_system
Immune_system,SMG9,Target,Target-Immune_system
Immune_system,AGA,Target,Target-Immune_system
Immune_system,TOE1,Target,Target-Immune_system
Immune_system,SMARCD1,Target,Target-Immune_system
Immune_system,MAGT1,Target,Target-Immune_system
Immune_system,ZSWIM7,Target,Target-Immune_system
Immune_system,FAHD2A,Target,Target-Immune_system
Immune_system,DDX47,Target,Target-Immune_system
Immune_system,COL5A1,Target,Target-Immune_system
Immune_system,QRSL1,Target,Target-Immune_system
Immune_system,CNOT7,Target,Target-Immune_system
Immune_system,RNF185,Target,Target-Immune_system
Immune_system,MAGEL2,Target,Target-Immune_system
Immune_system,HACD2,Target,Target-Immune_system
Immune_system,ST6GALNAC2,Target,Target-Immune_system
Immune_system,PUS7L,Target,Target-Immune_system
Immune_system,PARP12,Target,Target-Immune_system
Immune_system,KDM1B,Target,Target-Immune_system
Immune_system,SHARPIN,Target,Target-Immune_system
Immune_system,TOLLIP,Target,Target-Immune_system
Immune_system,CYP2D6,Target,Target-Immune_system
Immune_system,CYP2C8,Target,Target-Immune_system
Immune_system,DAPK2,Target,Target-Immune_system
Immune_system,B3GALT6,Target,Target-Immune_system
Immune_system,GATB,Target,Target-Immune_system
Immune_system,MARK4,Target,Target-Immune_system
Immune_system,ARHGAP26,Target,Target-Immune_system
Immune_system,EHMT2,Target,Target-Immune_system
Immune_system,GSTO2,Target,Target-Immune_system
Immune_system,PLAAT5,Target,Target-Immune_system
Immune_system,RPP40,Target,Target-Immune_system
Immune_system,POP7,Target,Target-Immune_system
Immune_system,MT-ATP6,Target,Target-Immune_system
Immune_system,DGUOK,Target,Target-Immune_system
Immune_system,AOC3,Target,Target-Immune_system
Immune_system,UGP2,Target,Target-Immune_system
Immune_system,CYP51A1,Target,Target-Immune_system
Immune_system,ALG2,Target,Target-Immune_system
Immune_system,NOL7,Target,Target-Immune_system
Immune_system,COX4I2,Target,Target-Immune_system
Immune_system,DDR2,Target,Target-Immune_system
Immune_system,PLCB1,Target,Target-Immune_system
Immune_system,UBQLN1,Target,Target-Immune_system
Immune_system,DUSP7,Target,Target-Immune_system
Immune_system,DUSP6,Target,Target-Immune_system
Immune_system,MTHFD2,Target,Target-Immune_system
Immune_system,RNF41,Target,Target-Immune_system
Immune_system,SMARCAD1,Target,Target-Immune_system
Immune_system,SENP3,Target,Target-Immune_system
Immune_system,PPT2,Target,Target-Immune_system
Immune_system,MED4,Target,Target-Immune_system
Immune_system,PNRC2,Target,Target-Immune_system
Immune_system,DCP1A,Target,Target-Immune_system
Immune_system,BRD7,Target,Target-Immune_system
Immune_system,ACP6,Target,Target-Immune_system
Immune_system,NXF3,Target,Target-Immune_system
Immune_system,OSGEP,Target,Target-Immune_system
Immune_system,CHST11,Target,Target-Immune_system
Immune_system,OSGEPL1,Target,Target-Immune_system
Immune_system,NOP10,Target,Target-Immune_system
Immune_system,CERS4,Target,Target-Immune_system
Immune_system,CARS2,Target,Target-Immune_system
Immune_system,GFUS,Target,Target-Immune_system
Immune_system,UCK1,Target,Target-Immune_system
Immune_system,EEF1A1,Target,Target-Immune_system
Immune_system,RNF113A,Target,Target-Immune_system
Immune_system,CUL4A,Target,Target-Immune_system
Immune_system,CUL3,Target,Target-Immune_system
Immune_system,CUL2,Target,Target-Immune_system
Immune_system,MTMR3,Target,Target-Immune_system
Immune_system,MTMR2,Target,Target-Immune_system
Immune_system,MTMR1,Target,Target-Immune_system
Immune_system,PEX6,Target,Target-Immune_system
Immune_system,NKX2-8,Target,Target-Immune_system
Immune_system,YRDC,Target,Target-Immune_system
Immune_system,CTC1,Target,Target-Immune_system
Immune_system,INSIG1,Target,Target-Immune_system
Immune_system,TTC7B,Target,Target-Immune_system
Immune_system,PRAME,Target,Target-Immune_system
Immune_system,PLCD1,Target,Target-Immune_system
Immune_system,RPP30,Target,Target-Immune_system
Immune_system,RPP38,Target,Target-Immune_system
Immune_system,PSPH,Target,Target-Immune_system
Immune_system,GIGYF2,Target,Target-Immune_system
Immune_system,ECE2,Target,Target-Immune_system
Immune_system,EGLN3,Target,Target-Immune_system
Immune_system,RNF167,Target,Target-Immune_system
Immune_system,PEAK1,Target,Target-Immune_system
Immune_system,EXO5,Target,Target-Immune_system
Immune_system,TRMT5,Target,Target-Immune_system
Immune_system,PLSCR3,Target,Target-Immune_system
Immune_system,INIP,Target,Target-Immune_system
Immune_system,ALG9,Target,Target-Immune_system
Immune_system,APOBEC3C,Target,Target-Immune_system
Immune_system,TOPORS,Target,Target-Immune_system
Immune_system,TMEM68,Target,Target-Immune_system
Immune_system,TMPRSS4,Target,Target-Immune_system
Immune_system,PCMTD1,Target,Target-Immune_system
Immune_system,NSMCE3,Target,Target-Immune_system
Immune_system,PLA2G4C,Target,Target-Immune_system
Immune_system,NSMCE2,Target,Target-Immune_system
Immune_system,RETREG1,Target,Target-Immune_system
Immune_system,USP14,Target,Target-Immune_system
Immune_system,YARS1,Target,Target-Immune_system
Immune_system,AASDHPPT,Target,Target-Immune_system
Immune_system,LATS2,Target,Target-Immune_system
Immune_system,SLC2A9,Target,Target-Immune_system
Immune_system,BAZ1A,Target,Target-Immune_system
Immune_system,CALM1,Target,Target-Immune_system
Immune_system,TUT1,Target,Target-Immune_system
Immune_system,YAE1,Target,Target-Immune_system
Immune_system,PRTFDC1,Target,Target-Immune_system
Immune_system,CHD1L,Target,Target-Immune_system
Immune_system,TMEM260,Target,Target-Immune_system
Immune_system,GTF2H3,Target,Target-Immune_system
Immune_system,GTF2H2,Target,Target-Immune_system
Immune_system,PTK6,Target,Target-Immune_system
Immune_system,NEK6,Target,Target-Immune_system
Immune_system,LONP2,Target,Target-Immune_system
Immune_system,ETNK1,Target,Target-Immune_system
Immune_system,TNFAIP1,Target,Target-Immune_system
Immune_system,DDI2,Target,Target-Immune_system
Immune_system,APOBEC3G,Target,Target-Immune_system
Immune_system,TMEM165,Target,Target-Immune_system
Immune_system,THOC6,Target,Target-Immune_system
Immune_system,PHEX,Target,Target-Immune_system
Immune_system,RETREG3,Target,Target-Immune_system
Immune_system,CYP4F11,Target,Target-Immune_system
Immune_system,OTUD3,Target,Target-Immune_system
Immune_system,COL3A1,Target,Target-Immune_system
Immune_system,RIOK1,Target,Target-Immune_system
Immune_system,COL1A1,Target,Target-Immune_system
Immune_system,AIFM2,Target,Target-Immune_system
Immune_system,ERP44,Target,Target-Immune_system
Immune_system,PYM1,Target,Target-Immune_system
Immune_system,GEN1,Target,Target-Immune_system
Immune_system,ACAA1,Target,Target-Immune_system
Immune_system,MRPL45,Target,Target-Immune_system
Immune_system,BCKDHA,Target,Target-Immune_system
Immune_system,DGAT2L6,Target,Target-Immune_system
Immune_system,BUD13,Target,Target-Immune_system
Immune_system,TGM3,Target,Target-Immune_system
Immune_system,POLR2E,Target,Target-Immune_system
Immune_system,POLR2C,Target,Target-Immune_system
Immune_system,SDIM1,Target,Target-Immune_system
Immune_system,ZC3H13,Target,Target-Immune_system
Immune_system,PIGQ,Target,Target-Immune_system
Immune_system,AMPD2,Target,Target-Immune_system
Immune_system,GALK2,Target,Target-Immune_system
Immune_system,VCAM1,Target,Target-Immune_system
Immune_system,MMP8,Target,Target-Immune_system
Immune_system,ZNF827,Target,Target-Immune_system
Immune_system,FECH,Target,Target-Immune_system
Immune_system,GOLPH3,Target,Target-Immune_system
Immune_system,UBE2T,Target,Target-Immune_system
Immune_system,EXOSC4,Target,Target-Immune_system
Immune_system,USP47,Target,Target-Immune_system
Immune_system,UGT2B17,Target,Target-Immune_system
Immune_system,ENY2,Target,Target-Immune_system
Immune_system,ZNF668,Target,Target-Immune_system
Immune_system,RPS6KA4,Target,Target-Immune_system
Immune_system,RPP14,Target,Target-Immune_system
Immune_system,INMT,Target,Target-Immune_system
Immune_system,USP38,Target,Target-Immune_system
Immune_system,PPP2CA,Target,Target-Immune_system
Immune_system,RP2,Target,Target-Immune_system
Immune_system,ANXA7,Target,Target-Immune_system
Immune_system,PLA2G1B,Target,Target-Immune_system
Immune_system,RRN3,Target,Target-Immune_system
Immune_system,CAT,Target,Target-Immune_system
Immune_system,ATM,Target,Target-Immune_system
Immune_system,CASC3,Target,Target-Immune_system
Immune_system,SRSF1,Target,Target-Immune_system
Immune_system,RFWD3,Target,Target-Immune_system
Immune_system,TNK2,Target,Target-Immune_system
Immune_system,PLEKHM1,Target,Target-Immune_system
Immune_system,STK17A,Target,Target-Immune_system
Immune_system,CTDNEP1,Target,Target-Immune_system
Immune_system,TRIM65,Target,Target-Immune_system
Immune_system,SPSB3,Target,Target-Immune_system
Immune_system,DDA1,Target,Target-Immune_system
Immune_system,TMUB1,Target,Target-Immune_system
Immune_system,TRMT61B,Target,Target-Immune_system
Immune_system,RIOK2,Target,Target-Immune_system
Immune_system,RUSC1,Target,Target-Immune_system
Immune_system,GGACT,Target,Target-Immune_system
Immune_system,DNAJA2,Target,Target-Immune_system
Immune_system,KLHDC10,Target,Target-Immune_system
Immune_system,DUSP23,Target,Target-Immune_system
Immune_system,TRIM13,Target,Target-Immune_system
Immune_system,ATP5ME,Target,Target-Immune_system
Immune_system,ATP5F1E,Target,Target-Immune_system
Immune_system,EIF5B,Target,Target-Immune_system
Immune_system,TRIM62,Target,Target-Immune_system
Immune_system,DKC1,Target,Target-Immune_system
Immune_system,UTP25,Target,Target-Immune_system
Immune_system,CSNK2A2,Target,Target-Immune_system
Immune_system,XPC,Target,Target-Immune_system
Immune_system,SLFN13,Target,Target-Immune_system
Immune_system,DARS2,Target,Target-Immune_system
Immune_system,ULK3,Target,Target-Immune_system
Immune_system,NOP2,Target,Target-Immune_system
Immune_system,RSRP1,Target,Target-Immune_system
Immune_system,ADI1,Target,Target-Immune_system
Immune_system,DUSP26,Target,Target-Immune_system
Immune_system,THUMPD3,Target,Target-Immune_system
Immune_system,VAMP8,Target,Target-Immune_system
Immune_system,WRAP53,Target,Target-Immune_system
Immune_system,RNFT1,Target,Target-Immune_system
Immune_system,ALG12,Target,Target-Immune_system
Immune_system,RBP1,Target,Target-Immune_system
Immune_system,TNP1,Target,Target-Immune_system
Immune_system,RPP25,Target,Target-Immune_system
Immune_system,TOM1,Target,Target-Immune_system
Immune_system,MRPS14,Target,Target-Immune_system
Immune_system,DPM1,Target,Target-Immune_system
Immune_system,KLHL41,Target,Target-Immune_system
Immune_system,ABCC10,Target,Target-Immune_system
Immune_system,HECTD3,Target,Target-Immune_system
Immune_system,MCMBP,Target,Target-Immune_system
Immune_system,ATP5MF,Target,Target-Immune_system
Immune_system,GOLGA2,Target,Target-Immune_system
Immune_system,TMEM41B,Target,Target-Immune_system
Immune_system,DDR1,Target,Target-Immune_system
Immune_system,IDO2,Target,Target-Immune_system
Immune_system,COPS4,Target,Target-Immune_system
Immune_system,NAA11,Target,Target-Immune_system
Immune_system,POLR3GL,Target,Target-Immune_system
Immune_system,NBDY,Target,Target-Immune_system
Immune_system,SNRPC,Target,Target-Immune_system
Immune_system,UBAC1,Target,Target-Immune_system
Immune_system,FEM1A,Target,Target-Immune_system
Immune_system,EIF4E2,Target,Target-Immune_system
Immune_system,SLC25A33,Target,Target-Immune_system
Immune_system,GSTP1,Target,Target-Immune_system
Immune_system,NMT2,Target,Target-Immune_system
Immune_system,GMDS,Target,Target-Immune_system
Immune_system,B4GALT4,Target,Target-Immune_system
Immune_system,CDC40,Target,Target-Immune_system
Immune_system,RHNO1,Target,Target-Immune_system
Immune_system,TRIM21,Target,Target-Immune_system
Immune_system,ATG101,Target,Target-Immune_system
Immune_system,CRYZ,Target,Target-Immune_system
Immune_system,ERCC3,Target,Target-Immune_system
Immune_system,ATAT1,Target,Target-Immune_system
Immune_system,DHX9,Target,Target-Immune_system
Immune_system,WDR83,Target,Target-Immune_system
Immune_system,PELO,Target,Target-Immune_system
Immune_system,MARCHF5,Target,Target-Immune_system
Immune_system,GON7,Target,Target-Immune_system
Immune_system,PASK,Target,Target-Immune_system
Immune_system,PRSS22,Target,Target-Immune_system
Immune_system,NHP2,Target,Target-Immune_system
Immune_system,SDHAF2,Target,Target-Immune_system
Immune_system,WDR12,Target,Target-Immune_system
Immune_system,DCAF15,Target,Target-Immune_system
Immune_system,SMOX,Target,Target-Immune_system
Immune_system,ALG10B,Target,Target-Immune_system
Immune_system,THOC7,Target,Target-Immune_system
Immune_system,GBE1,Target,Target-Immune_system
Immune_system,SARNP,Target,Target-Immune_system
Immune_system,ETF1,Target,Target-Immune_system
Immune_system,POLR2G,Target,Target-Immune_system
Immune_system,ALDH9A1,Target,Target-Immune_system
Immune_system,RPL41,Target,Target-Immune_system
Immune_system,USP10,Target,Target-Immune_system
Immune_system,NCOA6,Target,Target-Immune_system
Immune_system,MELK,Target,Target-Immune_system
Immune_system,PUM1,Target,Target-Immune_system
Immune_system,TRIP12,Target,Target-Immune_system
Immune_system,TRA2B,Target,Target-Immune_system
Immune_system,IRF3,Target,Target-Immune_system
Immune_system,ZDHHC20,Target,Target-Immune_system
Immune_system,TRIM68,Target,Target-Immune_system
Immune_system,TSSC4,Target,Target-Immune_system
Immune_system,NME1,Target,Target-Immune_system
Immune_system,PCMT1,Target,Target-Immune_system
Immune_system,FBL,Target,Target-Immune_system
Immune_system,NBR1,Target,Target-Immune_system
Immune_system,CAMK1,Target,Target-Immune_system
Immune_system,MGRN1,Target,Target-Immune_system
Immune_system,EPHA3,Target,Target-Immune_system
Immune_system,IDUA,Target,Target-Immune_system
Immune_system,MB,Target,Target-Immune_system
Immune_system,OPA1,Target,Target-Immune_system
Immune_system,AKR1C4,Target,Target-Immune_system
Immune_system,SUMO3,Target,Target-Immune_system
Immune_system,OXCT1,Target,Target-Immune_system
Immune_system,SPRR1A,Target,Target-Immune_system
Immune_system,GUCY2C,Target,Target-Immune_system
Immune_system,CD24,Target,Target-Immune_system
Immune_system,GZMA,Target,Target-Immune_system
Immune_system,FADS1,Target,Target-Immune_system
Immune_system,ABHD2,Target,Target-Immune_system
Immune_system,SNU13,Target,Target-Immune_system
Immune_system,SPR,Target,Target-Immune_system
Immune_system,RPA3,Target,Target-Immune_system
Immune_system,CTNNB1,Target,Target-Immune_system
Immune_system,NADSYN1,Target,Target-Immune_system
Immune_system,WDR83OS,Target,Target-Immune_system
Immune_system,TXK,Target,Target-Immune_system
Immune_system,RPS27,Target,Target-Immune_system
Immune_system,UBE2G1,Target,Target-Immune_system
Immune_system,HACD4,Target,Target-Immune_system
Immune_system,FLT4,Target,Target-Immune_system
Immune_system,FNTB,Target,Target-Immune_system
Immune_system,FNTA,Target,Target-Immune_system
Immune_system,FMO5,Target,Target-Immune_system
Immune_system,AKR1C2,Target,Target-Immune_system
Immune_system,NTMT2,Target,Target-Immune_system
Immune_system,UST,Target,Target-Immune_system
Immune_system,DENR,Target,Target-Immune_system
Immune_system,SPSB4,Target,Target-Immune_system
Immune_system,BABAM2,Target,Target-Immune_system
Immune_system,XRCC2,Target,Target-Immune_system
Immune_system,XRCC3,Target,Target-Immune_system
Immune_system,YOD1,Target,Target-Immune_system
Immune_system,CHST10,Target,Target-Immune_system
Immune_system,B4GAT1,Target,Target-Immune_system
Immune_system,RAD51C,Target,Target-Immune_system
Immune_system,RPS19,Target,Target-Immune_system
Immune_system,RPS4Y1,Target,Target-Immune_system
Immune_system,FUT4,Target,Target-Immune_system
Immune_system,HPN,Target,Target-Immune_system
Immune_system,SGPL1,Target,Target-Immune_system
Immune_system,MMUT,Target,Target-Immune_system
Immune_system,SLC27A5,Target,Target-Immune_system
Immune_system,AKR7A2,Target,Target-Immune_system
Immune_system,RBM5,Target,Target-Immune_system
Immune_system,HTRA2,Target,Target-Immune_system
Immune_system,PSMC2,Target,Target-Immune_system
Immune_system,KDR,Target,Target-Immune_system
Immune_system,HMGCL,Target,Target-Immune_system
Immune_system,HPGD,Target,Target-Immune_system
Immune_system,VPS4B,Target,Target-Immune_system
Immune_system,FAHD1,Target,Target-Immune_system
Immune_system,RPS29,Target,Target-Immune_system
Immune_system,RPS23,Target,Target-Immune_system
Immune_system,RPS14,Target,Target-Immune_system
Immune_system,UBE2H,Target,Target-Immune_system
Immune_system,RPS16,Target,Target-Immune_system
Immune_system,DNAJB2,Target,Target-Immune_system
Immune_system,HTATSF1,Target,Target-Immune_system
Immune_system,EIF2S1,Target,Target-Immune_system
Immune_system,CYP2E1,Target,Target-Immune_system
Immune_system,CYP1A2,Target,Target-Immune_system
Immune_system,SPOP,Target,Target-Immune_system
Immune_system,SERPINE1,Target,Target-Immune_system
Immune_system,INHA,Target,Target-Immune_system
Immune_system,S100A8,Target,Target-Immune_system
Immune_system,CDC34,Target,Target-Immune_system
Immune_system,PSMC5,Target,Target-Immune_system
Immune_system,CHST3,Target,Target-Immune_system
Immune_system,GAS6,Target,Target-Immune_system
Immune_system,GALE,Target,Target-Immune_system
Immune_system,ALDH2,Target,Target-Immune_system
Immune_system,APOD,Target,Target-Immune_system
Immune_system,GAMT,Target,Target-Immune_system
Immune_system,ALDOB,Target,Target-Immune_system
Immune_system,CHST15,Target,Target-Immune_system
Immune_system,CBL,Target,Target-Immune_system
Immune_system,LTK,Target,Target-Immune_system
Immune_system,TAF6,Target,Target-Immune_system
Immune_system,LIN28B,Target,Target-Immune_system
Immune_system,PTPN6,Target,Target-Immune_system
Immune_system,EPHA2,Target,Target-Immune_system
Immune_system,STRADB,Target,Target-Immune_system
Immune_system,B3GNT4,Target,Target-Immune_system
Immune_system,CYP11B2,Target,Target-Immune_system
Immune_system,ZYG11B,Target,Target-Immune_system
Immune_system,UBE2O,Target,Target-Immune_system
Immune_system,AMBRA1,Target,Target-Immune_system
Immune_system,ZDHHC5,Target,Target-Immune_system
Immune_system,MBLAC1,Target,Target-Immune_system
Immune_system,RANBP2,Target,Target-Immune_system
Immune_system,FHIT,Target,Target-Immune_system
Immune_system,PSEN1,Target,Target-Immune_system
Immune_system,ACADVL,Target,Target-Immune_system
Immune_system,SPRR1B,Target,Target-Immune_system
Immune_system,TRIM9,Target,Target-Immune_system
Immune_system,DPY30,Target,Target-Immune_system
Immune_system,NLRP1,Target,Target-Immune_system
Immune_system,JMJD7,Target,Target-Immune_system
Immune_system,PLPP4,Target,Target-Immune_system
Immune_system,PLA2G4B,Target,Target-Immune_system
Immune_system,METTL21C,Target,Target-Immune_system
Immune_system,PHETA2,Target,Target-Immune_system
Immune_system,OST4,Target,Target-Immune_system
Immune_system,CREB3,Target,Target-Immune_system
Immune_system,RRP9,Target,Target-Immune_system
Immune_system,NUDT21,Target,Target-Immune_system
Immune_system,TIMM50,Target,Target-Immune_system
Immune_system,ECPAS,Target,Target-Immune_system
Immune_system,MTHFR,Target,Target-Immune_system
Immune_system,NME2,Target,Target-Immune_system
Immune_system,PPM1F,Target,Target-Immune_system
Immune_system,FUT7,Target,Target-Immune_system
Immune_system,FUT5,Target,Target-Immune_system
Immune_system,UBA1,Target,Target-Immune_system
Immune_system,H2AB2,Target,Target-Immune_system
Immune_system,NARS1,Target,Target-Immune_system
Immune_system,HARS1,Target,Target-Immune_system
Immune_system,TRAF3IP2,Target,Target-Immune_system
Immune_system,CYP17A1,Target,Target-Immune_system
Immune_system,GATC,Target,Target-Immune_system
Immune_system,BUD23,Target,Target-Immune_system
Immune_system,GSTZ1,Target,Target-Immune_system
Immune_system,PCNA,Target,Target-Immune_system
Immune_system,PRAMEF6,Target,Target-Immune_system
Immune_system,OBI1,Target,Target-Immune_system
Immune_system,REP15,Target,Target-Immune_system
Immune_system,PPM1D,Target,Target-Immune_system
Immune_system,UBE2A,Target,Target-Immune_system
Immune_system,PAICS,Target,Target-Immune_system
Immune_system,GLUD2,Target,Target-Immune_system
Immune_system,TUFM,Target,Target-Immune_system
Immune_system,PPIA,Target,Target-Immune_system
Immune_system,RPL8,Target,Target-Immune_system
Immune_system,RPL11,Target,Target-Immune_system
Immune_system,RPL32,Target,Target-Immune_system
Immune_system,RPL10A,Target,Target-Immune_system
Immune_system,LIPT2,Target,Target-Immune_system
Immune_system,COQ4,Target,Target-Immune_system
Immune_system,PRPF3,Target,Target-Immune_system
Immune_system,RIPK2,Target,Target-Immune_system
Immune_system,RNF20,Target,Target-Immune_system
Immune_system,ARRB2,Target,Target-Immune_system
Immune_system,CTIF,Target,Target-Immune_system
Immune_system,CYP2R1,Target,Target-Immune_system
Immune_system,FRA10AC1,Target,Target-Immune_system
Immune_system,POLR2L,Target,Target-Immune_system
Immune_system,RPS28,Target,Target-Immune_system
Immune_system,RPS26,Target,Target-Immune_system
Immune_system,RPS24,Target,Target-Immune_system
Immune_system,RPS15,Target,Target-Immune_system
Immune_system,RAN,Target,Target-Immune_system
Immune_system,RAB1A,Target,Target-Immune_system
Immune_system,PIK3CB,Target,Target-Immune_system
Immune_system,PIK3CA,Target,Target-Immune_system
Immune_system,AKR1C3,Target,Target-Immune_system
Immune_system,METTL18,Target,Target-Immune_system
Immune_system,RNMT,Target,Target-Immune_system
Immune_system,METTL15,Target,Target-Immune_system
Immune_system,CTBP1-DT,Target,Target-Immune_system
Immune_system,PRKCB,Target,Target-Immune_system
Immune_system,AP5Z1,Target,Target-Immune_system
Immune_system,GPAA1,Target,Target-Immune_system
Immune_system,SART1,Target,Target-Immune_system
Immune_system,MAP3K13,Target,Target-Immune_system
Immune_system,MTARC1,Target,Target-Immune_system
Immune_system,PAPSS1,Target,Target-Immune_system
Immune_system,NPR2,Target,Target-Immune_system
Immune_system,TRIM40,Target,Target-Immune_system
Immune_system,CTSG,Target,Target-Immune_system
Immune_system,UCHL1,Target,Target-Immune_system
Immune_system,KDM3A,Target,Target-Immune_system
Immune_system,NDUFS4,Target,Target-Immune_system
Immune_system,PRPF4,Target,Target-Immune_system
Immune_system,GALNT18,Target,Target-Immune_system
Immune_system,RPL36A,Target,Target-Immune_system
Immune_system,PJA2,Target,Target-Immune_system
Immune_system,XIAP,Target,Target-Immune_system
Immune_system,POLR2J,Target,Target-Immune_system
Immune_system,POLR2H,Target,Target-Immune_system
Immune_system,TET3,Target,Target-Immune_system
Immune_system,EIF4G1,Target,Target-Immune_system
Immune_system,DAOA,Target,Target-Immune_system
Immune_system,ZC3H11A,Target,Target-Immune_system
Immune_system,NOTUM,Target,Target-Immune_system
Immune_system,RPS4X,Target,Target-Immune_system
Immune_system,SMU1,Target,Target-Immune_system
Immune_system,PHF5A,Target,Target-Immune_system
Immune_system,POLN,Target,Target-Immune_system
Immune_system,USP22,Target,Target-Immune_system
Immune_system,CHD4,Target,Target-Immune_system
Immune_system,GRM7,Target,Target-Immune_system
Immune_system,RPS7,Target,Target-Immune_system
Immune_system,MMAB,Target,Target-Immune_system
Immune_system,USP46,Target,Target-Immune_system
Immune_system,PRPF8,Target,Target-Immune_system
Immune_system,FASTK,Target,Target-Immune_system
Immune_system,USP5,Target,Target-Immune_system
Immune_system,YY1,Target,Target-Immune_system
Immune_system,PRMT9,Target,Target-Immune_system
Immune_system,DUSP13A,Target,Target-Immune_system
Immune_system,ACADSB,Target,Target-Immune_system
Immune_system,TRIM25,Target,Target-Immune_system
Immune_system,UBE2R2,Target,Target-Immune_system
Immune_system,EIF2B1,Target,Target-Immune_system
Immune_system,WDR91,Target,Target-Immune_system
Immune_system,FAHD2B,Target,Target-Immune_system
Immune_system,NUP214,Target,Target-Immune_system
Immune_system,GSPT1,Target,Target-Immune_system
Immune_system,DDIT3,Target,Target-Immune_system
Immune_system,FUS,Target,Target-Immune_system
Immune_system,SUMO4,Target,Target-Immune_system
Immune_system,TAF2,Target,Target-Immune_system
Immune_system,AKR1B1,Target,Target-Immune_system
Immune_system,GLUL,Target,Target-Immune_system
Immune_system,DUS1L,Target,Target-Immune_system
Immune_system,METTL2B,Target,Target-Immune_system
Immune_system,MRPL58,Target,Target-Immune_system
Immune_system,WRN,Target,Target-Immune_system
Immune_system,SLC27A4,Target,Target-Immune_system
Immune_system,SPIDR,Target,Target-Immune_system
Immune_system,IMPDH2,Target,Target-Immune_system
Immune_system,CDC73,Target,Target-Immune_system
Immune_system,PIP,Target,Target-Immune_system
Immune_system,TMEM150A,Target,Target-Immune_system
Immune_system,RPL27,Target,Target-Immune_system
Immune_system,TRA2A,Target,Target-Immune_system
Immune_system,PATL1,Target,Target-Immune_system
Immune_system,MAGOH,Target,Target-Immune_system
Immune_system,SNW1,Target,Target-Immune_system
Immune_system,NAE1,Target,Target-Immune_system
Immune_system,GYG2,Target,Target-Immune_system
Immune_system,UBE2L3,Target,Target-Immune_system
Immune_system,CAMK2D,Target,Target-Immune_system
Immune_system,CAMK2B,Target,Target-Immune_system
Immune_system,PRP4K,Target,Target-Immune_system
Immune_system,PRKCH,Target,Target-Immune_system
Immune_system,GLRX5,Target,Target-Immune_system
Immune_system,APOBEC3H,Target,Target-Immune_system
Immune_system,USP37,Target,Target-Immune_system
Immune_system,PIP4P1,Target,Target-Immune_system
Immune_system,MPI,Target,Target-Immune_system
Immune_system,GRK5,Target,Target-Immune_system
Immune_system,PAPOLA,Target,Target-Immune_system
Immune_system,HSPA1L,Target,Target-Immune_system
Immune_system,SI,Target,Target-Immune_system
Immune_system,CYP4F22,Target,Target-Immune_system
Immune_system,C9orf78,Target,Target-Immune_system
Immune_system,RPL26,Target,Target-Immune_system
Immune_system,RPS3A,Target,Target-Immune_system
Immune_system,MTM1,Target,Target-Immune_system
Immune_system,BIRC2,Target,Target-Immune_system
Immune_system,ABCE1,Target,Target-Immune_system
Immune_system,TOP3A,Target,Target-Immune_system
Immune_system,BIRC5,Target,Target-Immune_system
Immune_system,POLR2F,Target,Target-Immune_system
Immune_system,ROCK1,Target,Target-Immune_system
Immune_system,USP11,Target,Target-Immune_system
Immune_system,HOXD3,Target,Target-Immune_system
Immune_system,GSN,Target,Target-Immune_system
Immune_system,SRD5A2,Target,Target-Immune_system
Immune_system,ZCCHC8,Target,Target-Immune_system
Immune_system,ABRAXAS1,Target,Target-Immune_system
Immune_system,WDR5,Target,Target-Immune_system
Immune_system,ENPP7,Target,Target-Immune_system
Immune_system,ME1,Target,Target-Immune_system
Immune_system,DHRS11,Target,Target-Immune_system
Immune_system,RPN2,Target,Target-Immune_system
Immune_system,SGSH,Target,Target-Immune_system
Immune_system,DDX46,Target,Target-Immune_system
Immune_system,SUMO1P1,Target,Target-Immune_system
Immune_system,LRSAM1,Target,Target-Immune_system
Immune_system,HSD17B4,Target,Target-Immune_system
Immune_system,ALDH3A2,Target,Target-Immune_system
Immune_system,MAT2A,Target,Target-Immune_system
Immune_system,IRAK1,Target,Target-Immune_system
Immune_system,HIPK1,Target,Target-Immune_system
Immune_system,FAAP20,Target,Target-Immune_system
Immune_system,POGLUT2,Target,Target-Immune_system
Immune_system,PCSK4,Target,Target-Immune_system
Immune_system,PALB2,Target,Target-Immune_system
Immune_system,CYP1A1,Target,Target-Immune_system
Immune_system,SPI1,Target,Target-Immune_system
Immune_system,EPHX3,Target,Target-Immune_system
Immune_system,KLHL15,Target,Target-Immune_system
Immune_system,DUOX1,Target,Target-Immune_system
Immune_system,DUOX2,Target,Target-Immune_system
Immune_system,PAX8,Target,Target-Immune_system
Immune_system,CHST12,Target,Target-Immune_system
Immune_system,C9orf72,Target,Target-Immune_system
Immune_system,SAMD8,Target,Target-Immune_system
Immune_system,ATP5MG,Target,Target-Immune_system
Immune_system,UBE2E2,Target,Target-Immune_system
Immune_system,AK7,Target,Target-Immune_system
Immune_system,ATP5PD,Target,Target-Immune_system
Immune_system,CIAO2A,Target,Target-Immune_system
Immune_system,BBOX1,Target,Target-Immune_system
Immune_system,BCAS2,Target,Target-Immune_system
Immune_system,OAS1,Target,Target-Immune_system
Immune_system,ENTPD7,Target,Target-Immune_system
Immune_system,PIAS2,Target,Target-Immune_system
Immune_system,SERF1A,Target,Target-Immune_system
Immune_system,HEXB,Target,Target-Immune_system
Immune_system,ZCCHC4,Target,Target-Immune_system
Immune_system,SOAT2,Target,Target-Immune_system
Immune_system,NSUN3,Target,Target-Immune_system
Immune_system,RPP21,Target,Target-Immune_system
Immune_system,CYP26B1,Target,Target-Immune_system
Immune_system,TFB2M,Target,Target-Immune_system
Immune_system,MBNL1,Target,Target-Immune_system
Immune_system,EIF2B3,Target,Target-Immune_system
Immune_system,GPRASP1,Target,Target-Immune_system
Immune_system,RPL5,Target,Target-Immune_system
Immune_system,DDX21,Target,Target-Immune_system
Immune_system,PRMT8,Target,Target-Immune_system
Immune_system,PARP11,Target,Target-Immune_system
Immune_system,ACSS2,Target,Target-Immune_system
Immune_system,COPS3,Target,Target-Immune_system
Immune_system,THAP9,Target,Target-Immune_system
Immune_system,POMK,Target,Target-Immune_system
Immune_system,DIMT1,Target,Target-Immune_system
Immune_system,ABCG2,Target,Target-Immune_system
Immune_system,PPIE,Target,Target-Immune_system
Immune_system,PRMT6,Target,Target-Immune_system
Immune_system,ING4,Target,Target-Immune_system
Immune_system,XPNPEP3,Target,Target-Immune_system
Immune_system,RPRD1B,Target,Target-Immune_system
Immune_system,PFKL,Target,Target-Immune_system
Immune_system,MAP2K2,Target,Target-Immune_system
Immune_system,DUSP12,Target,Target-Immune_system
Immune_system,KIF16B,Target,Target-Immune_system
Immune_system,DZIP3,Target,Target-Immune_system
Immune_system,PLA2G4D,Target,Target-Immune_system
Immune_system,ATP5F1B,Target,Target-Immune_system
Immune_system,PLAAT1,Target,Target-Immune_system
Immune_system,FBXO11,Target,Target-Immune_system
Immune_system,ETS1,Target,Target-Immune_system
Immune_system,DHFR2,Target,Target-Immune_system
Immune_system,HOGA1,Target,Target-Immune_system
Immune_system,MIDN,Target,Target-Immune_system
Immune_system,NAA10,Target,Target-Immune_system
Immune_system,BUD31,Target,Target-Immune_system
Immune_system,H3C1,Target,Target-Immune_system
Immune_system,EIF2D,Target,Target-Immune_system
Immune_system,CETN2,Target,Target-Immune_system
Immune_system,TP53,Target,Target-Immune_system
Immune_system,ERBB2,Target,Target-Immune_system
Immune_system,C1D,Target,Target-Immune_system
Immune_system,CHD8,Target,Target-Immune_system
Immune_system,AGO4,Target,Target-Immune_system
Immune_system,DUSP3,Target,Target-Immune_system
Immune_system,BLK,Target,Target-Immune_system
Immune_system,MSL2,Target,Target-Immune_system
Immune_system,KIAA1586,Target,Target-Immune_system
Immune_system,CWC22,Target,Target-Immune_system
Immune_system,SMURF1,Target,Target-Immune_system
Immune_system,RNF216,Target,Target-Immune_system
Immune_system,ADAMTS13,Target,Target-Immune_system
Immune_system,ACCS,Target,Target-Immune_system
Immune_system,AMY1C,Target,Target-Immune_system
Immune_system,AMY1B,Target,Target-Immune_system
Immune_system,UGT2A2,Target,Target-Immune_system
Immune_system,UGT2A1,Target,Target-Immune_system
Immune_system,PLA2G7,Target,Target-Immune_system
Immune_system,COASY,Target,Target-Immune_system
Immune_system,TRIM32,Target,Target-Immune_system
Immune_system,STK4,Target,Target-Immune_system
Immune_system,CDC16,Target,Target-Immune_system
Immune_system,THAP1,Target,Target-Immune_system
Immune_system,PLA2R1,Target,Target-Immune_system
Immune_system,RBM22,Target,Target-Immune_system
Immune_system,FANCL,Target,Target-Immune_system
Immune_system,TEFM,Target,Target-Immune_system
Immune_system,FYTTD1,Target,Target-Immune_system
Immune_system,POLR3B,Target,Target-Immune_system
Immune_system,PRMT7,Target,Target-Immune_system
Immune_system,ARL8B,Target,Target-Immune_system
Immune_system,LIPI,Target,Target-Immune_system
Immune_system,TMLHE,Target,Target-Immune_system
Immune_system,EXD2,Target,Target-Immune_system
Immune_system,FAM111A,Target,Target-Immune_system
Immune_system,ALKBH3,Target,Target-Immune_system
Immune_system,DERL3,Target,Target-Immune_system
Immune_system,NEDD4L,Target,Target-Immune_system
Immune_system,HACD1,Target,Target-Immune_system
Immune_system,POLR1B,Target,Target-Immune_system
Immune_system,JMJD4,Target,Target-Immune_system
Immune_system,ADCY10,Target,Target-Immune_system
Immune_system,RNF122,Target,Target-Immune_system
Immune_system,PRTN3,Target,Target-Immune_system
Immune_system,MAN1A1,Target,Target-Immune_system
Immune_system,RCHY1,Target,Target-Immune_system
Immune_system,POT1,Target,Target-Immune_system
Immune_system,RBM14,Target,Target-Immune_system
Immune_system,FKRP,Target,Target-Immune_system
Immune_system,COPS7B,Target,Target-Immune_system
Immune_system,NOX5,Target,Target-Immune_system
Immune_system,AP5S1,Target,Target-Immune_system
Immune_system,NUDT15,Target,Target-Immune_system
Immune_system,UFSP2,Target,Target-Immune_system
Immune_system,MCEE,Target,Target-Immune_system
Immune_system,ALDH18A1,Target,Target-Immune_system
Immune_system,MMP9,Target,Target-Immune_system
Immune_system,PDF,Target,Target-Immune_system
Immune_system,BLOC1S1,Target,Target-Immune_system
Immune_system,CYP4Z1,Target,Target-Immune_system
Immune_system,PRKDC,Target,Target-Immune_system
Immune_system,RC3H2,Target,Target-Immune_system
Immune_system,FOXL2,Target,Target-Immune_system
Immune_system,SESN2,Target,Target-Immune_system
Immune_system,NAA20,Target,Target-Immune_system
Immune_system,UFSP1,Target,Target-Immune_system
Immune_system,EIF2S3,Target,Target-Immune_system
Immune_system,MOGAT3,Target,Target-Immune_system
Immune_system,PIGZ,Target,Target-Immune_system
Immune_system,PMAIP1,Target,Target-Immune_system
Immune_system,MAGEF1,Target,Target-Immune_system
Immune_system,CLSPN,Target,Target-Immune_system
Immune_system,THOC5,Target,Target-Immune_system
Immune_system,RUNX3,Target,Target-Immune_system
Immune_system,PIDD1,Target,Target-Immune_system
Immune_system,RNPEPL1,Target,Target-Immune_system
Immune_system,SMURF2,Target,Target-Immune_system
Immune_system,CCNF,Target,Target-Immune_system
Immune_system,SIAE,Target,Target-Immune_system
Immune_system,SWSAP1,Target,Target-Immune_system
Immune_system,KBTBD6,Target,Target-Immune_system
Immune_system,ALYREF,Target,Target-Immune_system
Immune_system,ESCO2,Target,Target-Immune_system
Immune_system,ADSS1,Target,Target-Immune_system
Immune_system,CENATAC,Target,Target-Immune_system
Immune_system,SMG6,Target,Target-Immune_system
Immune_system,NOXA1,Target,Target-Immune_system
Immune_system,SNRPB,Target,Target-Immune_system
Immune_system,ERCC6,Target,Target-Immune_system
Immune_system,GSTO1,Target,Target-Immune_system
Immune_system,ZNF598,Target,Target-Immune_system
Immune_system,MVK,Target,Target-Immune_system
Immune_system,HSP90B1,Target,Target-Immune_system
Immune_system,PPCS,Target,Target-Immune_system
Immune_system,PKM,Target,Target-Immune_system
Immune_system,TLK2,Target,Target-Immune_system
Immune_system,PARP6,Target,Target-Immune_system
Immune_system,CISD1,Target,Target-Immune_system
Immune_system,GSTA4,Target,Target-Immune_system
Immune_system,HAO2,Target,Target-Immune_system
Immune_system,PLA2G3,Target,Target-Immune_system
Immune_system,DONSON,Target,Target-Immune_system
Immune_system,UBAP1,Target,Target-Immune_system
Immune_system,ERAP1,Target,Target-Immune_system
Immune_system,TECR,Target,Target-Immune_system
Immune_system,ANAPC11,Target,Target-Immune_system
Immune_system,GSTM4,Target,Target-Immune_system
Immune_system,UHRF1,Target,Target-Immune_system
Immune_system,CRBN,Target,Target-Immune_system
Immune_system,UBE2K,Target,Target-Immune_system
Immune_system,MMS19,Target,Target-Immune_system
Immune_system,ABI2,Target,Target-Immune_system
Immune_system,UBE2D3,Target,Target-Immune_system
Immune_system,DTWD1,Target,Target-Immune_system
Immune_system,MTMR4,Target,Target-Immune_system
Immune_system,RBM15,Target,Target-Immune_system
Immune_system,CYP2S1,Target,Target-Immune_system
Immune_system,RSF1,Target,Target-Immune_system
Immune_system,DHRS2,Target,Target-Immune_system
Immune_system,TRIM28,Target,Target-Immune_system
Immune_system,CYP3A7,Target,Target-Immune_system
Immune_system,SPCS3,Target,Target-Immune_system
Immune_system,SRSF6,Target,Target-Immune_system
Immune_system,B3GNT2,Target,Target-Immune_system
Immune_system,PRKG2,Target,Target-Immune_system
Immune_system,NME3,Target,Target-Immune_system
Immune_system,DNAJB12,Target,Target-Immune_system
Immune_system,ETAA1,Target,Target-Immune_system
Immune_system,ERCC8,Target,Target-Immune_system
Immune_system,QPCTL,Target,Target-Immune_system
Immune_system,LSM1,Target,Target-Immune_system
Immune_system,DPP3,Target,Target-Immune_system
Immune_system,HNRNPC,Target,Target-Immune_system
Immune_system,TNFAIP6,Target,Target-Immune_system
Immune_system,FBXO31,Target,Target-Immune_system
Immune_system,EPHA4,Target,Target-Immune_system
Immune_system,EPHB1,Target,Target-Immune_system
Immune_system,EPHB4,Target,Target-Immune_system
Immune_system,EPHB3,Target,Target-Immune_system
Immune_system,TMT1A,Target,Target-Immune_system
Immune_system,NOL11,Target,Target-Immune_system
Immune_system,RAD23B,Target,Target-Immune_system
Immune_system,RAD23A,Target,Target-Immune_system
Immune_system,CCDC115,Target,Target-Immune_system
Immune_system,AURKC,Target,Target-Immune_system
Immune_system,KAT8,Target,Target-Immune_system
Immune_system,NRDE2,Target,Target-Immune_system
Immune_system,AUNIP,Target,Target-Immune_system
Immune_system,GEMIN7,Target,Target-Immune_system
Immune_system,IFFO1,Target,Target-Immune_system
Immune_system,METTL8,Target,Target-Immune_system
Immune_system,EXO1,Target,Target-Immune_system
Immune_system,EPRS1,Target,Target-Immune_system
Immune_system,MGAT4B,Target,Target-Immune_system
Immune_system,VSIR,Target,Target-Immune_system
Immune_system,CHEK1,Target,Target-Immune_system
Immune_system,ZMAT2,Target,Target-Immune_system
Immune_system,DOLK,Target,Target-Immune_system
Immune_system,HSPA2,Target,Target-Immune_system
Immune_system,TRIM33,Target,Target-Immune_system
Immune_system,FARSB,Target,Target-Immune_system
Immune_system,ST6GALNAC1,Target,Target-Immune_system
Immune_system,FOXE3,Target,Target-Immune_system
Immune_system,TK1,Target,Target-Immune_system
Immune_system,LCAT,Target,Target-Immune_system
Immune_system,NVL,Target,Target-Immune_system
Immune_system,COPS2,Target,Target-Immune_system
Immune_system,TUSC3,Target,Target-Immune_system
Immune_system,HDAC3,Target,Target-Immune_system
Immune_system,FKBP5,Target,Target-Immune_system
Immune_system,OS9,Target,Target-Immune_system
Immune_system,SF3B2,Target,Target-Immune_system
Immune_system,PPM1G,Target,Target-Immune_system
Immune_system,NNT,Target,Target-Immune_system
Immune_system,UBE2V1,Target,Target-Immune_system
Immune_system,PGBD5,Target,Target-Immune_system
Immune_system,POLR3G,Target,Target-Immune_system
Immune_system,RAD51B,Target,Target-Immune_system
Immune_system,SHMT2,Target,Target-Immune_system
Immune_system,SHMT1,Target,Target-Immune_system
Immune_system,EHD3,Target,Target-Immune_system
Immune_system,NOP53,Target,Target-Immune_system
Immune_system,MAT2B,Target,Target-Immune_system
Immune_system,ADA2,Target,Target-Immune_system
Immune_system,TRIM27,Target,Target-Immune_system
Immune_system,COQ3,Target,Target-Immune_system
Immune_system,DTL,Target,Target-Immune_system
Immune_system,KMT2A,Target,Target-Immune_system
Immune_system,PWWP3A,Target,Target-Immune_system
Immune_system,PRKCSH,Target,Target-Immune_system
Immune_system,SMARCAL1,Target,Target-Immune_system
Immune_system,MOCS1,Target,Target-Immune_system
Immune_system,ANXA1,Target,Target-Immune_system
Immune_system,FASTKD2,Target,Target-Immune_system
Immune_system,TBXAS1,Target,Target-Immune_system
Immune_system,THEM4,Target,Target-Immune_system
Immune_system,ATP5PB,Target,Target-Immune_system
Immune_system,PRAMEF9,Target,Target-Immune_system
Immune_system,MIF,Target,Target-Immune_system
Immune_system,RNF186,Target,Target-Immune_system
Immune_system,VIRMA,Target,Target-Immune_system
Immune_system,CWC25,Target,Target-Immune_system
Immune_system,USP28,Target,Target-Immune_system
Immune_system,WRNIP1,Target,Target-Immune_system
Immune_system,TP53RK,Target,Target-Immune_system
Immune_system,NAA50,Target,Target-Immune_system
Immune_system,IL4I1,Target,Target-Immune_system
Immune_system,STK3,Target,Target-Immune_system
Immune_system,GFM1,Target,Target-Immune_system
Immune_system,CHST6,Target,Target-Immune_system
Immune_system,PAK2,Target,Target-Immune_system
Immune_system,PRORP,Target,Target-Immune_system
Immune_system,GEMIN8,Target,Target-Immune_system
Immune_system,RPA4,Target,Target-Immune_system
Immune_system,HPF1,Target,Target-Immune_system
Immune_system,CTDSP1,Target,Target-Immune_system
Immune_system,PLAAT2,Target,Target-Immune_system
Immune_system,CLN6,Target,Target-Immune_system
Immune_system,SKIC8,Target,Target-Immune_system
Immune_system,BABAM1,Target,Target-Immune_system
Immune_system,SENP6,Target,Target-Immune_system
Immune_system,DUSP4,Target,Target-Immune_system
Immune_system,MAP1LC3B,Target,Target-Immune_system
Immune_system,LYAR,Target,Target-Immune_system
Immune_system,DERL2,Target,Target-Immune_system
Immune_system,KCMF1,Target,Target-Immune_system
Immune_system,CASP6,Target,Target-Immune_system
Immune_system,CASP9,Target,Target-Immune_system
Immune_system,PGAM1,Target,Target-Immune_system
Immune_system,PLCB2,Target,Target-Immune_system
Immune_system,KLK14,Target,Target-Immune_system
Immune_system,TECPR1,Target,Target-Immune_system
Immune_system,SERAC1,Target,Target-Immune_system
Immune_system,TSEN54,Target,Target-Immune_system
Immune_system,UBE3D,Target,Target-Immune_system
Immune_system,SH3RF1,Target,Target-Immune_system
Immune_system,HMBS,Target,Target-Immune_system
Immune_system,METTL22,Target,Target-Immune_system
Immune_system,EMC6,Target,Target-Immune_system
Immune_system,PTPRM,Target,Target-Immune_system
Immune_system,JKAMP,Target,Target-Immune_system
Immune_system,BMP8A,Target,Target-Immune_system
Immune_system,HACD3,Target,Target-Immune_system
Immune_system,BCDIN3D,Target,Target-Immune_system
Immune_system,CWC15,Target,Target-Immune_system
Immune_system,SNRPA1,Target,Target-Immune_system
Immune_system,DSCC1,Target,Target-Immune_system
Immune_system,LTC4S,Target,Target-Immune_system
Immune_system,NOL8,Target,Target-Immune_system
Immune_system,SND1,Target,Target-Immune_system
Immune_system,PDE12,Target,Target-Immune_system
Immune_system,GOLGA7,Target,Target-Immune_system
Immune_system,FBXO38,Target,Target-Immune_system
Immune_system,IL1B,Target,Target-Immune_system
Immune_system,GSTA1,Target,Target-Immune_system
Immune_system,ELANE,Target,Target-Immune_system
Immune_system,HDAC4,Target,Target-Immune_system
Immune_system,KLHL13,Target,Target-Immune_system
Immune_system,MARS1,Target,Target-Immune_system
Immune_system,KLHL42,Target,Target-Immune_system
Immune_system,LARS1,Target,Target-Immune_system
Immune_system,KLHL9,Target,Target-Immune_system
Immune_system,XRCC1,Target,Target-Immune_system
Immune_system,FGA,Target,Target-Immune_system
Immune_system,FGG,Target,Target-Immune_system
Immune_system,KLHL8,Target,Target-Immune_system
Immune_system,SNRPB2,Target,Target-Immune_system
Immune_system,STK26,Target,Target-Immune_system
Immune_system,FNIP2,Target,Target-Immune_system
Immune_system,PDHA1,Target,Target-Immune_system
Immune_system,PFKFB2,Target,Target-Immune_system
Immune_system,PLCE1,Target,Target-Immune_system
Immune_system,CLPP,Target,Target-Immune_system
Immune_system,FBP1,Target,Target-Immune_system
Immune_system,AMBP,Target,Target-Immune_system
Immune_system,ZER1,Target,Target-Immune_system
Immune_system,SLFN11,Target,Target-Immune_system
Immune_system,SLC25A26,Target,Target-Immune_system
Immune_system,RECQL,Target,Target-Immune_system
Immune_system,KHDC4,Target,Target-Immune_system
Immune_system,ARHGAP11B,Target,Target-Immune_system
Immune_system,MMS22L,Target,Target-Immune_system
Immune_system,USP39,Target,Target-Immune_system
Immune_system,SETMAR,Target,Target-Immune_system
Immune_system,PRKCI,Target,Target-Immune_system
Immune_system,RPL38,Target,Target-Immune_system
Immune_system,HSD17B12,Target,Target-Immune_system
Immune_system,PPP3CC,Target,Target-Immune_system
Immune_system,PARP10,Target,Target-Immune_system
Immune_system,SLFN12,Target,Target-Immune_system
Immune_system,EVPL,Target,Target-Immune_system
Immune_system,ZDHHC23,Target,Target-Immune_system
Immune_system,UBE2E1,Target,Target-Immune_system
Immune_system,NEK2,Target,Target-Immune_system
Immune_system,ERCC4,Target,Target-Immune_system
Immune_system,USP33,Target,Target-Immune_system
Immune_system,SLC44A4,Target,Target-Immune_system
Immune_system,HACE1,Target,Target-Immune_system
Immune_system,MEPCE,Target,Target-Immune_system
Immune_system,RBMX,Target,Target-Immune_system
Immune_system,EIF3M,Target,Target-Immune_system
Immune_system,ELOB,Target,Target-Immune_system
Immune_system,RPS21,Target,Target-Immune_system
Immune_system,ANGPT1,Target,Target-Immune_system
Immune_system,ORMDL2,Target,Target-Immune_system
Immune_system,THADA,Target,Target-Immune_system
Immune_system,SUPT4H1,Target,Target-Immune_system
Immune_system,GLYATL2,Target,Target-Immune_system
Immune_system,PRLR,Target,Target-Immune_system
Immune_system,DNAJC7,Target,Target-Immune_system
Immune_system,ENDOU,Target,Target-Immune_system
Immune_system,COPS8,Target,Target-Immune_system
Immune_system,CYB5R4,Target,Target-Immune_system
Immune_system,CASP5,Target,Target-Immune_system
Immune_system,AKR1D1,Target,Target-Immune_system
Immune_system,TNS2,Target,Target-Immune_system
Immune_system,ADCY7,Target,Target-Immune_system
Immune_system,PRKX,Target,Target-Immune_system
Immune_system,BMX,Target,Target-Immune_system
Immune_system,VAMP7,Target,Target-Immune_system
Immune_system,RPS6KA1,Target,Target-Immune_system
Immune_system,SF3A2,Target,Target-Immune_system
Immune_system,EIF1,Target,Target-Immune_system
Immune_system,MOCS2,Target,Target-Immune_system
Immune_system,TRIM55,Target,Target-Immune_system
Immune_system,EPHA1,Target,Target-Immune_system
Immune_system,H2AC25,Target,Target-Immune_system
Immune_system,APOBEC3A,Target,Target-Immune_system
Immune_system,HIBADH,Target,Target-Immune_system
Immune_system,G6PD,Target,Target-Immune_system
Immune_system,RPL7,Target,Target-Immune_system
Immune_system,GALNT1,Target,Target-Immune_system
Immune_system,GALNT2,Target,Target-Immune_system
Immune_system,SAT1,Target,Target-Immune_system
Immune_system,UVSSA,Target,Target-Immune_system
Immune_system,MGAT2,Target,Target-Immune_system
Immune_system,POMC,Target,Target-Immune_system
Immune_system,TGFB1,Target,Target-Immune_system
Immune_system,PDGFB,Target,Target-Immune_system
Immune_system,NDUFS1,Target,Target-Immune_system
Immune_system,SDE2,Target,Target-Immune_system
Immune_system,LOX,Target,Target-Immune_system
Immune_system,TTBK2,Target,Target-Immune_system
Immune_system,TMTC1,Target,Target-Immune_system
Immune_system,TOP2A,Target,Target-Immune_system
Immune_system,TOP1,Target,Target-Immune_system
Immune_system,FGFR1,Target,Target-Immune_system
Immune_system,RPL35A,Target,Target-Immune_system
Immune_system,ERCC2,Target,Target-Immune_system
Immune_system,TFAM,Target,Target-Immune_system
Immune_system,CHML,Target,Target-Immune_system
Immune_system,PNPLA3,Target,Target-Immune_system
Immune_system,OXA1L,Target,Target-Immune_system
Immune_system,PGRMC1,Target,Target-Immune_system
Immune_system,B3GAT3,Target,Target-Immune_system
Immune_system,USP1,Target,Target-Immune_system
Immune_system,GSTM2,Target,Target-Immune_system
Immune_system,NDUFAF7,Target,Target-Immune_system
Immune_system,MCM10,Target,Target-Immune_system
Immune_system,SPPL2B,Target,Target-Immune_system
Immune_system,CUL9,Target,Target-Immune_system
Immune_system,PDHB,Target,Target-Immune_system
Immune_system,UMPS,Target,Target-Immune_system
Immune_system,HSPA8,Target,Target-Immune_system
Immune_system,CDC42BPG,Target,Target-Immune_system
Immune_system,MGAT5B,Target,Target-Immune_system
Immune_system,STK10,Target,Target-Immune_system
Immune_system,ACO1,Target,Target-Immune_system
Immune_system,CENPX,Target,Target-Immune_system
Immune_system,AOAH,Target,Target-Immune_system
Immune_system,GCLM,Target,Target-Immune_system
Immune_system,GCLC,Target,Target-Immune_system
Immune_system,TGM2,Target,Target-Immune_system
Immune_system,BCKDHB,Target,Target-Immune_system
Immune_system,DRD5,Target,Target-Immune_system
Immune_system,PMPCA,Target,Target-Immune_system
Immune_system,CDADC1,Target,Target-Immune_system
Immune_system,RNF144B,Target,Target-Immune_system
Immune_system,POGZ,Target,Target-Immune_system
Immune_system,PAPPA2,Target,Target-Immune_system
Immune_system,TNF,Target,Target-Immune_system
Immune_system,IDI2,Target,Target-Immune_system
Immune_system,TMEM59,Target,Target-Immune_system
Immune_system,UGT2B28,Target,Target-Immune_system
Immune_system,IGF1R,Target,Target-Immune_system
Immune_system,MAP1LC3C,Target,Target-Immune_system
Immune_system,GGT2P,Target,Target-Immune_system
Immune_system,EFL1,Target,Target-Immune_system
Immune_system,OTUD6A,Target,Target-Immune_system
Immune_system,ZC3HAV1,Target,Target-Immune_system
Immune_system,IL6R,Target,Target-Immune_system
Immune_system,TREX2,Target,Target-Immune_system
Immune_system,ADCY9,Target,Target-Immune_system
Immune_system,DHRS9,Target,Target-Immune_system
Immune_system,POLE,Target,Target-Immune_system
Immune_system,USP6,Target,Target-Immune_system
Immune_system,IDS,Target,Target-Immune_system
Immune_system,GNAI3,Target,Target-Immune_system
Immune_system,RPS17,Target,Target-Immune_system
Immune_system,GPC1,Target,Target-Immune_system
Immune_system,PRSS3,Target,Target-Immune_system
Immune_system,SPOUT1,Target,Target-Immune_system
Immune_system,TAF1B,Target,Target-Immune_system
Immune_system,ANAPC13,Target,Target-Immune_system
Immune_system,PGAP4,Target,Target-Immune_system
Immune_system,PPA2,Target,Target-Immune_system
Immune_system,CYP3A4,Target,Target-Immune_system
Immune_system,DPM3,Target,Target-Immune_system
Immune_system,GMPR2,Target,Target-Immune_system
Immune_system,HCK,Target,Target-Immune_system
Immune_system,SNRNP70,Target,Target-Immune_system
Immune_system,HPGDS,Target,Target-Immune_system
Immune_system,ACADM,Target,Target-Immune_system
Immune_system,UBXN8,Target,Target-Immune_system
Immune_system,RPS5,Target,Target-Immune_system
Immune_system,CIAO1,Target,Target-Immune_system
Immune_system,TNFAIP3,Target,Target-Immune_system
Immune_system,AP4M1,Target,Target-Immune_system
Immune_system,TDO2,Target,Target-Immune_system
Immune_system,ARVCF,Target,Target-Immune_system
Immune_system,CLPX,Target,Target-Immune_system
Immune_system,AGXT,Target,Target-Immune_system
Immune_system,ENOSF1,Target,Target-Immune_system
Immune_system,GLRX3,Target,Target-Immune_system
Immune_system,AMT,Target,Target-Immune_system
Immune_system,NCSTN,Target,Target-Immune_system
Immune_system,APLF,Target,Target-Immune_system
Immune_system,SPATA18,Target,Target-Immune_system
Immune_system,COPS6,Target,Target-Immune_system
Immune_system,TARS2,Target,Target-Immune_system
Immune_system,ZFYVE26,Target,Target-Immune_system
Immune_system,PFKM,Target,Target-Immune_system
Immune_system,ERCC5,Target,Target-Immune_system
Immune_system,CELA2A,Target,Target-Immune_system
Immune_system,INAVA,Target,Target-Immune_system
Immune_system,MFAP1,Target,Target-Immune_system
Immune_system,GALNTL5,Target,Target-Immune_system
Immune_system,PURA,Target,Target-Immune_system
Immune_system,ADH5,Target,Target-Immune_system
Immune_system,CDK5,Target,Target-Immune_system
Immune_system,BNIP3L,Target,Target-Immune_system
Immune_system,QNG1,Target,Target-Immune_system
Immune_system,FLT1,Target,Target-Immune_system
Immune_system,IGHMBP2,Target,Target-Immune_system
Immune_system,CYP2C9,Target,Target-Immune_system
Immune_system,EIF4A3,Target,Target-Immune_system
Immune_system,POGLUT3,Target,Target-Immune_system
Immune_system,ADM2,Target,Target-Immune_system
Immune_system,INHBA,Target,Target-Immune_system
Immune_system,MME,Target,Target-Immune_system
Immune_system,TBL1X,Target,Target-Immune_system
Immune_system,LINC00473,Target,Target-Immune_system
Immune_system,DPH7,Target,Target-Immune_system
Immune_system,FEM1C,Target,Target-Immune_system
Immune_system,NOL3,Target,Target-Immune_system
Immune_system,ORMDL1,Target,Target-Immune_system
Immune_system,MTRES1,Target,Target-Immune_system
Immune_system,SORD,Target,Target-Immune_system
Immune_system,MARCHF2,Target,Target-Immune_system
Immune_system,VAPA,Target,Target-Immune_system
Immune_system,CISD3,Target,Target-Immune_system
Immune_system,TPR,Target,Target-Immune_system
Immune_system,PEX1,Target,Target-Immune_system
Immune_system,ORC4,Target,Target-Immune_system
Immune_system,CHST1,Target,Target-Immune_system
Immune_system,CARMIL1,Target,Target-Immune_system
Immune_system,FGFR4,Target,Target-Immune_system
Immune_system,EPM2A,Target,Target-Immune_system
Immune_system,OTUD1,Target,Target-Immune_system
Immune_system,NABP1,Target,Target-Immune_system
Immune_system,YWHAH,Target,Target-Immune_system
Immune_system,DHRS7,Target,Target-Immune_system
Immune_system,UBA52,Target,Target-Immune_system
Immune_system,FKTN,Target,Target-Immune_system
Immune_system,DAG1,Target,Target-Immune_system
Immune_system,GTF2H1,Target,Target-Immune_system
Immune_system,DUOXA2,Target,Target-Immune_system
Immune_system,MYH9,Target,Target-Immune_system
Immune_system,G6PC1,Target,Target-Immune_system
Immune_system,FBN1,Target,Target-Immune_system
Immune_system,CEBPA,Target,Target-Immune_system
Immune_system,TNXB,Target,Target-Immune_system
Immune_system,EIF2B2,Target,Target-Immune_system
Immune_system,RPS6,Target,Target-Immune_system
Immune_system,CHMP4C,Target,Target-Immune_system
Immune_system,RAP1GDS1,Target,Target-Immune_system
Immune_system,CUL7,Target,Target-Immune_system
Immune_system,RPL30,Target,Target-Immune_system
Immune_system,RPL31,Target,Target-Immune_system
Immune_system,MGAM,Target,Target-Immune_system
Immune_system,FASTKD5,Target,Target-Immune_system
Immune_system,SETX,Target,Target-Immune_system
Immune_system,STRADA,Target,Target-Immune_system
Immune_system,RPL18,Target,Target-Immune_system
Immune_system,ASMT,Target,Target-Immune_system
Immune_system,USP34,Target,Target-Immune_system
Immune_system,USP49,Target,Target-Immune_system
Immune_system,ICE2,Target,Target-Immune_system
Immune_system,PLPPR4,Target,Target-Immune_system
Immune_system,C5AR1,Target,Target-Immune_system
Immune_system,NHLRC1,Target,Target-Immune_system
Immune_system,COQ5,Target,Target-Immune_system
Immune_system,PRKCQ,Target,Target-Immune_system
Immune_system,RPA2,Target,Target-Immune_system
Immune_system,DSP,Target,Target-Immune_system
Immune_system,RNGTT,Target,Target-Immune_system
Immune_system,SH3BGRL,Target,Target-Immune_system
Immune_system,MTREX,Target,Target-Immune_system
Immune_system,TMEM67,Target,Target-Immune_system
Immune_system,DUSP18,Target,Target-Immune_system
Immune_system,HSPB1,Target,Target-Immune_system
Immune_system,ZGRF1,Target,Target-Immune_system
Immune_system,AMY1A,Target,Target-Immune_system
Immune_system,AMY2A,Target,Target-Immune_system
Immune_system,KMT5C,Target,Target-Immune_system
Immune_system,TEP1,Target,Target-Immune_system
Immune_system,CYP2J2,Target,Target-Immune_system
Immune_system,PTRH1,Target,Target-Immune_system
Immune_system,TPMT,Target,Target-Immune_system
Immune_system,JMJD6,Target,Target-Immune_system
Immune_system,SNRPD3,Target,Target-Immune_system
Immune_system,SNRPD2,Target,Target-Immune_system
Immune_system,SNRPD1,Target,Target-Immune_system
Immune_system,LSM6,Target,Target-Immune_system
Immune_system,LSM3,Target,Target-Immune_system
Immune_system,DHX8,Target,Target-Immune_system
Immune_system,SNRPG,Target,Target-Immune_system
Immune_system,SNRPF,Target,Target-Immune_system
Immune_system,SNRPE,Target,Target-Immune_system
Immune_system,RIMOC1,Target,Target-Immune_system
Immune_system,DCTD,Target,Target-Immune_system
Immune_system,PYCR1,Target,Target-Immune_system
Immune_system,IL6,Target,Target-Immune_system
Immune_system,ATP5F1A,Target,Target-Immune_system
Immune_system,DGKQ,Target,Target-Immune_system
Immune_system,NUS1,Target,Target-Immune_system
Immune_system,KLHL7,Target,Target-Immune_system
Immune_system,PLPP6,Target,Target-Immune_system
Immune_system,GTF2H4,Target,Target-Immune_system
Immune_system,CSGALNACT1,Target,Target-Immune_system
Immune_system,RPAP2,Target,Target-Immune_system
Immune_system,FMO3,Target,Target-Immune_system
Immune_system,POLRMT,Target,Target-Immune_system
Immune_system,YWHAZ,Target,Target-Immune_system
Immune_system,ERLIN2,Target,Target-Immune_system
Immune_system,PRPF6,Target,Target-Immune_system
Immune_system,PYCR3,Target,Target-Immune_system
Immune_system,AKIRIN2,Target,Target-Immune_system
Immune_system,PPP2R2A,Target,Target-Immune_system
Immune_system,ELL2,Target,Target-Immune_system
Immune_system,FOXK1,Target,Target-Immune_system
Immune_system,KLHL22,Target,Target-Immune_system
Immune_system,LYPLAL1,Target,Target-Immune_system
Immune_system,PLPP2,Target,Target-Immune_system
Immune_system,PLRG1,Target,Target-Immune_system
Immune_system,CHKB,Target,Target-Immune_system
Immune_system,HMGA2,Target,Target-Immune_system
Immune_system,DAB2IP,Target,Target-Immune_system
Immune_system,RNF31,Target,Target-Immune_system
Immune_system,CHKA,Target,Target-Immune_system
Immune_system,H2AB1,Target,Target-Immune_system
Immune_system,PGAM2,Target,Target-Immune_system
Immune_system,FBXL5,Target,Target-Immune_system
Immune_system,RBM17,Target,Target-Immune_system
Immune_system,FUBP3,Target,Target-Immune_system
Immune_system,CSDE1,Target,Target-Immune_system
Immune_system,SF3B1,Target,Target-Immune_system
Immune_system,MAP3K11,Target,Target-Immune_system
Immune_system,ECI2,Target,Target-Immune_system
Immune_system,KLK3,Target,Target-Immune_system
Immune_system,VPS33B,Target,Target-Immune_system
Immune_system,CLN5,Target,Target-Immune_system
Immune_system,MYLK2,Target,Target-Immune_system
Immune_system,DUSP15,Target,Target-Immune_system
Immune_system,FBXO9,Target,Target-Immune_system
Immune_system,ANAPC2,Target,Target-Immune_system
Immune_system,ANAPC4,Target,Target-Immune_system
Immune_system,ANAPC5,Target,Target-Immune_system
Immune_system,ANAPC7,Target,Target-Immune_system
Immune_system,GBA3,Target,Target-Immune_system
Immune_system,TAF12,Target,Target-Immune_system
Immune_system,DBR1,Target,Target-Immune_system
Immune_system,LSM7,Target,Target-Immune_system
Immune_system,VPS28,Target,Target-Immune_system
Immune_system,SLC25A13,Target,Target-Immune_system
Immune_system,NOCT,Target,Target-Immune_system
Immune_system,KLHL21,Target,Target-Immune_system
Immune_system,TONSL,Target,Target-Immune_system
Immune_system,ASCC2,Target,Target-Immune_system
Immune_system,HAO1,Target,Target-Immune_system
Immune_system,UBTF,Target,Target-Immune_system
Immune_system,UROS,Target,Target-Immune_system
Immune_system,EXOSC9,Target,Target-Immune_system
Immune_system,TSR3,Target,Target-Immune_system
Immune_system,GNPTG,Target,Target-Immune_system
Immune_system,XYLT2,Target,Target-Immune_system
Immune_system,NXF5,Target,Target-Immune_system
Immune_system,ARL1,Target,Target-Immune_system
Immune_system,APIP,Target,Target-Immune_system
Immune_system,COQ2,Target,Target-Immune_system
Immune_system,ANAPC1,Target,Target-Immune_system
Immune_system,CH25H,Target,Target-Immune_system
Immune_system,MARS2,Target,Target-Immune_system
Immune_system,ZBED1,Target,Target-Immune_system
Immune_system,LTO1,Target,Target-Immune_system
Immune_system,TRMT10C,Target,Target-Immune_system
Immune_system,CACTIN,Target,Target-Immune_system
Immune_system,FER,Target,Target-Immune_system
Immune_system,MGST2,Target,Target-Immune_system
Immune_system,GXYLT2,Target,Target-Immune_system
Immune_system,GSTM5,Target,Target-Immune_system
Immune_system,CYP4V2,Target,Target-Immune_system
Immune_system,RBCK1,Target,Target-Immune_system
Immune_system,NEK10,Target,Target-Immune_system
Immune_system,HYCC1,Target,Target-Immune_system
Immune_system,FUT8,Target,Target-Immune_system
Immune_system,DUSP16,Target,Target-Immune_system
Immune_system,ACBD5,Target,Target-Immune_system
Immune_system,RNF26,Target,Target-Immune_system
Immune_system,SEC11C,Target,Target-Immune_system
Immune_system,PECR,Target,Target-Immune_system
Immune_system,EIF2A,Target,Target-Immune_system
Immune_system,LARP1,Target,Target-Immune_system
Immune_system,NUDT18,Target,Target-Immune_system
Immune_system,ERCC6L2,Target,Target-Immune_system
Immune_system,NAA15,Target,Target-Immune_system
Immune_system,SLC25A2,Target,Target-Immune_system
Immune_system,ZSWIM8,Target,Target-Immune_system
Immune_system,MMP3,Target,Target-Immune_system
Immune_system,NPL,Target,Target-Immune_system
Immune_system,CYP2U1,Target,Target-Immune_system
Immune_system,BRIP1,Target,Target-Immune_system
Immune_system,MGME1,Target,Target-Immune_system
Immune_system,FGF2,Target,Target-Immune_system
Immune_system,DCST1,Target,Target-Immune_system
Immune_system,MARCHF6,Target,Target-Immune_system
Immune_system,MCM3AP,Target,Target-Immune_system
Immune_system,SELENOS,Target,Target-Immune_system
Immune_system,ANTKMT,Target,Target-Immune_system
Immune_system,AQR,Target,Target-Immune_system
Immune_system,FEN1,Target,Target-Immune_system
Immune_system,FBXL19,Target,Target-Immune_system
Immune_system,GDPGP1,Target,Target-Immune_system
Immune_system,KLHDC3,Target,Target-Immune_system
Immune_system,SLX1A,Target,Target-Immune_system
Immune_system,TCF25,Target,Target-Immune_system
Immune_system,MACROD1,Target,Target-Immune_system
Immune_system,GRWD1,Target,Target-Immune_system
Immune_system,USB1,Target,Target-Immune_system
Immune_system,TRIR,Target,Target-Immune_system
Immune_system,ELAC2,Target,Target-Immune_system
Immune_system,NABP2,Target,Target-Immune_system
Immune_system,LIG4,Target,Target-Immune_system
Immune_system,LIG3,Target,Target-Immune_system
Immune_system,GMPS,Target,Target-Immune_system
Immune_system,MTHFS,Target,Target-Immune_system
Immune_system,NUAK1,Target,Target-Immune_system
Immune_system,TKT,Target,Target-Immune_system
Immune_system,SMARCA5,Target,Target-Immune_system
Immune_system,PRKN,Target,Target-Immune_system
Immune_system,DHX16,Target,Target-Immune_system
Immune_system,RUFY4,Target,Target-Immune_system
Immune_system,AKR1B10,Target,Target-Immune_system
Immune_system,AGMO,Target,Target-Immune_system
Immune_system,HDC,Target,Target-Immune_system
Immune_system,RNF19B,Target,Target-Immune_system
Immune_system,PRPS1,Target,Target-Immune_system
Immune_system,ADH7,Target,Target-Immune_system
Immune_system,DUSP5,Target,Target-Immune_system
Immune_system,EIF4A1,Target,Target-Immune_system
Immune_system,VHL,Target,Target-Immune_system
Immune_system,PPP1R12A,Target,Target-Immune_system
Immune_system,AURKA,Target,Target-Immune_system
Immune_system,IFI27,Target,Target-Immune_system
Immune_system,EREG,Target,Target-Immune_system
Immune_system,PRKCZ,Target,Target-Immune_system
Immune_system,UBE2L6,Target,Target-Immune_system
Immune_system,TIMM23,Target,Target-Immune_system
Immune_system,DNM2,Target,Target-Immune_system
Immune_system,ECHS1,Target,Target-Immune_system
Immune_system,PEX5,Target,Target-Immune_system
Immune_system,WDR81,Target,Target-Immune_system
Immune_system,FKBP4,Target,Target-Immune_system
Immune_system,GTF2F2,Target,Target-Immune_system
Immune_system,ATP5F1D,Target,Target-Immune_system
Immune_system,PRDX3,Target,Target-Immune_system
Immune_system,PRDX5,Target,Target-Immune_system
Immune_system,BLVRB,Target,Target-Immune_system
Immune_system,MAP3K10,Target,Target-Immune_system
Immune_system,MAZ,Target,Target-Immune_system
Immune_system,EXOSC10,Target,Target-Immune_system
Immune_system,CDC14B,Target,Target-Immune_system
Immune_system,TPST2,Target,Target-Immune_system
Immune_system,XRCC6,Target,Target-Immune_system
Immune_system,SRC,Target,Target-Immune_system
Immune_system,FUCA2,Target,Target-Immune_system
Immune_system,TMTC4,Target,Target-Immune_system
Immune_system,SKIC3,Target,Target-Immune_system
Immune_system,TRMO,Target,Target-Immune_system
Immune_system,FASTKD1,Target,Target-Immune_system
Immune_system,PI4K2A,Target,Target-Immune_system
Immune_system,ATP5PF,Target,Target-Immune_system
Immune_system,FGB,Target,Target-Immune_system
Immune_system,APOA2,Target,Target-Immune_system
Immune_system,PIPOX,Target,Target-Immune_system
Immune_system,APOE,Target,Target-Immune_system
Immune_system,APOA1,Target,Target-Immune_system
Immune_system,URM1,Target,Target-Immune_system
Immune_system,RAMAC,Target,Target-Immune_system
Immune_system,PDHA2,Target,Target-Immune_system
Immune_system,PNLIP,Target,Target-Immune_system
Immune_system,CELF1,Target,Target-Immune_system
Immune_system,LGALS8,Target,Target-Immune_system
Immune_system,PMM1,Target,Target-Immune_system
Immune_system,SULT2B1,Target,Target-Immune_system
Immune_system,ALDH1A2,Target,Target-Immune_system
Immune_system,SCAF11,Target,Target-Immune_system
Immune_system,CASP10,Target,Target-Immune_system
Immune_system,POP1,Target,Target-Immune_system
Immune_system,RECQL5,Target,Target-Immune_system
Immune_system,DDAH1,Target,Target-Immune_system
Immune_system,DIS3L,Target,Target-Immune_system
Immune_system,MTERF1,Target,Target-Immune_system
Immune_system,TRIM22,Target,Target-Immune_system
Immune_system,MPHOSPH6,Target,Target-Immune_system
Immune_system,GEMIN5,Target,Target-Immune_system
Immune_system,RBBP5,Target,Target-Immune_system
Immune_system,RNPS1,Target,Target-Immune_system
Immune_system,NEU1,Target,Target-Immune_system
Immune_system,FMO2,Target,Target-Immune_system
Immune_system,LTA4H,Target,Target-Immune_system
Immune_system,FURIN,Target,Target-Immune_system
Immune_system,GALNT13,Target,Target-Immune_system
Immune_system,PRKD2,Target,Target-Immune_system
Immune_system,IFI6,Target,Target-Immune_system
Immune_system,SNIP1,Target,Target-Immune_system
Immune_system,SLC30A5,Target,Target-Immune_system
Immune_system,CRNKL1,Target,Target-Immune_system
Immune_system,JOSD2,Target,Target-Immune_system
Immune_system,UPF3B,Target,Target-Immune_system
Immune_system,FGFR2,Target,Target-Immune_system
Immune_system,GGT5,Target,Target-Immune_system
Immune_system,PUS3,Target,Target-Immune_system
Immune_system,SNAPC4,Target,Target-Immune_system
Immune_system,IFIH1,Target,Target-Immune_system
Immune_system,SETD2,Target,Target-Immune_system
Immune_system,ATP5PO,Target,Target-Immune_system
Immune_system,THAP4,Target,Target-Immune_system
Immune_system,PIBF1,Target,Target-Immune_system
Immune_system,CYP4A22,Target,Target-Immune_system
Immune_system,MYLIP,Target,Target-Immune_system
Immune_system,ASB12,Target,Target-Immune_system
Immune_system,SRSF12,Target,Target-Immune_system
Immune_system,IP6K3,Target,Target-Immune_system
Immune_system,HMGCS2,Target,Target-Immune_system
Immune_system,CASD1,Target,Target-Immune_system
Immune_system,MRPL44,Target,Target-Immune_system
Immune_system,UGT2B15,Target,Target-Immune_system
Immune_system,AGO3,Target,Target-Immune_system
Immune_system,ACTR5,Target,Target-Immune_system
Immune_system,DECR2,Target,Target-Immune_system
Immune_system,VIPAS39,Target,Target-Immune_system
Immune_system,SFXN1,Target,Target-Immune_system
Immune_system,ZDHHC18,Target,Target-Immune_system
Immune_system,PIGV,Target,Target-Immune_system
Immune_system,ACSS1,Target,Target-Immune_system
Immune_system,NOL9,Target,Target-Immune_system
Immune_system,NLRP3,Target,Target-Immune_system
Immune_system,PANK3,Target,Target-Immune_system
Immune_system,RPRD1A,Target,Target-Immune_system
Immune_system,TMPRSS6,Target,Target-Immune_system
Immune_system,TRIM45,Target,Target-Immune_system
Immune_system,ERCC1,Target,Target-Immune_system
Immune_system,RNF146,Target,Target-Immune_system
Immune_system,RET,Target,Target-Immune_system
Immune_system,DUSP13B,Target,Target-Immune_system
Immune_system,HERC5,Target,Target-Immune_system
Immune_system,NAT10,Target,Target-Immune_system
Immune_system,PTPN11,Target,Target-Immune_system
Immune_system,BAZ1B,Target,Target-Immune_system
Immune_system,OTUB1,Target,Target-Immune_system
Immune_system,DTWD2,Target,Target-Immune_system
Immune_system,OTUD5,Target,Target-Immune_system
Immune_system,ALOX5AP,Target,Target-Immune_system
Immune_system,VPS51,Target,Target-Immune_system
Immune_system,DDAH2,Target,Target-Immune_system
Immune_system,STRAP,Target,Target-Immune_system
Immune_system,DUS3L,Target,Target-Immune_system
Immune_system,LATS1,Target,Target-Immune_system
Immune_system,CBR4,Target,Target-Immune_system
Immune_system,NAA16,Target,Target-Immune_system
Immune_system,OGFOD1,Target,Target-Immune_system
Immune_system,CHCHD4,Target,Target-Immune_system
Immune_system,ATG2A,Target,Target-Immune_system
Immune_system,TMEM199,Target,Target-Immune_system
Immune_system,CHRNA4,Target,Target-Immune_system
Immune_system,HKDC1,Target,Target-Immune_system
Immune_system,FBLN1,Target,Target-Immune_system
Immune_system,CES1,Target,Target-Immune_system
Immune_system,RYK,Target,Target-Immune_system
Immune_system,SLC22A24,Target,Target-Immune_system
Immune_system,PHETA1,Target,Target-Immune_system
Immune_system,GALNT4,Target,Target-Immune_system
Immune_system,CD74,Target,Target-Immune_system
Immune_system,CYP27A1,Target,Target-Immune_system
Immune_system,SRRM2,Target,Target-Immune_system
Immune_system,DMPK,Target,Target-Immune_system
Immune_system,CDK11A,Target,Target-Immune_system
Immune_system,CPT2,Target,Target-Immune_system
Immune_system,PLPP3,Target,Target-Immune_system
Immune_system,DGKA,Target,Target-Immune_system
Immune_system,BMP1,Target,Target-Immune_system
Immune_system,NAALADL1,Target,Target-Immune_system
Immune_system,SLK,Target,Target-Immune_system
Immune_system,MAN1B1,Target,Target-Immune_system
Immune_system,PARP4,Target,Target-Immune_system
Immune_system,CLNS1A,Target,Target-Immune_system
Immune_system,GAN,Target,Target-Immune_system
Immune_system,TLK1,Target,Target-Immune_system
Immune_system,DHTKD1,Target,Target-Immune_system
Immune_system,DDRGK1,Target,Target-Immune_system
Immune_system,HSPD1,Target,Target-Immune_system
Immune_system,CHST8,Target,Target-Immune_system
Immune_system,ALDH8A1,Target,Target-Immune_system
Immune_system,TNIK,Target,Target-Immune_system
Immune_system,CRCP,Target,Target-Immune_system
Immune_system,MTRF1,Target,Target-Immune_system
Immune_system,PRKRA,Target,Target-Immune_system
Immune_system,SULT1C3,Target,Target-Immune_system
Immune_system,BRAT1,Target,Target-Immune_system
Immune_system,SFXN3,Target,Target-Immune_system
Immune_system,SF3B5,Target,Target-Immune_system
Immune_system,RNF43,Target,Target-Immune_system
Immune_system,CTNS,Target,Target-Immune_system
Immune_system,RBM4,Target,Target-Immune_system
Immune_system,TRAIP,Target,Target-Immune_system
Immune_system,PLCB3,Target,Target-Immune_system
Immune_system,NCF2,Target,Target-Immune_system
Immune_system,INTS3,Target,Target-Immune_system
Immune_system,TENT2,Target,Target-Immune_system
Immune_system,SEC11A,Target,Target-Immune_system
Immune_system,TRPM7,Target,Target-Immune_system
Immune_system,KLHDC1,Target,Target-Immune_system
Immune_system,FUT11,Target,Target-Immune_system
Immune_system,OGT,Target,Target-Immune_system
Immune_system,ASB9,Target,Target-Immune_system
Immune_system,USP3,Target,Target-Immune_system
Immune_system,MOGAT2,Target,Target-Immune_system
Immune_system,ITPKC,Target,Target-Immune_system
Immune_system,PARP3,Target,Target-Immune_system
Immune_system,TMCC2,Target,Target-Immune_system
Immune_system,ATG4C,Target,Target-Immune_system
Immune_system,STK24,Target,Target-Immune_system
Immune_system,MTRF1L,Target,Target-Immune_system
Immune_system,ARFGEF1,Target,Target-Immune_system
Immune_system,ARFGEF2,Target,Target-Immune_system
Immune_system,QARS1,Target,Target-Immune_system
Immune_system,CMTR1,Target,Target-Immune_system
Immune_system,NPM1,Target,Target-Immune_system
Immune_system,POLB,Target,Target-Immune_system
Immune_system,GPI,Target,Target-Immune_system
Immune_system,FBXL14,Target,Target-Immune_system
Immune_system,PYGL,Target,Target-Immune_system
Immune_system,ENO1,Target,Target-Immune_system
Immune_system,NDUFAF5,Target,Target-Immune_system
Immune_system,FOXRED2,Target,Target-Immune_system
Immune_system,TRAM2,Target,Target-Immune_system
Immune_system,EFTUD2,Target,Target-Immune_system
Immune_system,TNIP1,Target,Target-Immune_system
Immune_system,HERPUD1,Target,Target-Immune_system
Immune_system,WTAP,Target,Target-Immune_system
Immune_system,PCLAF,Target,Target-Immune_system
Immune_system,PI4K2B,Target,Target-Immune_system
Immune_system,MFN1,Target,Target-Immune_system
Immune_system,NAXE,Target,Target-Immune_system
Immune_system,USP20,Target,Target-Immune_system
Immune_system,SIK3,Target,Target-Immune_system
Immune_system,ZBTB1,Target,Target-Immune_system
Immune_system,PADI2,Target,Target-Immune_system
Immune_system,RPL19,Target,Target-Immune_system
Immune_system,STK38L,Target,Target-Immune_system
