Prot_A;Prot_B;Renew component
GNA11;CHRM5;Choline
GNA11;GRM5;Choline
GNA11;CHRM3;Choline
GNA11;CHRM1;Choline
GNA11;GNAQ;Choline
CHRM3;KNG1;Choline
CHRM3;GNG12;Choline
CHRM3;CHRM1;Choline
CHRM3;GRM5;Choline
CHRM3;CHRM5;Choline
CHRM3;GNAQ;Choline
GNAQ;CHRM5;Choline
GNAQ;CHRM1;Choline
GNAQ;GRM5;Choline
GRM5;CHRM5;Choline
GRM5;CHRM1;Choline
CHRM1;CHRM5;Choline
CHRM1;GNG12;Choline
CHRM1;KNG1;Choline
GNG12;CHRM5;Choline
CHRM5;KNG1;Choline
GNG3;GNAI2;Choline
GNG3;GNAI1;Choline
GNG3;GNB1;Choline
GNAI2;GNG10;Choline
GNAI2;GNG2;Choline
GNAI2;GNAI1;Choline
GNAI2;GNB1;Choline
GNG2;GNAI1;Choline
GNG2;GNB1;Choline
GNG12;CHRM4;Choline
GNG12;GNB1;Choline
GNG10;GNB1;Choline
GNB1;GNAI1;Choline
CHRM4;KNG1;Choline
GNA11;PLCB3;Choline
GNA15;PLCB3;Choline
GNAQ;LPAR4;Choline
GNAQ;LPAR3;Choline
GNAQ;LPAR5;Choline
GNAQ;F2R;Choline
GNAQ;LPAR2;Choline
GNAQ;LPAR1;Choline
GNAQ;PLCB3;Choline
CHRM1;LPAR2;Choline
CHRM1;LPAR5;Choline
CHRM1;LPAR4;Choline
CHRM1;F2R;Choline
CHRM1;LPAR3;Choline
CHRM1;CHRM2;Choline
CHRM1;LPAR1;Choline
CHRM1;LPAR6;Choline
F2R;LPAR6;Choline
F2R;LPAR4;Choline
F2R;LPAR5;Choline
F2R;LPAR3;Choline
F2R;CHRM2;Choline
F2R;LPAR2;Choline
F2R;LPAR1;Choline
F2R;ARRB2;Choline
F2R;ARRB1;Choline
LPAR3;CHRM2;Choline
LPAR3;LPAR1;Choline
LPAR3;LPAR2;Choline
LPAR3;LPAR4;Choline
LPAR3;LPAR5;Choline
LPAR3;LPAR6;Choline
GNG12;CHRM2;Choline
LPAR1;CHRM2;Choline
LPAR1;LPAR2;Choline
LPAR1;LPAR5;Choline
LPAR1;LPAR6;Choline
LPAR1;LPAR4;Choline
GNA14;PLCB3;Choline
LPAR6;CHRM2;Choline
LPAR6;LPAR4;Choline
LPAR6;LPAR5;Choline
LPAR6;LPAR2;Choline
FKBP2;LOC114841035;Choline
LPAR5;CHRM2;Choline
LPAR5;LPAR4;Choline
LPAR5;LPAR2;Choline
CHRM2;LPAR2;Choline
CHRM2;LPAR4;Choline
CHRM2;KNG1;Choline
CHRM2;ARRB1;Choline
ARRB2;ARRB1;Choline
LPAR4;LPAR2;Choline
GNB4;GNAI1;Choline
GNB4;GNG4;Choline
GNB4;GNG11;Choline
GNB4;GNG2;Choline
GNB4;GNG10;Choline
GNB4;GNG12;Choline
GNG11;GNB1;Choline
GNB5;GNG2;Choline
GNB5;GNG4;Choline
SST;GNG2;Choline
SST;GNB1;Choline
SST;GNAI1;Choline
GNG2;IGHV3-16;Choline
GNG2;NPY;Choline
GNG2;LPAR1;Choline
LPAR1;GNB1;Choline
LPAR1;GNAI1;Choline
GNB1;NPY;Choline
GNB1;IGHV3-16;Choline
GNB1;GNG4;Choline
NPY;GNAI1;Choline
GNG4;GNAI1;Choline
CHRM2;IGHV3-16;Choline
ARRB1;IGHV3-16;Choline
PIK3CG;GNAI1;Choline
IGHV3-16;GNAI1;Choline
CHRND;CHRNA3;Choline
CHRND;CHRNB2;Choline
CHRND;CHRNA6;Choline
CHRND;CHRNA7;Choline
CHRND;CHRNB4;Choline
CHRND;CHRNA2;Choline
CHRND;CHRNB3;Choline
CHRND;CHRNA4;Choline
CHRND;CHRNA9;Choline
CHRND;CHRNE;Choline
CHRND;CHRNB1;Choline
CHRNB4;CHRNB1;Choline
CHRNB4;CHRNE;Choline
CHRNB4;CHRNA6;Choline
CHRNB4;CHRNB3;Choline
CHRNB4;JAK2;Choline
CHRNB4;CHRNB2;Choline
CHRNB4;CHRNA2;Choline
CHRNB4;CHRNA5;Choline
CHRNB4;CHRNA9;Choline
CHRNB4;CHRNA4;Choline
CHRNB4;CHRNA7;Choline
CHRNB4;CHRNA3;Choline
CHRNA6;CHRNB2;Choline
CHRNA6;CHRNB1;Choline
CHRNA6;CHRNA2;Choline
CHRNA6;CHRNA9;Choline
CHRNA6;CHRNA7;Choline
CHRNA6;CHRNA3;Choline
CHRNA6;CHRNE;Choline
CHRNA6;CHRNA4;Choline
CHRNA6;JAK2;Choline
CHRNA6;CHRNB3;Choline
CHRNB3;CHRNA9;Choline
CHRNB3;CHRNA3;Choline
CHRNB3;CHRNA7;Choline
CHRNB3;CHRNB1;Choline
CHRNB3;CHRNB2;Choline
CHRNB3;CHRNE;Choline
CHRNB3;CHRNA4;Choline
CHRNB3;CHRNA2;Choline
CHRNA5;CHRNB2;Choline
CHRNA5;CHRNA3;Choline
CHRNB1;CHRNB2;Choline
CHRNB1;CHRNA3;Choline
CHRNB1;CHRNA4;Choline
CHRNB1;CHRNA7;Choline
CHRNB1;CHRNA2;Choline
CHRNB1;CHRNA9;Choline
CHRNB1;CHRNE;Choline
CHRNA9;CHRNE;Choline
CHRNA9;CHRNA2;Choline
CHRNA9;CHRNA4;Choline
CHRNA9;CHRNB2;Choline
CHRNA9;CHRNA7;Choline
CHRNA9;CHRNA3;Choline
CHRNA3;CHRNE;Choline
CHRNA3;JAK2;Choline
CHRNA3;CHRNA2;Choline
CHRNA3;CHRNA4;Choline
CHRNA3;CHRNA7;Choline
CHRNA3;CHRNB2;Choline
CHRNB2;CHRNE;Choline
CHRNB2;JAK2;Choline
CHRNB2;CHRNA7;Choline
CHRNB2;CHRNA2;Choline
CHRNB2;CHRNA4;Choline
CHRNA4;CHRNE;Choline
CHRNA4;JAK2;Choline
CHRNA4;CHRNA7;Choline
CHRNA4;CHRNA2;Choline
CHRNA2;CHRNE;Choline
CHRNA2;CHRNA7;Choline
CHRNA7;CHRNE;Choline
CHRFAM7A;CHRNA7;Choline
SLURP1;SLURP2;Choline
CHRNA10;CHRNA9;Choline
KCNQ2;KCNQ3;Choline
ABCC2;ABCG2;Choline
DOK7;MUSK;Choline
GNA11;ADRA1B;Choline
GNA11;ADRA1D;Choline
GNA11;GNB1;Choline
GNA12;ADRA1B;Choline
GNA12;ADRA1D;Choline
GNA12;GNA13;Choline
CYSLTR2;CYSLTR1;Choline
GNAQ;ADRA1B;Choline
GNAQ;ADRA1D;Choline
GNAQ;TBXA2R;Choline
GNAQ;GNB1;Choline
ADRA1B;GNA13;Choline
ADRA1B;ADRA1D;Choline
GNB1;GNA13;Choline
ADRA1D;GNA13;Choline
TBXA2R;AAMP;Choline
TBXA2R;GNA13;Choline
FKBP4;AR;Choline
FKBP4;NR3C2;Choline
FKBP4;FKBP5;Choline
FKBP4;PGR;Choline
FKBP4;PTGES3;Choline
FKBP4;NR3C1;Choline
FKBP4;HSP90AA1;Choline
KRT14;KRT5;Choline
MAPK13;PGR;Choline
MAPK13;MAPK8;Choline
MAPK13;NCOA3;Choline
MAPK13;MAPK12;Choline
MAPK13;ESR1;Choline
MAPK13;MAPK9;Choline
MAPK13;TP53;Choline
MAPK12;MAPK9;Choline
MAPK12;PGR;Choline
MAPK12;MAPK8;Choline
MAPK12;NCOA3;Choline
MAPK12;ESR1;Choline
MAPK12;TP53;Choline
PIK3R2;PGR;Choline
PIK3R2;SRC;Choline
PIK3R2;IGF1R;Choline
PIK3R2;ERBB4;Choline
PIK3R2;ERBB2;Choline
PIK3R2;EGFR;Choline
PIK3R2;PIK3R3;Choline
PIK3R2;PIK3R1;Choline
PIK3R2;PIK3CB;Choline
PIK3R2;PIK3CD;Choline
PIK3R2;PIK3CA;Choline
CCND1;AR;Choline
CCND1;EP300;Choline
CCND1;ESR1;Choline
CCND1;RB1;Choline
CCND1;CDK2;Choline
MAPK14;RB1;Choline
MAPK14;PGR;Choline
MAPK14;MAPK9;Choline
MAPK14;ESR1;Choline
MAPK14;NCOA3;Choline
MAPK14;MAPK8;Choline
MAPK14;TP53;Choline
TBP;CUEDC2;Choline
TBP;ESR1;Choline
TBP;TP53;Choline
NR3C1;RELA;Choline
NR3C1;NCOA3;Choline
NR3C1;EP300;Choline
NR3C1;STAT3;Choline
NR3C1;STIP1;Choline
NR3C1;NCOR1;Choline
NR3C1;PTGES3;Choline
NR3C1;NCOA1;Choline
NR3C1;NCOA2;Choline
NR3C1;HSP90AA1;Choline
FOXA1;EP300;Choline
FOXA1;AR;Choline
FOXA1;GATA3;Choline
PIK3R3;PGR;Choline
PIK3R3;ERBB4;Choline
PIK3R3;SRC;Choline
PIK3R3;ERBB2;Choline
PIK3R3;IGF1R;Choline
PIK3R3;EGFR;Choline
PIK3R3;PIK3R1;Choline
PIK3R3;PIK3CA;Choline
PIK3R3;PIK3CD;Choline
PIK3R3;PIK3CB;Choline
EP300;PARP1;Choline
EP300;GREB1;Choline
EP300;CDK2;Choline
EP300;AR;Choline
EP300;GATA3;Choline
EP300;BRCA1;Choline
EP300;ESR1;Choline
EP300;NCOA2;Choline
EP300;RELA;Choline
EP300;STAT3;Choline
EP300;TP53;Choline
EP300;HIF1A;Choline
EP300;NCOA1;Choline
EP300;MYC;Choline
EP300;NCOA3;Choline
PIK3CA;PGR;Choline
PIK3CA;ERBB4;Choline
PIK3CA;IGF1R;Choline
PIK3CA;SRC;Choline
PIK3CA;ERBB2;Choline
PIK3CA;PIK3CD;Choline
PIK3CA;PIK3CB;Choline
PIK3CA;EGFR;Choline
PIK3CA;PIK3R1;Choline
STAT3;ERBB2;Choline
STAT3;MYC;Choline
STAT3;RELA;Choline
STAT3;HIF1A;Choline
STAT3;TP53;Choline
STAT3;STAT5A;Choline
STAT3;EGFR;Choline
STAT3;STAT5B;Choline
STAT3;SRC;Choline
EGF;IGF1R;Choline
EGF;ERBB2;Choline
EGF;EGFR;Choline
CDK2;BRCA1;Choline
CDK2;TP53;Choline
CDK2;RB1;Choline
RB1;ARID1A;Choline
RB1;BRCA1;Choline
NCOR1;AR;Choline
NCOR1;PGR;Choline
NCOR1;NCOR2;Choline
NCOR1;ESR1;Choline
TP53;PIAS1;Choline
TP53;MAPK11;Choline
TP53;PARP1;Choline
TP53;MAPK9;Choline
TP53;ESR1;Choline
TP53;BRCA2;Choline
TP53;HSPA4;Choline
TP53;MAPK8;Choline
TP53;HIF1A;Choline
TP53;HSP90AA1;Choline
TP53;BRCA1;Choline
ERBB2;PIK3CD;Choline
ERBB2;PIK3CB;Choline
ERBB2;PIK3R1;Choline
ERBB2;ERBB4;Choline
ERBB2;EGFR;Choline
ERBB2;SRC;Choline
ERBB2;HSP90AA1;Choline
EGFR;PIK3CD;Choline
EGFR;HSPA4;Choline
EGFR;PIK3CB;Choline
EGFR;ERBB4;Choline
EGFR;STAT5B;Choline
EGFR;PIK3R1;Choline
EGFR;STAT5A;Choline
EGFR;HSP90AB1;Choline
EGFR;HSP90AA1;Choline
EGFR;SRC;Choline
TFF1;ESR1;Choline
STAT5B;STAT5A;Choline
STAT5B;ERBB4;Choline
HSPA4;ESR1;Choline
HSPA4;HIF1A;Choline
HSPA4;STIP1;Choline
HSPA4;HSP90AB1;Choline
HSPA4;HSP90AA1;Choline
PRKACA;NCOA3;Choline
PRKACA;IGF1R;Choline
PRKACA;PGR;Choline
PRKACA;AR;Choline
PRKACA;ESR1;Choline
PRKACA;PRKACG;Choline
PRKACA;PRKACB;Choline
PRKACA;RELA;Choline
PGR;PTGES3;Choline
PGR;ERBB4;Choline
PGR;MAPK9;Choline
PGR;MAPK11;Choline
PGR;PIK3CD;Choline
PGR;PIK3CB;Choline
PGR;MAPK8;Choline
PGR;PIK3R1;Choline
PGR;PRKACB;Choline
PGR;PRKACG;Choline
PGR;ESR1;Choline
PGR;NCOA3;Choline
PGR;NCOR2;Choline
PGR;NCOA1;Choline
MAPK11;NCOA3;Choline
MAPK11;MAPK9;Choline
MAPK11;MAPK8;Choline
MAPK11;ESR1;Choline
HSP90AA1;HSP90AB1;Choline
HSP90AA1;AR;Choline
HSP90AA1;ESR1;Choline
HSP90AA1;SRC;Choline
HSP90AA1;HIF1A;Choline
HSP90AA1;PTGES3;Choline
HSP90AA1;STIP1;Choline
HSP90AA1;FKBP5;Choline
STAT5A;ERBB4;Choline
ERBB4;SRC;Choline
ERBB4;PIK3CD;Choline
ERBB4;PIK3CB;Choline
ERBB4;PIK3R1;Choline
ERBB4;ESR1;Choline
NR3C2;PTGES3;Choline
NR3C2;NCOA1;Choline
STIP1;PTGES3;Choline
STIP1;HSP90AB1;Choline
PRKACB;NCOA3;Choline
PRKACB;IGF1R;Choline
PRKACB;AR;Choline
PRKACB;ESR1;Choline
PRKACB;RELA;Choline
PRKACB;PRKACG;Choline
HSP90AB1;HIF1A;Choline
HSP90AB1;AR;Choline
HSP90AB1;FKBP5;Choline
HSP90AB1;PTGES3;Choline
NCOA3;PRKACG;Choline
NCOA3;MAPK9;Choline
NCOA3;MAPK8;Choline
NCOA3;SRC;Choline
NCOA3;NCOA1;Choline
NCOA3;NCOA2;Choline
NCOA3;AR;Choline
NCOA3;ESR1;Choline
SRC;GPER1;Choline
SRC;MAPK9;Choline
SRC;FGFR2;Choline
SRC;MAPK8;Choline
SRC;PIK3CD;Choline
SRC;PIK3CB;Choline
SRC;AR;Choline
SRC;IGF1R;Choline
SRC;PIK3R1;Choline
SRC;ESR1;Choline
AR;FKBP5;Choline
AR;PRKACG;Choline
AR;PTGES3;Choline
AR;NCOR2;Choline
AR;NCOA1;Choline
AR;NCOA2;Choline
PRKACG;IGF1R;Choline
PRKACG;ESR1;Choline
PRKACG;RELA;Choline
PIK3CD;IGF1R;Choline
PIK3CD;PIK3CB;Choline
PIK3CD;PIK3R1;Choline
BRCA2;BRCA1;Choline
MAPK8;ESR1;Choline
MAPK8;RELA;Choline
MAPK8;MAPK9;Choline
NCOR2;ESR1;Choline
RELA;MAPK9;Choline
RELA;ESR1;Choline
NCOA1;NCOA2;Choline
NCOA1;ESR1;Choline
MAPK9;ESR1;Choline
NCOA2;ESR1;Choline
ESR1;PTGES3;Choline
ESR1;PIK3R1;Choline
ESR1;IGF1R;Choline
ESR1;BRCA1;Choline
BRCA1;MYC;Choline
PIK3R1;IGF1R;Choline
PIK3R1;PIK3CB;Choline
FKBP5;PTGES3;Choline
IGF1R;PIK3CB;Choline
GNB3;HTR7;Choline
GNB3;GNAI2;Choline
GNB3;GNG3;Choline
GNB3;GNG13;Choline
GNB3;GNG4;Choline
GNB3;GNG2;Choline
GNB3;GNG7;Choline
GNB4;HTR7;Choline
GNB4;GNAI2;Choline
GNB4;GNAI3;Choline
GNB4;GNG3;Choline
GNB4;GNG13;Choline
GNB4;GNG7;Choline
GNG13;HTR7;Choline
GNG13;GNG7;Choline
GNG13;GNB1;Choline
GNB5;HTR7;Choline
GNB5;GNG3;Choline
GNB5;GNG7;Choline
CRH;GNB1;Choline
CRH;GNG2;Choline
SST;GNAI3;Choline
GNG3;HTR7;Choline
GNG3;GNB2;Choline
GALR1;GNG2;Choline
GALR1;GNB1;Choline
GALR1;GNAI1;Choline
GNB2;HTR7;Choline
GNB2;GNAI2;Choline
GNB2;GNAI3;Choline
GNB2;GNG4;Choline
GNB2;GNG7;Choline
GNB2;GNG2;Choline
GNAI2;GNG7;Choline
GNAI2;GNG4;Choline
GNAI2;GNAI3;Choline
HTR1A;GNG2;Choline
HTR1A;GNAI1;Choline
HTR1A;GNB1;Choline
GNG2;GHRL;Choline
GNG2;HTR2A;Choline
GNG2;GRM4;Choline
GNG2;GNAI3;Choline
GNG2;HTR1B;Choline
GNG2;HTR7;Choline
GHRL;GNB1;Choline
EDN3;EDN1;Choline
HTR7;GNG7;Choline
HTR7;GNG4;Choline
HTR7;GNB1;Choline
MAOA;MAOB;Choline
GNAI3;GRM4;Choline
GNAI3;GNG7;Choline
GNAI3;GNG4;Choline
GNAI3;GNAI1;Choline
GNAI3;GNB1;Choline
HTR1B;GNB1;Choline
GNB1;GRM4;Choline
GNB1;HTR2A;Choline
GNB1;GNG7;Choline
GNG7;GNAI1;Choline
SNRPD3;GAR1;Choline
SNRPD3;GEMIN4;Choline
SNRPD3;HNRNPC;Choline
SNRPD3;GEMIN8;Choline
SNRPD3;SMN2;Choline
SNRPD3;GEMIN7;Choline
SNRPD3;DDX20;Choline
SNRPD3;STRAP;Choline
SNRPD3;SRSF1;Choline
SNRPD3;GEMIN2;Choline
SNRPD3;GEMIN6;Choline
SNRPD3;LSM11;Choline
SNRPD3;GEMIN5;Choline
SNRPD3;SMN1;Choline
SNRPD3;WDR77;Choline
SNRPD3;PRMT5;Choline
SNRPD3;CLNS1A;Choline
SNRPD3;SNRPG;Choline
SNRPD3;LSM4;Choline
SNRPD3;SNRPD1;Choline
SNRPD3;SNRPD2;Choline
SNRPD3;SNRPF;Choline
SNRPD3;LSM10;Choline
SNRPD3;SNRNP70;Choline
SNRPD3;SNRPB;Choline
SNRPD3;SNRPE;Choline
GAR1;LSM11;Choline
GAR1;HNRNPC;Choline
GAR1;SNRPE;Choline
GAR1;SNRPB;Choline
SRSF9;SRSF3;Choline
SRSF9;SRSF1;Choline
SRSF9;TRA2B;Choline
WDR77;SNRPG;Choline
WDR77;SNRPF;Choline
WDR77;SNRPE;Choline
WDR77;SNRPD2;Choline
WDR77;SNRPD1;Choline
WDR77;SNRPB;Choline
WDR77;CLNS1A;Choline
WDR77;PRMT5;Choline
TARDBP;FUS;Choline
COIL;SMN1;Choline
SRSF1;LSM4;Choline
SRSF1;SNRPB;Choline
SRSF1;SNRPD1;Choline
SRSF1;SNRPG;Choline
SRSF1;SNRPE;Choline
SRSF1;SNRPD2;Choline
SRSF1;SNRPF;Choline
SRSF1;SRSF3;Choline
SRSF1;TRA2B;Choline
SRSF1;SNRNP70;Choline
SNRPF;GEMIN7;Choline
SNRPF;PRMT5;Choline
SNRPF;STRAP;Choline
SNRPF;GEMIN4;Choline
SNRPF;GEMIN5;Choline
SNRPF;GEMIN8;Choline
SNRPF;GEMIN6;Choline
SNRPF;DDX20;Choline
SNRPF;LSM11;Choline
SNRPF;SMN2;Choline
SNRPF;CLNS1A;Choline
SNRPF;SMN1;Choline
SNRPF;GEMIN2;Choline
SNRPF;LSM4;Choline
SNRPF;SNRPB;Choline
SNRPF;SNRPE;Choline
SNRPF;LSM10;Choline
SNRPF;SNRNP70;Choline
SNRPF;SNRPD2;Choline
SNRPF;SNRPD1;Choline
SNRPF;SNRPG;Choline
GEMIN7;SNRNP70;Choline
GEMIN7;SNRPG;Choline
GEMIN7;SNRPD2;Choline
GEMIN7;SNRPB;Choline
GEMIN7;SMN2;Choline
GEMIN7;SNRPD1;Choline
GEMIN7;SNRPE;Choline
GEMIN7;SMN1;Choline
GEMIN7;GEMIN4;Choline
GEMIN7;GEMIN5;Choline
GEMIN7;STRAP;Choline
GEMIN7;GEMIN8;Choline
GEMIN7;GEMIN6;Choline
GEMIN7;DDX20;Choline
GEMIN7;GEMIN2;Choline
GEMIN6;SNRNP70;Choline
GEMIN6;SMN2;Choline
GEMIN6;SNRPD1;Choline
GEMIN6;SNRPG;Choline
GEMIN6;SNRPD2;Choline
GEMIN6;SNRPB;Choline
GEMIN6;SNRPE;Choline
GEMIN6;SMN1;Choline
GEMIN6;GEMIN4;Choline
GEMIN6;GEMIN8;Choline
GEMIN6;STRAP;Choline
GEMIN6;GEMIN5;Choline
GEMIN6;GEMIN2;Choline
GEMIN6;DDX20;Choline
GEMIN5;SMN2;Choline
GEMIN5;SNRPG;Choline
GEMIN5;SNRPE;Choline
GEMIN5;SNRPD2;Choline
GEMIN5;SNRPB;Choline
GEMIN5;SNRPD1;Choline
GEMIN5;SMN1;Choline
GEMIN5;STRAP;Choline
GEMIN5;GEMIN8;Choline
GEMIN5;GEMIN2;Choline
GEMIN5;DDX20;Choline
GEMIN5;GEMIN4;Choline
LSM11;HNRNPC;Choline
LSM11;SYNCRIP;Choline
LSM11;SMN1;Choline
LSM11;DDX20;Choline
LSM11;SNRPB;Choline
LSM11;SNRPG;Choline
LSM11;SNRPE;Choline
LSM11;LSM10;Choline
KPNB1;SNUPN;Choline
SNRPD1;GEMIN4;Choline
SNRPD1;GEMIN8;Choline
SNRPD1;STRAP;Choline
SNRPD1;DDX20;Choline
SNRPD1;PRMT5;Choline
SNRPD1;SMN2;Choline
SNRPD1;LSM4;Choline
SNRPD1;SNRPB;Choline
SNRPD1;SNRPE;Choline
SNRPD1;GEMIN2;Choline
SNRPD1;SNRNP70;Choline
SNRPD1;CLNS1A;Choline
SNRPD1;SNRPD2;Choline
SNRPD1;SMN1;Choline
SNRPD1;SNRPG;Choline
GEMIN2;SNRNP70;Choline
GEMIN2;SNRPB;Choline
GEMIN2;SNRPG;Choline
GEMIN2;SNRPE;Choline
GEMIN2;SMN2;Choline
GEMIN2;STRAP;Choline
GEMIN2;SNRPD2;Choline
GEMIN2;DDX20;Choline
GEMIN2;SMN1;Choline
GEMIN2;GEMIN4;Choline
GEMIN2;GEMIN8;Choline
PRMT5;LSM4;Choline
PRMT5;SNRPG;Choline
PRMT5;SNRPD2;Choline
PRMT5;SNRPE;Choline
PRMT5;SNRPB;Choline
PRMT5;CLNS1A;Choline
LSM10;CLNS1A;Choline
LSM10;SNRPD2;Choline
LSM10;SNRPB;Choline
LSM10;SNRPG;Choline
LSM10;SNRPE;Choline
GEMIN4;SNRPG;Choline
GEMIN4;SMN2;Choline
GEMIN4;SNRPE;Choline
GEMIN4;SNRPD2;Choline
GEMIN4;SNRPB;Choline
GEMIN4;GEMIN8;Choline
GEMIN4;STRAP;Choline
GEMIN4;SMN1;Choline
GEMIN4;DDX20;Choline
HNRNPA1;HNRNPDL;Choline
HNRNPA1;HNRNPR;Choline
HNRNPA1;HNRNPH1;Choline
HNRNPA1;HNRNPA2B1;Choline
HNRNPA1;HNRNPC;Choline
SNRPD2;GEMIN8;Choline
SNRPD2;STRAP;Choline
SNRPD2;DDX20;Choline
SNRPD2;SMN2;Choline
SNRPD2;CLNS1A;Choline
SNRPD2;SMN1;Choline
SNRPD2;SNRNP70;Choline
SNRPD2;SNRPE;Choline
SNRPD2;SNRPB;Choline
SNRPD2;SNRPG;Choline
SNRPD2;LSM4;Choline
HNRNPA2B1;HNRNPH1;Choline
SYNCRIP;HNRNPR;Choline
DDX20;SNRNP70;Choline
DDX20;SNRPG;Choline
DDX20;SNRPE;Choline
DDX20;SNRPB;Choline
DDX20;SMN2;Choline
DDX20;GEMIN8;Choline
DDX20;STRAP;Choline
DDX20;SMN1;Choline
RBMX;TRA2B;Choline
SRSF3;TRA2B;Choline
GEMIN8;SNRNP70;Choline
GEMIN8;SNRPG;Choline
GEMIN8;SMN2;Choline
GEMIN8;SNRPB;Choline
GEMIN8;SNRPE;Choline
GEMIN8;SMN1;Choline
GEMIN8;STRAP;Choline
SMN1;SNRNP70;Choline
SMN1;CLNS1A;Choline
SMN1;SMN2;Choline
SMN1;SNRPB;Choline
SMN1;SNRPG;Choline
SMN1;STRAP;Choline
SMN1;SNRPE;Choline
SMN2;CLNS1A;Choline
SMN2;SNRPB;Choline
SMN2;SNRPG;Choline
SMN2;SNRPE;Choline
SMN2;STRAP;Choline
STRAP;SNRPG;Choline
STRAP;SNRPB;Choline
STRAP;SNRPE;Choline
SNRPG;CLNS1A;Choline
SNRPG;LSM4;Choline
SNRPG;SNRNP70;Choline
SNRPG;SNRPE;Choline
SNRPG;SNRPB;Choline
SNRPE;HNRNPC;Choline
SNRPE;CLNS1A;Choline
SNRPE;LSM4;Choline
SNRPE;SNRPB;Choline
SNRPE;SNRNP70;Choline
SNRPB;HNRNPC;Choline
SNRPB;CLNS1A;Choline
SNRPB;LSM4;Choline
SNRPB;SNRNP70;Choline
LSM4;SNRNP70;Choline
GLA;MGAM2;Choline
GLA;GAA;Choline
GLA;SI;Choline
GLA;MGAM;Choline
SI;MGAM;Choline
SI;HK2;Choline
SI;HK3;Choline
SI;HK1;Choline
SI;HKDC1;Choline
SI;MGAM2;Choline
SI;GAA;Choline
SI;AMY1B;Choline
SI;AMY2B;Choline
SI;AMY2A;Choline
HK2;HKDC1;Choline
HK2;GAA;Choline
HK2;MGAM2;Choline
HK2;MGAM;Choline
HK2;HK3;Choline
HK2;HK1;Choline
HK3;GAA;Choline
HK3;MGAM2;Choline
HK3;MGAM;Choline
HK3;HKDC1;Choline
HK3;HK1;Choline
GAA;GYG1;Choline
GAA;MGAM2;Choline
GAA;HKDC1;Choline
GAA;HK1;Choline
GAA;MGAM;Choline
GAA;AMY1B;Choline
GAA;AMY2B;Choline
GAA;AMY2A;Choline
AMY1B;AMY2A;Choline
AMY1B;AMY2B;Choline
AMY1B;MGAM;Choline
AMY1B;MGAM2;Choline
HKDC1;MGAM2;Choline
HKDC1;MGAM;Choline
HKDC1;HK1;Choline
AMY2B;AMY2A;Choline
AMY2B;MGAM;Choline
AMY2B;MGAM2;Choline
MGAM2;HK1;Choline
MGAM2;MGAM;Choline
MGAM2;AMY2A;Choline
MGAM;HK1;Choline
MGAM;AMY2A;Choline
GALR3;GALR1;Choline
GALR3;GALR2;Choline
GALR3;GAL;Choline
SPX;GALR2;Choline
GAL;GALR1;Choline
GAL;GALR2;Choline
GALR1;GALR2;Choline
VAMP3;PLIN3;Choline
VAMP3;RABEPK;Choline
VAMP3;NAPA;Choline
VAMP3;STX12;Choline
VAMP3;VTI1A;Choline
VPS18;STX12;Choline
VPS18;RAB9B;Choline
VPS18;RAB9A;Choline
VPS18;VTI1A;Choline
VPS18;VPS33B;Choline
VPS18;VPS11;Choline
VPS18;VPS41;Choline
VPS18;VPS16;Choline
VPS18;VPS33A;Choline
PLIN3;RABEPK;Choline
RAB9B;VPS33A;Choline
RAB9B;VPS33B;Choline
RAB9B;VPS16;Choline
RAB9B;VPS41;Choline
RAB9B;VPS11;Choline
RAB9B;PLEKHM2;Choline
RAB9B;RAB9A;Choline
RAB9B;GCC2;Choline
NAPA;STX12;Choline
NAPA;VTI1A;Choline
NAPA;NSF;Choline
VPS33A;RAB9A;Choline
VPS33A;VTI1A;Choline
VPS33A;VPS33B;Choline
VPS33A;STX12;Choline
VPS33A;VPS16;Choline
VPS33A;VPS41;Choline
VPS33A;VPS11;Choline
GCC2;RAB9A;Choline
VPS41;STX12;Choline
VPS41;RAB9A;Choline
VPS41;VTI1A;Choline
VPS41;VPS33B;Choline
VPS41;VPS11;Choline
VPS41;VPS16;Choline
RABGGTB;CHM;Choline
RABGGTB;CHML;Choline
RABGGTB;RABGGTA;Choline
VPS33B;RAB9A;Choline
VPS33B;VTI1A;Choline
VPS33B;STX12;Choline
VPS33B;VPS16;Choline
VPS33B;VPS11;Choline
CHM;CHML;Choline
CHM;RABGGTA;Choline
CHML;RABGGTA;Choline
STX12;VPS11;Choline
STX12;VPS16;Choline
STX12;VTI1A;Choline
PLEKHM2;RAB9A;Choline
GDI2;RAB9A;Choline
GDI2;GDI1;Choline
VPS16;RAB9A;Choline
VPS16;VTI1A;Choline
VPS16;VPS11;Choline
VTI1A;VPS11;Choline
NDE1;RAB9A;Choline
HLA-A;RAB9A;Choline
HLA-A;B2M;Choline
GDI1;RAB9A;Choline
RAB9A;B2M;Choline
RAB9A;VPS11;Choline
CA5B;CA5A;Choline
FGF4;FGFR1;Choline
FGF4;FGFR2;Choline
FGF20;FGFR2;Choline
FGF20;FGFR1;Choline
FGF22;FGFR2;Choline
FGF22;FGFR1;Choline
SOS2;SHC4;Choline
SOS2;SHC2;Choline
SOS2;FGFR4;Choline
SOS2;SHC3;Choline
SOS2;FGFR2;Choline
SOS2;FGFR1;Choline
SOS2;FGFR3;Choline
SOS2;SOS1;Choline
SOS2;NRAS;Choline
SOS2;GAB1;Choline
SOS2;HRAS;Choline
SOS2;KRAS;Choline
SOS2;PTPN11;Choline
SOS2;SHC1;Choline
SOS2;GRB2;Choline
PIK3R2;PLCG2;Choline
PIK3R2;JAK1;Choline
PIK3R2;JAK2;Choline
PIK3R2;PLCG1;Choline
PIK3R2;GAB1;Choline
PIK3R2;HRAS;Choline
PIK3R2;NRAS;Choline
PIK3R2;KRAS;Choline
PIK3R2;FGFR1;Choline
PIK3R2;CBL;Choline
PIK3R2;PTPN11;Choline
PIK3R2;IRS1;Choline
FGF6;FGFR2;Choline
FGF6;FGFR1;Choline
FGF23;FGFR2;Choline
FGF23;KL;Choline
FGF23;FGFR1;Choline
PLCG1;FGFR4;Choline
PLCG1;LOC102723407;Choline
PLCG1;PIK3R3;Choline
PLCG1;PIK3CB;Choline
PLCG1;PIK3CD;Choline
PLCG1;SRC;Choline
PLCG1;FGFR3;Choline
PLCG1;SOS1;Choline
PLCG1;PLCG2;Choline
PLCG1;PIK3R1;Choline
PLCG1;JAK2;Choline
PLCG1;PIK3CA;Choline
PLCG1;ERBB2;Choline
PLCG1;CBL;Choline
PLCG1;FGFR2;Choline
PLCG1;GRB2;Choline
PLCG1;FGFR1;Choline
KRAS;NRAS;Choline
KRAS;FGFR4;Choline
KRAS;PIK3R3;Choline
KRAS;PIK3R1;Choline
KRAS;FGFR3;Choline
KRAS;FGFR2;Choline
KRAS;PIK3CB;Choline
KRAS;PIK3CD;Choline
KRAS;FGFR1;Choline
KRAS;SRC;Choline
KRAS;HRAS;Choline
KRAS;CDKN2A;Choline
KRAS;PIK3CA;Choline
KRAS;SOS1;Choline
KLB;FGFR4;Choline
KLB;FGF21;Choline
KLB;FGF19;Choline
KLB;FGFR1;Choline
MDM2;CDKN2A;Choline
MDM2;TP53;Choline
PIK3R3;PLCG2;Choline
PIK3R3;HRAS;Choline
PIK3R3;NRAS;Choline
PIK3R3;FGFR1;Choline
PIK3R3;GAB1;Choline
PIK3R3;PTPN11;Choline
PIK3R3;JAK2;Choline
PIK3R3;JAK1;Choline
PIK3R3;IRS1;Choline
GAB1;SHC4;Choline
GAB1;SHC2;Choline
GAB1;FGFR2;Choline
GAB1;FGFR3;Choline
GAB1;PIK3CA;Choline
GAB1;PIK3CB;Choline
GAB1;PIK3CD;Choline
GAB1;SHC3;Choline
GAB1;ERBB2;Choline
GAB1;CRK;Choline
GAB1;SOS1;Choline
GAB1;PIK3R1;Choline
GAB1;CRKL;Choline
GAB1;SHC1;Choline
GAB1;GRB2;Choline
GAB1;PTPN11;Choline
PIK3CA;PLCG2;Choline
PIK3CA;JAK1;Choline
PIK3CA;FGFR1;Choline
PIK3CA;JAK2;Choline
PIK3CA;PTPN11;Choline
PIK3CA;HRAS;Choline
PIK3CA;NRAS;Choline
PIK3CA;IRS1;Choline
CBL;ERBB2;Choline
CBL;SHC1;Choline
CBL;GRB2;Choline
CBL;SRC;Choline
CBL;CRKL;Choline
CBL;CRK;Choline
CBL;PIK3R1;Choline
FGF2;FGFR2;Choline
FGF2;FGFR4;Choline
FGF2;FGFR1;Choline
FGF2;FGFR3;Choline
SHC2;JAK2;Choline
SHC2;FGFR2;Choline
SHC2;FGFR3;Choline
SHC2;FGFR1;Choline
SHC2;SOS1;Choline
SHC2;GRB2;Choline
SHC2;ERBB2;Choline
SHC2;SRC;Choline
FGF10;FGFR1;Choline
FGF10;FGFR2;Choline
EGF;PDGFC;Choline
EGF;PDGFD;Choline
EGF;PDGFA;Choline
EGF;PDGFB;Choline
EGF;IGF1;Choline
EGF;INS;Choline
EGF;TGFA;Choline
FGF7;FGFR2;Choline
FGF7;FGFR1;Choline
TP53;CDKN2A;Choline
ERBB2;IGHV3-16;Choline
ERBB2;SHC4;Choline
ERBB2;JAK1;Choline
ERBB2;SHC3;Choline
ERBB2;INS;Choline
ERBB2;JAK2;Choline
ERBB2;PTPN11;Choline
ERBB2;PLCG2;Choline
ERBB2;IGF1;Choline
ERBB2;TGFA;Choline
ERBB2;GRB2;Choline
ERBB2;SHC1;Choline
FGF18;FGFR2;Choline
FGF18;FGFR1;Choline
FGFR4;SOS1;Choline
FGFR4;HRAS;Choline
FGFR4;NRAS;Choline
FGFR4;INS;Choline
FGFR4;GRB2;Choline
FGFR4;FRS2;Choline
FGFR4;FGF1;Choline
FGFR4;FGF19;Choline
FGF19;FGFR2;Choline
FGF19;FGFR1;Choline
VEGFD;VEGFC;Choline
VEGFD;VEGFB;Choline
CRK;SOS1;Choline
CRK;SHC1;Choline
CRK;CRKL;Choline
CRK;PIK3R1;Choline
CRK;GRB2;Choline
CRK;FRS2;Choline
CRK;SRC;Choline
IRS1;KL;Choline
IRS1;PIK3CD;Choline
IRS1;PIK3CB;Choline
IRS1;JAK2;Choline
IRS1;PIK3R1;Choline
IRS1;PTPN11;Choline
IRS1;INS;Choline
IRS1;GRB2;Choline
VEGFB;VEGFC;Choline
FGF5;FGFR2;Choline
FGF5;FGFR1;Choline
ANGPT2;ANGPT1;Choline
FGF8;FGFR3;Choline
FGF8;FGFR1;Choline
FGF8;FGFR2;Choline
SHC4;JAK2;Choline
SHC4;FGFR1;Choline
SHC4;FGFR2;Choline
SHC4;SOS1;Choline
SHC4;FGFR3;Choline
SHC4;SRC;Choline
SHC4;GRB2;Choline
PDGFB;INS;Choline
PDGFB;TGFA;Choline
PDGFB;IGF1;Choline
PDGFB;PDGFD;Choline
PDGFB;PDGFC;Choline
PDGFB;PDGFA;Choline
FGF3;FGFR1;Choline
FGF3;FGFR2;Choline
FGFR3;IGHV3-16;Choline
FGFR3;JAK1;Choline
FGFR3;PLCG2;Choline
FGFR3;SHC3;Choline
FGFR3;JAK2;Choline
FGFR3;SRC;Choline
FGFR3;SHC1;Choline
FGFR3;INS;Choline
FGFR3;SOS1;Choline
FGFR3;NRAS;Choline
FGFR3;HRAS;Choline
FGFR3;GRB2;Choline
FGFR3;FGFR2;Choline
FGFR3;FGF9;Choline
FGFR3;FGF1;Choline
CRKL;PIK3R1;Choline
CRKL;SRC;Choline
CRKL;FRS2;Choline
PDGFA;INS;Choline
PDGFA;TGFA;Choline
PDGFA;IGF1;Choline
PDGFA;PDGFD;Choline
PDGFA;PDGFC;Choline
FGF17;FGFR2;Choline
FGF17;FGFR1;Choline
NGF;LOC102723407;Choline
NRAS;HRAS;Choline
NRAS;PIK3CB;Choline
NRAS;PIK3CD;Choline
NRAS;PIK3R1;Choline
NRAS;FGFR1;Choline
NRAS;SRC;Choline
NRAS;FGFR2;Choline
NRAS;CDKN2A;Choline
NRAS;SOS1;Choline
SRC;SHC3;Choline
SRC;PLCG2;Choline
SRC;HRAS;Choline
SRC;PTPN11;Choline
SRC;SHC1;Choline
SRC;GRB2;Choline
SHC3;JAK2;Choline
SHC3;FGFR1;Choline
SHC3;FGFR2;Choline
SHC3;SOS1;Choline
SHC3;GRB2;Choline
PIK3CD;FGFR1;Choline
PIK3CD;PTPN11;Choline
PIK3CD;JAK2;Choline
PIK3CD;JAK1;Choline
PIK3CD;HRAS;Choline
PIK3CD;PLCG2;Choline
KL;FGFR1;Choline
JAK2;FGFR2;Choline
JAK2;PLCG2;Choline
JAK2;PIK3CB;Choline
JAK2;PIK3R1;Choline
JAK2;SHC1;Choline
JAK2;PTPN11;Choline
JAK2;JAK1;Choline
FGF9;FGFR2;Choline
FGF9;FGFR1;Choline
GRB2;FGFR1;Choline
GRB2;FGFR2;Choline
GRB2;PIK3R1;Choline
GRB2;PTPN11;Choline
GRB2;SOS1;Choline
GRB2;SHC1;Choline
GRB2;FRS2;Choline
IGF1;PDGFD;Choline
IGF1;PDGFC;Choline
IGF1;TGFA;Choline
IGF1;IGF2;Choline
IGF1;INS;Choline
PDGFD;INS;Choline
PDGFD;TGFA;Choline
PDGFD;PDGFC;Choline
INS;PDGFC;Choline
INS;FGFR2;Choline
INS;TGFA;Choline
INS;FGFR1;Choline
SOS1;FGFR2;Choline
SOS1;FGFR1;Choline
SOS1;FRS2;Choline
SOS1;SHC1;Choline
SOS1;HRAS;Choline
SOS1;PTPN11;Choline
FGFR1;PLCG2;Choline
FGFR1;PIK3CB;Choline
FGFR1;HRAS;Choline
FGFR1;SHC1;Choline
FGFR1;PIK3R1;Choline
FGFR1;FGF21;Choline
FGFR1;FRS2;Choline
FGFR1;FGF1;Choline
FGFR1;FGF16;Choline
FGF16;FGFR2;Choline
SHC1;PLCG2;Choline
SHC1;FGFR2;Choline
SHC1;PIK3R1;Choline
SHC1;PTPN11;Choline
TGFA;PDGFC;Choline
HRAS;IGHV3-16;Choline
HRAS;FGFR2;Choline
HRAS;PIK3CB;Choline
HRAS;CDKN2A;Choline
HRAS;PIK3R1;Choline
FGFR2;PLCG2;Choline
FGFR2;JAK1;Choline
FGFR2;FGF21;Choline
FGFR2;FRS2;Choline
FGFR2;FGF1;Choline
PIK3R1;JAK1;Choline
PIK3R1;PLCG2;Choline
PIK3R1;PTPN11;Choline
FRS2;PTPN11;Choline
LOC102723407;PLCG2;Choline
PLCG2;PTPN11;Choline
PLCG2;PIK3CB;Choline
PTPN11;PIK3CB;Choline
PTPN11;JAK1;Choline
JAK1;PIK3CB;Choline
HEBP1;FPR3;Choline
APP;GNAI2;Choline
APP;GNG2;Choline
APP;GNB1;Choline
APP;FPR2;Choline
GNAI2;MTRNR2L8;Choline
GNAI2;MTRNR2L12;Choline
GNAI2;FPR2;Choline
GNG2;MTRNR2L8;Choline
GNG2;MTRNR2L12;Choline
GNG2;FPR1;Choline
GNG2;FPR2;Choline
FPR3;FPR2;Choline
FPR3;FPR1;Choline
FPR3;ANXA1;Choline
GNB1;MTRNR2L12;Choline
GNB1;MTRNR2L8;Choline
GNB1;FPR1;Choline
GNB1;FPR2;Choline
MTRNR2L8;FPR2;Choline
MTRNR2L8;MTRNR2L12;Choline
FPR2;MTRNR2L12;Choline
FPR2;GNAI1;Choline
FPR2;FPR1;Choline
FPR1;GNAI1;Choline
SCT;IGHV3-16;Choline
SCT;GNB1;Choline
SCT;GNG2;Choline
SCT;GNAS;Choline
GNB3;GNAS;Choline
IAPP;IGHV3-16;Choline
IAPP;GNB1;Choline
IAPP;GNG2;Choline
IAPP;GNAS;Choline
FFAR1;GIP;Choline
FFAR1;GCG;Choline
FFAR1;GNAQ;Choline
TSHB;IGHV3-16;Choline
TSHB;GNB1;Choline
TSHB;GNG2;Choline
TSHB;GIPR;Choline
TSHB;GLP1R;Choline
TSHB;GNAS;Choline
GLP2R;IGHV3-16;Choline
GLP2R;GNG2;Choline
GLP2R;GLP1R;Choline
GLP2R;GNB1;Choline
GLP2R;GCG;Choline
GNAO1;GNG2;Choline
GNAO1;GNB1;Choline
CRH;GNAS;Choline
GNAQ;GNG2;Choline
GNAQ;CCKAR;Choline
CCKAR;IGHV3-16;Choline
CCKAR;GNG2;Choline
CCKAR;GNB1;Choline
CCKAR;GNAS;Choline
CCKAR;CCK;Choline
ALB;IGHV3-16;Choline
NPY2R;GNG2;Choline
NPY2R;GNB1;Choline
NPY2R;PYY;Choline
GNG2;POMC;Choline
GNG2;GHRH;Choline
GNG2;GCG;Choline
GNG2;GIP;Choline
GNG2;ADCYAP1;Choline
GNG2;GIPR;Choline
GNG2;GLP1R;Choline
GNG2;GNAS;Choline
GHRL;IGHV3-16;Choline
GHRL;GCG;Choline
GHRL;INS;Choline
GIP;IGHV3-16;Choline
GIP;GNB1;Choline
GIP;GNAS;Choline
GIP;DPP4;Choline
GIP;GIPR;Choline
GIP;GLP1R;Choline
DPP4;GCG;Choline
VIP;GIPR;Choline
VIP;GLP1R;Choline
GNAS;IGHV3-16;Choline
GNAS;ADCYAP1;Choline
GNAS;GCG;Choline
GNAS;GHRH;Choline
GNAS;GIPR;Choline
GNAS;GLP1R;Choline
GNAS;GNB1;Choline
GLP1R;IGHV3-16;Choline
GLP1R;FSHB;Choline
GLP1R;NPPA;Choline
GLP1R;ADCYAP1;Choline
GLP1R;POMC;Choline
GLP1R;GNB1;Choline
GLP1R;GCG;Choline
GHRH;IGHV3-16;Choline
GHRH;GNB1;Choline
NPPA;GIPR;Choline
GNB1;ADCYAP1;Choline
GNB1;GCG;Choline
GNB1;POMC;Choline
GNB1;GIPR;Choline
POMC;IGHV3-16;Choline
POMC;GIPR;Choline
GCG;IGHV3-16;Choline
GCG;TCF7L2;Choline
GCG;GIPR;Choline
FSHB;GIPR;Choline
ADCYAP1;IGHV3-16;Choline
ADCYAP1;GIPR;Choline
GIPR;IGHV3-16;Choline
TSHB;GPR119;Choline
GPR119;FSHB;Choline
GPR119;NPPA;Choline
GPR119;ADCYAP1;Choline
GPR119;VIP;Choline
GPR119;POMC;Choline
GPR119;GIP;Choline
GPR119;GCG;Choline
GPR119;GNAS;Choline
GNAS;GPBAR1;Choline
FFAR4;GCG;Choline
GNB3;CXCR4;Choline
SLC9A3R1;PRKACB;Choline
SLC9A3R1;PRKACA;Choline
SLC9A3R1;PRKACG;Choline
SLC9A3R1;ADRB2;Choline
SLC9A3R1;EZR;Choline
ARRDC3;ADRB2;Choline
ARRDC3;NEDD4;Choline
CACNA1C;PRKACG;Choline
CACNA1C;PRKACA;Choline
CACNA1C;PRKACB;Choline
SST;GNAS;Choline
PTGER1;GNAI2;Choline
PTGER1;GNAI1;Choline
PTGER1;GNAI3;Choline
PTGER1;GNAS;Choline
ADCY9;RAPGEF3;Choline
ADCY9;RAPGEF4;Choline
ADCY9;PRKACG;Choline
ADCY9;PRKACA;Choline
ADCY9;PRKACB;Choline
ADCY9;GNAS;Choline
ADCY9;GNAL;Choline
ADRB2;GNAI3;Choline
ADRB2;USP20;Choline
ADRB2;USP33;Choline
ADRB2;ADRB3;Choline
ADRB2;GNAI2;Choline
ADRB2;GNAI1;Choline
ADRB2;ADRB1;Choline
ADRB2;GNAS;Choline
ADRB2;ARRB2;Choline
ADRB2;ARRB1;Choline
PRKACA;GRIA1;Choline
PRKACA;EZR;Choline
PRKACA;AKAP5;Choline
GRK2;OPRM1;Choline
GRK2;GRK3;Choline
GRK2;ARRB1;Choline
GRK2;ARRB2;Choline
GNAI2;RAPGEF4;Choline
GNAI2;RAPGEF3;Choline
GNAI2;ADRB3;Choline
GNAI2;OPRM1;Choline
GNAI2;SRC;Choline
GNAI2;ADRB1;Choline
GNAI2;CXCR4;Choline
GRK3;ARRB1;Choline
GRK3;OPRM1;Choline
GRK3;ARRB2;Choline
GNAL;GNAS;Choline
EZR;PRKACB;Choline
EZR;PRKACG;Choline
CAV3;SRC;Choline
ADRB3;ADRB1;Choline
ADRB3;GNAI3;Choline
ADRB3;GNAI1;Choline
ADRB3;GNAS;Choline
GRK6;OPRM1;Choline
GRK6;ARRB1;Choline
GRK6;ARRB2;Choline
AGT;CXCR4;Choline
AGT;AGTR1;Choline
ADRB1;GNAI3;Choline
ADRB1;GNAI1;Choline
ADRB1;GNAS;Choline
GNAI3;RAPGEF4;Choline
GNAI3;RAPGEF3;Choline
GNAI3;SRC;Choline
GNAI3;OPRM1;Choline
GNAI3;CXCR4;Choline
PRKACB;GRIA1;Choline
PRKACB;AKAP5;Choline
USP33;ARRB2;Choline
GNAS;OPRM1;Choline
GNAS;SRC;Choline
GNAS;AVPR2;Choline
SRC;GNAI1;Choline
SRC;ARRB2;Choline
SRC;ARRB1;Choline
PRKACG;GRIA1;Choline
PRKACG;AKAP5;Choline
GRK5;OPRM1;Choline
GRK5;ARRB2;Choline
GRK5;ARRB1;Choline
RAPGEF4;GNAI1;Choline
RAPGEF4;RAPGEF3;Choline
CXCR4;GNAI1;Choline
OPRM1;ARRB1;Choline
OPRM1;ARRB2;Choline
OPRM1;GNAI1;Choline
RAPGEF3;GNAI1;Choline
ARRB2;CLTC;Choline
ARRB1;CLTC;Choline
ARRB1;AP2B1;Choline
ARRB1;AVPR2;Choline
CLTC;AP2B1;Choline
EPHA8;ABL1;Choline
MAPK1;CDKN1B;Choline
MAPK1;RAC2;Choline
MAPK1;NRAS;Choline
MAPK1;HRAS;Choline
MAPK1;MYC;Choline
MAPK1;KRAS;Choline
MAPK1;TP53;Choline
MAPK1;JUN;Choline
STUB1;RUNX2;Choline
STUB1;EGFR;Choline
STUB1;TP53;Choline
STUB1;ERBB2;Choline
STUB1;HSP90AA1;Choline
STUB1;HSP90AB1;Choline
STUB1;HSPA4;Choline
CCND1;CCND2;Choline
CCND1;CDKN2A;Choline
CCND1;CDKN1B;Choline
CCND1;CDK4;Choline
CCND1;CDKN1A;Choline
CDKN1B;CDK5;Choline
CDKN1B;CDKN1A;Choline
CDKN1B;TP53;Choline
CDKN1B;CDK4;Choline
CDKN1B;CCND2;Choline
DOK1;CRKL;Choline
DOK1;ABL1;Choline
VASP;CDC42;Choline
VASP;ENAH;Choline
ATG14;PIK3C3;Choline
ATG14;BECN1;Choline
YWHAH;ABL1;Choline
YWHAH;YWHAQ;Choline
YWHAH;WWTR1;Choline
YWHAH;YWHAE;Choline
YWHAH;YWHAG;Choline
YWHAH;YWHAB;Choline
YWHAH;YWHAZ;Choline
YWHAH;YAP1;Choline
RAC2;ABL2;Choline
RAC2;PIK3R1;Choline
RAC2;NCKAP1;Choline
RAC2;ABL1;Choline
RAC2;WASF1;Choline
RAC2;CDC42;Choline
RAC2;ABI2;Choline
RAC2;PIK3CA;Choline
RAC2;WASF2;Choline
RAC2;FYN;Choline
RAC2;RAC3;Choline
RAC2;VAV1;Choline
KRAS;RIN1;Choline
KRAS;BCL2L1;Choline
KRAS;EGFR;Choline
CDK4;RAD51;Choline
CDK4;ATM;Choline
CDK4;BRCA1;Choline
CDK4;HSP90AA1;Choline
CDK4;RB1;Choline
CDK4;CDKN2A;Choline
CDK4;CCND2;Choline
CDK4;CDKN1A;Choline
CDK4;HSP90AB1;Choline
MDM2;NPM1;Choline
MDM2;CDKN1A;Choline
MDM2;ATM;Choline
MDM2;TP73;Choline
MDM2;RB1;Choline
CCND2;CDK5;Choline
CCND2;RB1;Choline
CCND2;CDKN2A;Choline
CCND2;CDKN1A;Choline
PIK3C3;PIK3R1;Choline
PIK3C3;BECN1;Choline
PRDX1;CDK5;Choline
TCF3;CTNNB1;Choline
PIK3CA;GRB10;Choline
PIK3CA;GAB2;Choline
PIK3CA;RAC3;Choline
PIK3CA;VAV1;Choline
PIK3CA;FYN;Choline
PIK3CA;NTRK1;Choline
PIK3CA;CDC42;Choline
CBL;YWHAQ;Choline
CBL;YWHAB;Choline
CBL;EPHA2;Choline
CBL;FN1;Choline
CBL;NCK1;Choline
CBL;BCR;Choline
CBL;ABL1;Choline
CBL;VAV1;Choline
CBL;FYN;Choline
CBL;RAPGEF1;Choline
CBL;EGFR;Choline
YWHAE;YAP1;Choline
YWHAE;YWHAB;Choline
YWHAE;YWHAQ;Choline
YWHAE;WWTR1;Choline
YWHAE;YWHAG;Choline
YWHAE;YWHAZ;Choline
SHC2;BCR;Choline
SHC2;NTRK3;Choline
SHC2;ABL1;Choline
SHC2;FYN;Choline
SHC2;NTRK1;Choline
SHC2;NTRK2;Choline
SHC2;EGFR;Choline
RB1;RUNX2;Choline
RB1;ABL1;Choline
PXN;SORBS1;Choline
PXN;BCAR1;Choline
PXN;CRK;Choline
TP53;CDK5;Choline
TP53;TP73;Choline
TP53;PRKDC;Choline
TP53;NPM1;Choline
TP53;ATM;Choline
TP53;BCL2L1;Choline
TP53;CDKN1A;Choline
TP53;RAD51;Choline
ERBB2;CTNNB1;Choline
EGFR;ABL2;Choline
EGFR;YWHAQ;Choline
EGFR;SOCS3;Choline
EGFR;ABL1;Choline
EGFR;VAV1;Choline
EGFR;GRB10;Choline
EGFR;YWHAZ;Choline
EGFR;KITLG;Choline
EGFR;NCK1;Choline
EGFR;GAB2;Choline
EGFR;SHC3;Choline
EGFR;SHC4;Choline
EGFR;NRAS;Choline
EGFR;CRKL;Choline
EGFR;HRAS;Choline
EGFR;CRK;Choline
EGFR;CTNNB1;Choline
EGFR;SHC1;Choline
EGFR;SOS1;Choline
EGFR;GRB2;Choline
EPHA1;ABL1;Choline
EPHA1;EPHA2;Choline
NTRK2;FYN;Choline
NTRK2;ABL1;Choline
NTRK2;SHC4;Choline
NTRK2;GRB2;Choline
NTRK2;SHC3;Choline
NTRK2;SHC1;Choline
ATM;PRKDC;Choline
ATM;ABL1;Choline
ATM;RAD51;Choline
ATM;XRCC6;Choline
ATM;BRCA1;Choline
ATM;MRE11;Choline
EPHA4;ABL1;Choline
STAT5B;CDKN1A;Choline
STAT5B;BCR;Choline
STAT5B;ABL1;Choline
ABI2;RAC3;Choline
ABI2;ABL1;Choline
ABI2;ABI1;Choline
ABI2;WASF1;Choline
ABI2;WASF2;Choline
ABI2;NCKAP1;Choline
IL3;RUNX1;Choline
NPM1;CDKN2A;Choline
RUNX1;SOCS3;Choline
RUNX1;YAP1;Choline
CRK;BCR;Choline
CRK;ABL2;Choline
CRK;ABL1;Choline
CRK;RAPGEF1;Choline
CRK;BCAR1;Choline
HSPA4;SNCA;Choline
BCR;SHC4;Choline
BCR;SHC3;Choline
BCR;STAT5A;Choline
BCR;SHC1;Choline
BCR;CRKL;Choline
BCR;GRB2;Choline
BCR;ABL1;Choline
RAC3;PIK3R1;Choline
RAC3;WASF2;Choline
RAC3;ABL1;Choline
RAC3;FYN;Choline
RAC3;WASF1;Choline
RAC3;ABL2;Choline
RAC3;NCKAP1;Choline
RAC3;CDC42;Choline
RAC3;VAV1;Choline
YWHAG;ABL1;Choline
YWHAG;WWTR1;Choline
YWHAG;YWHAB;Choline
YWHAG;YAP1;Choline
YWHAG;YWHAZ;Choline
RIN1;NRAS;Choline
RIN1;ABL2;Choline
RIN1;HRAS;Choline
RIN1;ABL1;Choline
PRKDC;XRCC6;Choline
MRE11;XRCC6;Choline
MRE11;BRCA1;Choline
SHC4;ABL1;Choline
SHC4;FYN;Choline
SHC4;NTRK3;Choline
SHC4;NTRK1;Choline
SOCS3;SOCS1;Choline
EPHB3;ABL1;Choline
HSP90AA1;ABL1;Choline
EPHA3;EPHA7;Choline
EPHA3;ABL1;Choline
STAT5A;CDKN1A;Choline
STAT5A;ABL1;Choline
CRKL;NEDD9;Choline
CRKL;ABL2;Choline
CRKL;ABL1;Choline
CRKL;BCAR1;Choline
CRKL;RAPGEF1;Choline
FYN;SNCA;Choline
FYN;SHC3;Choline
FYN;ABL1;Choline
FYN;CDK5;Choline
FYN;BCAR1;Choline
FYN;GAB2;Choline
FYN;CDC42;Choline
FYN;CTNNB1;Choline
FYN;PIK3R1;Choline
FYN;SHC1;Choline
FN1;ABL1;Choline
EPHB4;ABL1;Choline
EPHA2;ABL1;Choline
RAD52;ABL1;Choline
RAD52;XRCC6;Choline
RAD52;RAD51;Choline
XRCC6;PARP1;Choline
NTRK3;ABL1;Choline
NTRK3;SHC3;Choline
NTRK3;GRB2;Choline
NTRK3;SHC1;Choline
NCKAP1;WASF1;Choline
NCKAP1;ABI1;Choline
NCKAP1;WASF2;Choline
GAB2;SOS1;Choline
GAB2;PIK3R1;Choline
GAB2;SHC1;Choline
GAB2;GRB2;Choline
BECN1;BCL2L1;Choline
ENAH;ABL1;Choline
MCL1;FBXW7;Choline
MCL1;BCL2L1;Choline
EPHA7;ABL1;Choline
JUN;CDK5;Choline
JUN;FBXW7;Choline
RUNX2;ABL1;Choline
RUNX2;WWTR1;Choline
RUNX2;YAP1;Choline
RAPGEF1;GRB2;Choline
RAPGEF1;BCAR1;Choline
ABL1;YWHAB;Choline
ABL1;WWTR1;Choline
ABL1;PIK3R1;Choline
ABL1;NCK1;Choline
ABL1;YAP1;Choline
ABL1;CDK5;Choline
ABL1;EPHB6;Choline
ABL1;TP73;Choline
ABL1;SHC3;Choline
ABL1;ROBO2;Choline
ABL1;EPHA6;Choline
ABL1;ROBO1;Choline
ABL1;EPHB1;Choline
ABL1;EPHB2;Choline
ABL1;NTRK1;Choline
ABL1;EPHA5;Choline
ABL1;ABL2;Choline
ABL1;SHC1;Choline
ABL1;ABI1;Choline
ABL1;GRB2;Choline
YWHAB;WWTR1;Choline
YWHAB;YWHAQ;Choline
YWHAB;YAP1;Choline
YWHAB;YWHAZ;Choline
SHC3;NTRK1;Choline
BCL2L1;TP73;Choline
ABI1;WASF2;Choline
ABI1;WASF1;Choline
TP73;WWTR1;Choline
TP73;YAP1;Choline
YWHAQ;WWTR1;Choline
YWHAQ;YAP1;Choline
YWHAQ;YWHAZ;Choline
LRRK1;GRB2;Choline
GRB2;NTRK1;Choline
GRB2;VAV1;Choline
WASF1;WASF2;Choline
YWHAZ;WWTR1;Choline
YWHAZ;SOS1;Choline
YWHAZ;YAP1;Choline
YWHAZ;CTNNB1;Choline
SOS1;NCK1;Choline
CDKN1A;CDK5;Choline
SHC1;NTRK1;Choline
NCK1;VAV1;Choline
ROBO2;SLIT2;Choline
CDKN2A;MYC;Choline
BRCA1;RAD51;Choline
WWTR1;YAP1;Choline
ROBO1;SLIT2;Choline
SH3BP2;VAV1;Choline
PIK3R1;GRB10;Choline
PIK3R1;NTRK1;Choline
PIK3R1;VAV1;Choline
PIK3R1;CDC42;Choline
VAV1;CDC42;Choline
FBXW7;MYC;Choline
YAP1;CTNNB1;Choline
S1PR4;GNAI1;Choline
S1PR4;GNAI3;Choline
S1PR4;GNAI2;Choline
S1PR4;S1PR1;Choline
CXCR5;GNAI2;Choline
S1PR1;GNG2;Choline
S1PR1;GNB1;Choline
S1PR1;GNAI2;Choline
S1PR1;GNAI3;Choline
S1PR1;GNAI1;Choline
SPHK1;SPHK2;Choline
SPHK1;ACER2;Choline
GNG2;CXCR4;Choline
ACER2;SPHK2;Choline
GNB1;CXCR4;Choline
DVL2;CSNK1D;Choline
DVL2;FRAT2;Choline
DVL2;APC2;Choline
DVL2;FRAT1;Choline
DVL2;NOTCH2;Choline
DVL2;NOTCH1;Choline
DVL2;PARD6A;Choline
DVL2;APC;Choline
DVL2;CSNK1E;Choline
DVL2;AXIN2;Choline
DVL2;GSK3B;Choline
DVL2;DVL3;Choline
DVL2;DVL1;Choline
DVL2;AXIN1;Choline
SNAI2;SNAI1;Choline
AKAP11;PRKACA;Choline
AKAP11;PRKACB;Choline
CREB3L3;MAPK1;Choline
CREB3L3;CREB5;Choline
CREB3L3;CREB3L4;Choline
CREB3L3;GSK3B;Choline
CREB3L3;ATF4;Choline
CREB3L3;CREB3L2;Choline
CREB3L3;CREB3L1;Choline
CREB3L3;PPARGC1A;Choline
CREB3L3;CREB3;Choline
CREB3L3;CREB1;Choline
SIRT1;JUN;Choline
SIRT1;NFKB1;Choline
SIRT1;FOXO3;Choline
SIRT1;PPARGC1A;Choline
SIRT1;FOXO1;Choline
SIRT1;TP53;Choline
MAPK1;HSF1;Choline
MAPK1;TBC1D7;Choline
MAPK1;CREB3L1;Choline
MAPK1;CREB3L2;Choline
MAPK1;CREB3L4;Choline
MAPK1;CREB3;Choline
MAPK1;PRKCZ;Choline
MAPK1;NFATC2;Choline
MAPK1;MAP3K7;Choline
MAPK1;TSC1;Choline
MAPK1;PRKACG;Choline
MAPK1;NFATC1;Choline
MAPK1;AKT3;Choline
MAPK1;AKT2;Choline
MAPK1;PRKACA;Choline
MAPK1;PRKACB;Choline
MAPK1;NFATC3;Choline
MAPK1;FOXO1;Choline
MAPK1;CREB5;Choline
MAPK1;BRAF;Choline
MAPK1;STAT1;Choline
MAPK1;MAPT;Choline
MAPK1;TSC2;Choline
MAPK1;CASP3;Choline
MAPK1;SMAD3;Choline
MAPK1;CREB1;Choline
MAPK1;FOXO3;Choline
MAPK1;BCL2;Choline
MAPK1;PPP2CA;Choline
MAPK1;RAF1;Choline
MAPK1;AKT1;Choline
MAPK1;STAT3;Choline
MAPK1;MAP2K1;Choline
MAPK1;MAP2K2;Choline
TAB1;GSK3A;Choline
TAB1;MAP2K7;Choline
TAB1;GSK3B;Choline
TAB1;TLR3;Choline
TAB1;MAP3K7;Choline
TAB1;IKBKG;Choline
TAB1;TAB2;Choline
TAB1;XIAP;Choline
TAB1;TRAF6;Choline
RBX1;CCNE1;Choline
RBX1;SMAD3;Choline
RBX1;CDK2;Choline
RBX1;FBXW11;Choline
RBX1;SKP1;Choline
RBX1;BTRC;Choline
RBX1;CUL1;Choline
RBX1;FBXW7;Choline
AURKA;FBXW7;Choline
AURKA;TP53;Choline
PARD6A;PARD6G;Choline
PARD6A;PTEN;Choline
PARD6A;GSK3B;Choline
PARD6A;PARD6B;Choline
PARD6A;CDC42;Choline
PARD6A;PARD3;Choline
PARD6A;PRKCZ;Choline
TSC2;YWHAZ;Choline
TSC2;AKT3;Choline
TSC2;AKT2;Choline
TSC2;GSK3B;Choline
TSC2;AKT1;Choline
TSC2;TBC1D7;Choline
TSC2;TSC1;Choline
STUB1;RAF1;Choline
STUB1;LRRK2;Choline
STUB1;PTEN;Choline
STUB1;AR;Choline
STUB1;MAPT;Choline
STUB1;SMAD3;Choline
GSK3A;CTNNBIP1;Choline
GSK3A;TLR3;Choline
GSK3A;TAB2;Choline
GSK3A;MAP3K7;Choline
GSK3A;PPP3CC;Choline
GSK3A;GSKIP;Choline
GSK3A;FRAT1;Choline
GSK3A;CACYBP;Choline
GSK3A;MAPT;Choline
GSK3A;SIAH1;Choline
GSK3A;AKT3;Choline
GSK3A;AKT2;Choline
GSK3A;AXIN2;Choline
GSK3A;GSK3B;Choline
GSK3A;CSNK1A1;Choline
GSK3A;AKT1;Choline
GSK3A;CTNNB1;Choline
GSK3A;APC;Choline
GSK3A;AXIN1;Choline
PPIF;BCL2;Choline
WNT3;ADGRA2;Choline
WNT3;LRRK2;Choline
WNT3;APC;Choline
WNT3;GSK3B;Choline
WNT3;CTNNB1;Choline
WNT3;WNT3A;Choline
WNT3;LRP6;Choline
WNT3;LRP5;Choline
NFKB1;PPP2CA;Choline
NFKB1;RAF1;Choline
NFKB1;PRKACB;Choline
NFKB1;PRKACG;Choline
NFKB1;PRKACA;Choline
NFKB1;CTNNB1;Choline
NFKB1;BTRC;Choline
NFKB1;TBK1;Choline
NFKB1;IKBKG;Choline
CCND1;CUL1;Choline
CCND1;CCND3;Choline
CCND1;CREB1;Choline
CCND1;SKP1;Choline
CCND1;GSK3B;Choline
SKP1;DISC1;Choline
SKP1;APC2;Choline
SKP1;SMAD3;Choline
SKP1;APC;Choline
SKP1;MYC;Choline
SKP1;CCNE1;Choline
SKP1;CDK2;Choline
SKP1;CTNNB1;Choline
SKP1;FBXW11;Choline
SKP1;BTRC;Choline
SKP1;CACYBP;Choline
SKP1;CUL1;Choline
SKP1;FBXW7;Choline
PPP3R1;PTPA;Choline
PPP3R1;RCAN1;Choline
PPP3R1;GSK3B;Choline
PPP3R1;PPP2CA;Choline
PPP3R1;PPP3R2;Choline
PPP3R1;NFATC2;Choline
PPP3R1;NFATC3;Choline
PPP3R1;NFATC1;Choline
PPP3R1;PPP3CC;Choline
PPP3R1;PPP3CB;Choline
PPP3R1;PPP3CA;Choline
SNAI1;BTRC;Choline
SNAI1;GSK3B;Choline
SOX9;PRKACG;Choline
SOX9;PRKACA;Choline
SOX9;PRKACB;Choline
SOX9;RUNX2;Choline
APOE;MAPT;Choline
APOE;APP;Choline
NOTCH2;DVL3;Choline
NOTCH2;DVL1;Choline
NOTCH2;NOTCH1;Choline
APC;ADGRA2;Choline
APC;LRRK2;Choline
APC;CTNND1;Choline
APC;CASP3;Choline
APC;LRP6;Choline
APC;CSNK1E;Choline
APC;CACYBP;Choline
APC;CSNK1A1L;Choline
APC;LRP5;Choline
APC;APC2;Choline
APC;CDH1;Choline
APC;DVL3;Choline
APC;CTNNBIP1;Choline
APC;SIAH1;Choline
APC;DVL1;Choline
APC;AMER1;Choline
APC;BTRC;Choline
APC;CSNK1A1;Choline
APC;GSK3B;Choline
APC;AXIN1;Choline
APC;CTNNB1;Choline
APC;AXIN2;Choline
CDK4;GSK3B;Choline
CDK4;CDK2;Choline
CDK4;CCND3;Choline
CDK4;CCNE1;Choline
MDM2;CDH1;Choline
MDM2;ATF3;Choline
MDM2;AKT2;Choline
MDM2;FBXW11;Choline
MDM2;BTRC;Choline
MDM2;CSNK1A1;Choline
MDM2;CASP3;Choline
MDM2;AKT3;Choline
MDM2;FOXO3;Choline
MDM2;AR;Choline
MDM2;AKT1;Choline
KLC4;GSK3B;Choline
KLC4;KLC3;Choline
KLC4;KLC2;Choline
KLC4;KLC1;Choline
KLC4;KIF5A;Choline
KLC4;KIF5C;Choline
KLC4;KIF5B;Choline
GYS2;GYS1;Choline
GYS2;OGT;Choline
GYS2;PRKACA;Choline
GYS2;PRKACG;Choline
GYS2;PRKACB;Choline
GYS2;GSK3B;Choline
GYS2;PPP1CA;Choline
CCND2;CCND3;Choline
CCND2;GSK3B;Choline
CCND2;CDK2;Choline
LRP6;ADGRA2;Choline
LRP6;LRRK2;Choline
LRP6;FZD2;Choline
LRP6;CAV1;Choline
LRP6;FZD5;Choline
LRP6;FZD1;Choline
LRP6;CTNNB1;Choline
LRP6;GSK3B;Choline
LRP6;WNT3A;Choline
LRP6;DKK1;Choline
LRP6;AXIN1;Choline
LRP6;LRP5;Choline
CDH1;APC2;Choline
CDH1;CASP3;Choline
CDH1;PSEN1;Choline
CDH1;SRC;Choline
CDH1;CTNNB1;Choline
CDH1;CTNND1;Choline
CSNK1A1;CACYBP;Choline
CSNK1A1;CTNNBIP1;Choline
CSNK1A1;SIAH1;Choline
CSNK1A1;GLI2;Choline
CSNK1A1;SUFU;Choline
CSNK1A1;GLI3;Choline
CSNK1A1;TP53;Choline
CSNK1A1;AMER1;Choline
CSNK1A1;AXIN1;Choline
CSNK1A1;GSK3B;Choline
CSNK1A1;CTNNB1;Choline
AXIN1;CTNNBIP1;Choline
AXIN1;PPP2CA;Choline
AXIN1;CACYBP;Choline
AXIN1;CSNK1A1L;Choline
AXIN1;DVL3;Choline
AXIN1;CSNK1E;Choline
AXIN1;APC2;Choline
AXIN1;SIAH1;Choline
AXIN1;BTRC;Choline
AXIN1;CTNNB1;Choline
AXIN1;DVL1;Choline
AXIN1;AXIN2;Choline
AXIN1;GSK3B;Choline
AXIN1;AMER1;Choline
CCNE1;CUL1;Choline
CCNE1;FBXW7;Choline
CCNE1;CDK2;Choline
MAP2K2;PRKACB;Choline
MAP2K2;PRKACA;Choline
MAP2K2;PRKACG;Choline
MAP2K2;MAP3K7;Choline
MAP2K2;GSK3B;Choline
MAP2K2;PPP2CA;Choline
MAP2K2;ARAF;Choline
MAP2K2;MAP2K1;Choline
MAP2K2;RAF1;Choline
MAP2K2;BRAF;Choline
STAT3;MTOR;Choline
STAT3;BCL2L1;Choline
STAT3;BCL2;Choline
STAT3;FOXO1;Choline
STAT3;FOXO3;Choline
STAT3;STAT1;Choline
PPARGC1A;RUNX2;Choline
PPARGC1A;CREB3L1;Choline
PPARGC1A;CREB3L4;Choline
PPARGC1A;CREB3L2;Choline
PPARGC1A;CREB5;Choline
PPARGC1A;OGT;Choline
PPARGC1A;CREB3;Choline
PPARGC1A;CREB1;Choline
PPARGC1A;HNF4A;Choline
PPARGC1A;FOXO1;Choline
FBXW11;AMER1;Choline
FBXW11;FBXW7;Choline
FBXW11;GLI2;Choline
FBXW11;GLI3;Choline
FBXW11;BTRC;Choline
FBXW11;CTNNB1;Choline
FBXW11;CUL1;Choline
LEF1;CTNNB1;Choline
CDK2;FOXO1;Choline
CDK2;CUL1;Choline
CDK2;FOXO3;Choline
CDK2;CCND3;Choline
TP53;CDK5R1;Choline
TP53;CSNK1D;Choline
TP53;PRKCZ;Choline
TP53;AKT3;Choline
TP53;AKT2;Choline
TP53;ANXA2;Choline
TP53;ATF3;Choline
TP53;AKT1;Choline
TP53;CREB1;Choline
TP53;FOXO3;Choline
TP53;BCL2;Choline
TP53;PTEN;Choline
PRUNE1;GSK3B;Choline
CREB3L4;GSK3B;Choline
CREB3L4;CREB3L2;Choline
CREB3L4;CREB3L1;Choline
CREB3L4;ATF4;Choline
CREB3L4;CREB5;Choline
CREB3L4;CREB1;Choline
CREB3L4;CREB3;Choline
WNT3A;CAV1;Choline
WNT3A;FZD5;Choline
WNT3A;LRP5;Choline
APP;FOXO3;Choline
APP;GAPDH;Choline
APP;PRNP;Choline
APP;PSEN1;Choline
FZD1;WNT1;Choline
FZD1;LRP5;Choline
ARAF;HSP90AB1;Choline
ARAF;GSK3B;Choline
ARAF;PRKACB;Choline
ARAF;PRKACG;Choline
ARAF;PRKACA;Choline
ARAF;YWHAQ;Choline
ARAF;YWHAZ;Choline
ARAF;MAP2K1;Choline
ARAF;RAF1;Choline
ARAF;BRAF;Choline
CALM3;PPP3CC;Choline
CALM3;PPP3CB;Choline
CALM3;CAV1;Choline
CALM3;HSP90AB1;Choline
CALM3;CALML4;Choline
CALM3;HSP90AA1;Choline
CALM3;CALML5;Choline
CALM3;CALML3;Choline
CALM3;CALML6;Choline
CALM3;PPP3CA;Choline
WNT1;FZD5;Choline
WNT1;FZD2;Choline
LRP5;LRRK2;Choline
LRP5;ADGRA2;Choline
LRP5;FZD5;Choline
LRP5;FZD2;Choline
LRP5;GSK3B;Choline
LRP5;CTNNB1;Choline
LRP5;DKK1;Choline
RICTOR;AKT1;Choline
RICTOR;MTOR;Choline
TLR3;GSK3B;Choline
TLR3;MAP3K7;Choline
TLR3;TAB2;Choline
TLR3;TRAF6;Choline
TSC1;HSP90AB1;Choline
TSC1;HSF1;Choline
TSC1;AKT2;Choline
TSC1;AKT3;Choline
TSC1;GSK3B;Choline
TSC1;AKT1;Choline
TSC1;TBC1D7;Choline
LRRK2;ADGRA2;Choline
LRRK2;YWHAZ;Choline
LRRK2;GSK3B;Choline
LRRK2;CTNNB1;Choline
LRRK2;YWHAQ;Choline
LRRK2;HSP90AB1;Choline
LRRK2;HSP90AA1;Choline
NFATC3;NFATC1;Choline
NFATC3;NFATC2;Choline
NFATC3;PPP3R2;Choline
NFATC3;GSK3B;Choline
NFATC3;PPP3CC;Choline
NFATC3;PPP3CA;Choline
NFATC3;PPP3CB;Choline
MAP2K1;YWHAQ;Choline
MAP2K1;YWHAZ;Choline
MAP2K1;PRKACB;Choline
MAP2K1;MAP3K7;Choline
MAP2K1;PRKACA;Choline
MAP2K1;PRKACG;Choline
MAP2K1;GSK3B;Choline
MAP2K1;PPP2CA;Choline
MAP2K1;BRAF;Choline
MAP2K1;RAF1;Choline
AXIN2;CSNK1E;Choline
AXIN2;CSNK1A1L;Choline
AXIN2;DVL3;Choline
AXIN2;APC2;Choline
AXIN2;DVL1;Choline
AXIN2;GSK3B;Choline
AXIN2;CTNNB1;Choline
HSPA4;MAPT;Choline
HSPA4;HSF1;Choline
CALML6;PPP3CC;Choline
CALML6;CALML4;Choline
CALML6;CALML3;Choline
CALML6;CALML5;Choline
CALML6;PPP3CB;Choline
CALML6;CAV1;Choline
CALML6;HSP90AB1;Choline
CALML6;HSP90AA1;Choline
CALML6;PPP3CA;Choline
IRS1;IKBKG;Choline
IRS1;OGT;Choline
IRS1;PRKCZ;Choline
IRS1;MTOR;Choline
KIF5B;GSK3B;Choline
KIF5B;KIF5C;Choline
KIF5B;KIF5A;Choline
KIF5B;KLC3;Choline
KIF5B;KLC2;Choline
KIF5B;KLC1;Choline
PRKACA;CSNK1A1L;Choline
PRKACA;MAPT;Choline
PRKACA;BRAF;Choline
PRKACA;RAF1;Choline
PRKACA;CSNK1D;Choline
PRKACA;CSNK1E;Choline
PRKACA;ATF4;Choline
PRKACA;NFATC1;Choline
PRKACA;GYS1;Choline
PRKACA;PSEN1;Choline
PRKACA;RUNX2;Choline
PRKACA;FOXO3;Choline
PRKACA;CTNNB1;Choline
PRKACA;GLI3;Choline
PRKACA;JUN;Choline
PRKACA;GLI2;Choline
PRKACA;FOXO1;Choline
PRKACA;GSK3B;Choline
PRKACA;CREB1;Choline
CASP3;CTNNB1;Choline
CASP3;MAPT;Choline
CASP3;ACTB;Choline
CASP3;XIAP;Choline
CALML3;PPP3CC;Choline
CALML3;CALML4;Choline
CALML3;CALML5;Choline
CALML3;PPP3CB;Choline
CALML3;HSP90AB1;Choline
CALML3;CAV1;Choline
CALML3;HSP90AA1;Choline
CALML3;PPP3CA;Choline
DVL3;CSNK1D;Choline
DVL3;APC2;Choline
DVL3;FRAT1;Choline
DVL3;FRAT2;Choline
DVL3;NOTCH1;Choline
DVL3;CSNK1E;Choline
DVL3;GSK3B;Choline
DVL3;DVL1;Choline
GYS1;OGT;Choline
GYS1;PRKACG;Choline
GYS1;PRKACB;Choline
GYS1;PPP1CA;Choline
GYS1;GSK3B;Choline
CDK5R1;FOXO3;Choline
CDK5R1;JUN;Choline
CDK5R1;MAPT;Choline
GSK3B;ADGRA2;Choline
GSK3B;MAP2K7;Choline
GSK3B;CTNNBIP1;Choline
GSK3B;RUNX2;Choline
GSK3B;CREB3L1;Choline
GSK3B;NIN;Choline
GSK3B;HSF1;Choline
GSK3B;PPP3R2;Choline
GSK3B;CREB3L2;Choline
GSK3B;CREB3;Choline
GSK3B;GLI2;Choline
GSK3B;CREB5;Choline
GSK3B;PARD6G;Choline
GSK3B;TBC1D7;Choline
GSK3B;CACYBP;Choline
GSK3B;PARD6B;Choline
GSK3B;KIF5A;Choline
GSK3B;KIF5C;Choline
GSK3B;SUFU;Choline
GSK3B;RAF1;Choline
GSK3B;BRAF;Choline
GSK3B;ATF4;Choline
GSK3B;KLC3;Choline
GSK3B;CCND3;Choline
GSK3B;SIAH1;Choline
GSK3B;KLC1;Choline
GSK3B;KLC2;Choline
GSK3B;PRNP;Choline
GSK3B;CSNK1A1L;Choline
GSK3B;NFATC2;Choline
GSK3B;PPP3CB;Choline
GSK3B;PARD3;Choline
GSK3B;OGT;Choline
GSK3B;NFE2L2;Choline
GSK3B;NFATC1;Choline
GSK3B;GLI3;Choline
GSK3B;PPP3CA;Choline
GSK3B;PRKCZ;Choline
GSK3B;CSNK1D;Choline
GSK3B;MAP3K7;Choline
GSK3B;AKT3;Choline
GSK3B;TAB2;Choline
GSK3B;APC2;Choline
GSK3B;PPP3CC;Choline
GSK3B;AKT2;Choline
GSK3B;PRKACG;Choline
GSK3B;PRKACB;Choline
GSK3B;GSKIP;Choline
GSK3B;FRAT2;Choline
GSK3B;CREB1;Choline
GSK3B;DPYSL2;Choline
GSK3B;CSNK1E;Choline
GSK3B;AMER1;Choline
GSK3B;TRAF6;Choline
GSK3B;PSEN1;Choline
GSK3B;MYC;Choline
GSK3B;AKT1;Choline
GSK3B;MAPT;Choline
GSK3B;FRAT1;Choline
GSK3B;BTRC;Choline
GSK3B;DVL1;Choline
GSK3B;CTNNB1;Choline
STK11;HSP90AA1;Choline
STK11;YWHAZ;Choline
STK11;PRKCZ;Choline
STK11;FOXO1;Choline
STK11;FOXO3;Choline
PSEN1;TRAF6;Choline
PSEN1;PRKACG;Choline
PSEN1;PRKACB;Choline
PSEN1;NOTCH1;Choline
PSEN1;CTNNB1;Choline
CUL1;GLI2;Choline
CUL1;GLI3;Choline
CUL1;SMAD3;Choline
CUL1;FBXW7;Choline
CUL1;BTRC;Choline
CREB3L2;CREB5;Choline
CREB3L2;ATF4;Choline
CREB3L2;CREB1;Choline
CREB3L2;CREB3L1;Choline
CREB3L2;CREB3;Choline
TBK1;IKBKG;Choline
TBK1;TRAF6;Choline
SMAD3;FOXO1;Choline
SMAD3;FOXO3;Choline
SMAD3;JUN;Choline
SMAD3;CTNNB1;Choline
HSP90AA1;AKT2;Choline
HSP90AA1;AKT3;Choline
HSP90AA1;MAPT;Choline
HSP90AA1;BRAF;Choline
HSP90AA1;RAF1;Choline
HSP90AA1;CAV1;Choline
HSP90AA1;CALML4;Choline
HSP90AA1;CALML5;Choline
HSP90AA1;HSF1;Choline
HSP90AA1;MTOR;Choline
HSP90AA1;HDAC6;Choline
HSP90AA1;AKT1;Choline
ATF4;BTRC;Choline
ATF4;CREB5;Choline
ATF4;PRKACB;Choline
ATF4;PRKACG;Choline
ATF4;CREB3L1;Choline
ATF4;CREB3;Choline
ATF4;CREB1;Choline
ATF4;ATF3;Choline
CAV1;FZD5;Choline
CAV1;FOXO3;Choline
CAV1;FOXO1;Choline
CAV1;HSP90AB1;Choline
CAV1;PRNP;Choline
CAV1;CALML4;Choline
CAV1;CALML5;Choline
CAV1;FYN;Choline
CAV1;SRC;Choline
FOXO3;CSNK1E;Choline
FOXO3;PRKACG;Choline
FOXO3;PRKACB;Choline
FOXO3;FOXO1;Choline
FOXO3;AKT3;Choline
FOXO3;YWHAQ;Choline
FOXO3;AKT2;Choline
FOXO3;YWHAZ;Choline
FOXO3;AKT1;Choline
DYRK1A;PRKACB;Choline
MAPT;CSNK1D;Choline
MAPT;AKT1;Choline
MAPT;HDAC6;Choline
MAPT;HSP90AB1;Choline
MAPT;YWHAZ;Choline
MAPT;FYN;Choline
CREB3;CREB5;Choline
CREB3;CREB3L1;Choline
CREB3;CREB1;Choline
PARD6G;PTEN;Choline
PARD6G;PARD6B;Choline
PARD6G;PARD3;Choline
PARD6G;CDC42;Choline
PARD6G;PRKCZ;Choline
PDPK1;OGT;Choline
PDPK1;AKT3;Choline
PDPK1;PRKCZ;Choline
PDPK1;AKT2;Choline
PDPK1;AKT1;Choline
ATF3;JUN;Choline
FYN;TRAF6;Choline
FYN;CTNND1;Choline
FYN;PRNP;Choline
FYN;SRC;Choline
SREBF1;FBXW7;Choline
SREBF1;FOXO1;Choline
SIAH1;CTNNBIP1;Choline
SIAH1;CTNNB1;Choline
SIAH1;GAPDH;Choline
SIAH1;CACYBP;Choline
CREB5;CREB3L1;Choline
CREB5;CREB1;Choline
CREB5;JUN;Choline
STAT1;RUNX2;Choline
MTOR;FBXW7;Choline
MTOR;AKT3;Choline
MTOR;AKT2;Choline
MTOR;HSP90AB1;Choline
MTOR;AKT1;Choline
TAB2;MAP2K7;Choline
TAB2;MAP3K7;Choline
TAB2;IKBKG;Choline
TAB2;TRAF6;Choline
CACYBP;CTNNBIP1;Choline
CACYBP;CTNNB1;Choline
MAP3K7;MAP2K7;Choline
MAP3K7;IKBKG;Choline
MAP3K7;TRAF6;Choline
SUFU;GLI2;Choline
SUFU;KIF7;Choline
SUFU;GLI3;Choline
BTRC;NFE2L2;Choline
BTRC;FBXW7;Choline
BTRC;GLI2;Choline
BTRC;GLI3;Choline
BTRC;CTNNB1;Choline
PRKACB;CSNK1A1L;Choline
PRKACB;CSNK1E;Choline
PRKACB;CSNK1D;Choline
PRKACB;BRAF;Choline
PRKACB;RAF1;Choline
PRKACB;NFATC1;Choline
PRKACB;RUNX2;Choline
PRKACB;CTNNB1;Choline
PRKACB;GLI3;Choline
PRKACB;JUN;Choline
PRKACB;GLI2;Choline
PRKACB;FOXO1;Choline
PRKACB;CREB1;Choline
FRAT2;DVL1;Choline
FRAT2;FRAT1;Choline
FRAT1;DVL1;Choline
XIAP;RAF1;Choline
XIAP;AKT1;Choline
JUN;AKT3;Choline
JUN;PRKACG;Choline
JUN;AKT2;Choline
JUN;SRC;Choline
JUN;AKT1;Choline
JUN;NFATC2;Choline
RUNX2;GLI3;Choline
RUNX2;AR;Choline
RUNX2;PRKACG;Choline
RUNX2;GLI2;Choline
RUNX2;HDAC6;Choline
HSP90AB1;AKT2;Choline
HSP90AB1;AKT3;Choline
HSP90AB1;HSF1;Choline
HSP90AB1;RAF1;Choline
HSP90AB1;CALML4;Choline
HSP90AB1;CALML5;Choline
HSP90AB1;BRAF;Choline
HSP90AB1;AKT1;Choline
PARD6B;PTEN;Choline
PARD6B;PARD3;Choline
PARD6B;PRKCZ;Choline
PARD6B;CDC42;Choline
PTEN;PARD3;Choline
PTEN;PRKCZ;Choline
PTEN;CDC42;Choline
SRC;RAF1;Choline
SRC;CDC42;Choline
SRC;CTNNB1;Choline
OGT;ACTB;Choline
OGT;AKT3;Choline
OGT;AKT1;Choline
OGT;AKT2;Choline
OGT;FOXO1;Choline
AR;CTNNB1;Choline
PARD3;PRKCZ;Choline
PARD3;CDC42;Choline
AMER1;CTNNB1;Choline
BCL2L1;AKT3;Choline
BCL2L1;AKT2;Choline
BCL2L1;AKT1;Choline
BCL2L1;BCL2;Choline
HDAC6;HSF1;Choline
CTNNBIP1;CTNNB1;Choline
PRKACG;CSNK1A1L;Choline
PRKACG;CSNK1E;Choline
PRKACG;CSNK1D;Choline
PRKACG;BRAF;Choline
PRKACG;RAF1;Choline
PRKACG;NFATC1;Choline
PRKACG;CTNNB1;Choline
PRKACG;GLI3;Choline
PRKACG;FOXO1;Choline
PRKACG;GLI2;Choline
PRKACG;CREB1;Choline
PRKCZ;PPP2CA;Choline
PRKCZ;AKT2;Choline
PRKCZ;AKT3;Choline
PRKCZ;AKT1;Choline
PRKCZ;CDC42;Choline
DVL1;CSNK1D;Choline
DVL1;APC2;Choline
DVL1;NOTCH1;Choline
DVL1;CSNK1E;Choline
FOXO1;CSNK1E;Choline
FOXO1;YWHAZ;Choline
FOXO1;AKT3;Choline
FOXO1;AKT2;Choline
FOXO1;AKT1;Choline
CSNK1A1L;APC2;Choline
CSNK1A1L;CTNNB1;Choline
CALML5;PPP3CC;Choline
CALML5;CALML4;Choline
CALML5;PPP3CB;Choline
CALML5;PPP3CA;Choline
RCAN1;PPP3CC;Choline
RCAN1;PPP3CB;Choline
RCAN1;PPP3CA;Choline
YWHAQ;CSNK1E;Choline
YWHAQ;CSNK1D;Choline
YWHAQ;RAF1;Choline
YWHAQ;BRAF;Choline
KLC3;KLC2;Choline
KLC3;KLC1;Choline
KLC3;KIF5C;Choline
KLC3;KIF5A;Choline
AKT2;IKBKG;Choline
AKT2;TBC1D7;Choline
AKT2;RAF1;Choline
AKT2;ILK;Choline
AKT2;BCL2;Choline
AKT2;AKT3;Choline
AKT2;AKT1;Choline
PTPA;PPP3CB;Choline
PTPA;PPP3CA;Choline
PTPA;PPP2CA;Choline
KIF7;GLI3;Choline
KIF7;GLI2;Choline
PPP3CB;PPP2CA;Choline
PPP3CB;NFATC1;Choline
PPP3CB;NFATC2;Choline
PPP3CB;CALML4;Choline
PPP3CB;PPP3R2;Choline
PPP3CB;PPP3CA;Choline
PPP3CB;PPP3CC;Choline
PPP3CA;PPP2CA;Choline
PPP3CA;PPP3CC;Choline
PPP3CA;NFATC2;Choline
PPP3CA;PPP3R2;Choline
PPP3CA;CALML4;Choline
PPP3CA;NFATC1;Choline
GLI3;GLI2;Choline
YWHAZ;CSNK1E;Choline
YWHAZ;CSNK1D;Choline
YWHAZ;TBC1D7;Choline
YWHAZ;RAF1;Choline
YWHAZ;BRAF;Choline
NFATC2;PPP3R2;Choline
NFATC2;PPP3CC;Choline
NFATC2;NFATC1;Choline
ILK;AKT3;Choline
ILK;ACTB;Choline
ILK;AKT1;Choline
CSNK1E;CSNK1D;Choline
NFE2L2;NOTCH1;Choline
NFE2L2;MYC;Choline
PPP3CC;CALML4;Choline
PPP3CC;NFATC1;Choline
PPP3CC;PPP3R2;Choline
BCL2;PPP2R5D;Choline
BCL2;CREB1;Choline
BCL2;AKT3;Choline
BCL2;PPP2CA;Choline
BCL2;AKT1;Choline
CTNND1;APC2;Choline
CTNND1;CDC42;Choline
CTNND1;CTNNB1;Choline
CREB1;CREB3L1;Choline
CREB1;AKT1;Choline
NFATC1;PPP3R2;Choline
KIF5C;KIF5A;Choline
KIF5C;KLC2;Choline
KIF5C;KLC1;Choline
KLC2;KLC1;Choline
KLC2;KIF5A;Choline
RAF1;AKT3;Choline
RAF1;AKT1;Choline
RAF1;BRAF;Choline
DISC1;FBXW7;Choline
ADGRA2;CTNNB1;Choline
KIF5A;KLC1;Choline
PPP2R5D;PPP2CA;Choline
PPP2CA;AKT1;Choline
TRAF6;TNFAIP3;Choline
TRAF6;IKBKG;Choline
APC2;CTNNB1;Choline
AKT1;AKT3;Choline
AKT1;TBC1D7;Choline
AKT1;IKBKG;Choline
FBXW7;NOTCH1;Choline
TBC1D7;AKT3;Choline
TNFAIP3;IKBKG;Choline
IKBKG;AKT3;Choline
MUC1;CTNNB1;Choline
ACTB;CDC42;Choline
GNA11;HTR2B;Choline
GNA11;BDKRB2;Choline
GNA11;AGTR1;Choline
SERPINE1;AGTR1;Choline
GNB3;APLNR;Choline
HTR2B;GNAS;Choline
HTR2B;GNAQ;Choline
GNA15;BDKRB2;Choline
REN;AGT;Choline
REN;ATP6AP2;Choline
GNA12;AGTR1;Choline
GNAQ;AGTR2;Choline
GNAQ;APLNR;Choline
GNAQ;BDKRB2;Choline
GNAQ;AGTR1;Choline
GNAQ;GRK2;Choline
ACE;KNG1;Choline
ACE;AGT;Choline
F2;BDKRB2;Choline
F2;AGTR1;Choline
EDN3;EDN2;Choline
AGT;ATP6AP2;Choline
AGT;BDKRB2;Choline
AGT;AGTR2;Choline
AGT;ACE2;Choline
AGTR2;AGTR1;Choline
EDN2;EDN1;Choline
SRC;GNA13;Choline
GNA14;BDKRB2;Choline
EDN1;BDKRB2;Choline
AVP;AVPR2;Choline
APLN;APLNR;Choline
AGTR1;GNA13;Choline
GNA13;APLNR;Choline
BDKRB2;KNG1;Choline
C5;C3;Choline
C5;C5AR2;Choline
C5;C5AR1;Choline
C3;C5AR2;Choline
C3;C3AR1;Choline
C3;C4A;Choline
C3;C4B;Choline
C3;CFP;Choline
C3;CR1;Choline
C3;ITGAM;Choline
C3;CD55;Choline
SERPING1;C1QA;Choline
SERPING1;MBL2;Choline
CCR5;GNAI2;Choline
CXCL8;CXCR2;Choline
CR1;C4A;Choline
CR1;C4B;Choline
CD55;C4B;Choline
CD55;C4A;Choline
MBL2;C4B;Choline
MBL2;C4A;Choline
C1QA;C4B;Choline
C1QA;C4A;Choline
C4A;C4B;Choline
GNB3;GNG5;Choline
GNB3;GNG11;Choline
GNB3;GNG12;Choline
GNB3;GNG10;Choline
GNB3;GNGT1;Choline
GNB3;GNGT2;Choline
GNB4;APLNR;Choline
GNB4;GNG8;Choline
GNB4;GNGT1;Choline
GNB4;GNG5;Choline
GNB4;GNGT2;Choline
GNG13;APLNR;Choline
GNG11;APLNR;Choline
GNGT1;APLNR;Choline
GNGT1;GNAI1;Choline
GNGT1;GNB2;Choline
GNGT1;GNB1;Choline
GNB5;APLNR;Choline
GNB5;GNG5;Choline
GNAO1;GNG3;Choline
GNG3;APLNR;Choline
GNG8;APLNR;Choline
GNG8;GNB1;Choline
GNG8;GNB2;Choline
GNB2;APLNR;Choline
GNB2;GNG12;Choline
GNB2;GNG10;Choline
GNB2;GNG5;Choline
GNB2;GNGT2;Choline
GNG2;APLNR;Choline
GNG2;GNA13;Choline
GNAI3;GNG10;Choline
GNAI3;GNG5;Choline
GNG5;APLNR;Choline
GNG5;GNAI1;Choline
GNG5;GNB1;Choline
GNG12;APLNR;Choline
GNG10;APLNR;Choline
GNB1;APLNR;Choline
GNB1;GNGT2;Choline
GNG7;APLNR;Choline
GNG4;APLNR;Choline
GNGT2;APLNR;Choline
APLNR;APELA;Choline
CETP;SELENOS;Choline
CETP;PEX3;Choline
CETP;DBI;Choline
CETP;APP;Choline
CETP;PCYOX1;Choline
CETP;HPR;Choline
CETP;APOH;Choline
CETP;APOC4;Choline
CETP;PLTP;Choline
CETP;PLA2G7;Choline
CETP;CLU;Choline
CETP;APOM;Choline
CETP;APOL1;Choline
CETP;APOC2;Choline
CETP;LPA;Choline
CETP;APOA5;Choline
CETP;APOA4;Choline
CETP;PON1;Choline
CETP;APOA2;Choline
CETP;APOE;Choline
CETP;APOC3;Choline
CETP;APOF;Choline
CETP;APOC1;Choline
CETP;LCAT;Choline
CETP;APOB;Choline
CETP;APOA1;Choline
APOH;DBI;Choline
APOH;SELENOS;Choline
APOH;PEX3;Choline
APOH;PLA2G7;Choline
APOH;APP;Choline
APOH;PCYOX1;Choline
APOH;PLTP;Choline
APOH;LCAT;Choline
APOH;PON1;Choline
APOH;HPR;Choline
APOH;APOC4;Choline
APOH;APOL1;Choline
APOH;CLU;Choline
APOH;APOA5;Choline
APOH;APOE;Choline
APOH;LPL;Choline
APOH;APOC1;Choline
APOH;APOA4;Choline
APOH;LPA;Choline
APOH;APOC2;Choline
APOH;APOM;Choline
APOH;APOB;Choline
APOH;APOA1;Choline
APOH;APOC3;Choline
APOH;APOA2;Choline
PON1;PEX3;Choline
PON1;SELENOS;Choline
PON1;DBI;Choline
PON1;APP;Choline
PON1;APOA5;Choline
PON1;PCYOX1;Choline
PON1;LPA;Choline
PON1;APOC2;Choline
PON1;PLTP;Choline
PON1;APOM;Choline
PON1;APOC4;Choline
PON1;APOL1;Choline
PON1;PLA2G7;Choline
PON1;APOA4;Choline
PON1;APOC1;Choline
PON1;APOC3;Choline
PON1;APOB;Choline
PON1;HPR;Choline
PON1;LCAT;Choline
PON1;APOA2;Choline
PON1;APOE;Choline
PON1;CLU;Choline
PON1;APOA1;Choline
APOC3;PEX3;Choline
APOC3;SELENOS;Choline
APOC3;DBI;Choline
APOC3;APP;Choline
APOC3;PCYOX1;Choline
APOC3;HPR;Choline
APOC3;PLA2G7;Choline
APOC3;PLTP;Choline
APOC3;CLU;Choline
APOC3;APOL1;Choline
APOC3;APOC4;Choline
APOC3;APOM;Choline
APOC3;LPA;Choline
APOC3;LCAT;Choline
APOC3;APOA5;Choline
APOC3;APOC1;Choline
APOC3;APOC2;Choline
APOC3;APOE;Choline
APOC3;APOB;Choline
APOC3;APOA2;Choline
APOC3;APOA4;Choline
APOC3;APOA1;Choline
APOB;PEX3;Choline
APOB;DBI;Choline
APOB;PCYOX1;Choline
APOB;SELENOS;Choline
APOB;HPR;Choline
APOB;APP;Choline
APOB;CLU;Choline
APOB;APOC4;Choline
APOB;SAA1;Choline
APOB;APOL1;Choline
APOB;APOF;Choline
APOB;APOM;Choline
APOB;PLA2G7;Choline
APOB;PLTP;Choline
APOB;LCAT;Choline
APOB;APOA5;Choline
APOB;APOC2;Choline
APOB;APOA4;Choline
APOB;APOC1;Choline
APOB;SCARB1;Choline
APOB;APOA2;Choline
APOB;APOE;Choline
APOB;LPA;Choline
APOB;APOA1;Choline
APOA1;PEX3;Choline
APOA1;SELENOS;Choline
APOA1;DBI;Choline
APOA1;PCYOX1;Choline
APOA1;HDLBP;Choline
APOA1;APOC4;Choline
APOA1;PLA2G7;Choline
APOA1;APOA5;Choline
APOA1;APOM;Choline
APOA1;PLTP;Choline
APOA1;LPA;Choline
APOA1;APP;Choline
APOA1;APOA4;Choline
APOA1;APOC2;Choline
APOA1;HPR;Choline
APOA1;APOL1;Choline
APOA1;CLU;Choline
APOA1;APOC1;Choline
APOA1;APOA2;Choline
APOA1;APOE;Choline
APOA1;SCARB1;Choline
APOA1;ABCA1;Choline
APOA1;LCAT;Choline
APOE;SELENOS;Choline
APOE;PCYOX1;Choline
APOE;HPR;Choline
APOE;PEX3;Choline
APOE;DBI;Choline
APOE;APOM;Choline
APOE;LCAT;Choline
APOE;APOC4;Choline
APOE;APOL1;Choline
APOE;PLTP;Choline
APOE;PLA2G7;Choline
APOE;LPA;Choline
APOE;LPL;Choline
APOE;APOA5;Choline
APOE;APOA4;Choline
APOE;APOC2;Choline
APOE;APOA2;Choline
APOE;CLU;Choline
APOE;APOC1;Choline
LIPG;LPL;Choline
LIPG;LIPC;Choline
SCARB1;SAA1;Choline
LCAT;SELENOS;Choline
LCAT;PEX3;Choline
LCAT;DBI;Choline
LCAT;APP;Choline
LCAT;PCYOX1;Choline
LCAT;HPR;Choline
LCAT;APOC4;Choline
LCAT;PLA2G7;Choline
LCAT;APOL1;Choline
LCAT;APOM;Choline
LCAT;APOA4;Choline
LCAT;CLU;Choline
LCAT;LPA;Choline
LCAT;APOA5;Choline
LCAT;APOC2;Choline
LCAT;PLTP;Choline
LCAT;APOC1;Choline
LCAT;APOA2;Choline
PLA2G7;SELENOS;Choline
PLA2G7;HPR;Choline
PLA2G7;APP;Choline
PLA2G7;PCYOX1;Choline
PLA2G7;APOL1;Choline
PLA2G7;APOC4;Choline
PLA2G7;APOA4;Choline
PLA2G7;APOM;Choline
PLA2G7;APOC2;Choline
PLA2G7;PLTP;Choline
PLA2G7;APOC1;Choline
PLA2G7;CLU;Choline
PLA2G7;LPA;Choline
PLA2G7;APOA2;Choline
PLA2G7;PEX3;Choline
PLA2G7;DBI;Choline
PLA2G7;APOA5;Choline
APP;PEX3;Choline
APP;PCYOX1;Choline
APP;SELENOS;Choline
APP;DBI;Choline
APP;APOC4;Choline
APP;APOM;Choline
APP;APOL1;Choline
APP;PLTP;Choline
APP;APOC2;Choline
APP;HPR;Choline
APP;APOC1;Choline
APP;LPA;Choline
APP;APOA5;Choline
APP;APOA4;Choline
APP;APOA2;Choline
APP;CLU;Choline
LIPC;LPL;Choline
PCSK9;VLDLR;Choline
CLU;PEX3;Choline
CLU;SELENOS;Choline
CLU;DBI;Choline
CLU;LPA;Choline
CLU;APOC4;Choline
CLU;PCYOX1;Choline
CLU;HPR;Choline
CLU;APOA5;Choline
CLU;PLTP;Choline
CLU;APOL1;Choline
CLU;APOM;Choline
CLU;APOC2;Choline
CLU;APOA2;Choline
CLU;APOC1;Choline
CLU;APOA4;Choline
APOL1;PEX3;Choline
APOL1;SELENOS;Choline
APOL1;DBI;Choline
APOL1;PCYOX1;Choline
APOL1;LPA;Choline
APOL1;APOC4;Choline
APOL1;APOA5;Choline
APOL1;PLTP;Choline
APOL1;APOC2;Choline
APOL1;APOC1;Choline
APOL1;APOM;Choline
APOL1;APOA2;Choline
APOL1;APOA4;Choline
APOL1;HPR;Choline
LPA;PCYOX1;Choline
LPA;SELENOS;Choline
LPA;DBI;Choline
LPA;PEX3;Choline
LPA;HPR;Choline
LPA;APOC4;Choline
LPA;PLTP;Choline
LPA;APOM;Choline
LPA;APOC1;Choline
LPA;APOA4;Choline
LPA;APOC2;Choline
LPA;APOA5;Choline
LPA;APOA2;Choline
APOA4;PEX3;Choline
APOA4;SELENOS;Choline
APOA4;DBI;Choline
APOA4;PCYOX1;Choline
APOA4;HPR;Choline
APOA4;PLTP;Choline
APOA4;APOC4;Choline
APOA4;APOA5;Choline
APOA4;APOM;Choline
APOA4;APOC1;Choline
APOA4;APOC2;Choline
APOA4;APOA2;Choline
PEX3;APOC1;Choline
PEX3;APOC4;Choline
PEX3;APOC2;Choline
PEX3;PLTP;Choline
PEX3;APOA2;Choline
PEX3;SELENOS;Choline
PEX3;PCYOX1;Choline
PEX3;APOM;Choline
PEX3;HPR;Choline
PEX3;APOA5;Choline
PEX3;DBI;Choline
APOA2;SELENOS;Choline
APOA2;DBI;Choline
APOA2;PCYOX1;Choline
APOA2;HPR;Choline
APOA2;APOC4;Choline
APOA2;PLTP;Choline
APOA2;APOA5;Choline
APOA2;APOM;Choline
APOA2;APOC1;Choline
APOA2;APOC2;Choline
APOM;SELENOS;Choline
APOM;DBI;Choline
APOM;PCYOX1;Choline
APOM;HPR;Choline
APOM;PLTP;Choline
APOM;APOC4;Choline
APOM;APOC1;Choline
APOM;APOA5;Choline
APOM;APOC2;Choline
SELENOS;APOC1;Choline
SELENOS;PCYOX1;Choline
SELENOS;APOC4;Choline
SELENOS;APOC2;Choline
SELENOS;PLTP;Choline
SELENOS;HPR;Choline
SELENOS;DBI;Choline
SELENOS;APOA5;Choline
PCYOX1;APOA5;Choline
PCYOX1;DBI;Choline
PCYOX1;HPR;Choline
PCYOX1;APOC1;Choline
PCYOX1;APOC2;Choline
PCYOX1;APOC4;Choline
PCYOX1;PLTP;Choline
PLTP;DBI;Choline
PLTP;HPR;Choline
PLTP;APOC4;Choline
PLTP;APOA5;Choline
PLTP;APOC1;Choline
PLTP;APOC2;Choline
HPR;DBI;Choline
HPR;APOC4;Choline
HPR;APOA5;Choline
HPR;APOC2;Choline
HPR;APOC1;Choline
APOA5;DBI;Choline
APOA5;APOC4;Choline
APOA5;APOC1;Choline
APOA5;APOC2;Choline
APOC1;DBI;Choline
APOC1;APOC4;Choline
APOC1;APOC2;Choline
APOC2;DBI;Choline
APOC2;APOC4;Choline
APOC2;LPL;Choline
APOC4;DBI;Choline
TRIP13;MAD2L1;Choline
TRIP13;CDC20;Choline
CDC6;CDK1;Choline
CDC6;CDK2;Choline
CDC6;CCNA2;Choline
CDC6;MCM6;Choline
AURKA;CALU;Choline
AURKA;CPEB3;Choline
AURKA;PHLDA1;Choline
AURKA;CPEB2;Choline
AURKA;CPEB4;Choline
AURKA;CEP192;Choline
AURKA;FN1;Choline
AURKA;CPEB1;Choline
AURKA;GADD45A;Choline
AURKA;INCENP;Choline
AURKA;TACC3;Choline
AURKA;MYCN;Choline
AURKA;TPX2;Choline
MYBL2;CDK2;Choline
MYBL2;CCNA2;Choline
MYBL2;FOXM1;Choline
CDKN1B;CKS2;Choline
CDKN1B;CCNB2;Choline
CDKN1B;CCNB1;Choline
CDKN1B;CDK1;Choline
CDKN1B;CCNE2;Choline
CDKN1B;CDK2;Choline
CDKN1B;CCNA2;Choline
NCAPH;NCAPG;Choline
NCAPH;SMC2;Choline
TUBG1;BRCA1;Choline
TUBG1;PLK1;Choline
NCAPG;SMC2;Choline
CCNB1;NDC80;Choline
CCNB1;GADD45A;Choline
CCNB1;CENPF;Choline
CCNB1;CDC25A;Choline
CCNB1;CCNB2;Choline
CCNB1;BUB1B;Choline
CCNB1;FZR1;Choline
CCNB1;ESPL1;Choline
CCNB1;CKS2;Choline
CCNB1;ANAPC4;Choline
CCNB1;CDC20;Choline
CCNB1;PLK1;Choline
CCNB1;CDK2;Choline
CCNB1;CDK1;Choline
CCNB1;CDC27;Choline
CDK4;CDC25A;Choline
CDK4;CCNE2;Choline
CDK4;CCNA2;Choline
ESPL1;PLK1;Choline
ESPL1;CDK1;Choline
ESPL1;PTTG1;Choline
KIF23;PLK1;Choline
KIF23;RACGAP1;Choline
KIF23;ECT2;Choline
KIF11;KIF15;Choline
NDC80;PLK1;Choline
NDC80;CENPF;Choline
NDC80;ZWINT;Choline
NDC80;BUB1B;Choline
NDC80;CKAP5;Choline
NDC80;BUB1;Choline
NDC80;NUF2;Choline
AJUBA;LATS2;Choline
ASF1B;MCM6;Choline
ASF1B;H3-4;Choline
SGO1;PLK1;Choline
SGO1;CDC20;Choline
MCM6;CDC45;Choline
UBE2S;BUB1B;Choline
UBE2S;BRCA1;Choline
UBE2S;UBE2C;Choline
UBE2S;FZR1;Choline
UBE2S;ANAPC4;Choline
UBE2S;CDC20;Choline
UBE2S;CDC27;Choline
CPEB4;CCNB2;Choline
CPEB4;PLK1;Choline
CPEB4;CDK1;Choline
CENPE;KIF2A;Choline
CENPE;PLK1;Choline
CENPE;KIF2C;Choline
CENPE;CDC20;Choline
CPEB3;CCNB2;Choline
CPEB3;PLK1;Choline
CPEB3;CDK1;Choline
CDK2;FZR1;Choline
CDK2;CDC20;Choline
CDK2;CDC25C;Choline
CDK2;CKS2;Choline
CDK2;CDC25A;Choline
CDK2;CCNA2;Choline
CDK2;CCNE2;Choline
CDK2;CDKN3;Choline
CDK2;CCNB2;Choline
TP53;TPX2;Choline
TP53;BIRC5;Choline
TP53;HNRNPK;Choline
TP53;PLK1;Choline
TP53;GADD45A;Choline
TP53;UBE2I;Choline
TP53;CHEK1;Choline
NUF2;CKAP5;Choline
NUF2;ZWINT;Choline
NUF2;BUB1;Choline
MYCN;MYC;Choline
BUB1B;BRCA1;Choline
BUB1B;FZR1;Choline
BUB1B;UBE2C;Choline
BUB1B;ZWINT;Choline
BUB1B;NEK2;Choline
BUB1B;PLK1;Choline
BUB1B;ANAPC4;Choline
BUB1B;BUB1;Choline
BUB1B;CDC20;Choline
BUB1B;CENPF;Choline
BUB1B;MAD2L1;Choline
BUB1B;CDC27;Choline
CCNB2;CPEB2;Choline
CCNB2;CPEB1;Choline
CCNB2;GADD45A;Choline
CCNB2;CDC27;Choline
CCNB2;ANAPC4;Choline
CCNB2;CDC25A;Choline
CCNB2;CKS2;Choline
CCNB2;CDC25C;Choline
CCNB2;PLK1;Choline
CCNB2;CDK1;Choline
CCNB2;CDC20;Choline
MAD2L1;FZR1;Choline
MAD2L1;TTK;Choline
MAD2L1;NEK2;Choline
MAD2L1;BUB1;Choline
MAD2L1;ANAPC4;Choline
MAD2L1;CDC20;Choline
MAD2L1;CDC27;Choline
PLK1;MAPRE1;Choline
PLK1;CPEB2;Choline
PLK1;CKAP5;Choline
PLK1;CEP192;Choline
PLK1;KIF2A;Choline
PLK1;ZWINT;Choline
PLK1;CPEB1;Choline
PLK1;NEK2;Choline
PLK1;BRCA1;Choline
PLK1;CENPF;Choline
PLK1;CDC25A;Choline
PLK1;INCENP;Choline
PLK1;CENPA;Choline
PLK1;KIF20A;Choline
PLK1;CDK1;Choline
PLK1;KIF2C;Choline
PLK1;FOXM1;Choline
PLK1;BUB1;Choline
PLK1;BORA;Choline
PLK1;CDC20;Choline
PLK1;CDC25C;Choline
PLK1;FZR1;Choline
BIRC5;AURKB;Choline
BIRC5;INCENP;Choline
BIRC5;CDCA8;Choline
BUB1;ANAPC4;Choline
BUB1;CDC27;Choline
BUB1;ZWINT;Choline
BUB1;CDC20;Choline
AURKC;INCENP;Choline
CDC25A;FOXM1;Choline
CDC25A;MYC;Choline
CDC25A;CDC25C;Choline
CDC25A;CCNE2;Choline
CDC25A;CDK1;Choline
CDC25A;CHEK1;Choline
HNRNPD;HNRNPK;Choline
AURKB;H3-4;Choline
AURKB;INCENP;Choline
AURKB;CDCA8;Choline
EZH2;CDK1;Choline
EZH2;MYC;Choline
EZH2;H3-4;Choline
CDC25C;CHEK1;Choline
CDC25C;CDK1;Choline
TACC1;CKAP5;Choline
TACC3;CKAP5;Choline
CDKN3;CDK1;Choline
CENPA;CDC20;Choline
CENPA;HJURP;Choline
FOXM1;CENPF;Choline
FN1;ESR1;Choline
UBE2C;BRCA1;Choline
UBE2C;FZR1;Choline
UBE2C;CDC27;Choline
UBE2C;ANAPC4;Choline
UBE2C;CDC20;Choline
RRM2;FZR1;Choline
CENPF;CDC20;Choline
NEK2;FZR1;Choline
NEK2;CDC27;Choline
NEK2;ANAPC4;Choline
NEK2;CDC20;Choline
GADD45A;CDK1;Choline
KIF2C;KIF2A;Choline
KIF2C;MAPRE1;Choline
KIF2C;CDC20;Choline
CDC20;MAPRE1;Choline
CDC20;KIF2A;Choline
CDC20;CKAP5;Choline
CDC20;FZR1;Choline
CDC20;INCENP;Choline
CDC20;ZWINT;Choline
CDC20;ANAPC4;Choline
CDC20;PTTG1;Choline
CDC20;CCNA2;Choline
CDC20;CDC27;Choline
CDC20;CDK1;Choline
CDCA8;INCENP;Choline
MAPRE1;CDK1;Choline
MAPRE1;CKAP5;Choline
CKS2;CCNA2;Choline
CKS2;CDK1;Choline
NIN;KIF2A;Choline
ECT2;RACGAP1;Choline
HMMR;FAM83D;Choline
PTTG1;CDC27;Choline
PTTG1;FZR1;Choline
KIF20A;RACGAP1;Choline
FZR1;CCNA2;Choline
FZR1;CDK1;Choline
FZR1;CDC27;Choline
FZR1;ANAPC4;Choline
CDK1;CKAP5;Choline
CDK1;CPEB2;Choline
CDK1;CCNE2;Choline
CDK1;CPEB1;Choline
CDK1;ANAPC4;Choline
CDK1;CCNA2;Choline
CDC45;CDKN2A;Choline
BRCA1;ANAPC4;Choline
BRCA1;CDC27;Choline
ANAPC4;CDC27;Choline
ANAPC4;CCNA2;Choline
CDC27;CCNA2;Choline
CREB3L3;RPS6KA5;Choline
CREB3L3;ATF2;Choline
CREB3L3;CREBBP;Choline
CREB3L3;EP300;Choline
CREB3L3;MAPK3;Choline
MAPK13;ELK4;Choline
MAPK13;MAPK1;Choline
MAPK13;ESR2;Choline
MAPK13;ELK1;Choline
MAPK13;CARD9;Choline
MAPK13;SP1;Choline
MAPK13;MALT1;Choline
MAPK13;BCL10;Choline
MAPK13;PTPN5;Choline
MAPK13;FOXO4;Choline
MAPK13;MAP3K7;Choline
MAPK13;CDKN2A;Choline
MAPK13;FOXO1;Choline
MAPK13;AKT3;Choline
MAPK13;FOXO3;Choline
MAPK13;DUSP3;Choline
MAPK13;CEBPB;Choline
MAPK13;RPS6KA5;Choline
MAPK13;AKT2;Choline
MAPK13;PTPN7;Choline
MAPK13;PTPRR;Choline
MAPK13;AKT1;Choline
MAPK13;MAPK3;Choline
MAPK13;MAP2K2;Choline
MAPK13;MAP2K1;Choline
MAPK13;DUSP1;Choline
MAPK13;FOS;Choline
MAPK13;JUN;Choline
MAPK13;MAP2K3;Choline
MAPK13;MAP2K6;Choline
MAPK13;MAPKAPK2;Choline
MAPK13;ATF2;Choline
VCL;ACTB;Choline
VCL;CTNNB1;Choline
VCL;PXN;Choline
MAPK12;ESR2;Choline
MAPK12;ELK1;Choline
MAPK12;ELK4;Choline
MAPK12;MAPK3;Choline
MAPK12;BCL10;Choline
MAPK12;RPS6KA5;Choline
MAPK12;SP1;Choline
MAPK12;MALT1;Choline
MAPK12;FOXO4;Choline
MAPK12;PTPN5;Choline
MAPK12;MAP3K7;Choline
MAPK12;CDKN2A;Choline
MAPK12;AKT3;Choline
MAPK12;MAPK1;Choline
MAPK12;AKT2;Choline
MAPK12;FOXO3;Choline
MAPK12;FOXO1;Choline
MAPK12;CEBPB;Choline
MAPK12;DUSP3;Choline
MAPK12;PTPRR;Choline
MAPK12;AKT1;Choline
MAPK12;PTPN7;Choline
MAPK12;CARD9;Choline
MAPK12;MAP2K2;Choline
MAPK12;MAP2K1;Choline
MAPK12;FOS;Choline
MAPK12;ATF2;Choline
MAPK12;MAP2K3;Choline
MAPK12;JUN;Choline
MAPK12;DUSP1;Choline
MAPK12;MAPKAPK2;Choline
MAPK12;MAP2K6;Choline
MAPK1;NPAS4;Choline
MAPK1;SH3GL2;Choline
MAPK1;L1CAM;Choline
MAPK1;BDNF;Choline
MAPK1;ERF;Choline
MAPK1;MAP3K1;Choline
MAPK1;CEBPB;Choline
MAPK1;MAPKAPK2;Choline
MAPK1;JMJD7-PLA2G4B;Choline
MAPK1;ATP1B4;Choline
MAPK1;GJD2;Choline
MAPK1;FXYD2;Choline
MAPK1;GNRH2;Choline
MAPK1;ATP1B3;Choline
MAPK1;ATP1B2;Choline
MAPK1;PLA2G4D;Choline
MAPK1;PLA2G4F;Choline
MAPK1;PLA2G4E;Choline
MAPK1;ATP1B1;Choline
MAPK1;PLA2G4B;Choline
MAPK1;PCYT1B;Choline
MAPK1;PLA2G4C;Choline
MAPK1;MAPK11;Choline
MAPK1;PCYT1A;Choline
MAPK1;CYBA;Choline
MAPK1;TBX3;Choline
MAPK1;PRKCG;Choline
MAPK1;THRB;Choline
MAPK1;ATP1A2;Choline
MAPK1;NOS1;Choline
MAPK1;NCF2;Choline
MAPK1;SMAD9;Choline
MAPK1;SPHK2;Choline
MAPK1;CARD9;Choline
MAPK1;BAD;Choline
MAPK1;BCL10;Choline
MAPK1;GNRH1;Choline
MAPK1;ROCK2;Choline
MAPK1;ATP1A4;Choline
MAPK1;DAPK2;Choline
MAPK1;SLC9A1;Choline
MAPK1;RPS6KB2;Choline
MAPK1;DAPK3;Choline
MAPK1;ATP1A3;Choline
MAPK1;SPHK1;Choline
MAPK1;MALT1;Choline
MAPK1;ROCK1;Choline
MAPK1;FOXO4;Choline
MAPK1;NCF1;Choline
MAPK1;SMAD5;Choline
MAPK1;NCF4;Choline
MAPK1;NR4A1;Choline
MAPK1;CYBB;Choline
MAPK1;RPS6KB1;Choline
MAPK1;RPS6KA6;Choline
MAPK1;PRKCB;Choline
MAPK1;PRKCD;Choline
MAPK1;PPP2R1A;Choline
MAPK1;GNAI1;Choline
MAPK1;PRKCA;Choline
MAPK1;MITF;Choline
MAPK1;PTPN6;Choline
MAPK1;GNAI2;Choline
MAPK1;GNAI3;Choline
MAPK1;RPS6KA5;Choline
MAPK1;ELK4;Choline
MAPK1;PPP2R1B;Choline
MAPK1;ATP1A1;Choline
MAPK1;GJA1;Choline
MAPK1;ETS2;Choline
MAPK1;EGR1;Choline
MAPK1;ESR2;Choline
MAPK1;STMN1;Choline
MAPK1;CALD1;Choline
MAPK1;BCL2L11;Choline
MAPK1;MBP;Choline
MAPK1;PPP2CB;Choline
MAPK1;PTPN11;Choline
MAPK1;DAPK1;Choline
MAPK1;LAMTOR3;Choline
MAPK1;SMAD1;Choline
MAPK1;MAP2K6;Choline
MAPK1;SMAD2;Choline
MAPK1;SP1;Choline
MAPK1;PLA2G4A;Choline
MAPK1;ATF2;Choline
MAPK1;PTPN5;Choline
MAPK1;MAP2K3;Choline
MAPK1;EIF4EBP1;Choline
MAPK1;DUSP3;Choline
MAPK1;MKNK2;Choline
MAPK1;ARRB2;Choline
MAPK1;HIF1A;Choline
MAPK1;ESR1;Choline
MAPK1;DUSP9;Choline
MAPK1;IQGAP1;Choline
MAPK1;RPS6KA3;Choline
MAPK1;ARRB1;Choline
MAPK1;RPS6KA2;Choline
MAPK1;FOS;Choline
MAPK1;ETS1;Choline
MAPK1;MAPK3;Choline
MAPK1;ELK1;Choline
MAPK1;MAPK14;Choline
MAPK1;PTPRR;Choline
MAPK1;DUSP6;Choline
MAPK1;DUSP1;Choline
MAPK1;PTPN7;Choline
MAPK1;PEA15;Choline
MAPK1;RPS6KA1;Choline
MAPK1;MKNK1;Choline
ATP1B4;MAPK3;Choline
ATP1B4;ATP1B2;Choline
ATP1B4;ATP1B3;Choline
ATP1B4;ATP1B1;Choline
ATP1B4;ATP1A1;Choline
ATP1B4;ATP1A2;Choline
ATP1B4;FXYD2;Choline
ATP1B4;ATP1A3;Choline
ATP1B4;ATP1A4;Choline
TSC2;RPS6KA6;Choline
TSC2;RPS6KA3;Choline
TSC2;MAPK3;Choline
TSC2;RPS6KA2;Choline
TSC2;YWHAB;Choline
TSC2;RPS6KA1;Choline
PPP2CB;ARRB1;Choline
PPP2CB;ARRB2;Choline
PPP2CB;BCL2;Choline
PPP2CB;PRKCG;Choline
PPP2CB;PRKCZ;Choline
PPP2CB;PRKCB;Choline
PPP2CB;NFKB1;Choline
PPP2CB;RPS6KB2;Choline
PPP2CB;PRKCA;Choline
PPP2CB;RPS6KB1;Choline
PPP2CB;MAP2K2;Choline
PPP2CB;MAPK3;Choline
PPP2CB;MAP2K1;Choline
PPP2CB;RELA;Choline
PPP2CB;PPP2CA;Choline
PPP2CB;PPP2R1A;Choline
PPP2CB;PPP2R1B;Choline
ERF;ETS2;Choline
ERF;MAPK3;Choline
RPS6KB1;RPS6KB2;Choline
RPS6KB1;PPP2R1B;Choline
RPS6KB1;PPP2R1A;Choline
RPS6KB1;SP1;Choline
RPS6KB1;ESR2;Choline
RPS6KB1;PRKACG;Choline
RPS6KB1;PRKACB;Choline
RPS6KB1;PRKACA;Choline
RPS6KB1;MAPK3;Choline
RPS6KB1;AKT2;Choline
RPS6KB1;AKT3;Choline
RPS6KB1;FOS;Choline
RPS6KB1;ESR1;Choline
RPS6KB1;JUN;Choline
RPS6KB1;PPP2CA;Choline
RPS6KB1;AKT1;Choline
DUSP3;PTPN5;Choline
DUSP3;MAPK11;Choline
DUSP3;PTPRR;Choline
DUSP3;MAPK8;Choline
DUSP3;MAPK14;Choline
DUSP3;PTPN7;Choline
DUSP3;MAPK3;Choline
NFKB1;PPP2R1B;Choline
NFKB1;SP1;Choline
NFKB1;PPP2R1A;Choline
NFKB1;ROCK2;Choline
NFKB1;ROCK1;Choline
NFKB1;RAC2;Choline
NFKB1;PPARG;Choline
NFKB1;MAPK8;Choline
NFKB1;CXCL8;Choline
NFKB1;IL6;Choline
NFKB1;EP300;Choline
NFKB1;TNF;Choline
NFKB1;RELA;Choline
CDKN1B;AKT2;Choline
CDKN1B;AKT3;Choline
CDKN1B;FOXO3;Choline
CDKN1B;AKT1;Choline
MAPK14;MBP;Choline
MAPK14;PLA2G4A;Choline
MAPK14;MKNK2;Choline
MAPK14;ELK1;Choline
MAPK14;ELK4;Choline
MAPK14;MKNK1;Choline
MAPK14;ESR2;Choline
MAPK14;BCL10;Choline
MAPK14;FOXO4;Choline
MAPK14;MALT1;Choline
MAPK14;AKT3;Choline
MAPK14;DUSP7;Choline
MAPK14;AKT2;Choline
MAPK14;FOXO1;Choline
MAPK14;CARD9;Choline
MAPK14;MAP3K7;Choline
MAPK14;CDKN2A;Choline
MAPK14;SP1;Choline
MAPK14;FOXO3;Choline
MAPK14;DUSP16;Choline
MAPK14;MAP2K2;Choline
MAPK14;PTPN5;Choline
MAPK14;CEBPB;Choline
MAPK14;MEF2A;Choline
MAPK14;MAP2K1;Choline
MAPK14;DUSP9;Choline
MAPK14;RPS6KA5;Choline
MAPK14;FOS;Choline
MAPK14;PTPRR;Choline
MAPK14;DUSP10;Choline
MAPK14;MAPK3;Choline
MAPK14;AKT1;Choline
MAPK14;PTPN7;Choline
MAPK14;JUN;Choline
MAPK14;MAP2K6;Choline
MAPK14;DUSP1;Choline
MAPK14;ATF2;Choline
MAPK14;MAP2K3;Choline
MAPK14;MAPKAPK2;Choline
DUSP1;MAPK11;Choline
DUSP1;MAPK8;Choline
DUSP1;MAPK3;Choline
EGR1;EP300;Choline
EGR1;CREB1;Choline
EGR1;MAPK3;Choline
EGR1;TP53;Choline
DUSP4;MAPK8;Choline
PLCG1;JMJD7-PLA2G4B;Choline
PLCG1;PLA2G4C;Choline
PLCG1;PLA2G4E;Choline
PLCG1;PLA2G4F;Choline
PLCG1;PLA2G4B;Choline
PLCG1;PLA2G4D;Choline
PLCG1;PRKCG;Choline
PLCG1;PRKCD;Choline
PLCG1;PLA2G4A;Choline
PLCG1;PRKCB;Choline
PLCG1;PRKCA;Choline
GNRH2;AKT3;Choline
GNRH2;AKT2;Choline
GNRH2;AKT1;Choline
GNRH2;MAPK3;Choline
GNRH2;GNRH1;Choline
RAC2;MAP2K6;Choline
RAC2;RELA;Choline
RAC2;MAP2K3;Choline
RAC2;MAP3K1;Choline
RAC2;PRKCZ;Choline
RAC2;PRKCD;Choline
RAC2;MAPK3;Choline
RAC2;MAPK8;Choline
RAC2;SRC;Choline
RAC2;IQGAP1;Choline
RAC2;NCF2;Choline
RAC2;NCF4;Choline
RAC2;CYBA;Choline
RAC2;CYBB;Choline
RAC2;NCF1;Choline
ATP1B2;SLC9A1;Choline
ATP1B2;MAPK3;Choline
ATP1B2;ATP1B3;Choline
ATP1B2;FXYD2;Choline
ATP1B2;ATP1B1;Choline
ATP1B2;ATP1A4;Choline
ATP1B2;ATP1A1;Choline
ATP1B2;ATP1A3;Choline
ATP1B2;ATP1A2;Choline
MKNK2;ATF4;Choline
MKNK2;MAPK3;Choline
MKNK2;MKNK1;Choline
KRAS;NOS1;Choline
KRAS;PRKCG;Choline
KRAS;RPS6KA6;Choline
KRAS;PRKCB;Choline
KRAS;GNAI1;Choline
KRAS;PRKCA;Choline
KRAS;GNAI3;Choline
KRAS;GNAI2;Choline
KRAS;RPS6KA2;Choline
KRAS;MAPK8;Choline
KRAS;RPS6KA3;Choline
KRAS;MAP3K1;Choline
KRAS;RPS6KA1;Choline
KRAS;MAP2K2;Choline
KRAS;MAPK3;Choline
KRAS;MAP2K1;Choline
KRAS;BRAF;Choline
KRAS;RAF1;Choline
TBX3;MAPK3;Choline
CYBA;PRKCD;Choline
CYBA;MAPK3;Choline
CYBA;CYBB;Choline
CYBA;NCF1;Choline
CYBA;NCF2;Choline
CYBA;NCF4;Choline
SMAD2;SMAD9;Choline
SMAD2;SMAD5;Choline
SMAD2;FOXO1;Choline
SMAD2;SMAD1;Choline
SMAD2;MAPK3;Choline
SMAD2;CREBBP;Choline
SMAD2;EP300;Choline
SMAD2;FOXO3;Choline
SMAD2;TP53;Choline
SMAD2;SMAD3;Choline
SMAD2;SMAD4;Choline
CREBBP;BDNF;Choline
CREBBP;ETS1;Choline
CREBBP;CDKN1A;Choline
CREBBP;CREB3L4;Choline
CREBBP;CREB3;Choline
CREBBP;CREB3L2;Choline
CREBBP;CREB3L1;Choline
CREBBP;CREB5;Choline
CREBBP;FOXO4;Choline
CREBBP;ATF4;Choline
CREBBP;SP1;Choline
CREBBP;ATF2;Choline
CREBBP;ESR1;Choline
CREBBP;FOXO1;Choline
CREBBP;JUN;Choline
CREBBP;FOXO3;Choline
CREBBP;SMAD3;Choline
CREBBP;PPARG;Choline
CREBBP;CTNNB1;Choline
CREBBP;STAT1;Choline
CREBBP;HIF1A;Choline
CREBBP;CREB1;Choline
CREBBP;RELA;Choline
CREBBP;TP53;Choline
CREBBP;EP300;Choline
CSNK2A2;CTNNB1;Choline
RPS6KA6;ATF4;Choline
RPS6KA6;TBC1D7;Choline
RPS6KA6;NRAS;Choline
RPS6KA6;HRAS;Choline
RPS6KA6;TSC1;Choline
RPS6KA6;MAPK3;Choline
MAP2K2;PPP2R1B;Choline
MAP2K2;LAMTOR3;Choline
MAP2K2;PPP2R1A;Choline
MAP2K2;MAPK8;Choline
MAP2K2;PRKCD;Choline
MAP2K2;YWHAB;Choline
MAP2K2;MAPK11;Choline
MAP2K2;NRAS;Choline
MAP2K2;HRAS;Choline
MAP2K2;MAP3K1;Choline
MAP2K2;KSR1;Choline
MAP2K2;MAPK3;Choline
MAPK3;NPAS4;Choline
MAPK3;MAPKAPK2;Choline
MAPK3;MAP3K1;Choline
MAPK3;MBP;Choline
MAPK3;HSF1;Choline
MAPK3;JMJD7-PLA2G4B;Choline
MAPK3;FXYD2;Choline
MAPK3;ATP1B3;Choline
MAPK3;PLA2G4B;Choline
MAPK3;CREB3L2;Choline
MAPK3;GJD2;Choline
MAPK3;CREB3L1;Choline
MAPK3;PCYT1B;Choline
MAPK3;PLA2G4E;Choline
MAPK3;PLA2G4F;Choline
MAPK3;CREB3L4;Choline
MAPK3;PLA2G4C;Choline
MAPK3;ATP1B1;Choline
MAPK3;PLA2G4D;Choline
MAPK3;TBC1D7;Choline
MAPK3;MAPK11;Choline
MAPK3;PCYT1A;Choline
MAPK3;PPP2R1B;Choline
MAPK3;PRKCG;Choline
MAPK3;CREB3;Choline
MAPK3;ATP1A2;Choline
MAPK3;THRB;Choline
MAPK3;ATP1A4;Choline
MAPK3;ATP1A3;Choline
MAPK3;SMAD1;Choline
MAPK3;SMAD9;Choline
MAPK3;DAPK2;Choline
MAPK3;ROCK2;Choline
MAPK3;MAP3K7;Choline
MAPK3;MALT1;Choline
MAPK3;CALD1;Choline
MAPK3;PRKCZ;Choline
MAPK3;CARD9;Choline
MAPK3;ROCK1;Choline
MAPK3;BCL10;Choline
MAPK3;AKT3;Choline
MAPK3;ETS2;Choline
MAPK3;NFATC3;Choline
MAPK3;DAPK3;Choline
MAPK3;RPS6KA5;Choline
MAPK3;GNAI3;Choline
MAPK3;NFATC2;Choline
MAPK3;RPS6KB2;Choline
MAPK3;SMAD5;Choline
MAPK3;STMN1;Choline
MAPK3;PPP2R1A;Choline
MAPK3;BAD;Choline
MAPK3;FOXO4;Choline
MAPK3;PRKCD;Choline
MAPK3;NCF2;Choline
MAPK3;NR4A1;Choline
MAPK3;GNRH1;Choline
MAPK3;NOS1;Choline
MAPK3;ELK4;Choline
MAPK3;GNAI2;Choline
MAPK3;NCF4;Choline
MAPK3;PTPN6;Choline
MAPK3;CREB5;Choline
MAPK3;MITF;Choline
MAPK3;TSC1;Choline
MAPK3;ATP1A1;Choline
MAPK3;BDNF;Choline
MAPK3;ETS1;Choline
MAPK3;SPHK2;Choline
MAPK3;SLC9A1;Choline
MAPK3;CEBPB;Choline
MAPK3;GJA1;Choline
MAPK3;NFATC1;Choline
MAPK3;PRKCB;Choline
MAPK3;SPHK1;Choline
MAPK3;GNAI1;Choline
MAPK3;ESR2;Choline
MAPK3;CYBB;Choline
MAPK3;PLA2G4A;Choline
MAPK3;MKNK1;Choline
MAPK3;PRKCA;Choline
MAPK3;MAP2K6;Choline
MAPK3;AKT1;Choline
MAPK3;PRKACG;Choline
MAPK3;EIF4EBP1;Choline
MAPK3;PRKACB;Choline
MAPK3;FOXO1;Choline
MAPK3;PRKACA;Choline
MAPK3;BRAF;Choline
MAPK3;FOXO3;Choline
MAPK3;PEA15;Choline
MAPK3;RAF1;Choline
MAPK3;AKT2;Choline
MAPK3;SMAD3;Choline
MAPK3;STAT1;Choline
MAPK3;NCF1;Choline
MAPK3;MAPT;Choline
MAPK3;HIF1A;Choline
MAPK3;NRAS;Choline
MAPK3;BCL2L11;Choline
MAPK3;PPP2CA;Choline
MAPK3;SP1;Choline
MAPK3;PTPRR;Choline
MAPK3;LAMTOR3;Choline
MAPK3;PTPN5;Choline
MAPK3;DAPK1;Choline
MAPK3;MAP2K3;Choline
MAPK3;ESR1;Choline
MAPK3;DUSP9;Choline
MAPK3;IQGAP1;Choline
MAPK3;HRAS;Choline
MAPK3;RPS6KA3;Choline
MAPK3;DUSP6;Choline
MAPK3;CASP3;Choline
MAPK3;BCL2;Choline
MAPK3;RPS6KA2;Choline
MAPK3;MYC;Choline
MAPK3;JUN;Choline
MAPK3;CREB1;Choline
MAPK3;ELK1;Choline
MAPK3;RPS6KA1;Choline
MAPK3;PTPN11;Choline
MAPK3;ARRB1;Choline
MAPK3;PTPN7;Choline
MAPK3;FOS;Choline
MAPK3;TP53;Choline
MAPK3;ARRB2;Choline
MAPK3;MAP2K1;Choline
EP300;SMAD1;Choline
EP300;CREB3L4;Choline
EP300;CREB3L1;Choline
EP300;CDKN1A;Choline
EP300;CREB3L2;Choline
EP300;CREB5;Choline
EP300;CREB3;Choline
EP300;AKT1;Choline
EP300;FOS;Choline
EP300;ATF2;Choline
EP300;FOXO4;Choline
EP300;FOXO1;Choline
EP300;ATF4;Choline
EP300;MEF2A;Choline
EP300;FOXO3;Choline
EP300;SMAD4;Choline
EP300;CEBPB;Choline
EP300;PPARG;Choline
EP300;STAT1;Choline
EP300;JUN;Choline
EP300;CREB1;Choline
EP300;SMAD3;Choline
EP300;CTNNB1;Choline
EP300;SP1;Choline
PRKCG;PPP2R1A;Choline
PRKCG;PPP2R1B;Choline
PRKCG;SPHK2;Choline
PRKCG;SLC9A1;Choline
PRKCG;SPHK1;Choline
PRKCG;ELK1;Choline
PRKCG;RAF1;Choline
PRKCG;LYN;Choline
PRKCG;NCF1;Choline
PRKCG;NRAS;Choline
PRKCG;HRAS;Choline
PRKCG;PPP2CA;Choline
PRKCG;CASP3;Choline
PRKCG;FOS;Choline
PRKCG;BRAF;Choline
PRKCG;PRKCB;Choline
PRKCG;PRKCA;Choline
PIK3CA;THRB;Choline
PIK3CA;GNAI1;Choline
PIK3CA;GNAI2;Choline
PIK3CA;PRKCD;Choline
PIK3CA;PTPN6;Choline
PIK3CA;ILK;Choline
PIK3CA;GNAI3;Choline
PIK3CA;PRKCZ;Choline
PIK3CA;LYN;Choline
PIK3CA;IL6ST;Choline
PIK3CA;RAF1;Choline
PIK3CA;AKT3;Choline
PIK3CA;AKT2;Choline
PIK3CA;AKT1;Choline
SLC9A1;ATP1B3;Choline
SLC9A1;ATP1B1;Choline
SLC9A1;ATP1A2;Choline
SLC9A1;ATP1A3;Choline
SLC9A1;ATP1A1;Choline
SLC9A1;PRKCB;Choline
SLC9A1;ROCK2;Choline
SLC9A1;PRKCA;Choline
SLC9A1;PRKACB;Choline
SLC9A1;PRKACG;Choline
SLC9A1;PRKACA;Choline
SLC9A1;ROCK1;Choline
ATF2;ACTB;Choline
ATF2;CREB3L1;Choline
ATF2;CREB3L2;Choline
ATF2;CREB3L4;Choline
ATF2;ATF4;Choline
ATF2;CREB3;Choline
ATF2;RPS6KA5;Choline
ATF2;CREB1;Choline
ATF2;CREB5;Choline
ATF2;FOS;Choline
ATF2;MAPK11;Choline
ATF2;MAPK8;Choline
ATF2;JUN;Choline
STAT3;SP1;Choline
STAT3;PTGS2;Choline
STAT3;FOXO4;Choline
STAT3;CDKN1A;Choline
STAT3;CEBPB;Choline
STAT3;FN1;Choline
STAT3;IL6ST;Choline
STAT3;JAK1;Choline
STAT3;JAK2;Choline
PXN;SRC;Choline
IQGAP1;ACTB;Choline
IQGAP1;CTNNB1;Choline
TP53;PTGS2;Choline
TP53;CASP8;Choline
TP53;SP1;Choline
TP53;HMGB1;Choline
CREB3L4;RPS6KA5;Choline
GNRH1;AKT2;Choline
GNRH1;AKT3;Choline
GNRH1;AKT1;Choline
GJA1;GJD2;Choline
GJA1;SRC;Choline
PTPRR;PTPN7;Choline
PTPRR;MAPK8;Choline
PTPRR;PTPN5;Choline
PTPRR;MAPK11;Choline
ATP1B3;ATP1B1;Choline
ATP1B3;FXYD2;Choline
ATP1B3;ATP1A2;Choline
ATP1B3;ATP1A4;Choline
ATP1B3;ATP1A3;Choline
ATP1B3;ATP1A1;Choline
PPARG;SP1;Choline
PPARG;ACTB;Choline
PPARG;CEBPB;Choline
PPARG;CTNNB1;Choline
PPARG;RELA;Choline
DUSP2;MAPK8;Choline
NCF1;PRKCD;Choline
NCF1;PRKCA;Choline
NCF1;PRKCB;Choline
NCF1;NCF2;Choline
NCF1;NCF4;Choline
NCF1;CYBB;Choline
FXYD2;ATP1A2;Choline
FXYD2;ATP1A4;Choline
FXYD2;ATP1A3;Choline
FXYD2;ATP1A1;Choline
FXYD2;ATP1B1;Choline
PCYT1A;MAPK8;Choline
PCYT1A;PCYT1B;Choline
TSC1;RPS6KA2;Choline
TSC1;RPS6KA3;Choline
TSC1;RPS6KA1;Choline
DUSP16;MAPK8;Choline
NFATC3;MEF2A;Choline
NFATC3;MAPK8;Choline
MAP2K1;PPP2R1B;Choline
MAP2K1;BAD;Choline
MAP2K1;PRKCD;Choline
MAP2K1;YWHAB;Choline
MAP2K1;MAPK8;Choline
MAP2K1;PPP2R1A;Choline
MAP2K1;MAPK11;Choline
MAP2K1;NRAS;Choline
MAP2K1;HRAS;Choline
MAP2K1;MAP3K1;Choline
MAP2K1;KSR1;Choline
MAP2K1;LAMTOR3;Choline
CEBPB;ESR1;Choline
CEBPB;MAPK11;Choline
CEBPB;MYC;Choline
CEBPB;RELA;Choline
CEBPB;ATF4;Choline
SMAD1;SMAD9;Choline
SMAD1;SMAD5;Choline
SMAD1;SMAD3;Choline
SMAD1;SMAD4;Choline
FOS;ELK1;Choline
FOS;ATF4;Choline
FOS;CREB5;Choline
FOS;STAT1;Choline
FOS;PRKCB;Choline
FOS;RPS6KB2;Choline
FOS;SP1;Choline
FOS;PRKCA;Choline
FOS;PRKACA;Choline
FOS;PRKACG;Choline
FOS;PRKACB;Choline
FOS;MAPK11;Choline
FOS;ESR2;Choline
FOS;MAPK8;Choline
FOS;SRC;Choline
FOS;NFATC2;Choline
FOS;JUN;Choline
FOS;ESR1;Choline
CXCL8;ATF4;Choline
CXCL8;GNB1;Choline
CXCL8;GNAI1;Choline
CXCL8;JUN;Choline
CXCL8;RELA;Choline
CYCS;BCL2;Choline
CYCS;CASP3;Choline
CYCS;CASP9;Choline
RPS6KB2;ESR2;Choline
RPS6KB2;PPP2R1B;Choline
RPS6KB2;SP1;Choline
RPS6KB2;PPP2R1A;Choline
RPS6KB2;AKT2;Choline
RPS6KB2;PRKACA;Choline
RPS6KB2;PRKACG;Choline
RPS6KB2;PRKACB;Choline
RPS6KB2;ESR1;Choline
RPS6KB2;AKT3;Choline
RPS6KB2;JUN;Choline
RPS6KB2;AKT1;Choline
RPS6KB2;PPP2CA;Choline
PTPN7;MAPK8;Choline
PTPN7;PTPN5;Choline
PTPN7;MAPK11;Choline
PRKACA;NR4A1;Choline
PRKACA;SP1;Choline
PRKACA;ESR2;Choline
PRKACA;BAD;Choline
CASP3;PRKCD;Choline
CASP3;PRKCB;Choline
CASP3;MAP3K1;Choline
CASP3;PRKCA;Choline
CASP3;ROCK1;Choline
CASP3;CDKN1A;Choline
CASP3;CASP8;Choline
CASP3;CASP9;Choline
PPP2R1B;ARRB1;Choline
PPP2R1B;ARRB2;Choline
PPP2R1B;PRKCB;Choline
PPP2R1B;PRKCZ;Choline
PPP2R1B;RELA;Choline
PPP2R1B;PRKCA;Choline
PPP2R1B;BCL2;Choline
PPP2R1B;PPP2R1A;Choline
PPP2R1B;PPP2CA;Choline
GNAI2;LYN;Choline
GNAI2;HRAS;Choline
GNAI2;NRAS;Choline
SPHK1;PRKCB;Choline
SPHK1;PRKCA;Choline
ROCK2;RELA;Choline
ROCK2;CTNNB1;Choline
ROCK2;ROCK1;Choline
PPP2R1A;ARRB1;Choline
PPP2R1A;ARRB2;Choline
PPP2R1A;PRKCZ;Choline
PPP2R1A;PRKCB;Choline
PPP2R1A;PRKCA;Choline
PPP2R1A;BCL2;Choline
PPP2R1A;RELA;Choline
PPP2R1A;PPP2CA;Choline
CREB3L2;RPS6KA5;Choline
SP1;SMAD4;Choline
SP1;PRKACB;Choline
SP1;PRKACG;Choline
SP1;MAPK11;Choline
SP1;SRC;Choline
SP1;RELA;Choline
SP1;MAPK8;Choline
SP1;MYC;Choline
SP1;SMAD3;Choline
SP1;ESR2;Choline
SP1;JUN;Choline
SP1;ESR1;Choline
CASP9;AKT3;Choline
CASP9;AKT2;Choline
CASP9;AKT1;Choline
PRKCD;STAT1;Choline
PRKCD;RAF1;Choline
PRKCD;MAPK8;Choline
PRKCD;CYBB;Choline
PRKCD;NCF4;Choline
PRKCD;NCF2;Choline
PRKCD;CARD9;Choline
PRKCD;PRKCB;Choline
PRKCD;PRKCA;Choline
PRKCD;SRC;Choline
SMAD3;HIF1A;Choline
SMAD3;MAPK8;Choline
SMAD3;SMAD5;Choline
SMAD3;SMAD9;Choline
SMAD3;SMAD4;Choline
MAPK11;ELK4;Choline
MAPK11;BCL10;Choline
MAPK11;ESR2;Choline
MAPK11;MALT1;Choline
MAPK11;ELK1;Choline
MAPK11;PTPN5;Choline
MAPK11;MAP3K7;Choline
MAPK11;CDKN2A;Choline
MAPK11;FOXO4;Choline
MAPK11;AKT3;Choline
MAPK11;AKT2;Choline
MAPK11;FOXO3;Choline
MAPK11;FOXO1;Choline
MAPK11;AKT1;Choline
MAPK11;RPS6KA5;Choline
MAPK11;CARD9;Choline
MAPK11;JUN;Choline
MAPK11;MAP2K3;Choline
MAPK11;MAP2K6;Choline
MAPK11;MAPKAPK2;Choline
ATF4;RPS6KA5;Choline
ATF4;MAPKAPK2;Choline
ATF4;RPS6KA2;Choline
ATF4;MKNK1;Choline
ATF4;RPS6KA1;Choline
ATF4;RPS6KA3;Choline
FOXO3;FOXO4;Choline
FOXO3;MAPK8;Choline
FOXO3;YWHAB;Choline
FOXO3;BCL2L11;Choline
MAPT;YWHAB;Choline
STAT5A;PTPN11;Choline
STAT5A;JAK1;Choline
STAT5A;JAK2;Choline
SMAD4;MAPK8;Choline
SMAD4;SMAD9;Choline
SMAD4;SMAD5;Choline
CREB3;RPS6KA5;Choline
ESR2;MAPK8;Choline
ESR2;PRKACG;Choline
ESR2;PRKACB;Choline
ESR2;JUN;Choline
ESR2;SRC;Choline
ESR2;ESR1;Choline
MAP2K3;MAP3K1;Choline
MAP2K3;MAP3K7;Choline
MAP2K3;MAPK8;Choline
MAP2K3;MAP2K6;Choline
HMGB1;ITGB3;Choline
DUSP9;DUSP7;Choline
DUSP9;MAPK8;Choline
FN1;ITGB3;Choline
CREB5;RPS6KA5;Choline
ELK4;ELK1;Choline
CASP8;CARD9;Choline
CASP8;BCL10;Choline
CASP8;MALT1;Choline
CASP8;TNF;Choline
PTPN5;MAPK8;Choline
ETS2;ETS1;Choline
STAT1;JAK1;Choline
STAT1;JAK2;Choline
ATP1A2;ATP1A4;Choline
ATP1A2;ATP1A1;Choline
ATP1A2;ATP1A3;Choline
ATP1A2;ATP1B1;Choline
DUSP10;MAPK8;Choline
MAPKAPK2;HSF1;Choline
MAPKAPK2;CREB1;Choline
MAPKAPK2;MAP2K6;Choline
NCF2;PRKCB;Choline
NCF2;NCF4;Choline
NCF2;CYBB;Choline
ATP1B1;ATP1A4;Choline
ATP1B1;ATP1A3;Choline
ATP1B1;ATP1A1;Choline
ATP1A4;ATP1A1;Choline
ATP1A4;ATP1A3;Choline
MCL1;BCL2L11;Choline
MAP3K7;MAPK8;Choline
MAP3K7;BCL10;Choline
MAP3K7;MAP2K6;Choline
MAP3K7;TNF;Choline
NRAS;NOS1;Choline
NRAS;GNAI1;Choline
NRAS;PRKCB;Choline
NRAS;GNAI3;Choline
NRAS;PRKCA;Choline
NRAS;RPS6KA2;Choline
NRAS;MAPK8;Choline
NRAS;RPS6KA3;Choline
NRAS;MAP3K1;Choline
NRAS;RPS6KA1;Choline
NRAS;BRAF;Choline
NRAS;RAF1;Choline
DUSP5;MAPK8;Choline
GNAI3;LYN;Choline
GNAI3;HRAS;Choline
L1CAM;SH3GL2;Choline
L1CAM;SRC;Choline
PRKACB;NR4A1;Choline
PRKACB;BAD;Choline
JUN;TNF;Choline
JUN;IL6;Choline
JUN;MAPK8;Choline
JUN;ESR1;Choline
CARD9;MAPK8;Choline
CARD9;MALT1;Choline
CARD9;BCL10;Choline
YWHAB;ESR1;Choline
YWHAB;BAD;Choline
YWHAB;BRAF;Choline
YWHAB;RAF1;Choline
SRC;LYN;Choline
SRC;ITGB3;Choline
FOXO4;FOXO1;Choline
FOXO4;MAPK8;Choline
FOXO4;AKT3;Choline
FOXO4;AKT2;Choline
FOXO4;AKT1;Choline
ELK1;PRKCB;Choline
ELK1;PRKCA;Choline
ELK1;MAPK8;Choline
PRKACG;BAD;Choline
PRKACG;NR4A1;Choline
CYBB;NCF4;Choline
PCYT1B;MAPK8;Choline
FOXO1;MAPK8;Choline
FOXO1;ETS1;Choline
RPS6KA3;RPS6KA2;Choline
RPS6KA3;RPS6KA1;Choline
RPS6KA3;TBC1D7;Choline
RPS6KA3;HRAS;Choline
SMAD9;SMAD5;Choline
PTPRA;GRB2;Choline
IL6ST;GRB2;Choline
IL6ST;PTPN11;Choline
IL6ST;JAK2;Choline
IL6ST;JAK1;Choline
IL6ST;IL6;Choline
JAK2;LYN;Choline
JAK2;PTPN6;Choline
JAK2;IL6;Choline
AKT2;NOS1;Choline
AKT2;NR4A1;Choline
AKT2;BAD;Choline
AKT2;CDKN1A;Choline
GRB2;PTPN6;Choline
BCL2L11;BAD;Choline
BCL2L11;MAPK8;Choline
BCL2L11;BCL2;Choline
BAD;AKT3;Choline
BAD;MAPK8;Choline
BAD;RAF1;Choline
BAD;AKT1;Choline
BAD;BCL2;Choline
MAPK8;MALT1;Choline
MAPK8;BCL10;Choline
MAPK8;DUSP7;Choline
MAPK8;MAP2K6;Choline
MAPK8;NFATC1;Choline
MAPK8;BCL2;Choline
MAPK8;DUSP8;Choline
MAPK8;HRAS;Choline
MAPK8;MAP3K1;Choline
NFATC2;MEF2A;Choline
ILK;PRKCA;Choline
NCF4;PRKCB;Choline
BCL2;NR4A1;Choline
KSR1;RAF1;Choline
MAP3K1;MAP2K6;Choline
MAP3K1;HRAS;Choline
ROCK1;RELA;Choline
ROCK1;CTNNB1;Choline
RELA;RAF1;Choline
RELA;PPP2CA;Choline
RELA;IL6;Choline
RELA;TNF;Choline
CDKN1A;AKT3;Choline
CDKN1A;AKT1;Choline
IL6;CREB1;Choline
IL6;JAK1;Choline
DAPK1;DAPK2;Choline
DAPK1;DAPK3;Choline
CREB1;RPS6KA5;Choline
NFATC1;MEF2A;Choline
PTPN6;PTPN11;Choline
PTPN6;JAK1;Choline
SHC1;ITGB3;Choline
SHC1;LYN;Choline
RAF1;PRKCB;Choline
RAF1;PRKCA;Choline
RAF1;ARRB1;Choline
RAF1;ARRB2;Choline
RAF1;HRAS;Choline
ARRB2;PPP2CA;Choline
ARRB2;BRAF;Choline
HRAS;NOS1;Choline
HRAS;PRKCB;Choline
HRAS;GNAI1;Choline
HRAS;RPS6KA2;Choline
HRAS;PRKCA;Choline
HRAS;RPS6KA1;Choline
HRAS;BRAF;Choline
PRKCA;LYN;Choline
PRKCA;SPHK2;Choline
PRKCA;PPP2CA;Choline
PRKCA;BRAF;Choline
PRKCA;ACTB;Choline
PRKCA;PRKCB;Choline
ARRB1;PPP2CA;Choline
ARRB1;BRAF;Choline
PPP2CA;PRKCB;Choline
BRAF;PRKCB;Choline
RPS6KA2;RPS6KA1;Choline
RPS6KA2;TBC1D7;Choline
LYN;JAK1;Choline
LYN;GNAI1;Choline
LYN;PRKCB;Choline
RPS6KA1;TBC1D7;Choline
HIF1A;CTNNB1;Choline
NR4A1;AKT3;Choline
NR4A1;AKT1;Choline
DAPK3;DAPK2;Choline
ATP1A3;ATP1A1;Choline
AKT1;NOS1;Choline
ITGB3;ACTB;Choline
SPHK2;PRKCB;Choline
NOS1;AKT3;Choline
RPS6KA5;CREB3L1;Choline
MALT1;BCL10;Choline
CX3CL1;GNAI1;Choline
CX3CL1;GNB1;Choline
CX3CL1;GNG2;Choline
CX3CL1;CX3CR1;Choline
CD4;CCR5;Choline
CD4;CD8A;Choline
CCL22;CCL5;Choline
CCL22;CCL17;Choline
CCL22;PF4V1;Choline
CCL17;PF4;Choline
CCL17;CXCL14;Choline
CCL17;CCL26;Choline
CCL17;CCL25;Choline
CCL17;CCL21;Choline
CCL17;CCL5;Choline
CCL2;GNAI1;Choline
CCL2;GNG2;Choline
CCL2;GNB1;Choline
CCL2;CXCL13;Choline
CCL2;CCL26;Choline
CCL2;CCL11;Choline
CCL2;PF4;Choline
CCL2;CCL4L2;Choline
CCL2;CCL5;Choline
CCL2;CCL8;Choline
CCL2;CCL15;Choline
CCL2;CXCL8;Choline
CCL2;CXCL9;Choline
CCL2;CCR2;Choline
CCL1;CXCL11;Choline
CCL1;CCR8;Choline
CCL13;XCL1;Choline
CCL13;CCL26;Choline
CCL13;CCL24;Choline
CCL13;CXCL14;Choline
CCL13;CCL11;Choline
CCL13;PF4;Choline
CCL13;PPBP;Choline
CCL13;CXCL12;Choline
CCL13;CCL21;Choline
CCL13;CCL8;Choline
CCL13;CCL5;Choline
CCL13;CCR1;Choline
CCL13;CXCL11;Choline
CCL13;CXCL9;Choline
CCL13;CXCL10;Choline
CCL13;CCR3;Choline
CCL13;CCR2;Choline
CXCL6;CXCL5;Choline
CXCL6;PF4;Choline
CXCL6;CCL11;Choline
CXCL6;CCL7;Choline
CXCL6;CCL8;Choline
CXCL6;PPBP;Choline
CXCL6;CXCL10;Choline
CXCL6;CXCL2;Choline
CXCL6;CXCL3;Choline
CXCL6;CXCL1;Choline
CXCL6;CCL5;Choline
CXCL6;CXCL12;Choline
CXCL6;CXCR1;Choline
CXCL6;CXCR2;Choline
PF4V1;PF4;Choline
PF4V1;CXCL9;Choline
PF4V1;CCL4L2;Choline
PF4V1;CCL19;Choline
PF4V1;CCL26;Choline
PF4V1;CCL27;Choline
PF4V1;CCL25;Choline
PF4V1;CCL21;Choline
PF4V1;XCL2;Choline
PF4V1;CCL11;Choline
PF4V1;XCL1;Choline
PF4V1;CXCL12;Choline
PF4V1;CXCL10;Choline
PF4V1;CXCL13;Choline
PF4V1;CXCL11;Choline
CCR7;GNAQ;Choline
CCR7;CCL21;Choline
CCR7;CCL19;Choline
CCL21;CCL26;Choline
CCL21;CCL19;Choline
CCL21;CXCL14;Choline
CCL21;XCL2;Choline
CCL21;PF4;Choline
CCL21;XCL1;Choline
CCL21;CCL24;Choline
CCL21;PPBP;Choline
CCL21;CXCL12;Choline
CCL21;CCL5;Choline
CCL21;CXCL11;Choline
CCL21;CXCL10;Choline
CCL21;CXCL2;Choline
CCL21;CXCL9;Choline
CCL27;CCR3;Choline
CCL27;CCR2;Choline
CCL27;CCL11;Choline
CCL27;CCL5;Choline
TYROBP;SIRPA;Choline
TYROBP;TREM2;Choline
ICAM1;ITGAM;Choline
CSF1R;IL34;Choline
GNAQ;CCR8;Choline
GNAQ;CCR9;Choline
GNAQ;CCR6;Choline
GNAQ;CCR3;Choline
GNAQ;CX3CR1;Choline
GNAQ;CXCR1;Choline
GNAQ;CCR2;Choline
GNAQ;CCR1;Choline
GNAQ;CCR5;Choline
GNAQ;CXCR5;Choline
GNAQ;CXCR2;Choline
GNAQ;CXCR4;Choline
CXCL13;PF4;Choline
CXCL13;CXCL11;Choline
CXCL13;CXCL10;Choline
CXCL13;CCL4L2;Choline
CXCL13;CXCL9;Choline
CXCL13;CXCR5;Choline
CCR2;GNG2;Choline
CCR2;GNB1;Choline
CCR2;GNAI1;Choline
CCR2;CCL8;Choline
CCR2;CCL7;Choline
CCR5;GNG2;Choline
CCR5;GNB1;Choline
CCR5;GNAI1;Choline
CCR5;CCL4L2;Choline
CCR5;CCR3;Choline
CCR5;CCR1;Choline
CCR5;CCL3L1;Choline
CCR5;CCL8;Choline
CCR5;CCL5;Choline
CCR5;CCL4;Choline
CCR5;CCL3;Choline
CXCR1;CXCL3;Choline
CXCR1;CXCL2;Choline
CXCR1;CXCL8;Choline
CXCR1;CXCL1;Choline
CXCR1;CXCL5;Choline
CXCR1;CXCR2;Choline
CXCL3;CXCL2;Choline
CXCL3;XCL2;Choline
CXCL3;CXCL1;Choline
CXCL3;CCL11;Choline
CXCL3;CXCL5;Choline
CXCL3;CXCR2;Choline
CXCL5;XCL2;Choline
CXCL5;CXCL14;Choline
CXCL5;CXCL2;Choline
CXCL5;CCL11;Choline
CXCL5;CCL20;Choline
CXCL5;CXCR2;Choline
CXCL5;CXCL1;Choline
PPBP;CCL26;Choline
PPBP;CXCL14;Choline
PPBP;CXCL9;Choline
PPBP;CCL8;Choline
PPBP;CCL5;Choline
PPBP;CXCL10;Choline
PPBP;CXCR2;Choline
PPBP;CXCL11;Choline
PPBP;CXCL12;Choline
PF4;CCL26;Choline
PF4;XCL2;Choline
PF4;XCL1;Choline
PF4;CXCL14;Choline
PF4;CXCL2;Choline
PF4;CCL11;Choline
PF4;CCL25;Choline
PF4;CCL20;Choline
PF4;CXCL12;Choline
PF4;CXCL8;Choline
PF4;CCL5;Choline
PF4;CXCL11;Choline
PF4;CXCL10;Choline
PF4;CXCL9;Choline
CCR1;GNG2;Choline
CCR1;GNB1;Choline
CCR1;GNAI1;Choline
CCR1;CCR3;Choline
CCR1;CCL3L1;Choline
CCR1;CCL3;Choline
CCR1;CCL16;Choline
CCR1;CCL15;Choline
CCR1;CCL7;Choline
CCR1;CCL5;Choline
CCR1;CCL8;Choline
CCL11;XCL1;Choline
CCL11;CCL5;Choline
CCL11;CXCL14;Choline
CCL11;CXCL2;Choline
CCL11;CCL26;Choline
CCL11;CCL8;Choline
CCL11;CXCL11;Choline
CCL11;CCL18;Choline
CCL11;CXCL12;Choline
CCL11;CXCL10;Choline
CCL11;CXCL9;Choline
CCL11;CXCL1;Choline
CCL11;CCR3;Choline
CXCL10;CXCL14;Choline
CXCL10;XCL1;Choline
CXCL10;CCL26;Choline
CXCL10;CCL5;Choline
CXCL10;CCL8;Choline
CXCL10;CXCL12;Choline
CXCL10;CXCL9;Choline
CXCL10;CXCL11;Choline
CXCL8;GNG2;Choline
CXCL8;CCL8;Choline
CXCL11;CCL26;Choline
CXCL11;CCL24;Choline
CXCL11;XCL1;Choline
CXCL11;CXCL14;Choline
CXCL11;CCL20;Choline
CXCL11;CCL25;Choline
CXCL11;CXCL12;Choline
CXCL11;CCL8;Choline
CXCL11;CCL5;Choline
CXCL11;CXCL2;Choline
CXCL11;CXCL9;Choline
CD200R1;CD200;Choline
GRK2;GNG2;Choline
GRK2;GNB1;Choline
CXCR2;GNG2;Choline
CXCR2;GNB1;Choline
CXCR2;GNAI1;Choline
CXCR2;CXCL1;Choline
CXCR2;CXCL2;Choline
GNG2;CCL15;Choline
GNG2;CCR6;Choline
GNG2;CCL20;Choline
GNG2;CX3CR1;Choline
GNG2;CCR3;Choline
CXCL14;CXCL2;Choline
CXCL14;CCL5;Choline
CXCL14;CCL26;Choline
CXCL14;XCL1;Choline
CXCL14;CXCL9;Choline
CXCL14;CXCL12;Choline
CCR6;GNB1;Choline
CCR6;CCL20;Choline
CCR9;CCL25;Choline
CX3CR1;GNB1;Choline
CX3CR1;GNAI1;Choline
CCL20;GNB1;Choline
CCL20;XCL2;Choline
CCL20;CCL5;Choline
CCL20;CXCL12;Choline
CD163;IL10;Choline
CXCL9;XCL1;Choline
CXCL9;CXCL2;Choline
CXCL9;CCL26;Choline
CXCL9;CXCL12;Choline
CXCL9;CCL5;Choline
CD47;SIRPA;Choline
XCL1;CCL24;Choline
XCL1;CCL26;Choline
XCL1;XCL2;Choline
XCL1;CXCL2;Choline
XCL1;CCL5;Choline
XCL1;CXCL12;Choline
XCL2;CXCL12;Choline
XCL2;CCL26;Choline
XCL2;CCL8;Choline
XCL2;CCL7;Choline
XCL2;CXCL2;Choline
XCL2;CCL5;Choline
FCGR3A;FCGR3B;Choline
TREM2;SIRPA;Choline
CCL7;CCR3;Choline
GNB1;CCL5;Choline
GNB1;CCL15;Choline
GNB1;CCR3;Choline
JAK2;JAK3;Choline
CCL25;CXCL12;Choline
CCL25;CCL5;Choline
CCL8;CCL5;Choline
CCL8;CCL26;Choline
CCL8;CXCL2;Choline
CCL26;CCL5;Choline
CCL26;CXCL12;Choline
CCL26;CCR3;Choline
CXCL1;CXCL2;Choline
CXCL12;CXCL2;Choline
CXCL12;CXCR4;Choline
CXCL12;CCL5;Choline
CCL24;CCL5;Choline
CCL24;CCR3;Choline
CXCL2;CCL5;Choline
CCR3;GNAI1;Choline
CCR3;CCL15;Choline
CCR3;CCL5;Choline
CCL5;GNAI1;Choline
CCL5;CCL16;Choline
CCL3;CCL3L1;Choline
CCL4;CCL4L2;Choline
CCL15;GNAI1;Choline
PLCB2;GNAQ;Choline
TAS1R3;TAS1R2;Choline
H4C6;TRIM24;Choline
H4C6;TP53;Choline
H4C6;H3C15;Choline
H4C6;H3C10;Choline
H4C6;H3C14;Choline
H4C6;H3C8;Choline
H4C6;H3C6;Choline
H4C6;H3C7;Choline
H4C6;H3C11;Choline
H4C6;H3C4;Choline
H4C6;SSRP1;Choline
H4C6;H3C2;Choline
H4C6;H3C3;Choline
H4C6;H3C1;Choline
H4C6;H3-4;Choline
H4C6;H3-3B;Choline
H4C6;H3C13;Choline
H4C6;H3C12;Choline
H4C6;H3-5;Choline
TRIM28;TRIM33;Choline
TRIM28;TRIM24;Choline
RARA;NRIP1;Choline
RARA;RXRA;Choline
H3-3B;H3-5;Choline
H3-3B;H3C4;Choline
H3-3B;H3C10;Choline
H3-3B;H3C7;Choline
H3-3B;H3C8;Choline
H3-3B;H3C2;Choline
H3-3B;H3C11;Choline
H3-3B;H3C6;Choline
H3-3B;H3C3;Choline
H3-3B;H3C15;Choline
H3-3B;H3-2;Choline
H3-3B;H3C1;Choline
H3-3B;H3-4;Choline
H3-3B;H3C12;Choline
H3-3B;MORC3;Choline
H3-3B;H3C14;Choline
H3-3B;H3C13;Choline
H3-3B;TRIM33;Choline
STAT3;FGFR1OP;Choline
TP53;H3C11;Choline
TP53;H3C7;Choline
TP53;H3C1;Choline
TP53;H3C6;Choline
TP53;H3C8;Choline
TP53;H3C10;Choline
TP53;H3C4;Choline
TP53;H3C3;Choline
TP53;H3C2;Choline
TP53;H3C12;Choline
SSRP1;H3C8;Choline
SSRP1;H3C4;Choline
SSRP1;H3C10;Choline
SSRP1;H3C7;Choline
SSRP1;H3C11;Choline
SSRP1;H3C2;Choline
SSRP1;H3C3;Choline
SSRP1;H3C6;Choline
SSRP1;H3C1;Choline
SSRP1;H3C12;Choline
NRIP1;ESR1;Choline
H3C13;H3-5;Choline
H3C13;H3-2;Choline
H3C13;MORC3;Choline
H3C13;H3-4;Choline
H3C13;H3C15;Choline
H3C13;H3C14;Choline
H3C13;H3C6;Choline
H3C13;H3C8;Choline
H3C13;H3C4;Choline
H3C13;H3C11;Choline
H3C13;H3C3;Choline
H3C13;H3C10;Choline
H3C13;H3C1;Choline
H3C13;H3C7;Choline
H3C13;H3C2;Choline
H3C13;TRIM33;Choline
H3C13;TRIM24;Choline
H3C13;H3C12;Choline
H3-5;H3C1;Choline
H3-5;H3C4;Choline
H3-5;H3C10;Choline
H3-5;H3C2;Choline
H3-5;H3C7;Choline
H3-5;H3C11;Choline
H3-5;H3C8;Choline
H3-5;H3-4;Choline
H3-5;H3C6;Choline
H3-5;H3C12;Choline
H3-5;H3C3;Choline
H3-5;H3-2;Choline
H3-5;H3C15;Choline
H3-5;H3C14;Choline
H3-5;MORC3;Choline
H3-5;TRIM33;Choline
TRIM24;H3C15;Choline
TRIM24;H3C14;Choline
TRIM24;H3C6;Choline
TRIM24;TRIM33;Choline
TRIM24;H3C8;Choline
TRIM24;H3C11;Choline
TRIM24;H3C7;Choline
TRIM24;H3C2;Choline
TRIM24;H3C10;Choline
TRIM24;H3C4;Choline
TRIM24;H3C3;Choline
TRIM24;ESR1;Choline
TRIM24;H3C1;Choline
TRIM24;H3-2;Choline
TRIM24;H3C12;Choline
TRIM33;H3C3;Choline
TRIM33;H3C8;Choline
TRIM33;H3C11;Choline
TRIM33;H3C15;Choline
TRIM33;H3C7;Choline
TRIM33;H3C14;Choline
TRIM33;H3C2;Choline
TRIM33;H3C10;Choline
TRIM33;H3C4;Choline
TRIM33;H3C1;Choline
TRIM33;H3C6;Choline
TRIM33;H3-4;Choline
TRIM33;H3-2;Choline
TRIM33;H3C12;Choline
H3C12;MORC3;Choline
H3C12;H3-4;Choline
H3C12;H3C6;Choline
H3C12;H3C4;Choline
H3C12;H3C10;Choline
H3C12;H3-2;Choline
H3C12;H3C3;Choline
H3C12;H3C1;Choline
H3C12;H3C8;Choline
H3C12;H3C7;Choline
H3C12;H3C11;Choline
H3C12;H3C15;Choline
H3C12;H3C14;Choline
H3C12;H3C2;Choline
H3-4;H3C4;Choline
H3-4;H3C3;Choline
H3-4;H3-2;Choline
H3-4;H3C15;Choline
H3-4;H3C14;Choline
H3-4;H3C6;Choline
H3-4;H3C10;Choline
H3-4;H3C2;Choline
H3-4;H3C7;Choline
H3-4;H3C11;Choline
H3-4;H3C8;Choline
H3-4;H3C1;Choline
H3-4;MORC3;Choline
H3C14;H3-2;Choline
H3C14;MORC3;Choline
H3C14;H3C4;Choline
H3C14;H3C11;Choline
H3C14;H3C8;Choline
H3C14;H3C10;Choline
H3C14;H3C7;Choline
H3C14;H3C2;Choline
H3C14;H3C6;Choline
H3C14;H3C1;Choline
H3C14;H3C3;Choline
H3C14;H3C15;Choline
H3C10;H3C6;Choline
H3C10;MORC3;Choline
H3C10;H3C11;Choline
H3C10;H3C3;Choline
H3C10;H3C1;Choline
H3C10;H3C8;Choline
H3C10;H3-2;Choline
H3C10;H3C2;Choline
H3C10;H3C4;Choline
H3C10;H3C7;Choline
H3C10;H3C15;Choline
AR;SPOP;Choline
H3C4;H3C6;Choline
H3C4;MORC3;Choline
H3C4;H3C11;Choline
H3C4;H3C3;Choline
H3C4;H3C1;Choline
H3C4;H3-2;Choline
H3C4;H3C8;Choline
H3C4;H3C7;Choline
H3C4;H3C2;Choline
H3C4;H3C15;Choline
MORC3;H3C15;Choline
MORC3;H3C6;Choline
MORC3;H3C3;Choline
MORC3;H3C2;Choline
MORC3;H3C7;Choline
MORC3;H3C8;Choline
MORC3;H3C11;Choline
MORC3;H3-2;Choline
MORC3;H3C1;Choline
H3C15;H3-2;Choline
H3C15;H3C6;Choline
H3C15;H3C11;Choline
H3C15;H3C3;Choline
H3C15;H3C8;Choline
H3C15;H3C1;Choline
H3C15;H3C7;Choline
H3C15;H3C2;Choline
H3C1;H3C6;Choline
H3C1;H3C8;Choline
H3C1;H3C11;Choline
H3C1;H3C3;Choline
H3C1;H3C7;Choline
H3C1;H3-2;Choline
H3C1;H3C2;Choline
H3C11;H3C6;Choline
H3C11;H3-2;Choline
H3C11;H3C8;Choline
H3C11;H3C3;Choline
H3C11;H3C2;Choline
H3C11;H3C7;Choline
H3C7;H3C6;Choline
H3C7;H3C3;Choline
H3C7;H3-2;Choline
H3C7;H3C8;Choline
H3C7;H3C2;Choline
H3C8;H3C6;Choline
H3C8;H3-2;Choline
H3C8;H3C3;Choline
H3C8;H3C2;Choline
H3C3;H3C6;Choline
H3C3;H3-2;Choline
H3C3;H3C2;Choline
H3C2;H3C6;Choline
H3C2;H3-2;Choline
H3C6;H3-2;Choline
GNG2;ADGRF1;Choline
ADGRF1;IGHV3-16;Choline
ADGRF1;GNAI1;Choline
ADGRF1;GNB1;Choline
GNA11;ADRA2A;Choline
GNA11;ADRA2C;Choline
GNA11;GNG2;Choline
GNAO1;ADRA2A;Choline
GNA12;ADRA2C;Choline
GNA12;ADRA2A;Choline
ADRA2A;GNA13;Choline
ADRA2A;GNG2;Choline
ADRA2A;GNAQ;Choline
ADRA2A;GNB1;Choline
GNAQ;ADRA2C;Choline
GNAI2;ADCY5;Choline
COMT;DBH;Choline
ADRA2C;GNA13;Choline
CFTR;HSPA4;Choline
CFTR;VCP;Choline
CFTR;STUB1;Choline
CFTR;HSPA8;Choline
SIRT1;SIRT2;Choline
STUB1;ATXN3;Choline
STUB1;HSPA8;Choline
STUB1;BAG3;Choline
KAT2A;CREBBP;Choline
KAT2A;KAT2B;Choline
KAT2A;H4C6;Choline
KAT2A;RBPJ;Choline
KAT2A;EP300;Choline
NR3C1;RUNX2;Choline
NR3C1;HDAC1;Choline
NR3C1;CREBBP;Choline
TARDBP;HDAC6;Choline
TARDBP;PRKN;Choline
H4C6;UBB;Choline
H4C6;UBA52;Choline
H4C6;UBC;Choline
H4C6;RPS27A;Choline
H4C6;ACTB;Choline
H4C6;HDAC2;Choline
H4C6;HDAC1;Choline
H4C6;H2BC15;Choline
H4C6;H2BC1;Choline
H4C6;H2BC9;Choline
H4C6;H2BU1;Choline
H4C6;H2BC5;Choline
H4C6;H2BC4;Choline
H4C6;H2BC18;Choline
H4C6;H2BC11;Choline
H4C6;H2AZ2;Choline
H4C6;H2AZ1;Choline
H4C6;CREBBP;Choline
H4C6;KAT2B;Choline
H4C6;H2BC3;Choline
H4C6;H2BC12;Choline
H4C6;H2BC14;Choline
H4C6;H2AX;Choline
H4C6;H2BC17;Choline
H4C6;RBBP4;Choline
H4C6;H2AC20;Choline
H4C6;EP300;Choline
H4C6;H2AC18;Choline
H4C6;H2BC21;Choline
TRIM28;MDM2;Choline
TRIM28;HDAC1;Choline
MDM2;KAT2B;Choline
MDM2;UBB;Choline
MDM2;HDAC1;Choline
MDM2;UBA52;Choline
MDM2;HIF1A;Choline
MDM2;UBC;Choline
MDM2;RPS27A;Choline
MDM2;EP300;Choline
CREBBP;RBPJ;Choline
CREBBP;HTT;Choline
CREBBP;KAT2B;Choline
EP300;H2BC3;Choline
EP300;H2AC20;Choline
EP300;H2BC12;Choline
EP300;H2BC21;Choline
EP300;H2BC11;Choline
EP300;RBPJ;Choline
EP300;HDAC6;Choline
EP300;HDAC1;Choline
EP300;KAT2B;Choline
KAT2B;HIF1A;Choline
KAT2B;RBPJ;Choline
NCOR1;HDAC2;Choline
NCOR1;HDAC1;Choline
RPS27A;PLAA;Choline
RPS27A;ATXN3L;Choline
RPS27A;H2BC4;Choline
RPS27A;H2BC11;Choline
RPS27A;H2BC12;Choline
RPS27A;HDAC6;Choline
RPS27A;H2AX;Choline
RPS27A;H2AC18;Choline
RPS27A;CYLD;Choline
RPS27A;ATXN3;Choline
RPS27A;H2BC21;Choline
RPS27A;SQSTM1;Choline
RPS27A;PRKN;Choline
RPS27A;UBB;Choline
RPS27A;UBC;Choline
RPS27A;UBA52;Choline
H2BC1;H2BU1;Choline
H2BC1;H2BC13;Choline
H2BC1;H2AZ1;Choline
H2BC1;H2AC20;Choline
EGFR;TUBA1A;Choline
EGFR;HDAC6;Choline
EGFR;HSPA8;Choline
H2BC5;H2BC18;Choline
H2BC5;H2BC15;Choline
H2BC5;H2BC14;Choline
H2BC5;H2BC3;Choline
H2BC5;H2BC17;Choline
H2BC5;H2BC21;Choline
H2BC5;H2BC4;Choline
H2BC5;H2BC9;Choline
H2AZ1;H2BC11;Choline
HSPA4;PRKN;Choline
HSPA4;HSPA8;Choline
HSPA4;BAG3;Choline
H2AZ2;H2BC21;Choline
HCLS1;ACTB;Choline
H2BC4;H2BC18;Choline
H2BC4;H2BC15;Choline
H2BC4;ACTB;Choline
H2BC4;H2BC14;Choline
H2BC4;H2BC3;Choline
H2BC4;H2BC17;Choline
H2BC4;UBB;Choline
H2BC4;UBC;Choline
H2BC4;UBA52;Choline
H2BC4;H2BC9;Choline
H2BC4;H2BC21;Choline
H2BC4;H2AC20;Choline
H2BC4;H2AC18;Choline
HSPA5;SQSTM1;Choline
HSPA5;SNCA;Choline
HSPA5;HSPA8;Choline
H2AC20;H2AC18;Choline
H2AC20;H2BC3;Choline
H2AC20;H2BC12;Choline
H2AC20;H2BC21;Choline
HSP90AA1;DYNLL1;Choline
HSP90AA1;DCTN1;Choline
HSP90AA1;HSPA8;Choline
TUBA1B;TUBA1A;Choline
TUBA1B;MAPT;Choline
PARK7;PRKN;Choline
MAPT;HSPA8;Choline
MAPT;TUBA1A;Choline
MAPT;SNCA;Choline
RBPJ;HDAC2;Choline
RBPJ;HDAC1;Choline
RBPJ;NCOR2;Choline
HTT;VCP;Choline
H2BC12;H2BC17;Choline
H2BC12;H2BC21;Choline
H2BC12;UBB;Choline
H2BC12;UBC;Choline
H2BC12;UBA52;Choline
H2BC12;H2BC11;Choline
H2BC12;H2AX;Choline
H2BC12;H2AC18;Choline
VCP;HSF1;Choline
VCP;PTGES3;Choline
VCP;PRKN;Choline
VCP;UBC;Choline
VCP;PLAA;Choline
VCP;HDAC6;Choline
VCP;ATXN3;Choline
XRCC6;H2AX;Choline
DCTN1;DYNLL1;Choline
DCTN1;ACTB;Choline
PRKN;HDAC6;Choline
PRKN;SQSTM1;Choline
PRKN;ATXN3;Choline
PRKN;UBA52;Choline
PRKN;UBB;Choline
PRKN;SNCA;Choline
PRKN;UBC;Choline
BAG3;PTGES3;Choline
BAG3;HSF1;Choline
BAG3;HSP90AB1;Choline
BAG3;HSPA8;Choline
H2BC21;H2BS1;Choline
H2BC21;H2BC3;Choline
H2BC21;H2BC15;Choline
H2BC21;H2BC14;Choline
H2BC21;H2BC18;Choline
H2BC21;H2BC17;Choline
H2BC21;H2BC11;Choline
H2BC21;H2BC9;Choline
H2BC21;ACTB;Choline
H2BC21;UBB;Choline
H2BC21;UBA52;Choline
H2BC21;UBC;Choline
H2BC21;H2AX;Choline
H2AC18;UBB;Choline
H2AC18;UBC;Choline
H2AC18;UBA52;Choline
HSP90AB1;HSPA8;Choline
RBBP4;HDAC1;Choline
RBBP4;HDAC2;Choline
HDAC1;CDKN1A;Choline
HDAC1;HDAC9;Choline
HDAC1;HIF1A;Choline
HDAC1;CTNNB1;Choline
HDAC1;NCOR2;Choline
HDAC1;HDAC2;Choline
CTTN;HDAC6;Choline
HDAC6;PTGES3;Choline
HDAC6;UBA52;Choline
HDAC6;TUBA1A;Choline
HDAC6;UBB;Choline
HDAC6;SQSTM1;Choline
HDAC6;UBC;Choline
H2BC13;H2BU1;Choline
ATXN3L;ATXN3;Choline
ATXN3L;UBA52;Choline
ATXN3L;UBB;Choline
ATXN3L;UBC;Choline
SQSTM1;UBA52;Choline
SQSTM1;UBB;Choline
SQSTM1;CYLD;Choline
SQSTM1;UBC;Choline
PLAA;UBA52;Choline
PLAA;UBB;Choline
PLAA;UBC;Choline
NCOR2;HDAC2;Choline
UBA52;H2AX;Choline
UBA52;ATXN3;Choline
UBA52;H2BC11;Choline
UBA52;CYLD;Choline
UBA52;UBB;Choline
UBA52;UBC;Choline
CYLD;UBB;Choline
CYLD;UBC;Choline
RHOA;ACTB;Choline
HSF1;PTGES3;Choline
HSF1;HSPA8;Choline
H2AX;UBB;Choline
H2AX;UBC;Choline
H2AX;H2BC11;Choline
HSPA8;TUBA1A;Choline
HIF1A;UBC;Choline
UBC;H2BC11;Choline
UBC;ATXN3;Choline
UBC;UBB;Choline
H2BC18;H2BC15;Choline
H2BC18;H2BC9;Choline
H2BC18;H2BC14;Choline
H2BC18;H2BC3;Choline
H2BC18;H2BC17;Choline
H2BC11;H2BU1;Choline
H2BC11;UBB;Choline
H2BC17;H2BS1;Choline
H2BC17;ACTB;Choline
H2BC17;H2BC15;Choline
H2BC17;H2BC9;Choline
H2BC17;H2BC14;Choline
H2BC17;H2BC3;Choline
H2BC14;H2BC15;Choline
H2BC14;H2BC9;Choline
H2BC14;H2BC3;Choline
UBB;ATXN3;Choline
H2BC9;H2BC15;Choline
H2BC9;H2BC3;Choline
H2BC3;H2BC15;Choline
RFC2;BRD4;Choline
RFC2;RFC5;Choline
RFC2;RFC1;Choline
RFC2;RFC4;Choline
RFC2;RFC3;Choline
RFC2;ATAD5;Choline
CBX5;NSD3;Choline
CBX5;CHD4;Choline
CBX5;H4C6;Choline
CBX5;SMARCA4;Choline
CBX5;RBBP4;Choline
CBX5;EHMT2;Choline
CBX5;CBX3;Choline
CBX5;H3C1;Choline
CBX5;TRIM28;Choline
CBX5;H3-5;Choline
CBX5;H3-2;Choline
CBX5;H3-4;Choline
CBX5;H3-3B;Choline
CBX5;H3C12;Choline
CBX5;H3C13;Choline
SIRT1;RELA;Choline
SUPT16H;ATRX;Choline
SUPT16H;H3C1;Choline
SUPT16H;H4C6;Choline
SUPT16H;H3C12;Choline
SUPT16H;POLR2A;Choline
SUPT16H;RTF1;Choline
SUPT16H;SSRP1;Choline
SPI1;EP300;Choline
CRBN;BRD4;Choline
SNAI1;EP300;Choline
SNAI1;KDM1A;Choline
SNAI1;HDAC2;Choline
SNAI1;HDAC1;Choline
H4C6;MED23;Choline
H4C6;MED14;Choline
H4C6;CDK7;Choline
H4C6;RTF1;Choline
H4C6;PSIP1;Choline
H4C6;H4C7;Choline
H4C6;MED1;Choline
H4C6;TAF7;Choline
H4C6;PARP1;Choline
H4C6;CBX3;Choline
H4C6;JMJD6;Choline
H4C6;NSD3;Choline
H4C6;SMARCD1;Choline
H4C6;ARID1A;Choline
H4C6;POLR2A;Choline
H4C6;KAT7;Choline
H4C6;NSD2;Choline
H4C6;WDR5;Choline
H4C6;EZH2;Choline
H4C6;SMARCB1;Choline
H4C6;DOT1L;Choline
H4C6;MACROH2A1;Choline
H4C6;KMT2A;Choline
H4C6;SMARCA4;Choline
H4C6;CHD4;Choline
H4C6;KAT5;Choline
H4C6;PRMT5;Choline
H4C6;SMARCA5;Choline
H4C6;TAF1;Choline
H4C6;BRD4;Choline
H4C6;BRD2;Choline
H4C6;TP53BP1;Choline
TRIM28;CDK9;Choline
TRIM28;CBX3;Choline
SMARCC1;CHD4;Choline
SMARCC1;BICRA;Choline
SMARCC1;BRD9;Choline
SMARCC1;ARID1A;Choline
SMARCC1;SMARCD1;Choline
SMARCC1;SMARCA4;Choline
SMARCC1;SMARCB1;Choline
H3-3B;SMARCD1;Choline
H3-3B;ARID1A;Choline
H3-3B;NSD3;Choline
H3-3B;RBBP4;Choline
H3-3B;SMARCA4;Choline
H3-3B;CREBBP;Choline
H3-3B;KMT2A;Choline
H3-3B;CHD4;Choline
H3-3B;EHMT2;Choline
H3-3B;H4C7;Choline
H3-3B;WDR5;Choline
H3-3B;ATRX;Choline
H3-3B;CBX3;Choline
CDK7;MED23;Choline
CDK7;H2AZ1;Choline
CDK7;H3C13;Choline
CDK7;E2F1;Choline
CDK7;MED14;Choline
CDK7;MED1;Choline
CDK7;TAF1;Choline
CDK7;TAF7;Choline
CDK7;CCNT2;Choline
CDK7;CDK9;Choline
CDK7;CCNT1;Choline
CDK7;POLR2A;Choline
VHL;EP300;Choline
VHL;WDR5;Choline
VHL;SMARCA4;Choline
VHL;BRD4;Choline
VHL;CUL2;Choline
VHL;ELOB;Choline
VHL;ELOC;Choline
CCNT1;ELOC;Choline
CCNT1;ELOB;Choline
CCNT1;RTF1;Choline
CCNT1;MYC;Choline
CCNT1;CCNT2;Choline
CCNT1;LARP7;Choline
CCNT1;AFF1;Choline
CCNT1;BRD4;Choline
CCNT1;CDK9;Choline
CCNT1;HEXIM1;Choline
RBM25;BRD4;Choline
RBM25;HTATSF1;Choline
RBM25;TCERG1;Choline
ELOB;WDR5;Choline
ELOB;SMARCA4;Choline
ELOB;AFF1;Choline
ELOB;RTF1;Choline
ELOB;CCNT2;Choline
ELOB;CDK9;Choline
ELOB;BRD4;Choline
ELOB;CUL2;Choline
ELOB;ELOC;Choline
CREBBP;H3-5;Choline
CREBBP;H3-2;Choline
CREBBP;AR;Choline
CREBBP;H3C13;Choline
CREBBP;H3C12;Choline
CREBBP;H3-4;Choline
CREBBP;H3C1;Choline
CREBBP;KMT2A;Choline
CSNK2A2;BRD2;Choline
DDX18;GTPBP4;Choline
EP300;MED1;Choline
EP300;CTCF;Choline
EP300;H3-4;Choline
EP300;E2F1;Choline
EP300;H3C12;Choline
EP300;BRD4;Choline
EP300;H3C1;Choline
BRD4;RFC5;Choline
BRD4;RFC1;Choline
BRD4;GTPBP4;Choline
BRD4;RFC3;Choline
BRD4;ZC3H18;Choline
BRD4;RFC4;Choline
BRD4;MED14;Choline
BRD4;NUMA1;Choline
BRD4;ATRX;Choline
BRD4;ZNF592;Choline
BRD4;H3C1;Choline
BRD4;SMARCA5;Choline
BRD4;DMAP1;Choline
BRD4;TOP2A;Choline
BRD4;MED1;Choline
BRD4;SPOP;Choline
BRD4;BRD9;Choline
BRD4;E2F1;Choline
BRD4;ELOC;Choline
BRD4;POLR2A;Choline
BRD4;NSD2;Choline
BRD4;ATAD5;Choline
BRD4;HDAC1;Choline
BRD4;SMARCA4;Choline
BRD4;BRD3;Choline
BRD4;FOXO3;Choline
BRD4;BRD2;Choline
BRD4;CHD4;Choline
BRD4;TP53;Choline
BRD4;CDK9;Choline
BRD4;JMJD6;Choline
BRD4;NSD3;Choline
BRD4;RELA;Choline
CCNT2;ELOC;Choline
CCNT2;RTF1;Choline
CCNT2;AFF1;Choline
CCNT2;HEXIM1;Choline
CCNT2;CDK9;Choline
STAT3;HDAC1;Choline
TP53;CCNK;Choline
TP53;EP400;Choline
TP53;EHMT2;Choline
TP53;KDM1A;Choline
TP53;HDAC2;Choline
TP53;SMARCA4;Choline
TP53;KAT5;Choline
TP53;HDAC1;Choline
TP53;TP53BP1;Choline
SSRP1;POLR2A;Choline
SSRP1;RTF1;Choline
NIPBL;SMC1A;Choline
SMARCA5;H3C1;Choline
SMARCA5;HDAC2;Choline
SMARCA5;H3C13;Choline
SMARCA5;RBBP4;Choline
H2AZ1;MED14;Choline
H2AZ1;MED23;Choline
H2AZ1;MED1;Choline
H2AZ1;TAF7;Choline
H2AZ1;TAF1;Choline
H2AZ1;POLR2A;Choline
H2AZ1;DMAP1;Choline
H2AZ1;H3C13;Choline
H2AZ1;KAT5;Choline
H2AZ1;EP400;Choline
TCERG1;HTATSF1;Choline
MED1;TAF7;Choline
MED1;H3C13;Choline
MED1;TAF1;Choline
MED1;POLR2A;Choline
MED1;RPS2;Choline
MED1;CDK9;Choline
MED1;CDK8;Choline
MED1;MED14;Choline
MED1;MED23;Choline
MED1;MED12;Choline
HEXIM2;CDK9;Choline
HEXIM2;HEXIM1;Choline
BRD3;DMAP1;Choline
BRD3;TAF7;Choline
BRD3;SPOP;Choline
BRD3;NSD3;Choline
BRD3;BRD2;Choline
MEPCE;CDK9;Choline
MEPCE;LARP7;Choline
MEPCE;HEXIM1;Choline
TAF7;BRD2;Choline
TAF7;MED23;Choline
TAF7;H3C13;Choline
TAF7;MED14;Choline
TAF7;KMT2A;Choline
TAF7;CHD8;Choline
TAF7;POLR2A;Choline
TAF7;WDR5;Choline
TAF7;TAF1;Choline
ATAD5;RFC1;Choline
ATAD5;RFC3;Choline
ATAD5;RFC5;Choline
ATAD5;RFC4;Choline
NSD3;H3C1;Choline
NSD3;H3-2;Choline
NSD3;H3-5;Choline
NSD3;H3C13;Choline
NSD3;H3C12;Choline
NSD3;H3-4;Choline
PRMT5;H3C1;Choline
EZH2;H3C1;Choline
EZH2;CHD4;Choline
EZH2;H3C13;Choline
EZH2;RBBP4;Choline
EZH2;DNMT1;Choline
EZH2;HDAC1;Choline
EZH2;HDAC2;Choline
ARID1A;BICRA;Choline
ARID1A;BRD9;Choline
ARID1A;SMARCD1;Choline
ARID1A;SMARCA4;Choline
ARID1A;SMARCB1;Choline
MED14;H3C13;Choline
MED14;TAF1;Choline
MED14;POLR2A;Choline
MED14;CDK8;Choline
MED14;MED12;Choline
MED14;MED23;Choline
HEXIM1;CDK9;Choline
HEXIM1;LARP7;Choline
H3C13;MED23;Choline
H3C13;JMJD6;Choline
H3C13;TAF1;Choline
H3C13;RTF1;Choline
H3C13;MACROH2A1;Choline
H3C13;PSIP1;Choline
H3C13;POLR2A;Choline
H3C13;KMT2A;Choline
H3C13;NSD2;Choline
H3C13;TP53BP1;Choline
H3C13;ATRX;Choline
H3C13;CHD4;Choline
H3C13;DOT1L;Choline
H3C13;DNMT1;Choline
H3C13;EHMT2;Choline
H3C13;CBX3;Choline
H3C13;WDR5;Choline
H3C13;H4C7;Choline
CBX3;CHD4;Choline
CBX3;H3C1;Choline
CBX3;H3-5;Choline
CBX3;H3-4;Choline
CBX3;H3-2;Choline
CBX3;EHMT2;Choline
CBX3;H3C12;Choline
H3-5;KMT2A;Choline
H3-5;ATRX;Choline
H3-5;CHD4;Choline
H3-5;EHMT2;Choline
H3-5;H4C7;Choline
H3-5;WDR5;Choline
KAT5;WDR5;Choline
KAT5;EP400;Choline
KAT5;DMAP1;Choline
SMARCB1;H3C1;Choline
SMARCB1;H3C12;Choline
SMARCB1;BICRA;Choline
SMARCB1;BRD9;Choline
SMARCB1;SMARCD1;Choline
SMARCB1;SMARCA4;Choline
RPS2;LARP7;Choline
RPS2;EIF4G1;Choline
SMARCA4;ELOC;Choline
SMARCA4;AR;Choline
SMARCA4;POLR2A;Choline
SMARCA4;CHD4;Choline
SMARCA4;H3C1;Choline
SMARCA4;MYC;Choline
SMARCA4;HDAC1;Choline
SMARCA4;BICRA;Choline
SMARCA4;H3C12;Choline
SMARCA4;BRD9;Choline
SMARCA4;SMARCD1;Choline
SMARCA4;HDAC2;Choline
E2F1;BRD2;Choline
E2F1;HDAC1;Choline
WDR5;DMAP1;Choline
WDR5;EP400;Choline
WDR5;ELOC;Choline
WDR5;TAF1;Choline
WDR5;HDAC1;Choline
WDR5;MYC;Choline
WDR5;H3C1;Choline
WDR5;CHD8;Choline
WDR5;H3C12;Choline
WDR5;H3-4;Choline
WDR5;H3-2;Choline
WDR5;KMT2A;Choline
H3C12;JMJD6;Choline
H3C12;SMARCD1;Choline
H3C12;MACROH2A1;Choline
H3C12;KMT2A;Choline
H3C12;CHD4;Choline
H3C12;ATRX;Choline
H3C12;RBBP4;Choline
H3C12;DOT1L;Choline
H3C12;TP53BP1;Choline
H3C12;DNMT1;Choline
H3C12;EHMT2;Choline
H3C12;H4C7;Choline
DNMT1;H3C1;Choline
DNMT1;H3-2;Choline
DNMT1;HDAC2;Choline
DNMT1;HDAC1;Choline
TOP1;TOP2A;Choline
H3-4;KMT2A;Choline
H3-4;CHD4;Choline
H3-4;ATRX;Choline
H3-4;EHMT2;Choline
H3-4;H4C7;Choline
PARP1;MACROH2A1;Choline
MED23;TAF1;Choline
MED23;POLR2A;Choline
MED23;CDK8;Choline
MED23;MED12;Choline
GATAD2B;CHD4;Choline
GATAD2B;HDAC2;Choline
GATAD2B;RBBP4;Choline
GATAD2B;HDAC1;Choline
DMAP1;EP400;Choline
CDK9;ELOC;Choline
CDK9;RTF1;Choline
CDK9;MYC;Choline
CDK9;POLR2A;Choline
CDK9;LARP7;Choline
CDK9;MED12;Choline
CDK9;AFF1;Choline
ATRX;H3C1;Choline
ATRX;H3-2;Choline
RBBP4;H3C1;Choline
RBBP4;CHD4;Choline
HDAC1;NSD2;Choline
HDAC1;AR;Choline
HDAC1;MYC;Choline
HDAC1;RELA;Choline
HDAC1;CHD4;Choline
HDAC1;KDM1A;Choline
MED12;CDK8;Choline
RFC3;RFC4;Choline
RFC3;RFC5;Choline
RFC3;RFC1;Choline
PSIP1;KMT2A;Choline
CDK8;POLR2A;Choline
RFC1;RFC5;Choline
RFC1;RFC4;Choline
TP53BP1;H3C1;Choline
TP53BP1;SPOP;Choline
NSD2;H3C1;Choline
RTF1;ELOC;Choline
RTF1;AFF1;Choline
RTF1;POLR2A;Choline
CCNK;POLR2A;Choline
RFC4;RFC5;Choline
SPOP;BRD2;Choline
SPOP;MACROH2A1;Choline
SMARCD1;H3C1;Choline
SMARCD1;BICRA;Choline
SMARCD1;BRD9;Choline
AFF1;ELOC;Choline
EHMT2;H3C1;Choline
EHMT2;H3-2;Choline
BICRA;BRD9;Choline
DOT1L;H3C1;Choline
KDM1A;H3C1;Choline
KDM1A;HDAC2;Choline
RELA;HDAC2;Choline
TAF1;H3C1;Choline
TAF1;KMT2A;Choline
TAF1;CHD8;Choline
TAF1;POLR2A;Choline
CUL2;ELOC;Choline
MACROH2A1;H3C1;Choline
HDAC2;CHD4;Choline
KMT2A;CHD8;Choline
KMT2A;H3-2;Choline
KMT2A;H3C1;Choline
CHD4;H3C1;Choline
CHD4;H3-2;Choline
DVL2;WWTR1;Choline
CRY1;CSNK1D;Choline
CRY1;PER1;Choline
CRY1;NPAS2;Choline
CRY1;CRY2;Choline
CRY1;CLOCK;Choline
CRY1;ARNTL;Choline
CRY1;FBXL3;Choline
CRY1;CSNK1E;Choline
CRY1;PER2;Choline
CRY1;PER3;Choline
RPS12;RIOK1;Choline
RPS12;CSNK1E;Choline
RPS12;CSNK1D;Choline
RPS12;PNO1;Choline
RPS12;TSR1;Choline
RPS12;NOB1;Choline
RPS12;RIOK2;Choline
RPS12;BYSL;Choline
RPS12;LTV1;Choline
RPS12;RPS11;Choline
RPS12;RPS26;Choline
RPS12;RPS29;Choline
RPS12;RPS15A;Choline
RPS12;RPS14;Choline
RPS12;RPS23;Choline
RPS12;RPS9;Choline
RPS12;FAU;Choline
RPS12;RPS3;Choline
RPS12;RPS13;Choline
RPS12;RPS3A;Choline
RPS12;RPS27A;Choline
RPS12;RPS21;Choline
RPS12;RPS24;Choline
RPS12;RPS10;Choline
RPS12;RPSA;Choline
RPS12;RPS19;Choline
RPS12;RPS18;Choline
RPS12;RPS16;Choline
RPS12;RPS17;Choline
RPS12;RPS28;Choline
RPS12;RPS5;Choline
RPS12;RPS7;Choline
RPS12;RPS20;Choline
RPS12;RPS25;Choline
RPS12;RPS6;Choline
RPS12;RPS15;Choline
RPS12;RPS2;Choline
RPS12;RPS8;Choline
BYSL;RPP38;Choline
BYSL;RPS10;Choline
BYSL;CSNK1E;Choline
BYSL;RPS25;Choline
BYSL;CSNK1D;Choline
BYSL;RPS27A;Choline
BYSL;RPS15A;Choline
BYSL;RPS26;Choline
BYSL;RPSA;Choline
BYSL;FAU;Choline
BYSL;RPS17;Choline
BYSL;RPS23;Choline
BYSL;RPS20;Choline
BYSL;RPS28;Choline
BYSL;RPS18;Choline
BYSL;RPS24;Choline
BYSL;RPS21;Choline
BYSL;RPS3A;Choline
BYSL;RPS11;Choline
BYSL;RPS13;Choline
BYSL;RPS8;Choline
BYSL;RPS19;Choline
BYSL;RPS5;Choline
BYSL;RPS15;Choline
BYSL;RPS14;Choline
BYSL;RPS16;Choline
BYSL;RPS2;Choline
BYSL;RPS7;Choline
BYSL;RPS3;Choline
BYSL;RPS9;Choline
BYSL;RPS6;Choline
BYSL;PNO1;Choline
BYSL;TSR1;Choline
BYSL;RIOK2;Choline
BYSL;NOB1;Choline
BYSL;LTV1;Choline
YWHAH;CSNK1D;Choline
YWHAH;CSNK1E;Choline
SMO;CSNK1E;Choline
SMO;CSNK1D;Choline
SMO;GRK3;Choline
SMO;PRKACB;Choline
SMO;PRKACG;Choline
SMO;PRKACA;Choline
SMO;GRK2;Choline
PER2;NPAS2;Choline
PER2;CLOCK;Choline
PER2;BTRC;Choline
PER2;CSNK1D;Choline
PER2;PER1;Choline
PER2;ARNTL;Choline
PER2;PER3;Choline
PER2;CSNK1E;Choline
PER2;CRY2;Choline
MDM2;GRK2;Choline
MDM2;TP63;Choline
MDM2;RPS14;Choline
MDM2;RPS7;Choline
PNO1;CSNK1D;Choline
PNO1;RPS27A;Choline
PNO1;RPS17;Choline
PNO1;RPS25;Choline
PNO1;RPS21;Choline
PNO1;RPS10;Choline
PNO1;RPSA;Choline
PNO1;RPS15A;Choline
PNO1;CSNK1E;Choline
PNO1;RPS29;Choline
PNO1;RPS15;Choline
PNO1;RPS18;Choline
PNO1;FAU;Choline
PNO1;RPS13;Choline
PNO1;RPS19;Choline
PNO1;RPS24;Choline
PNO1;RPS8;Choline
PNO1;RPS20;Choline
PNO1;RPS11;Choline
PNO1;RPS3;Choline
PNO1;RPS16;Choline
PNO1;RPS23;Choline
PNO1;RPS5;Choline
PNO1;RPS28;Choline
PNO1;RPS3A;Choline
PNO1;RIOK1;Choline
PNO1;RPS2;Choline
PNO1;RPS7;Choline
PNO1;RPS6;Choline
PNO1;RPS9;Choline
PNO1;RPS14;Choline
PNO1;RIOK2;Choline
PNO1;TSR1;Choline
PNO1;LTV1;Choline
PNO1;NOB1;Choline
YWHAE;PLK1;Choline
YWHAE;MAPT;Choline
YWHAE;CSNK1E;Choline
YWHAE;CSNK1D;Choline
TP63;CSNK1D;Choline
TP63;TP53;Choline
NOB1;RPP14;Choline
NOB1;RPP21;Choline
NOB1;RPP25;Choline
NOB1;RPP40;Choline
NOB1;RPP30;Choline
NOB1;RPP38;Choline
NOB1;CSNK1D;Choline
NOB1;CSNK1E;Choline
NOB1;RPS26;Choline
NOB1;RPS27A;Choline
NOB1;RPS29;Choline
NOB1;RPS15A;Choline
NOB1;RPS25;Choline
NOB1;FAU;Choline
NOB1;RPS23;Choline
NOB1;RPS10;Choline
NOB1;RPS11;Choline
NOB1;RPS21;Choline
NOB1;RPS6;Choline
NOB1;RPS20;Choline
NOB1;RPS24;Choline
NOB1;RPS9;Choline
NOB1;RPS18;Choline
NOB1;RPS16;Choline
NOB1;RPS19;Choline
NOB1;RPS7;Choline
NOB1;RPS3;Choline
NOB1;RPS8;Choline
NOB1;RPS28;Choline
NOB1;RPS15;Choline
NOB1;RPS2;Choline
NOB1;RPS13;Choline
NOB1;RPSA;Choline
NOB1;RPS3A;Choline
NOB1;RPS17;Choline
NOB1;RPS14;Choline
NOB1;RPS5;Choline
NOB1;RIOK1;Choline
NOB1;TSR1;Choline
NOB1;LTV1;Choline
NOB1;RIOK2;Choline
TP53;RPS27A;Choline
RPS11;CSNK1E;Choline
RPS11;CSNK1D;Choline
RPS11;RIOK1;Choline
RPS11;TSR1;Choline
RPS11;RPP38;Choline
RPS11;RIOK2;Choline
RPS11;LTV1;Choline
RPS11;RPS10;Choline
RPS11;RPS24;Choline
RPS11;RPS21;Choline
RPS11;RPS18;Choline
RPS11;RPS16;Choline
RPS11;RPS19;Choline
RPS11;RPSA;Choline
RPS11;RPS7;Choline
RPS11;RPS28;Choline
RPS11;RPS5;Choline
RPS11;RPS17;Choline
RPS11;RPS8;Choline
RPS11;RPS15;Choline
RPS11;RPS2;Choline
RPS11;RPS6;Choline
RPS11;RPS25;Choline
RPS11;RPS20;Choline
RPS11;RPS29;Choline
RPS11;RPS26;Choline
RPS11;RPS9;Choline
RPS11;RPS23;Choline
RPS11;RPS14;Choline
RPS11;RPS15A;Choline
RPS11;RPS3A;Choline
RPS11;RPS13;Choline
RPS11;RPS27A;Choline
RPS11;RPS3;Choline
RPS11;FAU;Choline
RPS27A;CSNK1E;Choline
RPS27A;CSNK1D;Choline
RPS27A;RIOK1;Choline
RPS27A;BTRC;Choline
RPS27A;LTV1;Choline
RPS27A;RIOK2;Choline
RPS27A;TSR1;Choline
RPS27A;RPS21;Choline
RPS27A;RPS24;Choline
RPS27A;RPS10;Choline
RPS27A;RPSA;Choline
RPS27A;RPS19;Choline
RPS27A;RPS18;Choline
RPS27A;RPS16;Choline
RPS27A;RPS17;Choline
RPS27A;RPS28;Choline
RPS27A;RPS5;Choline
RPS27A;RPS7;Choline
RPS27A;RPS20;Choline
RPS27A;RPS25;Choline
RPS27A;RPS6;Choline
RPS27A;RPS8;Choline
RPS27A;RPS15;Choline
RPS27A;RPS2;Choline
RPS27A;RPS26;Choline
RPS27A;RPS29;Choline
RPS27A;RPS15A;Choline
RPS27A;RPS14;Choline
RPS27A;RPS23;Choline
RPS27A;RPS9;Choline
RPS27A;FAU;Choline
RPS27A;RPS3;Choline
RPS27A;RPS3A;Choline
RPS27A;RPS13;Choline
RPS3;CSNK1E;Choline
RPS3;CSNK1D;Choline
RPS3;RIOK1;Choline
RPS3;TSR1;Choline
RPS3;RIOK2;Choline
RPS3;RPS6;Choline
RPS3;RPS2;Choline
RPS3;RPS15;Choline
RPS3;RPS8;Choline
RPS3;RPS20;Choline
RPS3;RPS25;Choline
RPS3;RPS28;Choline
RPS3;RPS5;Choline
RPS3;RPS7;Choline
RPS3;RPS17;Choline
RPS3;RPS18;Choline
RPS3;RPS16;Choline
RPS3;RPSA;Choline
RPS3;RPS19;Choline
RPS3;RPS10;Choline
RPS3;RPS21;Choline
RPS3;RPS24;Choline
RPS3;RPS13;Choline
RPS3;RPS3A;Choline
RPS3;FAU;Choline
RPS3;RPS23;Choline
RPS3;RPS9;Choline
RPS3;RPS15A;Choline
RPS3;RPS14;Choline
RPS3;RPS29;Choline
RPS3;RPS26;Choline
RPS3;LTV1;Choline
GJA1;CSNK1D;Choline
RIOK2;RPS15A;Choline
RIOK2;RPS25;Choline
RIOK2;CSNK1E;Choline
RIOK2;RPS24;Choline
RIOK2;CSNK1D;Choline
RIOK2;RPS28;Choline
RIOK2;RPS26;Choline
RIOK2;RPS29;Choline
RIOK2;RPSA;Choline
RIOK2;RPS18;Choline
RIOK2;RPS16;Choline
RIOK2;RPS17;Choline
RIOK2;RPS3A;Choline
RIOK2;RPS8;Choline
RIOK2;RPS23;Choline
RIOK2;RPS10;Choline
RIOK2;RPS19;Choline
RIOK2;RIOK1;Choline
RIOK2;RPS21;Choline
RIOK2;RPS13;Choline
RIOK2;FAU;Choline
RIOK2;RPS9;Choline
RIOK2;RPS14;Choline
RIOK2;RPS6;Choline
RIOK2;RPS7;Choline
RIOK2;RPS20;Choline
RIOK2;RPS15;Choline
RIOK2;RPS5;Choline
RIOK2;TSR1;Choline
RIOK2;LTV1;Choline
RIOK2;RPS2;Choline
RPS23;CSNK1E;Choline
RPS23;CSNK1D;Choline
RPS23;RIOK1;Choline
RPS23;RPP38;Choline
RPS23;LTV1;Choline
RPS23;TSR1;Choline
RPS23;RPS19;Choline
RPS23;RPSA;Choline
RPS23;RPS18;Choline
RPS23;RPS16;Choline
RPS23;RPS24;Choline
RPS23;RPS21;Choline
RPS23;RPS10;Choline
RPS23;RPS25;Choline
RPS23;RPS20;Choline
RPS23;RPS15;Choline
RPS23;RPS2;Choline
RPS23;RPS8;Choline
RPS23;RPS6;Choline
RPS23;RPS17;Choline
RPS23;RPS7;Choline
RPS23;RPS28;Choline
RPS23;RPS5;Choline
RPS23;RPS26;Choline
RPS23;RPS29;Choline
RPS23;FAU;Choline
RPS23;RPS13;Choline
RPS23;RPS3A;Choline
RPS23;RPS14;Choline
RPS23;RPS15A;Choline
RPS23;RPS9;Choline
PLK1;PRKACA;Choline
PLK1;YWHAG;Choline
PLK1;CSNK1D;Choline
PLK1;CSNK1E;Choline
PLK1;AKAP9;Choline
TSR1;CSNK1E;Choline
TSR1;RPS15A;Choline
TSR1;RPS25;Choline
TSR1;CSNK1D;Choline
TSR1;RPS28;Choline
TSR1;RPS21;Choline
TSR1;RPS29;Choline
TSR1;RPS17;Choline
TSR1;RPS26;Choline
TSR1;RPS16;Choline
TSR1;RPS24;Choline
TSR1;RPS10;Choline
TSR1;RPS5;Choline
TSR1;RPS3A;Choline
TSR1;RPS8;Choline
TSR1;RPS19;Choline
TSR1;RPSA;Choline
TSR1;RPS13;Choline
TSR1;RPS20;Choline
TSR1;RPS18;Choline
TSR1;RPS9;Choline
TSR1;RPS7;Choline
TSR1;RPS6;Choline
TSR1;RPS2;Choline
TSR1;RPS14;Choline
TSR1;RPS15;Choline
TSR1;FAU;Choline
TSR1;LTV1;Choline
YWHAG;CSNK1E;Choline
YWHAG;CSNK1D;Choline
PRKACA;AKAP9;Choline
GRK2;CSNK1E;Choline
GRK2;CSNK1D;Choline
PER1;NPAS2;Choline
PER1;CLOCK;Choline
PER1;BTRC;Choline
PER1;CSNK1D;Choline
PER1;ARNTL;Choline
PER1;CSNK1E;Choline
PER1;PER3;Choline
PER1;CRY2;Choline
GRK3;CSNK1D;Choline
GRK3;CSNK1E;Choline
RPP25;RPS7;Choline
RPP25;RPS6;Choline
RPP25;CSNK1E;Choline
RPP25;RPS14;Choline
RPP25;RPS9;Choline
RPP25;CSNK1D;Choline
RPP25;RPS2;Choline
RPP25;RPP14;Choline
RPP25;RPP21;Choline
RPP25;RPP38;Choline
RPP25;RPP40;Choline
RPP25;RPP30;Choline
RPS15A;RIOK1;Choline
RPS15A;CSNK1D;Choline
RPS15A;CSNK1E;Choline
RPS15A;LTV1;Choline
RPS15A;RPS14;Choline
RPS15A;RPS9;Choline
RPS15A;FAU;Choline
RPS15A;RPS13;Choline
RPS15A;RPS3A;Choline
RPS15A;RPS26;Choline
RPS15A;RPS29;Choline
RPS15A;RPS17;Choline
RPS15A;RPS5;Choline
RPS15A;RPS28;Choline
RPS15A;RPS7;Choline
RPS15A;RPS20;Choline
RPS15A;RPS25;Choline
RPS15A;RPS6;Choline
RPS15A;RPS2;Choline
RPS15A;RPS15;Choline
RPS15A;RPS8;Choline
RPS15A;RPS21;Choline
RPS15A;RPS24;Choline
RPS15A;RPS10;Choline
RPS15A;RPSA;Choline
RPS15A;RPS19;Choline
RPS15A;RPS16;Choline
RPS15A;RPS18;Choline
NPAS2;PER3;Choline
NPAS2;CSNK1D;Choline
NPAS2;CSNK1E;Choline
NPAS2;CRY2;Choline
NPAS2;CLOCK;Choline
NPAS2;ARNTL;Choline
RPS2;RPP14;Choline
RPS2;RPP40;Choline
RPS2;CSNK1D;Choline
RPS2;CSNK1E;Choline
RPS2;RPP30;Choline
RPS2;RPP21;Choline
RPS2;RPP38;Choline
RPS2;RIOK1;Choline
RPS2;RPS29;Choline
RPS2;RPS26;Choline
RPS2;LTV1;Choline
RPS2;RPS13;Choline
RPS2;RPS3A;Choline
RPS2;FAU;Choline
RPS2;RPS9;Choline
RPS2;RPS14;Choline
RPS2;RPS18;Choline
RPS2;RPS16;Choline
RPS2;RPSA;Choline
RPS2;RPS19;Choline
RPS2;RPS10;Choline
RPS2;RPS21;Choline
RPS2;RPS24;Choline
RPS2;RPS6;Choline
RPS2;RPS15;Choline
RPS2;RPS8;Choline
RPS2;RPS20;Choline
RPS2;RPS25;Choline
RPS2;RPS28;Choline
RPS2;RPS5;Choline
RPS2;RPS7;Choline
RPS2;RPS17;Choline
RPS21;CSNK1D;Choline
RPS21;RIOK1;Choline
RPS21;CSNK1E;Choline
RPS21;LTV1;Choline
RPS21;RPS14;Choline
RPS21;RPS9;Choline
RPS21;FAU;Choline
RPS21;RPS13;Choline
RPS21;RPS3A;Choline
RPS21;RPS26;Choline
RPS21;RPS29;Choline
RPS21;RPS17;Choline
RPS21;RPS7;Choline
RPS21;RPS28;Choline
RPS21;RPS5;Choline
RPS21;RPS25;Choline
RPS21;RPS20;Choline
RPS21;RPS15;Choline
RPS21;RPS8;Choline
RPS21;RPS6;Choline
RPS21;RPS24;Choline
RPS21;RPS10;Choline
RPS21;RPS19;Choline
RPS21;RPSA;Choline
RPS21;RPS18;Choline
RPS21;RPS16;Choline
RPS3A;CSNK1E;Choline
RPS3A;CSNK1D;Choline
RPS3A;RIOK1;Choline
RPS3A;RPP38;Choline
RPS3A;LTV1;Choline
RPS3A;RPS10;Choline
RPS3A;RPS24;Choline
RPS3A;RPS18;Choline
RPS3A;RPS16;Choline
RPS3A;RPSA;Choline
RPS3A;RPS19;Choline
RPS3A;RPS28;Choline
RPS3A;RPS5;Choline
RPS3A;RPS7;Choline
RPS3A;RPS17;Choline
RPS3A;RPS6;Choline
RPS3A;RPS8;Choline
RPS3A;RPS15;Choline
RPS3A;RPS20;Choline
RPS3A;RPS25;Choline
RPS3A;RPS29;Choline
RPS3A;RPS26;Choline
RPS3A;RPS9;Choline
RPS3A;RPS14;Choline
RPS3A;RPS13;Choline
RPS3A;FAU;Choline
FBXL3;CRY2;Choline
AKAP9;PRKACB;Choline
RPS26;CSNK1E;Choline
RPS26;CSNK1D;Choline
RPS26;RIOK1;Choline
RPS26;RPS9;Choline
RPS26;RPS14;Choline
RPS26;RPS13;Choline
RPS26;FAU;Choline
RPS26;RPS29;Choline
RPS26;RPS7;Choline
RPS26;RPS5;Choline
RPS26;RPS28;Choline
RPS26;RPS17;Choline
RPS26;RPS8;Choline
RPS26;RPS15;Choline
RPS26;RPS6;Choline
RPS26;RPS25;Choline
RPS26;RPS20;Choline
RPS26;RPS10;Choline
RPS26;RPS24;Choline
RPS26;RPS16;Choline
RPS26;RPS18;Choline
RPS26;RPS19;Choline
RPS26;RPSA;Choline
LTV1;RPS25;Choline
LTV1;RPS28;Choline
LTV1;RPS29;Choline
LTV1;RPS24;Choline
LTV1;FAU;Choline
LTV1;CSNK1E;Choline
LTV1;RPS18;Choline
LTV1;RPS17;Choline
LTV1;CSNK1D;Choline
LTV1;RPS19;Choline
LTV1;RPS16;Choline
LTV1;RPS8;Choline
LTV1;RPSA;Choline
LTV1;RPS10;Choline
LTV1;RPS5;Choline
LTV1;RPS7;Choline
LTV1;RPS13;Choline
LTV1;RPS9;Choline
LTV1;RPS6;Choline
LTV1;RPS14;Choline
LTV1;RPS20;Choline
LTV1;RPS15;Choline
BTRC;PER3;Choline
BTRC;WWTR1;Choline
BTRC;YAP1;Choline
YWHAB;CSNK1E;Choline
YWHAB;CSNK1D;Choline
RPS16;CSNK1D;Choline
RPS16;CSNK1E;Choline
RPS16;RPP38;Choline
RPS16;RIOK1;Choline
RPS16;RPS29;Choline
RPS16;RPS14;Choline
RPS16;RPS9;Choline
RPS16;FAU;Choline
RPS16;RPS13;Choline
RPS16;RPS24;Choline
RPS16;RPS10;Choline
RPS16;RPS19;Choline
RPS16;RPSA;Choline
RPS16;RPS18;Choline
RPS16;RPS17;Choline
RPS16;RPS7;Choline
RPS16;RPS5;Choline
RPS16;RPS28;Choline
RPS16;RPS25;Choline
RPS16;RPS20;Choline
RPS16;RPS15;Choline
RPS16;RPS8;Choline
RPS16;RPS6;Choline
RIOK1;RPS18;Choline
RIOK1;RPS29;Choline
RIOK1;RPS13;Choline
RIOK1;RPS24;Choline
RIOK1;RPS8;Choline
RIOK1;RPS17;Choline
RIOK1;RPS19;Choline
RIOK1;CSNK1E;Choline
RIOK1;CSNK1D;Choline
RIOK1;RPSA;Choline
RIOK1;RPS20;Choline
RIOK1;RPS10;Choline
RIOK1;RPS28;Choline
RIOK1;RPS25;Choline
RIOK1;FAU;Choline
RIOK1;RPS5;Choline
RIOK1;RPS15;Choline
RIOK1;RPS9;Choline
RIOK1;RPS6;Choline
RIOK1;RPS7;Choline
RIOK1;RPS14;Choline
RPP40;RPS9;Choline
RPP40;CSNK1E;Choline
RPP40;RPS6;Choline
RPP40;RPS7;Choline
RPP40;CSNK1D;Choline
RPP40;RPS14;Choline
RPP40;RPP14;Choline
RPP40;RPP21;Choline
RPP40;RPP38;Choline
RPP40;RPP30;Choline
RPS6;RPP14;Choline
RPS6;RPP21;Choline
RPS6;CSNK1D;Choline
RPS6;CSNK1E;Choline
RPS6;RPP30;Choline
RPS6;RPP38;Choline
RPS6;RPS17;Choline
RPS6;RPS7;Choline
RPS6;RPS28;Choline
RPS6;RPS5;Choline
RPS6;RPS25;Choline
RPS6;RPS20;Choline
RPS6;RPS15;Choline
RPS6;RPS8;Choline
RPS6;RPS24;Choline
RPS6;RPS10;Choline
RPS6;RPS19;Choline
RPS6;RPSA;Choline
RPS6;RPS18;Choline
RPS6;RPS14;Choline
RPS6;RPS9;Choline
RPS6;FAU;Choline
RPS6;RPS13;Choline
RPS6;RPS29;Choline
FAM83H;CSNK1E;Choline
RPS9;RPP14;Choline
RPS9;CSNK1D;Choline
RPS9;CSNK1E;Choline
RPS9;RPP30;Choline
RPS9;RPP21;Choline
RPS9;RPP38;Choline
RPS9;RPS20;Choline
RPS9;RPS25;Choline
RPS9;RPS15;Choline
RPS9;RPS8;Choline
RPS9;RPS17;Choline
RPS9;RPS28;Choline
RPS9;RPS5;Choline
RPS9;RPS7;Choline
RPS9;RPSA;Choline
RPS9;RPS19;Choline
RPS9;RPS18;Choline
RPS9;RPS24;Choline
RPS9;RPS10;Choline
RPS9;FAU;Choline
RPS9;RPS13;Choline
RPS9;RPS14;Choline
RPS9;RPS29;Choline
GAPVD1;CSNK1D;Choline
GAPVD1;CSNK1E;Choline
RPS29;CSNK1E;Choline
RPS29;CSNK1D;Choline
RPS29;FAU;Choline
RPS29;RPS13;Choline
RPS29;RPS14;Choline
RPS29;RPSA;Choline
RPS29;RPS19;Choline
RPS29;RPS18;Choline
RPS29;RPS24;Choline
RPS29;RPS10;Choline
RPS29;RPS20;Choline
RPS29;RPS25;Choline
RPS29;RPS15;Choline
RPS29;RPS8;Choline
RPS29;RPS17;Choline
RPS29;RPS5;Choline
RPS29;RPS28;Choline
RPS29;RPS7;Choline
RPS8;CSNK1D;Choline
RPS8;CSNK1E;Choline
RPS8;RPP38;Choline
RPS8;RPS20;Choline
RPS8;RPS25;Choline
RPS8;RPS15;Choline
RPS8;RPS17;Choline
RPS8;RPS5;Choline
RPS8;RPS28;Choline
RPS8;RPS7;Choline
RPS8;RPSA;Choline
RPS8;RPS19;Choline
RPS8;RPS18;Choline
RPS8;RPS24;Choline
RPS8;RPS10;Choline
RPS8;FAU;Choline
RPS8;RPS13;Choline
RPS8;RPS14;Choline
CSNK1E;RPP21;Choline
CSNK1E;RPP14;Choline
CSNK1E;FAU;Choline
CSNK1E;RPP30;Choline
CSNK1E;RPS24;Choline
CSNK1E;RPS25;Choline
CSNK1E;RPS28;Choline
CSNK1E;RPS14;Choline
CSNK1E;RPS7;Choline
CSNK1E;RPP38;Choline
CSNK1E;RPSA;Choline
CSNK1E;RPS10;Choline
CSNK1E;RPS13;Choline
CSNK1E;RPS17;Choline
CSNK1E;RPS19;Choline
CSNK1E;RPS18;Choline
CSNK1E;RPS5;Choline
CSNK1E;RPS20;Choline
CSNK1E;RPS15;Choline
CSNK1E;WWTR1;Choline
CSNK1E;YAP1;Choline
CSNK1E;PER3;Choline
CSNK1E;CLOCK;Choline
CSNK1E;ARNTL;Choline
CSNK1E;CRY2;Choline
CSNK1D;RPP21;Choline
CSNK1D;RPP14;Choline
CSNK1D;FAU;Choline
CSNK1D;RPS25;Choline
CSNK1D;RPS28;Choline
CSNK1D;RPS24;Choline
CSNK1D;RPS17;Choline
CSNK1D;RPP30;Choline
CSNK1D;RPS13;Choline
CSNK1D;RPS18;Choline
CSNK1D;RPS7;Choline
CSNK1D;RPP38;Choline
CSNK1D;RPS5;Choline
CSNK1D;RPS10;Choline
CSNK1D;RPS14;Choline
CSNK1D;RPS15;Choline
CSNK1D;RPS20;Choline
CSNK1D;RPSA;Choline
CSNK1D;RPS19;Choline
CSNK1D;WWTR1;Choline
CSNK1D;YAP1;Choline
CSNK1D;CLOCK;Choline
CSNK1D;ARNTL;Choline
CSNK1D;CRY2;Choline
CSNK1D;PER3;Choline
ARNTL;PER3;Choline
ARNTL;CLOCK;Choline
ARNTL;CRY2;Choline
RPS14;RPP14;Choline
RPS14;RPP30;Choline
RPS14;RPP21;Choline
RPS14;RPP38;Choline
RPS14;RPS19;Choline
RPS14;RPSA;Choline
RPS14;RPS18;Choline
RPS14;RPS24;Choline
RPS14;RPS10;Choline
RPS14;RPS25;Choline
RPS14;RPS20;Choline
RPS14;RPS15;Choline
RPS14;RPS17;Choline
RPS14;RPS7;Choline
RPS14;RPS28;Choline
RPS14;RPS5;Choline
RPS14;FAU;Choline
RPS14;RPS13;Choline
RPP30;RPS7;Choline
RPP30;RPP21;Choline
RPP30;RPP38;Choline
RPP30;RPP14;Choline
RPSA;RPS13;Choline
RPSA;FAU;Choline
RPSA;RPS15;Choline
RPSA;RPS25;Choline
RPSA;RPS20;Choline
RPSA;RPS7;Choline
RPSA;RPS28;Choline
RPSA;RPS5;Choline
RPSA;RPS17;Choline
RPSA;RPS18;Choline
RPSA;RPS19;Choline
RPSA;RPS10;Choline
RPSA;RPS24;Choline
RPS18;RPP38;Choline
RPS18;RPS28;Choline
RPS18;RPS5;Choline
RPS18;RPS7;Choline
RPS18;RPS17;Choline
RPS18;RPS15;Choline
RPS18;RPS20;Choline
RPS18;RPS25;Choline
RPS18;RPS10;Choline
RPS18;RPS24;Choline
RPS18;RPS19;Choline
RPS18;RPS13;Choline
RPS18;FAU;Choline
RPP21;RPS7;Choline
RPP21;RPP14;Choline
RPP21;RPP38;Choline
RPP14;RPS7;Choline
RPP14;RPP38;Choline
RPS24;RPP38;Choline
RPS24;RPS15;Choline
RPS24;RPS25;Choline
RPS24;RPS20;Choline
RPS24;RPS7;Choline
RPS24;RPS5;Choline
RPS24;RPS28;Choline
RPS24;RPS17;Choline
RPS24;RPS19;Choline
RPS24;RPS10;Choline
RPS24;RPS13;Choline
RPS24;FAU;Choline
CLOCK;PER3;Choline
CLOCK;CRY2;Choline
RPS20;RPS17;Choline
RPS20;RPS28;Choline
RPS20;RPS5;Choline
RPS20;RPS7;Choline
RPS20;RPS25;Choline
RPS20;RPS15;Choline
RPS20;RPS10;Choline
RPS20;RPS19;Choline
RPS20;FAU;Choline
RPS20;RPS13;Choline
FAU;RPP38;Choline
FAU;RPS25;Choline
FAU;RPS15;Choline
FAU;RPS17;Choline
FAU;RPS28;Choline
FAU;RPS5;Choline
FAU;RPS7;Choline
FAU;RPS19;Choline
FAU;RPS10;Choline
FAU;RPS13;Choline
RPS25;RPS15;Choline
RPS25;RPS5;Choline
RPS25;RPS28;Choline
RPS25;RPS7;Choline
RPS25;RPS17;Choline
RPS25;RPS19;Choline
RPS25;RPS10;Choline
RPS25;RPS13;Choline
RPS13;RPS19;Choline
RPS13;RPS10;Choline
RPS13;RPS15;Choline
RPS13;RPS17;Choline
RPS13;RPS7;Choline
RPS13;RPS5;Choline
RPS13;RPS28;Choline
RPS15;RPS5;Choline
RPS15;RPS28;Choline
RPS15;RPS7;Choline
RPS15;RPS17;Choline
RPS15;RPS19;Choline
RPS15;RPS10;Choline
RPS19;RPP38;Choline
RPS19;RPS10;Choline
RPS19;RPS7;Choline
RPS19;RPS28;Choline
RPS19;RPS5;Choline
RPS19;RPS17;Choline
RPS28;RPP38;Choline
RPS28;RPS5;Choline
RPS28;RPS7;Choline
RPS28;RPS17;Choline
RPS28;RPS10;Choline
RPS5;RPS7;Choline
RPS5;RPS17;Choline
RPS5;RPS10;Choline
CRY2;PER3;Choline
RPP38;RPS7;Choline
RPS10;RPS7;Choline
RPS10;RPS17;Choline
RPS7;RPS17;Choline
NFKB1;HDAC1;Choline
HCFC2;KMT2A;Choline
HCFC2;KMT2B;Choline
HCFC2;ASH2L;Choline
HCFC2;RBBP5;Choline
HCFC2;WDR5;Choline
HCFC2;HCFC1;Choline
H4C6;CDC73;Choline
H4C6;KMT2D;Choline
H4C6;DPY30;Choline
H4C6;KMT2C;Choline
H4C6;ASH2L;Choline
H4C6;RBBP5;Choline
H4C6;DAXX;Choline
JUND;MEN1;Choline
JUND;FOSL1;Choline
H3-3B;PYGO2;Choline
H3-3B;DAXX;Choline
SMAD2;HDAC1;Choline
KMT2C;H3C13;Choline
KMT2C;KMT2D;Choline
KMT2C;DPY30;Choline
KMT2C;RBBP5;Choline
KMT2C;ASH2L;Choline
KMT2C;WDR5;Choline
KMT2C;PAXIP1;Choline
CDKN2C;TP53;Choline
RBBP5;CTNNB1;Choline
RBBP5;SENP3;Choline
RBBP5;WDR5B;Choline
RBBP5;KMT2B;Choline
RBBP5;MEN1;Choline
RBBP5;H3C13;Choline
RBBP5;KMT2D;Choline
RBBP5;DPY30;Choline
RBBP5;ASH2L;Choline
RBBP5;HCFC1;Choline
RBBP5;WDR5;Choline
RBBP5;SETD1B;Choline
RBBP5;PAXIP1;Choline
RBBP5;KMT2A;Choline
RBBP5;CXXC1;Choline
DAXX;HDAC1;Choline
DAXX;H3C13;Choline
DAXX;ATRX;Choline
DAXX;TP53;Choline
KMT2D;CTNNB1;Choline
KMT2D;WDR5B;Choline
KMT2D;MEN1;Choline
KMT2D;DPY30;Choline
KMT2D;PAXIP1;Choline
KMT2D;KMT2A;Choline
KMT2D;ASH2L;Choline
KMT2D;WDR5;Choline
HCFC1;SENP3;Choline
HCFC1;SETD1B;Choline
HCFC1;KMT2A;Choline
HCFC1;CXXC1;Choline
HCFC1;DPY30;Choline
HCFC1;ASH2L;Choline
HCFC1;WDR5;Choline
SENP3;WDR5;Choline
SENP3;KMT2A;Choline
WDR5B;MEN1;Choline
WDR5B;KMT2A;Choline
WDR5B;WDR5;Choline
WDR5B;ASH2L;Choline
H3C13;CDC73;Choline
H3C13;DPY30;Choline
H3C13;ASH2L;Choline
H3C13;PYGO2;Choline
MEN1;KMT2B;Choline
MEN1;CTNNB1;Choline
MEN1;ASH2L;Choline
MEN1;WDR5;Choline
MEN1;PSIP1;Choline
MEN1;KMT2A;Choline
ASH2L;CTNNB1;Choline
ASH2L;H3-4;Choline
ASH2L;KMT2B;Choline
ASH2L;KMT2A;Choline
ASH2L;CXXC1;Choline
ASH2L;WDR5;Choline
ASH2L;PAXIP1;Choline
ASH2L;SETD1B;Choline
ASH2L;DPY30;Choline
HOXA9;KMT2A;Choline
DPY30;KMT2A;Choline
DPY30;PAXIP1;Choline
DPY30;SETD1B;Choline
DPY30;WDR5;Choline
DPY30;CXXC1;Choline
WDR5;KMT2B;Choline
WDR5;SETD1B;Choline
WDR5;PAXIP1;Choline
WDR5;CXXC1;Choline
H3C12;PYGO2;Choline
H3-4;PYGO2;Choline
PYGO2;CTNNB1;Choline
HDAC1;ESR1;Choline
CXXC1;SETD1B;Choline
CASR;PLCB3;Choline
MGA;RUVBL1;Choline
MGA;C17orf49;Choline
MGA;MCRS1;Choline
MGA;PRPF31;Choline
MGA;TAF9;Choline
MGA;INO80C;Choline
MGA;LAS1L;Choline
MGA;KAT8;Choline
MGA;TAF4;Choline
MGA;TAF7;Choline
MGA;TAF6;Choline
MGA;HCFC1;Choline
MGA;RUVBL2;Choline
MGA;TEX10;Choline
MGA;PELP1;Choline
MGA;SENP3;Choline
MGA;RBBP5;Choline
MGA;PHF20;Choline
MGA;CHD8;Choline
MGA;KANSL1;Choline
MGA;KMT2A;Choline
MGA;TAF1;Choline
MGA;RNF2;Choline
MGA;WDR5;Choline
MGA;E2F6;Choline
MGA;MAX;Choline
H4C6;TAF4;Choline
H4C6;KAT6A;Choline
H4C6;TAF9;Choline
H4C6;TAF6;Choline
H4C6;H3-3A;Choline
H4C6;PHF8;Choline
H4C6;MLLT3;Choline
H4C6;KAT8;Choline
H4C6;H2AC11;Choline
H4C6;H2AC16;Choline
H4C6;H2AC15;Choline
H4C6;H4C15;Choline
H4C6;H4-16;Choline
H4C6;H4C12;Choline
H4C6;H4C3;Choline
H4C6;H4C14;Choline
H4C6;H4C1;Choline
H4C6;RUVBL2;Choline
H4C6;DNMT3A;Choline
H4C6;RUVBL1;Choline
H4C6;H4C8;Choline
H4C6;H2AC17;Choline
H4C6;H4C11;Choline
H4C6;H4C5;Choline
H4C6;H4C13;Choline
H4C6;H4C4;Choline
H4C6;H4C2;Choline
H4C6;H4C9;Choline
H4C6;H2AC13;Choline
H4C6;H2AC4;Choline
H4C6;H2AC6;Choline
H4C6;H2AC8;Choline
MLLT1;H3C6;Choline
MLLT1;H3C10;Choline
MLLT1;H3C2;Choline
MLLT1;H3C4;Choline
MLLT1;H3C15;Choline
MLLT1;H3C14;Choline
MLLT1;H3C7;Choline
MLLT1;H3C3;Choline
MLLT1;H3C11;Choline
MLLT1;H3C8;Choline
MLLT1;H3C1;Choline
MLLT1;H3C13;Choline
MLLT1;H3-2;Choline
MLLT1;H3C12;Choline
MLLT1;DOT1L;Choline
MLLT1;AFF1;Choline
MLLT1;CDK9;Choline
MLLT1;MLLT3;Choline
MLLT1;AFF4;Choline
MLLT1;ELL;Choline
TAF4;H4C2;Choline
TAF4;H4C9;Choline
TAF4;H4-16;Choline
TAF4;H4C5;Choline
TAF4;H4C11;Choline
TAF4;H4C8;Choline
TAF4;H4C13;Choline
TAF4;H4C12;Choline
TAF4;H4C1;Choline
TAF4;H4C14;Choline
TAF4;H4C4;Choline
TAF4;H4C3;Choline
TAF4;H4C15;Choline
TAF4;H3C15;Choline
TAF4;H3C14;Choline
TAF4;H2BC11;Choline
TAF4;H3C13;Choline
TAF4;INO80C;Choline
TAF4;MCRS1;Choline
TAF4;PRPF31;Choline
TAF4;C17orf49;Choline
TAF4;RNF2;Choline
TAF4;LAS1L;Choline
TAF4;TEX10;Choline
TAF4;PELP1;Choline
TAF4;KAT8;Choline
TAF4;E2F6;Choline
TAF4;MAX;Choline
TAF4;SENP3;Choline
TAF4;RBBP5;Choline
TAF4;KANSL1;Choline
TAF4;KMT2A;Choline
TAF4;HCFC1;Choline
TAF4;CHD8;Choline
TAF4;RUVBL2;Choline
TAF4;PHF20;Choline
TAF4;RUVBL1;Choline
TAF4;WDR5;Choline
TAF4;CREB1;Choline
TAF4;TAF7;Choline
TAF4;TAF6;Choline
TAF4;TAF9;Choline
TAF4;TAF1;Choline
H3-3B;PPIE;Choline
H3-3B;H2AC4;Choline
H3-3B;H2AC15;Choline
H3-3B;H2AC16;Choline
H3-3B;H2AC11;Choline
H3-3B;H4C11;Choline
H3-3B;H4C8;Choline
H3-3B;H4C2;Choline
H3-3B;H4C15;Choline
H3-3B;H3-3A;Choline
H3-3B;H4C9;Choline
H3-3B;H4C1;Choline
H3-3B;H4C12;Choline
H3-3B;H4C5;Choline
H3-3B;H4C4;Choline
H3-3B;H4C3;Choline
H3-3B;H4C14;Choline
H3-3B;H4-16;Choline
H3-3B;H2AC13;Choline
H3-3B;KMT2E;Choline
H3-3B;H2AC17;Choline
H3-3B;H4C13;Choline
H3-3B;PHF8;Choline
H3-3B;H2BC11;Choline
H3-3B;H2AC8;Choline
H3-3B;H2BC12;Choline
H3-3B;KAT6A;Choline
H3-3B;MLLT3;Choline
H3-3B;DNMT3A;Choline
H3-3B;H2BC21;Choline
KMT2C;UBB;Choline
KMT2C;UBC;Choline
KMT2C;RPS27A;Choline
KMT2C;UBA52;Choline
KMT2C;H2AC4;Choline
KMT2C;H2AC17;Choline
KMT2C;H2AC15;Choline
KMT2C;H2AC11;Choline
KMT2C;H2AC13;Choline
KMT2C;H3C15;Choline
KMT2C;H4C5;Choline
KMT2C;H4C11;Choline
KMT2C;H4C8;Choline
KMT2C;H4C2;Choline
KMT2C;H4-16;Choline
KMT2C;H4C14;Choline
KMT2C;H4C3;Choline
KMT2C;H4C15;Choline
KMT2C;H4C4;Choline
KMT2C;H4C12;Choline
KMT2C;H4C13;Choline
KMT2C;H4C1;Choline
KMT2C;H4C9;Choline
KMT2C;H2AC16;Choline
KMT2C;H2AC6;Choline
KMT2C;H2AC8;Choline
KMT2C;H2BC11;Choline
KMT2C;H2BC12;Choline
KMT2C;H3C14;Choline
KMT2C;KDM6A;Choline
CREBBP;H4C1;Choline
CREBBP;H4C13;Choline
CREBBP;H4C12;Choline
CREBBP;H4C4;Choline
CREBBP;H4C15;Choline
CREBBP;H4C3;Choline
CREBBP;H4C14;Choline
CREBBP;H4C9;Choline
CREBBP;H4C11;Choline
CREBBP;H4C8;Choline
CREBBP;H4C5;Choline
CREBBP;H4-16;Choline
CREBBP;H4C2;Choline
CREBBP;H3C14;Choline
CREBBP;H3C7;Choline
CREBBP;H3C11;Choline
CREBBP;H3C15;Choline
CREBBP;H3C8;Choline
CREBBP;H3C4;Choline
CREBBP;H3C10;Choline
CREBBP;H3C6;Choline
CREBBP;H3C3;Choline
CREBBP;H3C2;Choline
CREBBP;H3-3A;Choline
CREBBP;MYB;Choline
SETD1A;H3C1;Choline
SETD1A;UBA52;Choline
SETD1A;RPS27A;Choline
SETD1A;SETD1B;Choline
SETD1A;WDR5;Choline
SETD1A;HCFC1;Choline
SETD1A;RBBP5;Choline
SETD1A;ASH2L;Choline
SETD1A;DPY30;Choline
SETD1A;CXXC1;Choline
ELL;CDK9;Choline
ELL;AFF1;Choline
ELL;MLLT3;Choline
ELL;AFF4;Choline
EP300;H2AC4;Choline
EP300;H3C10;Choline
EP300;H3C4;Choline
EP300;H3C11;Choline
EP300;H3C8;Choline
EP300;H3C7;Choline
EP300;H3C2;Choline
EP300;H3C3;Choline
EP300;H3C6;Choline
EP300;H4C5;Choline
EP300;H4C8;Choline
EP300;H4-16;Choline
EP300;H4C4;Choline
EP300;H4C15;Choline
EP300;H4C3;Choline
EP300;H4C12;Choline
EP300;H4C13;Choline
EP300;H4C11;Choline
EP300;H4C1;Choline
EP300;H4C2;Choline
EP300;H4C9;Choline
EP300;H4C14;Choline
EP300;H2AC8;Choline
EP300;MYB;Choline
RBBP5;H2AC15;Choline
RBBP5;H2AC4;Choline
RBBP5;H2AC13;Choline
RBBP5;H2AC16;Choline
RBBP5;H2AC11;Choline
RBBP5;H2AC17;Choline
RBBP5;PRPF31;Choline
RBBP5;INO80C;Choline
RBBP5;RUVBL1;Choline
RBBP5;PELP1;Choline
RBBP5;MAX;Choline
RBBP5;RUVBL2;Choline
RBBP5;LAS1L;Choline
RBBP5;TAF7;Choline
RBBP5;TEX10;Choline
RBBP5;TAF9;Choline
RBBP5;E2F6;Choline
RBBP5;TAF6;Choline
RBBP5;C17orf49;Choline
RBBP5;H2AC6;Choline
RBBP5;TAF1;Choline
RBBP5;H3C15;Choline
RBBP5;MCRS1;Choline
RBBP5;PHF20;Choline
RBBP5;H4C5;Choline
RBBP5;H4C11;Choline
RBBP5;H4C8;Choline
RBBP5;H4C9;Choline
RBBP5;H4C2;Choline
RBBP5;H4-16;Choline
RBBP5;H4C14;Choline
RBBP5;H4C3;Choline
RBBP5;H4C15;Choline
RBBP5;H4C13;Choline
RBBP5;H4C12;Choline
RBBP5;H4C1;Choline
RBBP5;H4C4;Choline
RBBP5;H2AC8;Choline
RBBP5;RNF2;Choline
RBBP5;H3C14;Choline
RBBP5;H2BC11;Choline
RBBP5;H2BC12;Choline
RBBP5;KANSL1;Choline
RBBP5;KAT8;Choline
RBBP5;UBB;Choline
RBBP5;CHD8;Choline
RBBP5;UBC;Choline
RBBP5;UBA52;Choline
RBBP5;RPS27A;Choline
RBBP5;KDM6A;Choline
DNMT3A;H3C10;Choline
DNMT3A;H3C7;Choline
DNMT3A;H3C14;Choline
DNMT3A;H3C8;Choline
DNMT3A;H3C15;Choline
DNMT3A;H3C11;Choline
DNMT3A;H3C4;Choline
DNMT3A;H3C2;Choline
DNMT3A;H3C3;Choline
DNMT3A;H3C6;Choline
DNMT3A;H3-3A;Choline
DNMT3A;H3C1;Choline
DNMT3A;H3-4;Choline
DNMT3A;H3-2;Choline
DNMT3A;H3-5;Choline
DNMT3A;H3C12;Choline
DNMT3A;H3C13;Choline
AFF4;AFF1;Choline
AFF4;CDK9;Choline
AFF4;MLLT3;Choline
KAT6A;H3C4;Choline
KAT6A;H3C10;Choline
KAT6A;H3C2;Choline
KAT6A;H3C7;Choline
KAT6A;H3C15;Choline
KAT6A;H3C11;Choline
KAT6A;H3C8;Choline
KAT6A;H3-3A;Choline
KAT6A;H3C6;Choline
KAT6A;H3C3;Choline
KAT6A;H3C14;Choline
KAT6A;H3C1;Choline
KAT6A;H3-2;Choline
KAT6A;H3-5;Choline
KAT6A;H3C12;Choline
KAT6A;H3C13;Choline
KAT6A;H3-4;Choline
TP53;H2AC4;Choline
TP53;H4C8;Choline
TP53;H4C11;Choline
TP53;H4C15;Choline
TP53;H4C12;Choline
TP53;H4C13;Choline
TP53;H4C1;Choline
TP53;H4C2;Choline
TP53;H4C4;Choline
TP53;H4C5;Choline
TP53;H4C9;Choline
TP53;H4-16;Choline
TP53;H4C3;Choline
TP53;KAT8;Choline
TP53;H2AC8;Choline
TP53;H2BC11;Choline
TP53;H2BC12;Choline
TP53;H4C14;Choline
TP53;PHF20;Choline
TP53;TAF9;Choline
RPS27A;SETD1B;Choline
RPS27A;KMT2A;Choline
RPS27A;WDR5;Choline
RPS27A;H4C5;Choline
RPS27A;H4C8;Choline
RPS27A;H4C11;Choline
RPS27A;H4C9;Choline
RPS27A;H4-16;Choline
RPS27A;H4C14;Choline
RPS27A;H4C4;Choline
RPS27A;H4C15;Choline
RPS27A;H4C12;Choline
RPS27A;H4C1;Choline
RPS27A;H4C2;Choline
RPS27A;H4C13;Choline
RPS27A;H4C3;Choline
RPS27A;H2AC15;Choline
RPS27A;H2AC11;Choline
RPS27A;H2AC16;Choline
RPS27A;H2AC17;Choline
RPS27A;H2AC4;Choline
RPS27A;H3C6;Choline
RPS27A;H3C3;Choline
RPS27A;H3C10;Choline
RPS27A;H3C2;Choline
RPS27A;H3C1;Choline
RPS27A;H3C4;Choline
RPS27A;H3C11;Choline
RPS27A;H3C8;Choline
RPS27A;H3C7;Choline
RPS27A;H3C14;Choline
RPS27A;H3C15;Choline
RPS27A;H3-2;Choline
RPS27A;H3C13;Choline
RPS27A;H3C12;Choline
RPS27A;H2AC6;Choline
RPS27A;DOT1L;Choline
RPS27A;DPY30;Choline
RPS27A;ASH2L;Choline
RPS27A;H2AC8;Choline
RPS27A;H2AC13;Choline
MEIS1;PBX1;Choline
RUNX1;MYB;Choline
RUNX1;GATA2;Choline
RUNX1;HDAC1;Choline
RUNX1;CBFB;Choline
KMT2D;KDM6A;Choline
PELP1;E2F6;Choline
PELP1;INO80C;Choline
PELP1;TAF7;Choline
PELP1;C17orf49;Choline
PELP1;MCRS1;Choline
PELP1;RNF2;Choline
PELP1;TAF6;Choline
PELP1;MAX;Choline
PELP1;HCFC1;Choline
PELP1;PRPF31;Choline
PELP1;KMT2A;Choline
PELP1;TAF1;Choline
PELP1;PHF20;Choline
PELP1;CHD8;Choline
PELP1;KAT8;Choline
PELP1;KANSL1;Choline
PELP1;TAF9;Choline
PELP1;WDR5;Choline
PELP1;RUVBL2;Choline
PELP1;RUVBL1;Choline
PELP1;SENP3;Choline
PELP1;LAS1L;Choline
PELP1;TEX10;Choline
H2AC8;PSIP1;Choline
H2AC8;DPY30;Choline
H2AC8;WDR5;Choline
H2AC8;RUVBL2;Choline
H2AC8;RNF2;Choline
H2AC8;DOT1L;Choline
H2AC8;H2AC16;Choline
H2AC8;ASH2L;Choline
H2AC8;RUVBL1;Choline
H2AC8;H2AC15;Choline
H2AC8;H3-5;Choline
H2AC8;H2AC11;Choline
H2AC8;UBB;Choline
H2AC8;H3-3A;Choline
H2AC8;UBA52;Choline
H2AC8;H3C15;Choline
H2AC8;KMT2A;Choline
H2AC8;UBC;Choline
H2AC8;H2AC4;Choline
H2AC8;H2AC6;Choline
H2AC8;H2AC13;Choline
H2AC8;H3C11;Choline
H2AC8;H2AC17;Choline
H2AC8;H3C8;Choline
H2AC8;H3C2;Choline
H2AC8;H3C14;Choline
H2AC8;H3C1;Choline
H2AC8;H3C7;Choline
H2AC8;H3-4;Choline
H2AC8;H3C6;Choline
H2AC8;H4C12;Choline
H2AC8;H4C3;Choline
H2AC8;H4C15;Choline
H2AC8;H4-16;Choline
H2AC8;H4C1;Choline
H2AC8;H3C3;Choline
H2AC8;H4C9;Choline
H2AC8;H3C13;Choline
H2AC8;H4C13;Choline
H2AC8;H4C2;Choline
H2AC8;H4C11;Choline
H2AC8;H2BC12;Choline
H2AC8;H4C4;Choline
H2AC8;H3C10;Choline
H2AC8;H2BC3;Choline
H2AC8;H4C14;Choline
H2AC8;H3C4;Choline
H2AC8;H4C8;Choline
H2AC8;H4C5;Choline
H2AC8;H2BC11;Choline
H2AC8;H2BC21;Choline
H2AC8;H3C12;Choline
MLLT10;MLLT6;Choline
MLLT10;DOT1L;Choline
HCFC1;C17orf49;Choline
HCFC1;TAF7;Choline
HCFC1;TEX10;Choline
HCFC1;PRPF31;Choline
HCFC1;INO80C;Choline
HCFC1;LAS1L;Choline
HCFC1;TAF9;Choline
HCFC1;TAF1;Choline
HCFC1;TAF6;Choline
HCFC1;MAX;Choline
HCFC1;RUVBL1;Choline
HCFC1;RUVBL2;Choline
HCFC1;CHD8;Choline
HCFC1;E2F6;Choline
HCFC1;RNF2;Choline
HCFC1;KANSL1;Choline
HCFC1;PHF20;Choline
HCFC1;KAT8;Choline
HCFC1;MCRS1;Choline
KMT2E;H3C11;Choline
KMT2E;H3C15;Choline
KMT2E;H3C8;Choline
KMT2E;H3C14;Choline
KMT2E;H3C7;Choline
KMT2E;H3C2;Choline
KMT2E;H3C10;Choline
KMT2E;H3C1;Choline
KMT2E;H3C4;Choline
KMT2E;H3C3;Choline
KMT2E;H3-3A;Choline
KMT2E;H3C6;Choline
KMT2E;H3-5;Choline
KMT2E;H3-2;Choline
KMT2E;H3-4;Choline
KMT2E;H3C12;Choline
KMT2E;H3C13;Choline
TAF7;H4C1;Choline
TAF7;H4C12;Choline
TAF7;H4C13;Choline
TAF7;H4C3;Choline
TAF7;H4C15;Choline
TAF7;H4C14;Choline
TAF7;H4-16;Choline
TAF7;H4C9;Choline
TAF7;H4C2;Choline
TAF7;H4C4;Choline
TAF7;H4C5;Choline
TAF7;H4C11;Choline
TAF7;H4C8;Choline
TAF7;H3C14;Choline
TAF7;H3C15;Choline
TAF7;H2BC11;Choline
TAF7;C17orf49;Choline
TAF7;SENP3;Choline
TAF7;RUVBL1;Choline
TAF7;LAS1L;Choline
TAF7;INO80C;Choline
TAF7;TEX10;Choline
TAF7;PRPF31;Choline
TAF7;KANSL1;Choline
TAF7;MCRS1;Choline
TAF7;MAX;Choline
TAF7;RNF2;Choline
TAF7;RUVBL2;Choline
TAF7;KAT8;Choline
TAF7;PHF20;Choline
TAF7;E2F6;Choline
TAF7;TAF6;Choline
TAF7;TAF9;Choline
SENP3;E2F6;Choline
SENP3;PRPF31;Choline
SENP3;KANSL1;Choline
SENP3;INO80C;Choline
SENP3;C17orf49;Choline
SENP3;MCRS1;Choline
SENP3;MAX;Choline
SENP3;TAF6;Choline
SENP3;PHF20;Choline
SENP3;TAF9;Choline
SENP3;RUVBL1;Choline
SENP3;RUVBL2;Choline
SENP3;CHD8;Choline
SENP3;KAT8;Choline
SENP3;TAF1;Choline
SENP3;RNF2;Choline
SENP3;LAS1L;Choline
SENP3;TEX10;Choline
RUVBL1;H2AC4;Choline
RUVBL1;H4C2;Choline
RUVBL1;H4C4;Choline
RUVBL1;H4C14;Choline
RUVBL1;H4C9;Choline
RUVBL1;H4C11;Choline
RUVBL1;H4C8;Choline
RUVBL1;H4C5;Choline
RUVBL1;H4C1;Choline
RUVBL1;H4C12;Choline
RUVBL1;H4C13;Choline
RUVBL1;H4C15;Choline
RUVBL1;H4C3;Choline
RUVBL1;H4-16;Choline
RUVBL1;H3C2;Choline
RUVBL1;H3C10;Choline
RUVBL1;H3C7;Choline
RUVBL1;H3C8;Choline
RUVBL1;H3C11;Choline
RUVBL1;H3C4;Choline
RUVBL1;H3C1;Choline
RUVBL1;H3C3;Choline
RUVBL1;H3C6;Choline
RUVBL1;C17orf49;Choline
RUVBL1;LAS1L;Choline
RUVBL1;KANSL1;Choline
RUVBL1;E2F6;Choline
RUVBL1;RNF2;Choline
RUVBL1;TAF6;Choline
RUVBL1;TEX10;Choline
RUVBL1;PHF20;Choline
RUVBL1;H3C12;Choline
RUVBL1;KMT2A;Choline
RUVBL1;TAF1;Choline
RUVBL1;TAF9;Choline
RUVBL1;MAX;Choline
RUVBL1;KAT8;Choline
RUVBL1;WDR5;Choline
RUVBL1;CHD8;Choline
RUVBL1;H2BC11;Choline
RUVBL1;PRPF31;Choline
RUVBL1;MCRS1;Choline
RUVBL1;INO80C;Choline
RUVBL1;RUVBL2;Choline
PRPF31;INO80C;Choline
PRPF31;RNF2;Choline
PRPF31;MAX;Choline
PRPF31;E2F6;Choline
PRPF31;TEX10;Choline
PRPF31;KANSL1;Choline
PRPF31;TAF9;Choline
PRPF31;LAS1L;Choline
PRPF31;PHF20;Choline
PRPF31;TAF6;Choline
PRPF31;C17orf49;Choline
PRPF31;KAT8;Choline
PRPF31;KMT2A;Choline
PRPF31;TAF1;Choline
PRPF31;CHD8;Choline
PRPF31;MCRS1;Choline
PRPF31;WDR5;Choline
PRPF31;RUVBL2;Choline
H3C13;TAF6;Choline
H3C13;H3-3A;Choline
H3C13;TAF9;Choline
H3C13;PPIE;Choline
H3C13;H2AC11;Choline
H3C13;H2AC15;Choline
H3C13;UBB;Choline
H3C13;H4C12;Choline
H3C13;H4C15;Choline
H3C13;UBA52;Choline
H3C13;H2AC16;Choline
H3C13;H4C3;Choline
H3C13;H4C9;Choline
H3C13;H4C8;Choline
H3C13;H4C13;Choline
H3C13;H4-16;Choline
H3C13;H4C5;Choline
H3C13;H4C11;Choline
H3C13;H2AC17;Choline
H3C13;H4C1;Choline
H3C13;H4C2;Choline
H3C13;H4C4;Choline
H3C13;H2AC6;Choline
H3C13;H4C14;Choline
H3C13;UBC;Choline
H3C13;H2AC4;Choline
H3C13;H2AC13;Choline
H3C13;PHF8;Choline
H3C13;H2BC11;Choline
H3C13;H2BC3;Choline
H3C13;MLLT3;Choline
H3C13;H2BC12;Choline
H3C13;H2BC21;Choline
H3-5;H3-3A;Choline
H3-5;PPIE;Choline
H3-5;H2AC4;Choline
H3-5;H4C8;Choline
H3-5;H4C2;Choline
H3-5;H4C3;Choline
H3-5;H4C11;Choline
H3-5;H4C9;Choline
H3-5;H4C15;Choline
H3-5;H4C1;Choline
H3-5;H4C12;Choline
H3-5;H4C13;Choline
H3-5;H4C5;Choline
H3-5;H4C14;Choline
H3-5;H4-16;Choline
H3-5;H4C4;Choline
H3-5;PHF8;Choline
H3-5;H2BC11;Choline
H3-5;H2BC12;Choline
H3-5;MLLT3;Choline
MYB;SIN3A;Choline
MYB;GATA2;Choline
MYB;KMT2A;Choline
SMARCB1;H4C15;Choline
SMARCB1;H4C3;Choline
SMARCB1;H4C4;Choline
SMARCB1;H4C14;Choline
SMARCB1;H4C1;Choline
SMARCB1;H4C12;Choline
SMARCB1;H4C13;Choline
SMARCB1;H4C8;Choline
SMARCB1;H4C11;Choline
SMARCB1;H4C5;Choline
SMARCB1;H4-16;Choline
SMARCB1;H4C9;Choline
SMARCB1;H4C2;Choline
SMARCB1;H3C4;Choline
SMARCB1;H3C10;Choline
SMARCB1;H3C7;Choline
SMARCB1;H3C11;Choline
SMARCB1;H3C8;Choline
SMARCB1;H3C6;Choline
SMARCB1;H3C3;Choline
SMARCB1;H3C2;Choline
SMARCB1;H2AC6;Choline
SMARCB1;H2BC21;Choline
ASH2L;H2AC17;Choline
ASH2L;H2AC16;Choline
ASH2L;H2AC11;Choline
ASH2L;H2AC13;Choline
ASH2L;H2AC4;Choline
ASH2L;H2AC15;Choline
ASH2L;H4C1;Choline
ASH2L;H4C12;Choline
ASH2L;H4C13;Choline
ASH2L;H4C15;Choline
ASH2L;H4C3;Choline
ASH2L;H4C4;Choline
ASH2L;H4C14;Choline
ASH2L;H4-16;Choline
ASH2L;H4C9;Choline
ASH2L;H4C2;Choline
ASH2L;H4C8;Choline
ASH2L;H4C11;Choline
ASH2L;H4C5;Choline
ASH2L;H3C14;Choline
ASH2L;H3C15;Choline
ASH2L;H2BC12;Choline
ASH2L;H2BC11;Choline
ASH2L;H2AC6;Choline
ASH2L;UBC;Choline
ASH2L;UBB;Choline
ASH2L;UBA52;Choline
ASH2L;KDM6A;Choline
HOXA9;PBX1;Choline
DPY30;H2BC11;Choline
DPY30;H2BC12;Choline
DPY30;H2AC15;Choline
DPY30;H2AC16;Choline
DPY30;H2AC11;Choline
DPY30;H2AC4;Choline
DPY30;H2AC17;Choline
DPY30;H2AC6;Choline
DPY30;H2AC13;Choline
DPY30;H3C14;Choline
DPY30;H3C15;Choline
DPY30;UBB;Choline
DPY30;H4C8;Choline
DPY30;H4C5;Choline
DPY30;H4-16;Choline
DPY30;H4C9;Choline
DPY30;H4C4;Choline
DPY30;H4C15;Choline
DPY30;H4C14;Choline
DPY30;H4C1;Choline
DPY30;H4C12;Choline
DPY30;H4C13;Choline
DPY30;H4C2;Choline
DPY30;H4C11;Choline
DPY30;H4C3;Choline
DPY30;UBC;Choline
DPY30;UBA52;Choline
DPY30;KDM6A;Choline
H4C11;TAF6;Choline
H4C11;TAF9;Choline
H4C11;PSIP1;Choline
H4C11;TAF1;Choline
H4C11;KMT2A;Choline
H4C11;WDR5;Choline
H4C11;UBC;Choline
H4C11;UBB;Choline
H4C11;UBA52;Choline
H4C11;RUVBL2;Choline
H4C11;MLLT3;Choline
H4C11;H3-4;Choline
H4C11;DOT1L;Choline
H4C11;H3-3A;Choline
H4C11;H4C15;Choline
H4C11;H4C12;Choline
H4C11;H4-16;Choline
H4C11;H4C8;Choline
H4C11;H4C14;Choline
H4C11;H4C3;Choline
H4C11;H4C1;Choline
H4C11;H4C13;Choline
H4C11;H2BC3;Choline
H4C11;H4C9;Choline
H4C11;H2AC11;Choline
H4C11;H2AC15;Choline
H4C11;H4C4;Choline
H4C11;H3C14;Choline
H4C11;H2AC16;Choline
H4C11;H3C15;Choline
H4C11;H4C5;Choline
H4C11;H2BC21;Choline
H4C11;H2AC6;Choline
H4C11;H2BC12;Choline
H4C11;H2AC17;Choline
H4C11;H2BC11;Choline
H4C11;H3C12;Choline
H4C11;H4C2;Choline
H4C11;H2AC13;Choline
H4C11;H3C6;Choline
H4C11;H3C3;Choline
H4C11;H3C10;Choline
H4C11;H3C1;Choline
H4C11;H3C11;Choline
H4C11;H3C7;Choline
H4C11;H3C4;Choline
H4C11;H3C8;Choline
H4C11;H3C2;Choline
H4C11;H2AC4;Choline
H2BC12;PSIP1;Choline
H2BC12;WDR5;Choline
H2BC12;H3-3A;Choline
H2BC12;H3C15;Choline
H2BC12;H3C14;Choline
H2BC12;H3C2;Choline
H2BC12;H3C11;Choline
H2BC12;H3C1;Choline
H2BC12;H3C8;Choline
H2BC12;H3C7;Choline
H2BC12;KMT2A;Choline
H2BC12;H2AC15;Choline
H2BC12;H3C4;Choline
H2BC12;H2AC16;Choline
H2BC12;DOT1L;Choline
H2BC12;H2AC4;Choline
H2BC12;H4C3;Choline
H2BC12;H4C12;Choline
H2BC12;H4C1;Choline
H2BC12;H3C6;Choline
H2BC12;H4-16;Choline
H2BC12;H4C15;Choline
H2BC12;H3C10;Choline
H2BC12;H4C13;Choline
H2BC12;H4C4;Choline
H2BC12;H2AC17;Choline
H2BC12;H4C5;Choline
H2BC12;H3C3;Choline
H2BC12;H4C2;Choline
H2BC12;H4C14;Choline
H2BC12;H4C9;Choline
H2BC12;H2AC11;Choline
H2BC12;H4C8;Choline
H2BC12;H2AC13;Choline
H2BC12;H3-4;Choline
H2BC12;H2AC6;Choline
H2BC12;H3C12;Choline
MCRS1;TEX10;Choline
MCRS1;TAF1;Choline
MCRS1;MAX;Choline
MCRS1;RNF2;Choline
MCRS1;TAF9;Choline
MCRS1;C17orf49;Choline
MCRS1;E2F6;Choline
MCRS1;CHD8;Choline
MCRS1;LAS1L;Choline
MCRS1;KMT2A;Choline
MCRS1;TAF6;Choline
MCRS1;RUVBL2;Choline
MCRS1;INO80C;Choline
MCRS1;KAT8;Choline
MCRS1;WDR5;Choline
MCRS1;KANSL1;Choline
MCRS1;PHF20;Choline
PHF8;H3-3A;Choline
PHF8;H3C4;Choline
PHF8;H3C10;Choline
PHF8;H3C2;Choline
PHF8;H3C7;Choline
PHF8;H3C14;Choline
PHF8;H3C8;Choline
PHF8;H3C15;Choline
PHF8;H3C11;Choline
PHF8;H3C6;Choline
PHF8;H3C3;Choline
PHF8;H3-2;Choline
PHF8;H3C1;Choline
PHF8;H3C12;Choline
WDR5;H4C5;Choline
WDR5;H4C9;Choline
WDR5;H4-16;Choline
WDR5;H4C14;Choline
WDR5;H4C15;Choline
WDR5;H4C4;Choline
WDR5;H4C12;Choline
WDR5;H4C1;Choline
WDR5;H2AC15;Choline
WDR5;H4C8;Choline
WDR5;H2AC4;Choline
WDR5;H2AC11;Choline
WDR5;H4C3;Choline
WDR5;H2AC16;Choline
WDR5;H4C13;Choline
WDR5;H4C2;Choline
WDR5;H2AC17;Choline
WDR5;H2AC13;Choline
WDR5;UBB;Choline
WDR5;UBA52;Choline
WDR5;UBC;Choline
WDR5;H2AC6;Choline
WDR5;H2BC11;Choline
WDR5;H3-3A;Choline
WDR5;TEX10;Choline
WDR5;H3C2;Choline
WDR5;H3C10;Choline
WDR5;H3C4;Choline
WDR5;H3C8;Choline
WDR5;H3C11;Choline
WDR5;H3C15;Choline
WDR5;H3C7;Choline
WDR5;H3C14;Choline
WDR5;TAF6;Choline
WDR5;INO80C;Choline
WDR5;C17orf49;Choline
WDR5;RUVBL2;Choline
WDR5;TAF9;Choline
WDR5;LAS1L;Choline
WDR5;MAX;Choline
WDR5;H3C6;Choline
WDR5;H3C3;Choline
WDR5;E2F6;Choline
WDR5;PHF20;Choline
WDR5;RNF2;Choline
WDR5;KAT8;Choline
WDR5;KANSL1;Choline
WDR5;KDM6A;Choline
MAX;TEX10;Choline
MAX;INO80C;Choline
MAX;KANSL1;Choline
MAX;PHF20;Choline
MAX;KAT8;Choline
MAX;C17orf49;Choline
MAX;LAS1L;Choline
MAX;CHD8;Choline
MAX;KMT2A;Choline
MAX;TAF6;Choline
MAX;TAF1;Choline
MAX;TAF9;Choline
MAX;RUVBL2;Choline
MAX;RNF2;Choline
MAX;E2F6;Choline
H2AC13;PSIP1;Choline
H2AC13;KMT2A;Choline
H2AC13;DOT1L;Choline
H2AC13;H2AC16;Choline
H2AC13;H2AC15;Choline
H2AC13;H3-3A;Choline
H2AC13;H3C15;Choline
H2AC13;UBC;Choline
H2AC13;H2AC6;Choline
H2AC13;UBB;Choline
H2AC13;H2AC4;Choline
H2AC13;H2AC11;Choline
H2AC13;UBA52;Choline
H2AC13;H4C12;Choline
H2AC13;H4C15;Choline
H2AC13;H4-16;Choline
H2AC13;H4C1;Choline
H2AC13;H4C3;Choline
H2AC13;H4C9;Choline
H2AC13;H4C14;Choline
H2AC13;H4C8;Choline
H2AC13;H4C13;Choline
H2AC13;H2AC17;Choline
H2AC13;H3C14;Choline
H2AC13;H4C4;Choline
H2AC13;H4C2;Choline
H2AC13;H4C5;Choline
H2AC13;H2BC11;Choline
H2AC13;H2BC21;Choline
H2AC11;PSIP1;Choline
H2AC11;KMT2A;Choline
H2AC11;H2AC16;Choline
H2AC11;H2AC15;Choline
H2AC11;DOT1L;Choline
H2AC11;H2AC4;Choline
H2AC11;H3-3A;Choline
H2AC11;UBC;Choline
H2AC11;UBB;Choline
H2AC11;H2AC6;Choline
H2AC11;UBA52;Choline
H2AC11;H3C15;Choline
H2AC11;H3C14;Choline
H2AC11;H2AC17;Choline
H2AC11;H4C15;Choline
H2AC11;H4C3;Choline
H2AC11;H4C2;Choline
H2AC11;H4-16;Choline
H2AC11;H4C1;Choline
H2AC11;H4C12;Choline
H2AC11;H4C13;Choline
H2AC11;H4C9;Choline
H2AC11;H4C5;Choline
H2AC11;H4C4;Choline
H2AC11;H4C14;Choline
H2AC11;H4C8;Choline
H2AC11;H2BC21;Choline
H2AC11;H2BC11;Choline
H3C12;H3-3A;Choline
H3C12;RUVBL2;Choline
H3C12;UBB;Choline
H3C12;UBA52;Choline
H3C12;PPIE;Choline
H3C12;H2AC6;Choline
H3C12;UBC;Choline
H3C12;H4C15;Choline
H3C12;H4C12;Choline
H3C12;H4C8;Choline
H3C12;H4C3;Choline
H3C12;H4-16;Choline
H3C12;H4C1;Choline
H3C12;H4C5;Choline
H3C12;H4C2;Choline
H3C12;H4C9;Choline
H3C12;H4C4;Choline
H3C12;H4C13;Choline
H3C12;H2AC4;Choline
H3C12;H4C14;Choline
H3C12;H2BC3;Choline
H3C12;MLLT3;Choline
H3C12;H2BC11;Choline
H3C12;H2BC21;Choline
H2AC17;PSIP1;Choline
H2AC17;KMT2A;Choline
H2AC17;DOT1L;Choline
H2AC17;H2AC16;Choline
H2AC17;UBC;Choline
H2AC17;UBB;Choline
H2AC17;H3-3A;Choline
H2AC17;UBA52;Choline
H2AC17;H2AC15;Choline
H2AC17;H2AC6;Choline
H2AC17;H2AC4;Choline
H2AC17;H3C15;Choline
H2AC17;H4C15;Choline
H2AC17;H4-16;Choline
H2AC17;H4C12;Choline
H2AC17;H4C1;Choline
H2AC17;H4C3;Choline
H2AC17;H4C13;Choline
H2AC17;H4C9;Choline
H2AC17;H4C2;Choline
H2AC17;H4C4;Choline
H2AC17;H3C14;Choline
H2AC17;H4C8;Choline
H2AC17;H4C14;Choline
H2AC17;H2BC11;Choline
H2AC17;H4C5;Choline
H2AC17;H2BC21;Choline
H3-4;H3-3A;Choline
H3-4;PPIE;Choline
H3-4;H2AC4;Choline
H3-4;H4C3;Choline
H3-4;H4C8;Choline
H3-4;H4C15;Choline
H3-4;H4C1;Choline
H3-4;H4C12;Choline
H3-4;H4C5;Choline
H3-4;H4C9;Choline
H3-4;H4C14;Choline
H3-4;H4-16;Choline
H3-4;H4C2;Choline
H3-4;H4C4;Choline
H3-4;H4C13;Choline
H3-4;H2BC11;Choline
H3-4;MLLT3;Choline
H3-3A;H3C7;Choline
H3-3A;H3C8;Choline
H3-3A;H3C11;Choline
H3-3A;H3C10;Choline
H3-3A;H3C6;Choline
H3-3A;H3C4;Choline
H3-3A;H3C3;Choline
H3-3A;H3C2;Choline
H3-3A;H3C1;Choline
H3-3A;H3C15;Choline
H3-3A;H3-2;Choline
H3-3A;H3C14;Choline
H3-3A;H2BC11;Choline
H3-3A;PPIE;Choline
H3-3A;MLLT3;Choline
H3-3A;KMT2A;Choline
H3-3A;H2AC16;Choline
H3-3A;H2AC15;Choline
H3-3A;H2AC4;Choline
H3-3A;H4C13;Choline
H3-3A;H4C2;Choline
H3-3A;H4C1;Choline
H3-3A;H4C12;Choline
H3-3A;H4C15;Choline
H3-3A;H4C9;Choline
H3-3A;H4C8;Choline
H3-3A;H4C4;Choline
H3-3A;H2BC21;Choline
H3-3A;H4-16;Choline
H3-3A;H4C5;Choline
H3-3A;H4C14;Choline
H3-3A;H4C3;Choline
RNF2;C17orf49;Choline
RNF2;TAF6;Choline
RNF2;KANSL1;Choline
RNF2;LAS1L;Choline
RNF2;INO80C;Choline
RNF2;TAF1;Choline
RNF2;PHF20;Choline
RNF2;CHD8;Choline
RNF2;TAF9;Choline
RNF2;RUVBL2;Choline
RNF2;TEX10;Choline
RNF2;KAT8;Choline
RNF2;KMT2A;Choline
RNF2;E2F6;Choline
H2BC21;H3C11;Choline
H2BC21;H3C15;Choline
H2BC21;H3C2;Choline
H2BC21;H3C8;Choline
H2BC21;H3C7;Choline
H2BC21;H3C1;Choline
H2BC21;H3C4;Choline
H2BC21;H3C14;Choline
H2BC21;H2AC16;Choline
H2BC21;H2AC15;Choline
H2BC21;H3C10;Choline
H2BC21;H4C9;Choline
H2BC21;H2AC4;Choline
H2BC21;H4C13;Choline
H2BC21;H4C2;Choline
H2BC21;H4C3;Choline
H2BC21;H4C12;Choline
H2BC21;H4C4;Choline
H2BC21;H4C1;Choline
H2BC21;H4-16;Choline
H2BC21;H4C15;Choline
H2BC21;H3C3;Choline
H2BC21;H3C6;Choline
H2BC21;H4C5;Choline
H2BC21;H4C14;Choline
H2BC21;H4C8;Choline
H2BC21;H2AC6;Choline
H3C14;TAF9;Choline
H3C14;TAF6;Choline
H3C14;TAF1;Choline
H3C14;PPIE;Choline
H3C14;PSIP1;Choline
H3C14;H2BC11;Choline
H3C14;H2BC3;Choline
H3C14;MLLT3;Choline
H3C14;UBC;Choline
H3C14;UBB;Choline
H3C14;KMT2A;Choline
H3C14;UBA52;Choline
H3C14;H2AC15;Choline
H3C14;H2AC6;Choline
H3C14;H2AC16;Choline
H3C14;H4C3;Choline
H3C14;H4C12;Choline
H3C14;H4C13;Choline
H3C14;H4C15;Choline
H3C14;H4C8;Choline
H3C14;H4C9;Choline
H3C14;H4-16;Choline
H3C14;H4C1;Choline
H3C14;H4C5;Choline
H3C14;DOT1L;Choline
H3C14;H4C4;Choline
H3C14;H4C2;Choline
H3C14;H2AC4;Choline
H3C14;H4C14;Choline
H3C10;RUVBL2;Choline
H3C10;PPIE;Choline
H3C10;H2BC3;Choline
H3C10;KMT2A;Choline
H3C10;MLLT3;Choline
H3C10;DOT1L;Choline
H3C10;UBC;Choline
H3C10;UBA52;Choline
H3C10;UBB;Choline
H3C10;H2AC4;Choline
H3C10;H2BC11;Choline
H3C10;H4C3;Choline
H3C10;H4C15;Choline
H3C10;H4C13;Choline
H3C10;H4C12;Choline
H3C10;H4-16;Choline
H3C10;H4C1;Choline
H3C10;H4C9;Choline
H3C10;H2AC6;Choline
H3C10;H4C2;Choline
H3C10;H4C4;Choline
H3C10;H4C5;Choline
H3C10;H4C14;Choline
H3C10;H4C8;Choline
PPIE;H3C6;Choline
PPIE;H3C3;Choline
PPIE;H3C1;Choline
PPIE;H3C4;Choline
PPIE;H3C2;Choline
PPIE;H3C7;Choline
PPIE;H3C11;Choline
PPIE;H3C15;Choline
PPIE;H3C8;Choline
PPIE;H3-2;Choline
PPIE;KMT2A;Choline
CDK9;MLLT3;Choline
HDAC1;SIN3A;Choline
PHF20;C17orf49;Choline
PHF20;TAF9;Choline
PHF20;INO80C;Choline
PHF20;TAF6;Choline
PHF20;RUVBL2;Choline
PHF20;TEX10;Choline
PHF20;LAS1L;Choline
PHF20;E2F6;Choline
PHF20;TAF1;Choline
PHF20;CHD8;Choline
PHF20;KMT2A;Choline
PHF20;KAT8;Choline
PHF20;KANSL1;Choline
LAS1L;E2F6;Choline
LAS1L;C17orf49;Choline
LAS1L;KANSL1;Choline
LAS1L;INO80C;Choline
LAS1L;KAT8;Choline
LAS1L;TAF9;Choline
LAS1L;RUVBL2;Choline
LAS1L;TAF6;Choline
LAS1L;KMT2A;Choline
LAS1L;CHD8;Choline
LAS1L;TAF1;Choline
LAS1L;TEX10;Choline
TEX10;KANSL1;Choline
TEX10;TAF6;Choline
TEX10;C17orf49;Choline
TEX10;KAT8;Choline
TEX10;TAF1;Choline
TEX10;TAF9;Choline
TEX10;INO80C;Choline
TEX10;KMT2A;Choline
TEX10;E2F6;Choline
TEX10;CHD8;Choline
TEX10;RUVBL2;Choline
H4C2;TAF6;Choline
H4C2;TAF9;Choline
H4C2;PSIP1;Choline
H4C2;TAF1;Choline
H4C2;KMT2A;Choline
H4C2;UBC;Choline
H4C2;UBB;Choline
H4C2;UBA52;Choline
H4C2;RUVBL2;Choline
H4C2;MLLT3;Choline
H4C2;DOT1L;Choline
H4C2;H4C12;Choline
H4C2;H2AC16;Choline
H4C2;H4C15;Choline
H4C2;H3C15;Choline
H4C2;H4-16;Choline
H4C2;H2BC3;Choline
H4C2;H2AC6;Choline
H4C2;H4C14;Choline
H4C2;H4C8;Choline
H4C2;H2AC15;Choline
H4C2;H4C1;Choline
H4C2;H2BC11;Choline
H4C2;H4C9;Choline
H4C2;H3C6;Choline
H4C2;H4C3;Choline
H4C2;H4C4;Choline
H4C2;H3C8;Choline
H4C2;H3C4;Choline
H4C2;H3C3;Choline
H4C2;H4C5;Choline
H4C2;H3C7;Choline
H4C2;H3C2;Choline
H4C2;H3C11;Choline
H4C2;H4C13;Choline
H4C2;H3C1;Choline
H4C2;H2AC4;Choline
H3C4;RUVBL2;Choline
H3C4;KMT2A;Choline
H3C4;MLLT3;Choline
H3C4;DOT1L;Choline
H3C4;UBB;Choline
H3C4;UBC;Choline
H3C4;UBA52;Choline
H3C4;H2BC3;Choline
H3C4;H2BC11;Choline
H3C4;H2AC6;Choline
H3C4;H2AC4;Choline
H3C4;H4-16;Choline
H3C4;H4C15;Choline
H3C4;H4C3;Choline
H3C4;H4C12;Choline
H3C4;H4C1;Choline
H3C4;H4C13;Choline
H3C4;H4C9;Choline
H3C4;H4C14;Choline
H3C4;H4C5;Choline
H3C4;H4C8;Choline
H3C4;H4C4;Choline
H2AC6;PSIP1;Choline
H2AC6;H2AC4;Choline
H2AC6;H2AC16;Choline
H2AC6;DOT1L;Choline
H2AC6;H2AC15;Choline
H2AC6;H3C6;Choline
H2AC6;H3C11;Choline
H2AC6;H3C1;Choline
H2AC6;H3C8;Choline
H2AC6;H3C3;Choline
H2AC6;H3C2;Choline
H2AC6;H3C7;Choline
H2AC6;H3C15;Choline
H2AC6;KMT2A;Choline
H2AC6;UBC;Choline
H2AC6;UBB;Choline
H2AC6;UBA52;Choline
H2AC6;H4C12;Choline
H2AC6;H4-16;Choline
H2AC6;H4C3;Choline
H2AC6;H4C13;Choline
H2AC6;H4C1;Choline
H2AC6;H4C4;Choline
H2AC6;H4C9;Choline
H2AC6;H4C15;Choline
H2AC6;H4C5;Choline
H2AC6;H4C14;Choline
H2AC6;H2BC3;Choline
H2AC6;H2BC11;Choline
H2AC6;H4C8;Choline
H4C3;TAF6;Choline
H4C3;TAF9;Choline
H4C3;PSIP1;Choline
H4C3;TAF1;Choline
H4C3;KMT2A;Choline
H4C3;RUVBL2;Choline
H4C3;UBC;Choline
H4C3;UBB;Choline
H4C3;UBA52;Choline
H4C3;MLLT3;Choline
H4C3;DOT1L;Choline
H4C3;H2BC3;Choline
H4C3;H4C12;Choline
H4C3;H4C14;Choline
H4C3;H4C15;Choline
H4C3;H4C9;Choline
H4C3;H4C8;Choline
H4C3;H4-16;Choline
H4C3;H4C4;Choline
H4C3;H4C1;Choline
H4C3;H4C5;Choline
H4C3;H2AC15;Choline
H4C3;H3C15;Choline
H4C3;H4C13;Choline
H4C3;H2AC16;Choline
H4C3;H2BC11;Choline
H4C3;H3C6;Choline
H4C3;H3C3;Choline
H4C3;H3C1;Choline
H4C3;H3C8;Choline
H4C3;H3C11;Choline
H4C3;H3C7;Choline
H4C3;H3C2;Choline
H4C3;H2AC4;Choline
KDM6A;H3C1;Choline
MLLT3;H4-16;Choline
MLLT3;H4C9;Choline
MLLT3;H4C8;Choline
MLLT3;H4C5;Choline
MLLT3;H4C1;Choline
MLLT3;H4C13;Choline
MLLT3;H4C12;Choline
MLLT3;H4C4;Choline
MLLT3;H4C15;Choline
MLLT3;H4C14;Choline
MLLT3;H3C15;Choline
MLLT3;H3C2;Choline
MLLT3;H3C7;Choline
MLLT3;H3C11;Choline
MLLT3;H3C8;Choline
MLLT3;H3C3;Choline
MLLT3;H3C6;Choline
MLLT3;H3C1;Choline
MLLT3;H3-2;Choline
MLLT3;DOT1L;Choline
MLLT3;AFF1;Choline
PSIP1;H4C14;Choline
PSIP1;H4C15;Choline
PSIP1;H4C4;Choline
PSIP1;H4C12;Choline
PSIP1;H4C1;Choline
PSIP1;H4C5;Choline
PSIP1;H4C8;Choline
PSIP1;H4C9;Choline
PSIP1;H4-16;Choline
PSIP1;H4C13;Choline
PSIP1;H2AC4;Choline
PSIP1;H2BC11;Choline
PSIP1;H2AC16;Choline
PSIP1;H2AC15;Choline
PSIP1;H3C15;Choline
TAF9;H4C15;Choline
TAF9;H4C4;Choline
TAF9;H4C14;Choline
TAF9;H4C1;Choline
TAF9;H4C13;Choline
TAF9;H4C12;Choline
TAF9;H4C8;Choline
TAF9;H4C5;Choline
TAF9;H4-16;Choline
TAF9;H4C9;Choline
TAF9;H3C15;Choline
TAF9;H2BC11;Choline
TAF9;C17orf49;Choline
TAF9;KANSL1;Choline
TAF9;INO80C;Choline
TAF9;E2F6;Choline
TAF9;KAT8;Choline
TAF9;CHD8;Choline
TAF9;RUVBL2;Choline
TAF9;KMT2A;Choline
TAF9;TAF1;Choline
TAF9;TAF6;Choline
E2F6;KANSL1;Choline
E2F6;INO80C;Choline
E2F6;C17orf49;Choline
E2F6;KAT8;Choline
E2F6;CHD8;Choline
E2F6;TAF6;Choline
E2F6;RUVBL2;Choline
E2F6;KMT2A;Choline
E2F6;TAF1;Choline
DOT1L;H2AC15;Choline
DOT1L;H2AC4;Choline
DOT1L;H2AC16;Choline
DOT1L;H3C8;Choline
DOT1L;H3C11;Choline
DOT1L;H3C15;Choline
DOT1L;H3C2;Choline
DOT1L;H3C7;Choline
DOT1L;H4C5;Choline
DOT1L;H4C8;Choline
DOT1L;H4C9;Choline
DOT1L;H4-16;Choline
DOT1L;H4C14;Choline
DOT1L;H4C15;Choline
DOT1L;H4C4;Choline
DOT1L;H4C13;Choline
DOT1L;H4C12;Choline
DOT1L;H4C1;Choline
DOT1L;UBA52;Choline
DOT1L;UBB;Choline
DOT1L;UBC;Choline
DOT1L;H3C6;Choline
DOT1L;H3C3;Choline
DOT1L;H2BC11;Choline
DOT1L;MLLT6;Choline
H3C15;TAF6;Choline
H3C15;TAF1;Choline
H3C15;H2BC3;Choline
H3C15;H2BC11;Choline
H3C15;KMT2A;Choline
H3C15;UBB;Choline
H3C15;UBC;Choline
H3C15;H2AC15;Choline
H3C15;H2AC16;Choline
H3C15;UBA52;Choline
H3C15;H4C12;Choline
H3C15;H4C9;Choline
H3C15;H4C13;Choline
H3C15;H4-16;Choline
H3C15;H4C5;Choline
H3C15;H4C8;Choline
H3C15;H4C15;Choline
H3C15;H4C1;Choline
H3C15;H4C4;Choline
H3C15;H4C14;Choline
H3C15;H2AC4;Choline
KANSL1;TAF6;Choline
KANSL1;RUVBL2;Choline
KANSL1;INO80C;Choline
KANSL1;C17orf49;Choline
KANSL1;TAF1;Choline
KANSL1;CHD8;Choline
KANSL1;KMT2A;Choline
KANSL1;KAT8;Choline
CREB1;KMT2A;Choline
UBA52;SETD1B;Choline
UBA52;KMT2A;Choline
UBA52;H4C8;Choline
UBA52;H4C5;Choline
UBA52;H4-16;Choline
UBA52;H4C9;Choline
UBA52;H4C15;Choline
UBA52;H4C4;Choline
UBA52;H4C14;Choline
UBA52;H4C1;Choline
UBA52;H4C13;Choline
UBA52;H4C12;Choline
UBA52;H2AC15;Choline
UBA52;H2AC16;Choline
UBA52;H2AC4;Choline
UBA52;H3C6;Choline
UBA52;H3C3;Choline
UBA52;H3C1;Choline
UBA52;H3C2;Choline
UBA52;H3C8;Choline
UBA52;H3C11;Choline
UBA52;H3C7;Choline
UBA52;H3-2;Choline
INO80C;C17orf49;Choline
INO80C;TAF1;Choline
INO80C;TAF6;Choline
INO80C;KMT2A;Choline
INO80C;KAT8;Choline
INO80C;CHD8;Choline
INO80C;RUVBL2;Choline
TAF6;H4C12;Choline
TAF6;H4C1;Choline
TAF6;H4C14;Choline
TAF6;H4C4;Choline
TAF6;H4C15;Choline
TAF6;H4C9;Choline
TAF6;H4-16;Choline
TAF6;H4C5;Choline
TAF6;H4C8;Choline
TAF6;H4C13;Choline
TAF6;H2BC11;Choline
TAF6;C17orf49;Choline
TAF6;KAT8;Choline
TAF6;CHD8;Choline
TAF6;RUVBL2;Choline
TAF6;KMT2A;Choline
TAF6;TAF1;Choline
KAT8;C17orf49;Choline
KAT8;CHD8;Choline
KAT8;RUVBL2;Choline
KAT8;TAF1;Choline
KAT8;KMT2A;Choline
TAF1;H4C9;Choline
TAF1;H4C5;Choline
TAF1;H4C8;Choline
TAF1;H4C12;Choline
TAF1;H4C13;Choline
TAF1;H4C1;Choline
TAF1;H4C15;Choline
TAF1;H4C4;Choline
TAF1;H4-16;Choline
TAF1;H4C14;Choline
TAF1;H2BC11;Choline
TAF1;C17orf49;Choline
TAF1;RUVBL2;Choline
KMT2A;UBB;Choline
KMT2A;UBC;Choline
KMT2A;H4C9;Choline
KMT2A;H4-16;Choline
KMT2A;H4C8;Choline
KMT2A;H4C12;Choline
KMT2A;H4C13;Choline
KMT2A;H4C1;Choline
KMT2A;H4C14;Choline
KMT2A;H4C15;Choline
KMT2A;H4C4;Choline
KMT2A;H4C5;Choline
KMT2A;C17orf49;Choline
KMT2A;H2AC15;Choline
KMT2A;H2AC4;Choline
KMT2A;H2AC16;Choline
KMT2A;RUVBL2;Choline
KMT2A;H3C8;Choline
KMT2A;H3C11;Choline
KMT2A;H3C7;Choline
KMT2A;H3C3;Choline
KMT2A;H3C6;Choline
KMT2A;H3C2;Choline
KMT2A;H2BC11;Choline
UBC;H4C15;Choline
UBC;H4C14;Choline
UBC;H4C1;Choline
UBC;H4C13;Choline
UBC;H4C12;Choline
UBC;H4C8;Choline
UBC;H4C5;Choline
UBC;H4-16;Choline
UBC;H4C9;Choline
UBC;H4C4;Choline
UBC;H2AC16;Choline
UBC;H2AC15;Choline
UBC;H2AC4;Choline
UBC;H3C1;Choline
UBC;H3C2;Choline
UBC;H3C7;Choline
UBC;H3C11;Choline
UBC;H3C8;Choline
UBC;H3C6;Choline
UBC;H3C3;Choline
UBC;H3-2;Choline
H4-16;UBB;Choline
H4-16;RUVBL2;Choline
H4-16;H2BC3;Choline
H4-16;H4C9;Choline
H4-16;H4C15;Choline
H4-16;H4C12;Choline
H4-16;H4C14;Choline
H4-16;H4C5;Choline
H4-16;H4C8;Choline
H4-16;H4C13;Choline
H4-16;H4C1;Choline
H4-16;H4C4;Choline
H4-16;H2AC15;Choline
H4-16;H2AC16;Choline
H4-16;H2BC11;Choline
H4-16;H3C6;Choline
H4-16;H3C3;Choline
H4-16;H3C2;Choline
H4-16;H3C1;Choline
H4-16;H3C11;Choline
H4-16;H3C8;Choline
H4-16;H3C7;Choline
H4-16;H2AC4;Choline
C17orf49;CHD8;Choline
C17orf49;RUVBL2;Choline
H4C15;UBB;Choline
H4C15;RUVBL2;Choline
H4C15;H2BC3;Choline
H4C15;H4C9;Choline
H4C15;H4C4;Choline
H4C15;H4C12;Choline
H4C15;H4C13;Choline
H4C15;H4C1;Choline
H4C15;H4C5;Choline
H4C15;H4C8;Choline
H4C15;H4C14;Choline
H4C15;H2AC15;Choline
H4C15;H2AC16;Choline
H4C15;H2BC11;Choline
H4C15;H3C6;Choline
H4C15;H3C3;Choline
H4C15;H3C1;Choline
H4C15;H3C11;Choline
H4C15;H3C7;Choline
H4C15;H3C2;Choline
H4C15;H3C8;Choline
H4C15;H2AC4;Choline
H4C14;UBB;Choline
H4C14;RUVBL2;Choline
H4C14;H4C12;Choline
H4C14;H4C13;Choline
H4C14;H2BC3;Choline
H4C14;H4C9;Choline
H4C14;H4C1;Choline
H4C14;H4C4;Choline
H4C14;H2AC15;Choline
H4C14;H2AC16;Choline
H4C14;H4C5;Choline
H4C14;H3C6;Choline
H4C14;H4C8;Choline
H4C14;H3C3;Choline
H4C14;H2BC11;Choline
H4C14;H3C2;Choline
H4C14;H3C11;Choline
H4C14;H2AC4;Choline
H4C14;H3C8;Choline
H4C14;H3C7;Choline
H4C14;H3C1;Choline
RUVBL2;H2AC4;Choline
RUVBL2;H2BC11;Choline
RUVBL2;H4C12;Choline
RUVBL2;H4C4;Choline
RUVBL2;H4C5;Choline
RUVBL2;H4C1;Choline
RUVBL2;H4C9;Choline
RUVBL2;H4C8;Choline
RUVBL2;H4C13;Choline
RUVBL2;H3C2;Choline
RUVBL2;H3C7;Choline
RUVBL2;H3C8;Choline
RUVBL2;H3C11;Choline
RUVBL2;H3C1;Choline
RUVBL2;H3C3;Choline
RUVBL2;H3C6;Choline
RUVBL2;CHD8;Choline
H2BC11;H3C1;Choline
H2BC11;H3C6;Choline
H2BC11;H3C11;Choline
H2BC11;H3C3;Choline
H2BC11;H3C2;Choline
H2BC11;H3C8;Choline
H2BC11;H3C7;Choline
H2BC11;H2AC16;Choline
H2BC11;H2AC15;Choline
H2BC11;H4C12;Choline
H2BC11;H4C13;Choline
H2BC11;H4C1;Choline
H2BC11;H2AC4;Choline
H2BC11;H4C4;Choline
H2BC11;H4C9;Choline
H2BC11;H4C5;Choline
H2BC11;H4C8;Choline
UBB;H4C5;Choline
UBB;H4C8;Choline
UBB;H4C9;Choline
UBB;H4C4;Choline
UBB;H4C12;Choline
UBB;H4C13;Choline
UBB;H4C1;Choline
UBB;H2AC4;Choline
UBB;H2AC16;Choline
UBB;H2AC15;Choline
UBB;H3C6;Choline
UBB;H3C3;Choline
UBB;H3C2;Choline
UBB;H3C1;Choline
UBB;H3C11;Choline
UBB;H3C8;Choline
UBB;H3C7;Choline
UBB;H3-2;Choline
H4C1;H4C12;Choline
H4C1;H2BC3;Choline
H4C1;H4C9;Choline
H4C1;H4C8;Choline
H4C1;H4C13;Choline
H4C1;H4C5;Choline
H4C1;H2AC15;Choline
H4C1;H4C4;Choline
H4C1;H2AC16;Choline
H4C1;H3C8;Choline
H4C1;H3C11;Choline
H4C1;H3C6;Choline
H4C1;H3C3;Choline
H4C1;H3C2;Choline
H4C1;H3C1;Choline
H4C1;H3C7;Choline
H4C1;H2AC4;Choline
H4C4;H4C12;Choline
H4C4;H2BC3;Choline
H4C4;H4C9;Choline
H4C4;H4C8;Choline
H4C4;H2AC16;Choline
H4C4;H2AC15;Choline
H4C4;H4C13;Choline
H4C4;H4C5;Choline
H4C4;H3C6;Choline
H4C4;H3C3;Choline
H4C4;H3C11;Choline
H4C4;H3C8;Choline
H4C4;H3C1;Choline
H4C4;H3C7;Choline
H4C4;H3C2;Choline
H4C4;H2AC4;Choline
H4C12;H2BC3;Choline
H4C12;H4C9;Choline
H4C12;H4C8;Choline
H4C12;H4C5;Choline
H4C12;H4C13;Choline
H4C12;H2AC15;Choline
H4C12;H2AC16;Choline
H4C12;H3C6;Choline
H4C12;H3C3;Choline
H4C12;H3C7;Choline
H4C12;H3C11;Choline
H4C12;H3C8;Choline
H4C12;H3C1;Choline
H4C12;H3C2;Choline
H4C12;H2AC4;Choline
H3C1;H2BC3;Choline
H3C1;H4C9;Choline
H3C1;H4C8;Choline
H3C1;H2AC4;Choline
H3C1;H4C13;Choline
H3C1;H4C5;Choline
H4C13;H4C8;Choline
H4C13;H4C5;Choline
H4C13;H2AC15;Choline
H4C13;H2BC3;Choline
H4C13;H2AC16;Choline
H4C13;H4C9;Choline
H4C13;H3C6;Choline
H4C13;H3C3;Choline
H4C13;H3C8;Choline
H4C13;H3C7;Choline
H4C13;H3C2;Choline
H4C13;H3C11;Choline
H4C13;H2AC4;Choline
H4C9;H4C8;Choline
H4C9;H2BC3;Choline
H4C9;H4C5;Choline
H4C9;H2AC16;Choline
H4C9;H2AC15;Choline
H4C9;H3C6;Choline
H4C9;H3C3;Choline
H4C9;H3C7;Choline
H4C9;H3C11;Choline
H4C9;H3C8;Choline
H4C9;H3C2;Choline
H4C9;H2AC4;Choline
H2AC15;H2AC16;Choline
H2AC15;H2AC4;Choline
H2AC15;H4C8;Choline
H2AC15;H4C5;Choline
H2AC16;H2AC4;Choline
H2AC16;H4C8;Choline
H2AC16;H4C5;Choline
H2BC3;H3C6;Choline
H2BC3;H3C11;Choline
H2BC3;H3C7;Choline
H2BC3;H3C8;Choline
H2BC3;H3C3;Choline
H2BC3;H3C2;Choline
H2BC3;H4C8;Choline
H2BC3;H4C5;Choline
H2BC3;H2AC4;Choline
H3C11;H2AC4;Choline
H3C11;H4C8;Choline
H3C11;H4C5;Choline
H2AC4;H3C8;Choline
H2AC4;H3C6;Choline
H2AC4;H3C7;Choline
H2AC4;H3C2;Choline
H2AC4;H3C3;Choline
H2AC4;H4C8;Choline
H2AC4;H4C5;Choline
H3C7;H4C8;Choline
H3C7;H4C5;Choline
H3C8;H4C8;Choline
H3C8;H4C5;Choline
H3C3;H4C8;Choline
H3C3;H4C5;Choline
H4C5;H3C6;Choline
H4C5;H4C8;Choline
H4C5;H3C2;Choline
H3C2;H4C8;Choline
H4C8;H3C6;Choline
KAT7;KAT6B;Choline
KAT7;KAT6A;Choline
KAT7;BRPF1;Choline
KAT7;BRPF3;Choline
KAT7;MEAF6;Choline
KAT7;ING5;Choline
KAT7;BRD1;Choline
KAT7;ING4;Choline
KAT6A;BRPF3;Choline
KAT6A;BRD1;Choline
KAT6A;MEAF6;Choline
KAT6A;KAT6B;Choline
KAT6A;BRPF1;Choline
KAT6A;ING5;Choline
KAT6B;H3C2;Choline
KAT6B;H3C10;Choline
KAT6B;H3C4;Choline
KAT6B;H3C1;Choline
KAT6B;H3C8;Choline
KAT6B;H3C11;Choline
KAT6B;H3C15;Choline
KAT6B;H3C7;Choline
KAT6B;H3C14;Choline
KAT6B;H3C6;Choline
KAT6B;H3C3;Choline
KAT6B;H3-2;Choline
KAT6B;H3-4;Choline
KAT6B;H3C13;Choline
KAT6B;H3C12;Choline
KAT6B;BRPF3;Choline
KAT6B;BRD1;Choline
KAT6B;MEAF6;Choline
KAT6B;ING5;Choline
KAT6B;BRPF1;Choline
H3C13;ING4;Choline
H3C13;BRPF1;Choline
BRPF3;BRPF1;Choline
BRPF3;BRD1;Choline
BRPF3;ING5;Choline
BRPF3;MEAF6;Choline
H3C12;BRPF1;Choline
H3C12;ING4;Choline
H3-4;BRPF1;Choline
H3-4;ING4;Choline
H3C14;ING4;Choline
H3C14;BRPF1;Choline
H3C10;BRPF1;Choline
H3C10;ING4;Choline
MEAF6;BRD1;Choline
MEAF6;ING4;Choline
MEAF6;BRPF1;Choline
MEAF6;ING5;Choline
H3C4;BRPF1;Choline
H3C4;ING4;Choline
BRPF1;H3C2;Choline
BRPF1;H3C7;Choline
BRPF1;H3C11;Choline
BRPF1;H3C8;Choline
BRPF1;H3C6;Choline
BRPF1;H3C3;Choline
BRPF1;H3C15;Choline
BRPF1;BRD1;Choline
BRPF1;H3C1;Choline
BRPF1;H3-2;Choline
BRPF1;ING5;Choline
ING4;H3C3;Choline
ING4;H3C6;Choline
ING4;H3C7;Choline
ING4;H3C8;Choline
ING4;H3C11;Choline
ING4;H3C15;Choline
ING4;H3C2;Choline
ING4;ING5;Choline
ING4;H3-2;Choline
ING4;BRD1;Choline
ING4;H3C1;Choline
BRD1;ING5;Choline
CDC6;CDKN1A;Choline
CDC6;CCNA1;Choline
CDC6;MCM5;Choline
CDC6;MCM4;Choline
CDC6;ORC1;Choline
CDC6;MCM7;Choline
CDC6;MCM3;Choline
CDC6;MCM2;Choline
CDC6;CDT1;Choline
CDC6;ORC2;Choline
MCM5;RBX1;Choline
MCM5;CLSPN;Choline
MCM5;DBF4;Choline
MCM5;MCM10;Choline
MCM5;ORC1;Choline
MCM5;MCM4;Choline
MCM5;MCM7;Choline
MCM5;CDC7;Choline
MCM5;CDT1;Choline
MCM5;ORC2;Choline
MCM5;MCM6;Choline
MCM5;MCM2;Choline
MCM5;MCM3;Choline
MCM5;CDC45;Choline
RBX1;MCM2;Choline
RBX1;MCM6;Choline
RBX1;CLSPN;Choline
RBX1;MCM4;Choline
RBX1;CDC45;Choline
RBX1;MCM3;Choline
RBX1;UBE2L5;Choline
RBX1;MCM7;Choline
RBX1;CDKN1C;Choline
RBX1;CCNE2;Choline
RBX1;CKS2;Choline
RBX1;CCNA2;Choline
RBX1;POLR2A;Choline
RBX1;CDKN1A;Choline
RBX1;UBA52;Choline
RBX1;UBB;Choline
RBX1;RPS27A;Choline
RBX1;UBC;Choline
RBX1;HIF1A;Choline
RBX1;COPS5;Choline
RBX1;ARIH1;Choline
RBX1;CKS1B;Choline
RBX1;CDKN1B;Choline
RBX1;SKP2;Choline
RBX1;NEDD8;Choline
MYBL2;NPM1;Choline
MYBL2;CCNA1;Choline
MYBL2;LIN9;Choline
MYBL2;LIN37;Choline
CCND1;MCM10;Choline
CCND1;RBL1;Choline
CCND1;CDKN2D;Choline
CCND1;RBL2;Choline
CCND1;CDC25A;Choline
CCND1;CDKN2B;Choline
CCND1;CREBBP;Choline
CCND1;PCNA;Choline
CCND1;CDKN1C;Choline
CCND1;CDK1;Choline
CCND1;CDK6;Choline
CDKN1B;UBE2L5;Choline
CDKN1B;NEDD8;Choline
CDKN1B;CDK3;Choline
CDKN1B;SFN;Choline
CDKN1B;CDKN1C;Choline
CDKN1B;UBA52;Choline
CDKN1B;ARIH1;Choline
CDKN1B;UBB;Choline
CDKN1B;RPS27A;Choline
CDKN1B;UBC;Choline
CDKN1B;SPDYA;Choline
CDKN1B;COPS5;Choline
CDKN1B;SKP1;Choline
CDKN1B;CUL1;Choline
CDKN1B;CKS1B;Choline
CDKN1B;CDK6;Choline
CDKN1B;CCND3;Choline
CDKN1B;CCNE1;Choline
CDKN1B;SKP2;Choline
CDKN1B;CCNA1;Choline
GMNN;CDK3;Choline
GMNN;CDT1;Choline
SKP1;UBE2L5;Choline
SKP1;CDC25A;Choline
SKP1;ARIH1;Choline
SKP1;CCNE2;Choline
SKP1;CDKN1C;Choline
SKP1;UBA52;Choline
SKP1;UBB;Choline
SKP1;RPS27A;Choline
SKP1;CKS2;Choline
SKP1;UBC;Choline
SKP1;CDKN1A;Choline
SKP1;NEDD8;Choline
SKP1;CCNA2;Choline
SKP1;SKP2;Choline
SKP1;CCNF;Choline
SKP1;CKS1B;Choline
MLH1;TP53;Choline
MLH1;BRCA1;Choline
MLH1;EXO1;Choline
ORC2;CDC25C;Choline
ORC2;CDC25A;Choline
ORC2;CDC25B;Choline
ORC2;CDK2;Choline
ORC2;MCM6;Choline
ORC2;MCM4;Choline
ORC2;MCM10;Choline
ORC2;MCM7;Choline
ORC2;DBF4;Choline
ORC2;MCM3;Choline
ORC2;ORC1;Choline
ORC2;MCM2;Choline
ORC2;CDT1;Choline
H4C6;RCC1;Choline
H4C6;MCM6;Choline
H4C6;CCNH;Choline
H4C6;MCM4;Choline
H4C6;H1-0;Choline
H4C6;NPM1;Choline
H4C6;BARD1;Choline
H4C6;MCM2;Choline
H1-1;CCNB1;Choline
H1-1;CDK4;Choline
H1-1;CCNA2;Choline
H1-1;CCNE1;Choline
H1-1;CDK1;Choline
H1-1;CDK2;Choline
CDC25B;CDK5R1;Choline
CDC25B;CDK5;Choline
CDC25B;CDC25C;Choline
CDC25B;CDC25A;Choline
CDC25B;PLK1;Choline
CDC25B;CHEK1;Choline
CDC25B;CDK2;Choline
CDC25B;CDK1;Choline
NEDD8;CCNA2;Choline
NEDD8;UBE2L5;Choline
NEDD8;CKS1B;Choline
NEDD8;CDK2;Choline
NEDD8;UBC;Choline
NEDD8;UBB;Choline
NEDD8;SKP2;Choline
NEDD8;RPS27A;Choline
NEDD8;ARIH1;Choline
NEDD8;UBA52;Choline
NEDD8;COPS5;Choline
NEDD8;CUL1;Choline
RPA1;XRCC6;Choline
RPA1;MCM3;Choline
RPA1;MRE11;Choline
RPA1;MCM2;Choline
RPA1;PRIM2;Choline
RPA1;BRCA1;Choline
RPA1;POLA1;Choline
RPA1;PCNA;Choline
RPA1;ATR;Choline
RPA1;RAD51;Choline
RPA1;CLSPN;Choline
RPA1;RPA2;Choline
RPA1;TP53;Choline
RPA1;ATRIP;Choline
CCNA1;MCM4;Choline
CCNA1;E2F3;Choline
CCNA1;E2F2;Choline
CCNA1;FZR1;Choline
CCNA1;CCNA2;Choline
CCNA1;CDKN1C;Choline
CCNA1;RB1;Choline
CCNA1;CDKN1A;Choline
CCNA1;SKP2;Choline
CCNA1;CDK2;Choline
CCNA1;CDK1;Choline
CCNA1;E2F1;Choline
CCNB1;CDK5;Choline
CCNB1;ANAPC13;Choline
CCNB1;CDK3;Choline
CCNB1;ANAPC1;Choline
CCNB1;CCNB3;Choline
CCNB1;ANAPC2;Choline
CCNB1;ANAPC5;Choline
CCNB1;SFN;Choline
CCNB1;CDC23;Choline
CCNB1;CDC16;Choline
CCNB1;CDKN1A;Choline
CCNB1;WEE1;Choline
CCNB1;CKS1B;Choline
CCNB1;ANAPC10;Choline
CDK7;PCNA;Choline
CDK7;CDK1;Choline
CDK7;CDK2;Choline
CDK7;CCNH;Choline
CABLES1;CDK2;Choline
CABLES1;WEE1;Choline
CABLES1;CDK5;Choline
CDK4;CDC7;Choline
CDK4;RBL1;Choline
CDK4;BRCA2;Choline
CDK4;RBL2;Choline
CDK4;CEBPA;Choline
CDK4;CDKN1C;Choline
CDK4;PCNA;Choline
CDK4;CDKN2D;Choline
CDK4;CDK6;Choline
CDK4;CDKN2B;Choline
MDM2;ESR1;Choline
MDM2;SFN;Choline
SPDYE1;CDC25C;Choline
SPDYE1;CDK2;Choline
SPDYE1;CDK1;Choline
KIF11;ATR;Choline
BARD1;ANAPC13;Choline
BARD1;ANAPC10;Choline
BARD1;ANAPC1;Choline
BARD1;CDC23;Choline
BARD1;CDC27;Choline
BARD1;ANAPC5;Choline
BARD1;ANAPC2;Choline
BARD1;ANAPC4;Choline
BARD1;CDC16;Choline
BARD1;UBE2C;Choline
BARD1;RPS27A;Choline
BARD1;UBA52;Choline
BARD1;UBB;Choline
BARD1;UBC;Choline
BARD1;H2BC21;Choline
BARD1;TP53;Choline
BARD1;NBN;Choline
BARD1;RAD51;Choline
BARD1;RBBP8;Choline
BARD1;BRCA2;Choline
BARD1;MRE11;Choline
BARD1;BRCA1;Choline
CCND2;RBL1;Choline
CCND2;CDC25A;Choline
CCND2;CDKN2B;Choline
CCND2;CDKN2D;Choline
CCND2;PCNA;Choline
CCND2;RBL2;Choline
CCND2;CDKN1C;Choline
CCND2;CDK6;Choline
ANAPC5;BRCA2;Choline
ANAPC5;RAD51;Choline
ANAPC5;BUB1;Choline
ANAPC5;UBC;Choline
ANAPC5;BRCA1;Choline
ANAPC5;UBB;Choline
ANAPC5;CCNB2;Choline
ANAPC5;CCNA2;Choline
ANAPC5;MAD2L1;Choline
ANAPC5;UBE2C;Choline
ANAPC5;FZR1;Choline
ANAPC5;ANAPC10;Choline
ANAPC5;ANAPC1;Choline
ANAPC5;CDC27;Choline
ANAPC5;ANAPC4;Choline
ANAPC5;CDC20;Choline
ANAPC5;ANAPC13;Choline
ANAPC5;CDC16;Choline
ANAPC5;ANAPC2;Choline
ANAPC5;CDC23;Choline
CCNT1;CCNH;Choline
MCM4;CLSPN;Choline
MCM4;ORC1;Choline
MCM4;MCM10;Choline
MCM4;DBF4;Choline
MCM4;MCM2;Choline
MCM4;MCM6;Choline
MCM4;CDT1;Choline
MCM4;CDC45;Choline
MCM4;MCM3;Choline
MCM4;CDC7;Choline
MCM4;MCM7;Choline
RBL2;RBBP8;Choline
RBL2;RB1;Choline
RBL2;CCNA2;Choline
RBL2;CCNE2;Choline
RBL2;RBL1;Choline
RBL2;CDK6;Choline
RBL2;TFDP1;Choline
RBL2;TFDP2;Choline
RBL2;E2F3;Choline
RBL2;LIN37;Choline
RBL2;E2F2;Choline
RBL2;LIN9;Choline
RBL2;CCNE1;Choline
RBL2;E2F1;Choline
RBL2;CCND3;Choline
RBL2;CDK2;Choline
RBL2;E2F5;Choline
RBL2;E2F4;Choline
CREBBP;CCND3;Choline
CREBBP;CDK2;Choline
CREBBP;BRCA1;Choline
CCNE1;H1-5;Choline
CCNE1;CKS2;Choline
CCNE1;CDK5;Choline
CCNE1;PCNA;Choline
CCNE1;CKS1B;Choline
CCNE1;CDK3;Choline
CCNE1;CCNE2;Choline
CCNE1;RBL1;Choline
CCNE1;CDK1;Choline
CCNE1;CDKN1C;Choline
CCNE1;SKP2;Choline
CCNE1;CDC25A;Choline
CCNE1;RB1;Choline
CCNE1;CDK6;Choline
CCNE1;CDKN1A;Choline
E2F3;E2F2;Choline
E2F3;CCNA2;Choline
E2F3;CDK2;Choline
E2F3;TFDP2;Choline
E2F3;E2F1;Choline
E2F3;RBL1;Choline
E2F3;TFDP1;Choline
E2F3;RB1;Choline
EP300;CDC25A;Choline
EP300;PCNA;Choline
EP300;FOXM1;Choline
MCM6;CLSPN;Choline
MCM6;DBF4;Choline
MCM6;ORC1;Choline
MCM6;MCM10;Choline
MCM6;CDC7;Choline
MCM6;MCM7;Choline
MCM6;MCM3;Choline
MCM6;CDT1;Choline
MCM6;MCM2;Choline
MCM2;CDKN2A;Choline
MCM2;CLSPN;Choline
MCM2;DBF4;Choline
MCM2;MCM10;Choline
MCM2;ORC1;Choline
MCM2;CDT1;Choline
MCM2;CDC45;Choline
MCM2;MCM3;Choline
MCM2;MCM7;Choline
MCM2;CDC7;Choline
NBN;ATR;Choline
NBN;H2AX;Choline
NBN;BRCA1;Choline
NBN;MDC1;Choline
NBN;RBBP8;Choline
NBN;ATM;Choline
NBN;MRE11;Choline
DBF4;MCM7;Choline
DBF4;MCM3;Choline
DBF4;CDC7;Choline
CDK6;MCM10;Choline
CDK6;RBL1;Choline
CDK6;CCNE2;Choline
CDK6;PCNA;Choline
CDK6;CDC25A;Choline
CDK6;CDKN1C;Choline
CDK6;RB1;Choline
CDK6;CDK2;Choline
CDK6;CCND3;Choline
CDK6;CDKN1A;Choline
CDK6;CDKN2B;Choline
CDK6;CDKN2D;Choline
CDK6;CCNA2;Choline
CDK6;CDKN2A;Choline
CDK2;ARIH1;Choline
CDK2;UBE2L5;Choline
CDK2;SPDYE16;Choline
CDK2;SPDYE6;Choline
CDK2;SPDYE2;Choline
CDK2;SPDYE2B;Choline
CDK2;SPDYE5;Choline
CDK2;SPDYE3;Choline
CDK2;UBA52;Choline
CDK2;SPDYE11;Choline
CDK2;UBB;Choline
CDK2;UBC;Choline
CDK2;SPDYE4;Choline
CDK2;RPS27A;Choline
CDK2;SPDYC;Choline
CDK2;H1-5;Choline
CDK2;FOXO4;Choline
CDK2;CDK3;Choline
CDK2;PCNA;Choline
CDK2;SUN1;Choline
CDK2;E2F2;Choline
CDK2;ATM;Choline
CDK2;MCM3;Choline
CDK2;H1-0;Choline
CDK2;CDT1;Choline
CDK2;WEE1;Choline
CDK2;CEBPA;Choline
CDK2;RBL1;Choline
CDK2;E2F1;Choline
CDK2;CCNH;Choline
CDK2;CDKN1C;Choline
CDK2;SKP2;Choline
CDK2;CKS1B;Choline
CDK2;CDKN1A;Choline
CDK2;SPDYA;Choline
RB1;RBBP8;Choline
RB1;MCM7;Choline
RB1;FZR1;Choline
RB1;RBL1;Choline
RB1;TP53BP1;Choline
RB1;CCNE2;Choline
RB1;SKP2;Choline
RB1;TFDP2;Choline
RB1;CCND3;Choline
RB1;E2F5;Choline
RB1;CDK1;Choline
RB1;CCNA2;Choline
RB1;E2F1;Choline
RB1;E2F2;Choline
RB1;E2F4;Choline
RB1;TFDP1;Choline
TP53;PCNA;Choline
TP53;COPS5;Choline
TP53;ATR;Choline
TP53;CCNG1;Choline
TP53;SFN;Choline
RPS27A;MYC;Choline
RPS27A;CCNA2;Choline
RPS27A;CKS1B;Choline
RPS27A;SKP2;Choline
RPS27A;UBE2L5;Choline
RPS27A;ARIH1;Choline
RPS27A;ANAPC2;Choline
RPS27A;TP53BP1;Choline
RPS27A;CUL1;Choline
RPS27A;PCNA;Choline
SKP2;UBE2L5;Choline
SKP2;ARIH1;Choline
SKP2;CDK3;Choline
SKP2;UBA52;Choline
SKP2;UBC;Choline
SKP2;UBB;Choline
SKP2;FOXO1;Choline
SKP2;CDK1;Choline
SKP2;E2F1;Choline
SKP2;CCNE2;Choline
SKP2;FZR1;Choline
SKP2;CDKN1C;Choline
SKP2;MYC;Choline
SKP2;CDT1;Choline
SKP2;CKS2;Choline
SKP2;CDKN1A;Choline
SKP2;CDC20;Choline
SKP2;CCNA2;Choline
SKP2;CKS1B;Choline
SKP2;CUL1;Choline
CDKN2B;CCND3;Choline
CDKN2B;CDKN2A;Choline
CDKN2B;MYC;Choline
ATM;CASP8;Choline
ATM;BRCA2;Choline
ATM;H2AX;Choline
ATM;CHEK1;Choline
ATM;MDC1;Choline
ATM;ATR;Choline
ATM;TP53BP1;Choline
CCNB2;ANAPC13;Choline
CCNB2;SFN;Choline
CCNB2;ANAPC2;Choline
CCNB2;ANAPC10;Choline
CCNB2;CDKN1A;Choline
CCNB2;CCNB3;Choline
CCNB2;CDC16;Choline
CCNB2;CKS1B;Choline
CCNB2;ANAPC1;Choline
CCNB2;CDC23;Choline
MAD2L1;ANAPC13;Choline
MAD2L1;ANAPC2;Choline
MAD2L1;ANAPC1;Choline
MAD2L1;CDC23;Choline
MAD2L1;CDC16;Choline
MAD2L1;ANAPC10;Choline
PLK1;TP53BP1;Choline
PLK1;HSP90AA1;Choline
PLK1;CCNB3;Choline
PLK1;WEE1;Choline
PLK1;BRCA2;Choline
CDT1;CKS2;Choline
CDT1;CKS1B;Choline
CDT1;CDK3;Choline
CDT1;CDK1;Choline
CDT1;CCNA2;Choline
CDT1;PCNA;Choline
CDT1;ORC1;Choline
CDT1;MCM7;Choline
CDT1;MCM3;Choline
LIN37;RBL1;Choline
LIN37;TFDP2;Choline
LIN37;E2F4;Choline
LIN37;LIN9;Choline
BUB1;ANAPC10;Choline
BUB1;ANAPC2;Choline
BUB1;ANAPC1;Choline
BUB1;CDC16;Choline
BUB1;CDC23;Choline
CDC25A;CDK5R1;Choline
CDC25A;CDK5;Choline
CDC25A;CUL1;Choline
CDC25A;CCNB3;Choline
CDC25A;CCND3;Choline
FEN1;MRE11;Choline
FEN1;PCNA;Choline
MCM7;CLSPN;Choline
MCM7;PCNA;Choline
MCM7;ORC1;Choline
MCM7;CDC45;Choline
MCM7;MCM3;Choline
MCM7;CDC7;Choline
MCM7;MCM10;Choline
CASP3;PARP1;Choline
CKS1B;UBE2L5;Choline
CKS1B;ARIH1;Choline
CKS1B;UBA52;Choline
CKS1B;UBB;Choline
CKS1B;UBC;Choline
CKS1B;CCNE2;Choline
CKS1B;CDKN1A;Choline
CKS1B;CDK3;Choline
CKS1B;CDC20;Choline
CKS1B;CKS2;Choline
CKS1B;CUL1;Choline
CKS1B;CDK1;Choline
CKS1B;CCNA2;Choline
CLSPN;MCM3;Choline
CLSPN;CDC45;Choline
CLSPN;RPA2;Choline
CLSPN;CHEK1;Choline
ANAPC2;RAD51;Choline
ANAPC2;BRCA2;Choline
ANAPC2;BRCA1;Choline
ANAPC2;CCNA2;Choline
ANAPC2;UBB;Choline
ANAPC2;UBA52;Choline
ANAPC2;UBC;Choline
ANAPC2;ANAPC13;Choline
ANAPC2;UBE2C;Choline
ANAPC2;CDC16;Choline
ANAPC2;CDC20;Choline
ANAPC2;ANAPC4;Choline
ANAPC2;CDC23;Choline
ANAPC2;CDC27;Choline
ANAPC2;FZR1;Choline
ANAPC2;ANAPC1;Choline
ANAPC2;ANAPC10;Choline
CDK5R1;CDC25C;Choline
CDK5R1;CDK5;Choline
CDC25C;CDK5;Choline
CDC25C;SPDYE3;Choline
CDC25C;SPDYE4;Choline
CDC25C;SPDYA;Choline
CDC25C;SPDYE11;Choline
CDC25C;SPDYE5;Choline
CDC25C;SPDYE2;Choline
CDC25C;SPDYE2B;Choline
CDC25C;SPDYE6;Choline
CDC25C;SPDYE16;Choline
CDC25C;SPDYC;Choline
ATRIP;BRCA1;Choline
ATRIP;RPA2;Choline
ATRIP;CHEK1;Choline
ATRIP;ATR;Choline
MRE11;H2AX;Choline
MRE11;MDC1;Choline
MRE11;ATR;Choline
MRE11;EXO1;Choline
MRE11;RBBP8;Choline
CUL1;UBE2L5;Choline
CUL1;CHEK1;Choline
CUL1;UBA52;Choline
CUL1;CDKN1C;Choline
CUL1;CCNE2;Choline
CUL1;UBB;Choline
CUL1;CKS2;Choline
CUL1;CDKN1A;Choline
CUL1;UBC;Choline
CUL1;ARIH1;Choline
CUL1;CCNA2;Choline
CUL1;CCNF;Choline
CUL1;COPS5;Choline
LIN9;RBL1;Choline
LIN9;E2F4;Choline
SPDYE4;CDK1;Choline
SPDYE3;CDK1;Choline
H1-5;CDK1;Choline
SMAD3;RBL1;Choline
SMAD3;TFDP1;Choline
SMAD3;E2F5;Choline
SMAD3;E2F4;Choline
SPDYA;CDK1;Choline
SPDYA;SUN1;Choline
ANAPC1;BRCA2;Choline
ANAPC1;RAD51;Choline
ANAPC1;UBC;Choline
ANAPC1;UBB;Choline
ANAPC1;BRCA1;Choline
ANAPC1;CCNA2;Choline
ANAPC1;UBE2C;Choline
ANAPC1;FZR1;Choline
ANAPC1;ANAPC10;Choline
ANAPC1;CDC27;Choline
ANAPC1;CDC23;Choline
ANAPC1;CDC20;Choline
ANAPC1;ANAPC4;Choline
ANAPC1;CDC16;Choline
ANAPC1;ANAPC13;Choline
FOXO3;CDK5;Choline
SFN;CCNB3;Choline
SFN;JUN;Choline
SFN;CDK1;Choline
SFN;ESR1;Choline
SFN;FOXO1;Choline
ATR;RPA2;Choline
ATR;TP53BP1;Choline
ATR;CDC7;Choline
ATR;BRCA1;Choline
ATR;CHEK1;Choline
H1-0;CDK1;Choline
E2F1;E2F2;Choline
E2F1;RBL1;Choline
E2F1;TFDP2;Choline
E2F1;TFDP1;Choline
E2F1;CCNA2;Choline
CDC16;RAD51;Choline
CDC16;BRCA2;Choline
CDC16;UBC;Choline
CDC16;UBB;Choline
CDC16;BRCA1;Choline
CDC16;CCNA2;Choline
CDC16;UBE2C;Choline
CDC16;CDC27;Choline
CDC16;ANAPC10;Choline
CDC16;FZR1;Choline
CDC16;ANAPC13;Choline
CDC16;CDC20;Choline
CDC16;ANAPC4;Choline
CDC16;CDC23;Choline
UBE2C;BRCA2;Choline
UBE2C;RAD51;Choline
UBE2C;UBB;Choline
UBE2C;UBC;Choline
UBE2C;ANAPC13;Choline
UBE2C;CDC23;Choline
UBE2C;ANAPC10;Choline
XRCC6;PCNA;Choline
XRCC6;TP53BP1;Choline
E2F2;CCNA2;Choline
E2F2;TFDP2;Choline
E2F2;RBL1;Choline
E2F2;TFDP1;Choline
EXO1;PCNA;Choline
H3-4;H2AX;Choline
PARP1;PCNA;Choline
PARP1;RPA2;Choline
PARP1;H2AX;Choline
ORC1;CCNA2;Choline
ORC1;MCM3;Choline
CDC20;CDKN1A;Choline
CDC20;ANAPC13;Choline
CDC20;CDC23;Choline
CDC20;ANAPC10;Choline
CCND3;MCM10;Choline
CCND3;CDK5;Choline
CCND3;RBL1;Choline
CCND3;CDK1;Choline
CCND3;CDKN2A;Choline
CCND3;PCNA;Choline
CCND3;CDKN2D;Choline
CCND3;CDKN1C;Choline
CCND3;CDKN1A;Choline
RBL1;CCNE2;Choline
RBL1;CCNA2;Choline
RBL1;TFDP2;Choline
RBL1;TFDP1;Choline
RBL1;E2F5;Choline
RBL1;E2F4;Choline
RPA2;POLA1;Choline
RPA2;PCNA;Choline
RPA2;MCM3;Choline
RPA2;PRIM2;Choline
TFDP1;TFDP2;Choline
TFDP1;E2F4;Choline
TFDP1;E2F5;Choline
CKS2;CDK3;Choline
CCNB3;CDK1;Choline
MDC1;H2AX;Choline
MDC1;BRCA1;Choline
MDC1;TP53BP1;Choline
SPDYC;CDK1;Choline
POLA1;PCNA;Choline
POLA1;MCM3;Choline
POLA1;PRIM2;Choline
PCNA;CDK5;Choline
PCNA;CCNE2;Choline
PCNA;CCNH;Choline
PCNA;CCNA2;Choline
PCNA;PRIM2;Choline
PCNA;UBB;Choline
PCNA;UBA52;Choline
PCNA;UBC;Choline
PCNA;MCM3;Choline
PCNA;CDKN1A;Choline
E2F4;E2F5;Choline
E2F4;TFDP2;Choline
ARIH1;CCNA2;Choline
ARIH1;UBA52;Choline
ARIH1;UBB;Choline
ARIH1;UBE2L5;Choline
ARIH1;UBC;Choline
BRCA2;ANAPC4;Choline
BRCA2;ANAPC13;Choline
BRCA2;CDC23;Choline
BRCA2;ANAPC10;Choline
BRCA2;CDC27;Choline
BRCA2;CHEK1;Choline
BRCA2;RAD51;Choline
TP53BP1;UBA52;Choline
TP53BP1;UBB;Choline
TP53BP1;UBC;Choline
TP53BP1;CHEK1;Choline
TP53BP1;H2AX;Choline
TP53BP1;BRCA1;Choline
CDC23;RAD51;Choline
CDC23;UBB;Choline
CDC23;UBC;Choline
CDC23;BRCA1;Choline
CDC23;CCNA2;Choline
CDC23;ANAPC4;Choline
CDC23;ANAPC13;Choline
CDC23;FZR1;Choline
CDC23;ANAPC10;Choline
CDC23;CDC27;Choline
FZR1;UBC;Choline
FZR1;UBB;Choline
FZR1;ANAPC10;Choline
FZR1;ANAPC13;Choline
CDK1;SAMHD1;Choline
CDK1;CDK3;Choline
CDK1;SPDYE16;Choline
CDK1;SPDYE6;Choline
CDK1;SPDYE2;Choline
CDK1;SPDYE2B;Choline
CDK1;SPDYE5;Choline
CDK1;SPDYE11;Choline
CDK1;CDKN1C;Choline
CDK1;CCNH;Choline
CDK1;WEE1;Choline
CDK1;CDKN1A;Choline
RBBP8;BRCA1;Choline
CDKN1A;CDC45;Choline
CDKN1A;CDK3;Choline
CDKN1A;CEBPA;Choline
CDKN1A;CCNE2;Choline
CDKN1A;CCNA2;Choline
UBA52;CCNA2;Choline
UBA52;UBE2L5;Choline
CHEK1;WEE1;Choline
CHEK1;RAD51;Choline
CDC7;CDKN2A;Choline
CDC7;MCM10;Choline
CDC7;MCM3;Choline
E2F5;TFDP2;Choline
CDC45;MCM3;Choline
CDC45;MCM10;Choline
CDK3;CDK5;Choline
CDK3;CDKN1C;Choline
CDK3;CCNA2;Choline
CDK3;CCNE2;Choline
CDKN1C;CCNE2;Choline
CDKN1C;CCNA2;Choline
MCM10;MCM3;Choline
BRCA1;ANAPC13;Choline
BRCA1;ANAPC10;Choline
BRCA1;POLR2A;Choline
BRCA1;H2AX;Choline
ANAPC13;RAD51;Choline
ANAPC13;UBB;Choline
ANAPC13;UBC;Choline
ANAPC13;CCNA2;Choline
ANAPC13;ANAPC4;Choline
ANAPC13;CDC27;Choline
ANAPC13;ANAPC10;Choline
ANAPC4;RAD51;Choline
ANAPC4;UBB;Choline
ANAPC4;UBC;Choline
ANAPC4;ANAPC10;Choline
H2AX;RAD51;Choline
CDC27;RAD51;Choline
CDC27;UBC;Choline
CDC27;UBB;Choline
CDC27;ANAPC10;Choline
UBC;CCNA2;Choline
UBC;ANAPC10;Choline
UBC;UBE2L5;Choline
POLR2A;CCNH;Choline
ANAPC10;RAD51;Choline
ANAPC10;UBB;Choline
ANAPC10;CCNA2;Choline
UBB;CCNA2;Choline
UBB;UBE2L5;Choline
MCM3;PRIM2;Choline
CCNA2;UBE2L5;Choline
CCNA2;SAMHD1;Choline
CHKA;CHKB;Choline
CHKA;PHOSPHO1;Choline
CHKA;ACHE;Choline
CHKA;CHAT;Choline
CHKA;GPCPD1;Choline
ACHE;PHOSPHO1;Choline
ACHE;CHKB;Choline
ACHE;GPCPD1;Choline
CHAT;PHOSPHO1;Choline
CHAT;CHKB;Choline
CHAT;GPCPD1;Choline
SLC18A3;SLC18A2;Choline
GPCPD1;PHOSPHO1;Choline
GPCPD1;CHKB;Choline
CHKB;PHOSPHO1;Choline
CKB;GAMT;Choline
CKMT1B;GAMT;Choline
GATM;GAMT;Choline
APOE;HSPG2;Choline
NRXN2;NRXN1;Choline
APP;ACHE;Choline
APP;BACE1;Choline
ACHE;GHRL;Choline
GPX7;GPX8;Choline
GPCPD1;PNPLA6;Choline
TSHB;LHCGR;Choline
TSHB;TSHR;Choline
TSHB;CGA;Choline
GNAQ;TSHR;Choline
LHCGR;GNG2;Choline
LHCGR;IGHV3-16;Choline
LHCGR;GNB1;Choline
LHCGR;VIP;Choline
LHCGR;ADCYAP1;Choline
LHCGR;NPPA;Choline
LHCGR;GCG;Choline
LHCGR;GIP;Choline
LHCGR;POMC;Choline
LHCGR;GNAS;Choline
LHCGR;FSHB;Choline
TRH;TRHR;Choline
GNG2;TSHR;Choline
GNG2;CGA;Choline
GNG2;TRHR;Choline
GNG2;IGLL5;Choline
GIP;TSHR;Choline
VIP;TSHR;Choline
GNAS;IGLL5;Choline
GNAS;CGA;Choline
GNAS;TRHR;Choline
GNAS;IGF1R;Choline
GNAS;TSHR;Choline
NPPA;TSHR;Choline
GNB1;CGA;Choline
GNB1;IGLL5;Choline
GNB1;TSHR;Choline
GNB1;TRHR;Choline
POMC;TSHR;Choline
GCG;TSHR;Choline
FSHB;TSHR;Choline
FSHB;CGA;Choline
IGLL5;TSHR;Choline
IGLL5;IGHV3-16;Choline
IGLL5;LOC102723407;Choline
TSHR;IGHV3-16;Choline
TSHR;LOC102723407;Choline
TSHR;ADCYAP1;Choline
TSHR;CGA;Choline
LOC102723407;CTLA4;Choline
IGHV3-16;CGA;Choline
IGHV3-16;CTLA4;Choline
SLC36A1;SLC36A2;Choline
SLC36A1;SLC36A4;Choline
SLC36A4;SLC36A2;Choline
RRAGC;SLC38A9;Choline
XBP1;LMNA;Choline
GZMB;LMNB2;Choline
GZMB;LMNB1;Choline
GZMB;LMNA;Choline
GZMB;PARP1;Choline
NUP155;NUP153;Choline
NUP155;NUP98;Choline
LMNB1;CDK5R1;Choline
LMNB1;CDK5;Choline
LMNB1;CASP6;Choline
LMNB1;SYNE1;Choline
LMNB1;SUN2;Choline
LMNB1;SYNE2;Choline
LMNB1;SUN1;Choline
LMNB1;LMNA;Choline
LMNB1;LMNB2;Choline
DSG2;DSC2;Choline
CASP6;LMNA;Choline
CASP6;LMNB2;Choline
CASP6;ACTB;Choline
TMPO;LMNA;Choline
RB1;LMNA;Choline
GJA1;GJA5;Choline
WRN;BRCA1;Choline
NUP98;NUP153;Choline
CDK5R1;LMNA;Choline
LMNB2;LMNA;Choline
SYNE2;SYNE1;Choline
SYNE2;LMNA;Choline
SYNE2;SUN2;Choline
SYNE2;SUN1;Choline
SYNE1;LMNA;Choline
SYNE1;SUN2;Choline
SYNE1;SUN1;Choline
LMNA;CDK5;Choline
LMNA;NUP153;Choline
LMNA;MAPRE1;Choline
LMNA;BANF1;Choline
LMNA;SUN1;Choline
LMNA;EMD;Choline
LMNA;SUN2;Choline
EMD;BANF1;Choline
SUN1;SUN2;Choline
ERCC1;POLD1;Choline
ERCC1;LIG4;Choline
ERCC1;MSH6;Choline
ERCC1;XRCC5;Choline
ERCC1;ERCC4;Choline
ERCC1;XPA;Choline
APEX1;FCGR2A;Choline
APEX1;H2AC17;Choline
APEX1;H4C12;Choline
APEX1;H4C13;Choline
APEX1;H4C1;Choline
APEX1;H2AC11;Choline
APEX1;H4C14;Choline
APEX1;H4C15;Choline
APEX1;H4C4;Choline
APEX1;H2AC16;Choline
APEX1;H4C9;Choline
APEX1;H4C2;Choline
APEX1;H2BC6;Choline
APEX1;H4-16;Choline
APEX1;H2AC13;Choline
APEX1;H2BC7;Choline
APEX1;H4C5;Choline
APEX1;H2AC15;Choline
APEX1;H4C8;Choline
APEX1;H2BC8;Choline
APEX1;H4C11;Choline
APEX1;H2BC10;Choline
APEX1;H4C3;Choline
APEX1;H2BC4;Choline
APEX1;H3C15;Choline
APEX1;H3C14;Choline
APEX1;H2BC21;Choline
APEX1;H4C6;Choline
APEX1;H3C13;Choline
APEX1;APEX2;Choline
APEX1;EP300;Choline
APEX1;TXN;Choline
APEX1;LIG1;Choline
APEX1;POLB;Choline
APEX1;FEN1;Choline
MSH6;LIG4;Choline
MSH6;ERCC4;Choline
MSH6;XRCC5;Choline
MSH6;POLD1;Choline
MSH6;PCNA;Choline
H4C6;ERCC2;Choline
H4C6;H2BC6;Choline
H4C6;H2BC8;Choline
H4C6;H2BC7;Choline
H4C6;H2BC10;Choline
PARP2;PARP1;Choline
RPA1;RECQL4;Choline
RPA1;ERCC4;Choline
RPA1;POLD2;Choline
RPA1;XPA;Choline
RPA1;POLD1;Choline
RPA1;WRN;Choline
XRCC1;PCNA;Choline
XRCC1;LIG3;Choline
XRCC1;APTX;Choline
XRCC1;PNKP;Choline
XRCC1;PARP1;Choline
XRCC1;POLB;Choline
EP300;TXN;Choline
EP300;XPA;Choline
LIG1;POLB;Choline
LIG1;FEN1;Choline
LIG1;PCNA;Choline
POLB;NEIL2;Choline
POLB;NEIL1;Choline
POLB;TDP1;Choline
POLB;FEN1;Choline
POLB;PNKP;Choline
POLB;PARP1;Choline
POLB;LIG3;Choline
TP53;YBX1;Choline
NEIL2;NEIL1;Choline
WRN;PCNA;Choline
WRN;XRCC5;Choline
WRN;FEN1;Choline
WRN;EXO1;Choline
FEN1;POLD2;Choline
FEN1;POLD1;Choline
ERCC4;POLD1;Choline
ERCC4;LIG4;Choline
ERCC4;XRCC5;Choline
ERCC4;XPA;Choline
H2BC4;H3C15;Choline
H2BC4;H3C14;Choline
H2BC4;H2BC8;Choline
H2BC4;H4C12;Choline
H2BC4;H4C15;Choline
H2BC4;H2BC10;Choline
H2BC4;H4C1;Choline
H2BC4;H4C13;Choline
H2BC4;H4-16;Choline
H2BC4;H4C9;Choline
H2BC4;H4C3;Choline
H2BC4;H4C11;Choline
H2BC4;H4C2;Choline
H2BC4;H4C14;Choline
H2BC4;H4C4;Choline
H2BC4;H4C5;Choline
H2BC4;H2AC16;Choline
H2BC4;H2BC6;Choline
H2BC4;H2AC15;Choline
H2BC4;H2BC7;Choline
H2BC4;H4C8;Choline
H2BC4;H2AC11;Choline
H2BC4;H2AC17;Choline
H2BC4;H3C13;Choline
H2BC4;H2AC13;Choline
PNKP;LIG3;Choline
H3C13;ERCC2;Choline
H3C13;H2BC6;Choline
H3C13;H2BC8;Choline
H3C13;H2BC7;Choline
H3C13;H2BC10;Choline
SIRT6;HIF1A;Choline
TDP1;LIG3;Choline
H4C11;ERCC2;Choline
H4C11;H2BC8;Choline
H4C11;H2BC10;Choline
H4C11;H2BC6;Choline
H4C11;H2BC7;Choline
H2BC7;H3C15;Choline
H2BC7;H3C14;Choline
H2BC7;H2BC21;Choline
H2BC7;H2BC8;Choline
H2BC7;H2AC16;Choline
H2BC7;H4C12;Choline
H2BC7;H4C15;Choline
H2BC7;H4C1;Choline
H2BC7;H4-16;Choline
H2BC7;H4C9;Choline
H2BC7;H4C13;Choline
H2BC7;H2AC11;Choline
H2BC7;H4C3;Choline
H2BC7;H2AC15;Choline
H2BC7;H2BC6;Choline
H2BC7;H4C14;Choline
H2BC7;H4C2;Choline
H2BC7;H2BC10;Choline
H2BC7;H4C4;Choline
H2BC7;H4C8;Choline
H2BC7;H2AC17;Choline
H2BC7;H4C5;Choline
H2BC7;H2AC13;Choline
H2AC13;H2BC6;Choline
H2AC13;H2BC8;Choline
H2AC13;H2BC10;Choline
H2AC11;H2BC6;Choline
H2AC11;H2BC10;Choline
H2AC11;H2BC8;Choline
H2AC17;H2BC6;Choline
H2AC17;H2BC10;Choline
H2AC17;H2BC8;Choline
EXO1;RECQL4;Choline
PARP1;XRCC5;Choline
H2BC21;H2BC10;Choline
H2BC21;H2BC8;Choline
H2BC21;H2BC6;Choline
H3C14;ERCC2;Choline
H3C14;H2BC8;Choline
H3C14;H2BC6;Choline
H3C14;H2BC10;Choline
GADD45A;PCNA;Choline
SET;ANP32A;Choline
XPA;ERCC2;Choline
H2BC10;H3C15;Choline
H2BC10;H2BC8;Choline
H2BC10;H4C15;Choline
H2BC10;H4C12;Choline
H2BC10;H4-16;Choline
H2BC10;H2AC16;Choline
H2BC10;H4C9;Choline
H2BC10;H4C1;Choline
H2BC10;H4C14;Choline
H2BC10;H4C3;Choline
H2BC10;H2BC6;Choline
H2BC10;H4C8;Choline
H2BC10;H4C2;Choline
H2BC10;H2AC15;Choline
H2BC10;H4C13;Choline
H2BC10;H4C4;Choline
H2BC10;H4C5;Choline
H4C2;ERCC2;Choline
H4C2;H2BC6;Choline
H4C2;H2BC8;Choline
H4C3;ERCC2;Choline
H4C3;H2BC8;Choline
H4C3;H2BC6;Choline
LIG3;PCNA;Choline
PCNA;XRCC5;Choline
PCNA;LIG4;Choline
PCNA;POLD2;Choline
PCNA;POLD1;Choline
ERCC2;H3C15;Choline
ERCC2;H4C5;Choline
ERCC2;H4C8;Choline
ERCC2;H4C9;Choline
ERCC2;H4-16;Choline
ERCC2;H4C14;Choline
ERCC2;H4C15;Choline
ERCC2;H4C4;Choline
ERCC2;H4C12;Choline
ERCC2;H4C13;Choline
ERCC2;H4C1;Choline
XRCC5;POLD1;Choline
XRCC5;LIG4;Choline
H3C15;H2BC6;Choline
H3C15;H2BC8;Choline
H4-16;H2BC6;Choline
H4-16;H2BC8;Choline
H2BC8;H2BC6;Choline
H2BC8;H4C12;Choline
H2BC8;H4C1;Choline
H2BC8;H4C13;Choline
H2BC8;H4C15;Choline
H2BC8;H4C9;Choline
H2BC8;H4C14;Choline
H2BC8;H4C4;Choline
H2BC8;H2AC16;Choline
H2BC8;H2AC15;Choline
H2BC8;H4C8;Choline
H2BC8;H4C5;Choline
XRCC3;RECQL4;Choline
H4C15;H2BC6;Choline
H4C14;H2BC6;Choline
POLD1;LIG4;Choline
POLD1;POLD2;Choline
H4C1;H2BC6;Choline
H4C4;H2BC6;Choline
H4C12;H2BC6;Choline
H4C13;H2BC6;Choline
H4C9;H2BC6;Choline
H2AC15;H2BC6;Choline
H2AC16;H2BC6;Choline
H4C5;H2BC6;Choline
H4C8;H2BC6;Choline
CYP26B1;CYP26A1;Choline
CYP26B1;AOX1;Choline
CYP26B1;CYP26C1;Choline
CYP26B1;CYP4A11;Choline
CYP26B1;CYP4A22;Choline
CYP26B1;ENSP00000480571;Choline
CYP26B1;CYP3A5;Choline
CYP26B1;CYP3A7;Choline
CYP26B1;CYP2A6;Choline
CYP26B1;CYP2B6;Choline
CYP26B1;CYP2C18;Choline
CYP26B1;CYP2C9;Choline
CYP26B1;CYP3A4;Choline
CYP26B1;CYP2C8;Choline
CYP26B1;CYP2S1;Choline
CYP26B1;CYP1A1;Choline
CYP26B1;CYP1A2;Choline
CYP26B1;ALDH1A1;Choline
CYP26B1;ALDH1A3;Choline
CYP26B1;ALDH1A2;Choline
ADH1A;ALDH1A2;Choline
ADH1A;ALDH1A3;Choline
ADH1A;BCO1;Choline
ADH1A;CYP26A1;Choline
ADH1A;AOX1;Choline
ADH1A;ALDH1A1;Choline
ADH1A;ADH1C;Choline
ADH1A;ADH1B;Choline
CYP3A5;ENSP00000480571;Choline
CYP3A5;HSD17B6;Choline
CYP3A5;ALDH1A2;Choline
CYP3A5;ALDH1A3;Choline
CYP3A5;CYP26C1;Choline
CYP3A5;ALDH1A1;Choline
CYP3A5;AOX1;Choline
CYP3A5;CYP26A1;Choline
CYP3A5;CYP4A22;Choline
CYP3A5;CYP2S1;Choline
CYP3A5;CYP3A4;Choline
CYP3A5;CYP4A11;Choline
CYP3A5;CYP2A6;Choline
CYP3A5;CYP2C18;Choline
CYP3A5;CYP2C8;Choline
CYP3A5;CYP2C9;Choline
CYP3A5;CYP1A2;Choline
CYP3A5;CYP3A7;Choline
CYP3A5;CYP2B6;Choline
CYP3A5;CYP1A1;Choline
CYP3A5;UGT1A1;Choline
CYP3A5;UGT1A7;Choline
CYP3A5;UGT1A10;Choline
CYP3A5;UGT1A6;Choline
CYP3A5;UGT1A8;Choline
CYP3A5;UGT1A4;Choline
CYP26A1;HSD17B6;Choline
CYP26A1;ADH1B;Choline
CYP26A1;AOX1;Choline
CYP26A1;ADH1C;Choline
CYP26A1;CYP4A22;Choline
CYP26A1;CYP26C1;Choline
CYP26A1;CYP4A11;Choline
CYP26A1;ADH4;Choline
CYP26A1;ADH7;Choline
CYP26A1;ENSP00000480571;Choline
CYP26A1;DHRS4;Choline
CYP26A1;CYP3A7;Choline
CYP26A1;RDH8;Choline
CYP26A1;CYP2C18;Choline
CYP26A1;CYP2C9;Choline
CYP26A1;CYP2A6;Choline
CYP26A1;DHRS9;Choline
CYP26A1;RDH12;Choline
CYP26A1;CYP2B6;Choline
CYP26A1;CYP2S1;Choline
CYP26A1;CYP3A4;Choline
CYP26A1;SDR16C5;Choline
CYP26A1;CYP1A2;Choline
CYP26A1;RDH16;Choline
CYP26A1;CYP2C8;Choline
CYP26A1;CYP1A1;Choline
CYP26A1;RDH11;Choline
CYP26A1;ADH6;Choline
CYP26A1;ADH5;Choline
CYP26A1;ALDH1A1;Choline
CYP26A1;DHRS3;Choline
CYP26A1;ALDH1A3;Choline
CYP26A1;RDH10;Choline
CYP26A1;ALDH1A2;Choline
NANOG;CTNNB1;Choline
NANOG;CD44;Choline
NANOG;POU5F1;Choline
NANOG;SOX2;Choline
RDH10;AOX1;Choline
RDH10;RDH5;Choline
RDH10;BCO1;Choline
RDH10;RDH11;Choline
RDH10;ALDH1A1;Choline
RDH10;ALDH1A3;Choline
RDH10;ALDH1A2;Choline
ALDH1A2;ADH6;Choline
ALDH1A2;ADH5;Choline
ALDH1A2;EPHX2;Choline
ALDH1A2;ADH1C;Choline
ALDH1A2;ADH4;Choline
ALDH1A2;ADH1B;Choline
ALDH1A2;ADH7;Choline
ALDH1A2;ALDH1A3;Choline
ALDH1A2;HSD17B6;Choline
ALDH1A2;CYP2C9;Choline
ALDH1A2;CYP2C18;Choline
ALDH1A2;CYP2A6;Choline
ALDH1A2;ALDH1A1;Choline
ALDH1A2;CYP2B6;Choline
ALDH1A2;CYP2C8;Choline
ALDH1A2;ENSP00000480571;Choline
ALDH1A2;CYP4A11;Choline
ALDH1A2;CYP1A2;Choline
ALDH1A2;CYP4A22;Choline
ALDH1A2;CYP3A7;Choline
ALDH1A2;CYP2S1;Choline
ALDH1A2;CYP3A4;Choline
ALDH1A2;CYP1A1;Choline
ALDH1A2;DHRS9;Choline
ALDH1A2;DHRS4;Choline
ALDH1A2;RDH16;Choline
ALDH1A2;AOX1;Choline
ALDH1A2;RDH8;Choline
ALDH1A2;SDR16C5;Choline
ALDH1A2;RDH5;Choline
ALDH1A2;RDH11;Choline
ALDH1A2;BCO1;Choline
ALDH1A2;DHRS3;Choline
ALDH1A2;RDH12;Choline
ALDH1A2;CYP26C1;Choline
RDH5;AOX1;Choline
RDH5;RDH12;Choline
RDH5;RDH11;Choline
RDH5;ALDH1A1;Choline
RDH5;ALDH1A3;Choline
BCO1;ADH4;Choline
BCO1;ADH6;Choline
BCO1;ADH5;Choline
BCO1;ADH1C;Choline
BCO1;HSD17B6;Choline
BCO1;ADH1B;Choline
BCO1;ADH7;Choline
BCO1;SDR16C5;Choline
BCO1;DHRS4;Choline
BCO1;AOX1;Choline
BCO1;RDH16;Choline
BCO1;DHRS9;Choline
BCO1;DHRS3;Choline
BCO1;RDH8;Choline
BCO1;RDH11;Choline
BCO1;ALDH1A1;Choline
BCO1;ALDH1A3;Choline
BCO1;RDH12;Choline
POU5F1;CTNNB1;Choline
POU5F1;SOX2;Choline
CYP2C9;CYP2C18;Choline
CYP2C9;CYP2B6;Choline
CYP2C9;ALDH1A3;Choline
CYP2C9;CYP26C1;Choline
CYP2C9;CYP2C8;Choline
CYP2C9;ALDH1A1;Choline
CYP2C9;CYP4A22;Choline
CYP2C9;CYP2A6;Choline
CYP2C9;CYP1A2;Choline
CYP2C9;CYP4A11;Choline
CYP2C9;ENSP00000480571;Choline
CYP2C9;AOX1;Choline
CYP2C9;CYP1A1;Choline
CYP2C9;EPHX2;Choline
CYP2C9;CYP3A7;Choline
CYP2C9;CYP3A4;Choline
CYP2C18;AOX1;Choline
CYP2C18;ALDH1A1;Choline
CYP2C18;ALDH1A3;Choline
CYP2C18;CYP26C1;Choline
CYP2C18;CYP4A22;Choline
CYP2C18;CYP1A2;Choline
CYP2C18;CYP4A11;Choline
CYP2C18;CYP1A1;Choline
CYP2C18;ENSP00000480571;Choline
CYP2C18;CYP3A7;Choline
ADH5;ALDH1A3;Choline
ADH5;ALDH1A1;Choline
ADH5;AOX1;Choline
ALDH1A1;EPHX2;Choline
ALDH1A1;ALDH1A3;Choline
ALDH1A1;HSD17B6;Choline
ALDH1A1;ENSP00000480571;Choline
ALDH1A1;CYP4A22;Choline
ALDH1A1;ADH6;Choline
ALDH1A1;CYP4A11;Choline
ALDH1A1;ADH1C;Choline
ALDH1A1;CYP2S1;Choline
ALDH1A1;CYP3A7;Choline
ALDH1A1;CYP2A6;Choline
ALDH1A1;CYP2C8;Choline
ALDH1A1;RDH16;Choline
ALDH1A1;ADH7;Choline
ALDH1A1;CYP1A2;Choline
ALDH1A1;CYP2B6;Choline
ALDH1A1;CYP3A4;Choline
ALDH1A1;RDH8;Choline
ALDH1A1;CYP1A1;Choline
ALDH1A1;SDR16C5;Choline
ALDH1A1;DHRS9;Choline
ALDH1A1;ADH1B;Choline
ALDH1A1;ADH4;Choline
ALDH1A1;AOX1;Choline
ALDH1A1;RDH11;Choline
ALDH1A1;DHRS3;Choline
ALDH1A1;CYP26C1;Choline
ALDH1A1;DHRS4;Choline
ALDH1A1;RDH12;Choline
CYP2A6;ALDH1A3;Choline
CYP2A6;CYP2S1;Choline
CYP2A6;CYP26C1;Choline
CYP2A6;ENSP00000480571;Choline
CYP2A6;CYP4A22;Choline
CYP2A6;CYP2B6;Choline
CYP2A6;CYP3A7;Choline
CYP2A6;AOX1;Choline
CYP2A6;CYP1A1;Choline
CYP2A6;UGT1A8;Choline
CYP2A6;UGT1A1;Choline
CYP2A6;UGT1A10;Choline
CYP2A6;UGT1A7;Choline
CYP2A6;CYP1A2;Choline
CYP2A6;UGT1A6;Choline
CYP2A6;CYP4A11;Choline
CYP2A6;UGT1A4;Choline
CYP2A6;CYP3A4;Choline
UGT1A6;AOX1;Choline
UGT1A6;CYP1A1;Choline
UGT1A6;UGT1A10;Choline
UGT1A6;CYP3A4;Choline
UGT1A6;UGT1A7;Choline
UGT1A6;UGT1A4;Choline
UGT1A6;UGT1A8;Choline
UGT1A6;UGT1A1;Choline
UGT1A1;AOX1;Choline
UGT1A1;CYP1A1;Choline
UGT1A1;UGT1A7;Choline
UGT1A1;CYP3A4;Choline
UGT1A1;UGT1A4;Choline
UGT1A1;UGT1A10;Choline
UGT1A1;UGT1A8;Choline
ADH1B;ALDH1A3;Choline
ADH1B;AOX1;Choline
ADH1B;ADH1C;Choline
CYP2S1;CYP2B6;Choline
CYP2S1;ALDH1A3;Choline
CYP2S1;ENSP00000480571;Choline
CYP2S1;CYP26C1;Choline
CYP2S1;AOX1;Choline
CYP2S1;CYP1A1;Choline
CYP2S1;CYP1A2;Choline
CYP2S1;CYP3A7;Choline
CYP2S1;CYP4A11;Choline
CYP2S1;CYP4A22;Choline
CYP2S1;CYP3A4;Choline
CYP4A11;ALDH1A3;Choline
CYP4A11;AOX1;Choline
CYP4A11;CYP26C1;Choline
CYP4A11;ENSP00000480571;Choline
CYP4A11;CYP3A7;Choline
CYP4A11;CYP1A1;Choline
CYP4A11;CYP3A4;Choline
CYP4A11;CYP4A22;Choline
CYP4A11;CYP2B6;Choline
CYP4A11;CYP2C8;Choline
CYP4A11;CYP1A2;Choline
CYP2B6;CYP2C8;Choline
CYP2B6;ALDH1A3;Choline
CYP2B6;CYP26C1;Choline
CYP2B6;EPHX2;Choline
CYP2B6;CYP4A22;Choline
CYP2B6;CYP1A1;Choline
CYP2B6;CYP3A4;Choline
CYP2B6;ENSP00000480571;Choline
CYP2B6;CYP1A2;Choline
CYP2B6;AOX1;Choline
CYP2B6;CYP3A7;Choline
DHRS4;DHRS3;Choline
DHRS4;AOX1;Choline
DHRS4;ALDH1A3;Choline
DHRS4;DHRS9;Choline
ALDH1A3;ADH6;Choline
ALDH1A3;EPHX2;Choline
ALDH1A3;ADH4;Choline
ALDH1A3;ADH1C;Choline
ALDH1A3;ADH7;Choline
ALDH1A3;HSD17B6;Choline
ALDH1A3;ENSP00000480571;Choline
ALDH1A3;CYP4A22;Choline
ALDH1A3;CYP3A7;Choline
ALDH1A3;CYP1A2;Choline
ALDH1A3;CYP3A4;Choline
ALDH1A3;CYP2C8;Choline
ALDH1A3;RDH16;Choline
ALDH1A3;RDH8;Choline
ALDH1A3;DHRS9;Choline
ALDH1A3;AOX1;Choline
ALDH1A3;SDR16C5;Choline
ALDH1A3;RDH11;Choline
ALDH1A3;CYP1A1;Choline
ALDH1A3;DHRS3;Choline
ALDH1A3;CYP26C1;Choline
ALDH1A3;RDH12;Choline
CYP3A7;ENSP00000480571;Choline
CYP3A7;AOX1;Choline
CYP3A7;CYP26C1;Choline
CYP3A7;CYP4A22;Choline
CYP3A7;CYP1A1;Choline
CYP3A7;CYP1A2;Choline
CYP3A7;CYP2C8;Choline
CYP1A2;CYP26C1;Choline
CYP1A2;ENSP00000480571;Choline
CYP1A2;CYP4A22;Choline
CYP1A2;CYP2C8;Choline
CYP1A2;AOX1;Choline
CYP1A2;CYP1A1;Choline
CYP1A2;CYP3A4;Choline
UGT1A10;AOX1;Choline
UGT1A10;CYP1A1;Choline
UGT1A10;CYP3A4;Choline
UGT1A10;UGT1A7;Choline
UGT1A10;UGT1A4;Choline
UGT1A10;UGT1A8;Choline
CYP2C8;CYP26C1;Choline
CYP2C8;CYP4A22;Choline
CYP2C8;AOX1;Choline
CYP2C8;CYP1A1;Choline
CYP2C8;ENSP00000480571;Choline
CYP2C8;CYP3A4;Choline
CYP2C8;EPHX2;Choline
CYP4A22;AOX1;Choline
CYP4A22;ENSP00000480571;Choline
CYP4A22;CYP26C1;Choline
CYP4A22;CYP3A4;Choline
CYP4A22;CYP1A1;Choline
UGT1A4;AOX1;Choline
UGT1A4;CYP1A1;Choline
UGT1A4;CYP3A4;Choline
UGT1A4;UGT1A8;Choline
UGT1A4;UGT1A7;Choline
UGT1A7;AOX1;Choline
UGT1A7;CYP1A1;Choline
UGT1A7;CYP3A4;Choline
UGT1A7;UGT1A8;Choline
UGT1A8;AOX1;Choline
UGT1A8;CYP1A1;Choline
UGT1A8;CYP3A4;Choline
AOX1;SDR16C5;Choline
AOX1;DHRS3;Choline
AOX1;RDH11;Choline
AOX1;RDH12;Choline
AOX1;DHRS9;Choline
AOX1;RDH8;Choline
AOX1;CYP26C1;Choline
AOX1;HSD17B6;Choline
AOX1;RDH16;Choline
AOX1;ENSP00000480571;Choline
AOX1;ADH7;Choline
AOX1;ADH1C;Choline
AOX1;ADH6;Choline
AOX1;ADH4;Choline
AOX1;CYP1A1;Choline
AOX1;CYP3A4;Choline
RDH11;RDH12;Choline
CYP1A1;HSD17B6;Choline
CYP1A1;CYP26C1;Choline
CYP1A1;ENSP00000480571;Choline
CYP1A1;CYP3A4;Choline
DHRS9;DHRS3;Choline
SDR16C5;HSD17B6;Choline
HSD17B6;CYP3A4;Choline
ENSP00000480571;CYP26C1;Choline
CYP26C1;CYP3A4;Choline
ERCC1;XRCC6;Choline
ERCC1;ATM;Choline
ERCC1;MSH2;Choline
ERCC1;MUS81;Choline
ERCC1;SLX4;Choline
RFC2;RAD1;Choline
RFC2;HUS1;Choline
RFC2;RAD9A;Choline
RFC2;RAD17;Choline
DMC1;CDK4;Choline
DMC1;BRCA1;Choline
DMC1;ATM;Choline
DMC1;BRCA2;Choline
DMC1;RAD51;Choline
RPA3;POLD1;Choline
RPA3;TIMELESS;Choline
RPA3;TIPIN;Choline
RPA3;RAD52;Choline
RPA3;WRN;Choline
RPA3;TOP3A;Choline
RPA3;RMI1;Choline
RPA3;BLM;Choline
RPA3;RPA1;Choline
RPA3;RPA4;Choline
RPA3;RPA2;Choline
FANCE;FANCM;Choline
FANCE;FANCC;Choline
FANCE;CENPX;Choline
FANCE;CENPS;Choline
FANCE;FANCF;Choline
FANCE;FAAP100;Choline
FANCE;FANCG;Choline
FANCE;FANCD2;Choline
FANCE;FANCA;Choline
FANCE;FANCI;Choline
MLH1;MSH4;Choline
MLH1;MLH3;Choline
MLH1;BRIP1;Choline
MLH1;BLM;Choline
MLH1;MSH2;Choline
MLH1;MSH6;Choline
MSH2;ATR;Choline
MSH2;SLX4;Choline
MSH2;XRCC6;Choline
MSH2;ERCC4;Choline
MSH2;POLD1;Choline
MSH2;BRCA1;Choline
MSH2;MSH6;Choline
MSH2;EXO1;Choline
MSH2;ATM;Choline
MSH6;FANCM;Choline
MSH6;BLM;Choline
MSH6;XRCC6;Choline
MSH6;ATM;Choline
RIF1;PAXIP1;Choline
SLX1A;SLX4;Choline
RPA1;RAD9A;Choline
RPA1;RPA4;Choline
RPA1;TIPIN;Choline
RPA1;FANCA;Choline
RPA1;FANCG;Choline
RPA1;CENPX;Choline
RPA1;CENPS;Choline
RPA1;TIMELESS;Choline
RPA1;DNA2;Choline
RPA1;TOP3A;Choline
RPA1;BLM;Choline
RPA1;RMI1;Choline
RPA1;RAD52;Choline
RPA1;FANCM;Choline
TERF2;RAD50;Choline
TERF2;BRCA1;Choline
TERF2;MRE11;Choline
TERF2;XRCC6;Choline
TERF2;NBN;Choline
TERF2;SLX4;Choline
TERF2;TERF1;Choline
TERF2;POT1;Choline
CDK4;TOP3A;Choline
CDK4;BLM;Choline
HUS1;RFC3;Choline
HUS1;RFC5;Choline
HUS1;RFC4;Choline
HUS1;ATR;Choline
HUS1;RAD9A;Choline
HUS1;RAD17;Choline
HUS1;RAD1;Choline
BRIP1;ATM;Choline
BRIP1;CHEK1;Choline
BRIP1;BRCA2;Choline
BRIP1;PALB2;Choline
BRIP1;MRE11;Choline
BRIP1;NBN;Choline
BRIP1;BRCA1;Choline
BRIP1;BARD1;Choline
BRIP1;TOPBP1;Choline
TOPBP1;CHEK1;Choline
TOPBP1;MDC1;Choline
TOPBP1;ATR;Choline
TOPBP1;BARD1;Choline
TOPBP1;ATRIP;Choline
TOPBP1;RAD9A;Choline
TOPBP1;TP53BP1;Choline
TOPBP1;CDC45;Choline
TOPBP1;BRCA1;Choline
BARD1;RAD50;Choline
PALB2;RAD51;Choline
PALB2;BRCA1;Choline
PALB2;RAD51C;Choline
PALB2;BRCA2;Choline
TIPIN;RPA2;Choline
TIPIN;CDC45;Choline
TIPIN;TIMELESS;Choline
MSH4;MLH3;Choline
MSH4;MSH5;Choline
RAD18;FBH1;Choline
RAD18;TP53BP1;Choline
RAD18;FANCM;Choline
RAD18;RAD51;Choline
NBN;ATRX;Choline
NBN;RAD50;Choline
FANCM;ATRIP;Choline
FANCM;RAD51B;Choline
FANCM;TOP3B;Choline
FANCM;RAD51;Choline
FANCM;ATR;Choline
FANCM;RAD51D;Choline
FANCM;FBH1;Choline
FANCM;RAD52;Choline
FANCM;MUS81;Choline
FANCM;WRN;Choline
FANCM;FANCD2;Choline
FANCM;RPA2;Choline
FANCM;FANCI;Choline
FANCM;TOP3A;Choline
FANCM;FAAP100;Choline
FANCM;RMI1;Choline
FANCM;RMI2;Choline
FANCM;FANCG;Choline
FANCM;BLM;Choline
FANCM;FANCA;Choline
FANCM;CENPX;Choline
FANCM;CENPS;Choline
FANCM;FANCF;Choline
FANCM;FANCC;Choline
TP53;FANCC;Choline
TP53;BLM;Choline
TP53;SUMO2;Choline
TP53;CHEK2;Choline
TERF1;BRCA1;Choline
TERF1;XRCC6;Choline
TERF1;POT1;Choline
ATM;TOP3A;Choline
ATM;POLD1;Choline
ATM;ERCC4;Choline
ATM;RAD50;Choline
ATM;BLM;Choline
ATM;CHEK2;Choline
FANCD2;CENPS;Choline
FANCD2;CENPX;Choline
FANCD2;FAAP100;Choline
FANCD2;FANCC;Choline
FANCD2;FANCF;Choline
FANCD2;FANCA;Choline
FANCD2;BRCA1;Choline
FANCD2;FANCG;Choline
FANCD2;BRCA2;Choline
FANCD2;FANCI;Choline
FANCC;FANCI;Choline
FANCC;CENPX;Choline
FANCC;CENPS;Choline
FANCC;FANCF;Choline
FANCC;FANCA;Choline
FANCC;FAAP100;Choline
FANCC;FANCG;Choline
SLX4;MUS81;Choline
SLX4;EME1;Choline
SLX4;ERCC4;Choline
WRN;FBH1;Choline
WRN;TOP3B;Choline
WRN;MUS81;Choline
WRN;ATR;Choline
WRN;TOP3A;Choline
WRN;RAD52;Choline
WRN;XRCC6;Choline
WRN;RPA2;Choline
WRN;DNA2;Choline
FEN1;RAD1;Choline
FEN1;BLM;Choline
FEN1;DNA2;Choline
MUS81;BLM;Choline
MUS81;RAD52;Choline
MUS81;RAD51;Choline
MUS81;ERCC4;Choline
MUS81;EME1;Choline
CENPS;FANCI;Choline
CENPS;BLM;Choline
CENPS;TOP3A;Choline
CENPS;RMI2;Choline
CENPS;RMI1;Choline
CENPS;RPA2;Choline
CENPS;FANCF;Choline
CENPS;CENPX;Choline
CENPS;FANCA;Choline
CENPS;FANCG;Choline
CENPS;FAAP100;Choline
RMI2;TOP3B;Choline
RMI2;BLM;Choline
RMI2;FANCA;Choline
RMI2;FAAP100;Choline
RMI2;RMI1;Choline
RMI2;TOP3A;Choline
ERCC4;RAD52;Choline
ERCC4;XRCC6;Choline
FANCI;ATRIP;Choline
FANCI;ATR;Choline
FANCI;CENPX;Choline
FANCI;FAAP100;Choline
FANCI;FANCF;Choline
FANCI;FANCA;Choline
FANCI;FANCG;Choline
RAD9A;RFC4;Choline
RAD9A;RFC3;Choline
RAD9A;RFC5;Choline
RAD9A;ATR;Choline
RAD9A;RAD1;Choline
RAD9A;RAD17;Choline
RMI1;TOP3B;Choline
RMI1;ERCC6L;Choline
RMI1;CENPX;Choline
RMI1;FAAP100;Choline
RMI1;FANCA;Choline
RMI1;FANCF;Choline
RMI1;BLM;Choline
RMI1;RPA2;Choline
RMI1;TOP3A;Choline
TOP3A;BRCA2;Choline
TOP3A;TOP3B;Choline
TOP3A;ERCC6L;Choline
TOP3A;FAAP100;Choline
TOP3A;RPA2;Choline
TOP3A;FANCG;Choline
TOP3A;FANCA;Choline
TOP3A;BLM;Choline
ATRIP;FANCG;Choline
ATRIP;FANCA;Choline
MRE11;BLM;Choline
MRE11;RAD50;Choline
PIF1;DNA2;Choline
FANCF;FANCG;Choline
FANCF;FAAP100;Choline
FANCF;FANCA;Choline
FANCF;CENPX;Choline
FAAP100;BLM;Choline
FAAP100;CENPX;Choline
FAAP100;FANCA;Choline
FAAP100;FANCG;Choline
ERCC6L;BLM;Choline
RAD51C;RAD51;Choline
RAD51C;RAD51B;Choline
RAD51C;XRCC2;Choline
RAD51C;BRCA2;Choline
RAD51C;RAD51D;Choline
RAD51C;XRCC3;Choline
ATR;FANCG;Choline
ATR;FANCA;Choline
ATR;BLM;Choline
ATR;RAD1;Choline
ATR;RAD17;Choline
ATR;CHEK2;Choline
BLM;FBH1;Choline
BLM;RAD50;Choline
BLM;BRCA2;Choline
BLM;TOP3B;Choline
BLM;RAD52;Choline
BLM;XRCC3;Choline
BLM;TP53BP1;Choline
BLM;CENPX;Choline
BLM;RAD51;Choline
BLM;EXO1;Choline
BLM;RPA2;Choline
BLM;FANCA;Choline
BLM;FANCG;Choline
UBE2I;RAD51;Choline
UBE2I;SUMO2;Choline
POT1;XRCC6;Choline
RAD52;FBH1;Choline
RAD52;TP53BP1;Choline
RAD52;XRCC3;Choline
RAD52;RPA2;Choline
XRCC6;POLD1;Choline
XRCC2;RAD51;Choline
XRCC2;RAD51B;Choline
XRCC2;RAD51D;Choline
XRCC2;XRCC3;Choline
SMC5;SMC6;Choline
RAD54L;RAD51;Choline
RPA4;RPA2;Choline
RPA4;POLD1;Choline
ATRX;RAD51;Choline
RPA2;POLD1;Choline
RPA2;TIMELESS;Choline
RPA2;CENPX;Choline
MDC1;SMC6;Choline
MDC1;RAD50;Choline
FANCG;BRCA2;Choline
FANCG;CENPX;Choline
FANCG;FANCA;Choline
RAD50;H2AX;Choline
RAD50;BRCA1;Choline
RAD50;RBBP8;Choline
FBH1;XRCC3;Choline
FBH1;RAD51;Choline
RFC3;RAD1;Choline
RFC3;RAD17;Choline
BRCA2;XRCC3;Choline
RAD1;RFC5;Choline
RAD1;RFC4;Choline
RAD1;RAD17;Choline
TP53BP1;TIMELESS;Choline
TP53BP1;SUMO2;Choline
TP53BP1;CHEK2;Choline
TP53BP1;PAXIP1;Choline
CHEK2;CHEK1;Choline
CHEK2;BRCA1;Choline
FANCA;BRCA1;Choline
FANCA;CENPX;Choline
RFC4;RAD17;Choline
PAXIP1;SMC6;Choline
CDC45;TIMELESS;Choline
RFC5;RAD17;Choline
RAD51B;XRCC3;Choline
RAD51B;RAD51D;Choline
XRCC3;RAD51D;Choline
XRCC3;RAD51;Choline
ATIC;MTR;Folic acid
ATIC;DHFR2;Folic acid
ATIC;DHFR;Folic acid
ATIC;MTHFD2L;Folic acid
ATIC;MTHFD2;Folic acid
ATIC;MTHFD1L;Folic acid
ATIC;SHMT2;Folic acid
ATIC;MTHFD1;Folic acid
ATIC;SHMT1;Folic acid
ATIC;GART;Folic acid
BHMT2;MTR;Folic acid
BHMT2;BHMT;Folic acid
NUDT15;TYMS;Folic acid
NUDT15;GCH1;Folic acid
NUDT15;FPGS;Folic acid
GGH;DHFR2;Folic acid
GGH;DHFR;Folic acid
GGH;FPGS;Folic acid
BHMT;MTR;Folic acid
CTBP1;CTBP2;Folic acid
GRHPR;FPGS;Folic acid
GRHPR;TYMS;Folic acid
GRHPR;BCAT1;Folic acid
GRHPR;BCAT2;Folic acid
TYMS;MTHFD1;Folic acid
TYMS;MTHFD2L;Folic acid
TYMS;MTHFR;Folic acid
TYMS;FPGS;Folic acid
TYMS;MTHFD2;Folic acid
TYMS;SHMT1;Folic acid
TYMS;SHMT2;Folic acid
TYMS;DHFR2;Folic acid
TYMS;DHFR;Folic acid
SHMT1;SHMT2;Folic acid
SHMT1;FPGS;Folic acid
SHMT1;DHFR2;Folic acid
SHMT1;MTR;Folic acid
SHMT1;MTHFD1L;Folic acid
SHMT1;DHFR;Folic acid
SHMT1;MTHFD2L;Folic acid
SHMT1;MTHFD2;Folic acid
SHMT1;MTHFR;Folic acid
SHMT1;MTHFD1;Folic acid
SHMT1;GART;Folic acid
DHFR2;DHFR;Folic acid
DHFR2;MTHFD1L;Folic acid
DHFR2;MTR;Folic acid
DHFR2;MTHFD1;Folic acid
DHFR2;SHMT2;Folic acid
DHFR2;GART;Folic acid
DHFR2;FPGS;Folic acid
BCAT2;FPGS;Folic acid
BCAT2;BCAT1;Folic acid
SHMT2;FPGS;Folic acid
SHMT2;MTR;Folic acid
SHMT2;DHFR;Folic acid
SHMT2;MTHFD2L;Folic acid
SHMT2;MTHFD1L;Folic acid
SHMT2;MTHFD1;Folic acid
SHMT2;MTHFR;Folic acid
SHMT2;MTHFD2;Folic acid
SHMT2;GART;Folic acid
MTR;GART;Folic acid
MTR;DHFR;Folic acid
MTR;MTHFD1L;Folic acid
MTR;MTHFD1;Folic acid
MTR;MTHFR;Folic acid
FPGS;BCAT1;Folic acid
FPGS;MTHFD2L;Folic acid
FPGS;MTHFD2;Folic acid
FPGS;MTHFD1L;Folic acid
FPGS;MTHFD1;Folic acid
FPGS;DHFR;Folic acid
MTHFR;MTHFD2L;Folic acid
MTHFR;MTHFD2;Folic acid
MTHFR;MTHFD1;Folic acid
GART;DHFR;Folic acid
GART;MTHFD2;Folic acid
GART;MTHFD1L;Folic acid
GART;MTHFD1;Folic acid
GART;MTHFD2L;Folic acid
MTHFD2;MTHFD1;Folic acid
MTHFD2;MTHFD2L;Folic acid
MTHFD2;MTHFD1L;Folic acid
MTHFD2L;MTHFD1;Folic acid
MTHFD2L;MTHFD1L;Folic acid
DHFR;MTHFD1L;Folic acid
DHFR;MTHFD1;Folic acid
MTHFD1L;MTHFD1;Folic acid
CYP4F3;CYP4F8;Folic acid
CYP4F3;PTGS1;Folic acid
CYP4F3;CYP4A22;Folic acid
CYP4F3;CYP4A11;Folic acid
CYP4F3;ALOX15B;Folic acid
CYP4F3;ALOX12B;Folic acid
CYP4F3;ALOX15;Folic acid
CYP4F3;ALOX12;Folic acid
CYP4F3;ALOX5;Folic acid
CYP4F3;CYP2U1;Folic acid
CYP4F3;CYP2B6;Folic acid
CYP4F3;PTGS2;Folic acid
CYP4F3;CYP2C8;Folic acid
CYP4F3;CYP2E1;Folic acid
CYP4F3;CYP2C19;Folic acid
CYP4F3;CYP2C9;Folic acid
CYP4F3;CYP2J2;Folic acid
CYP4F3;CYP4F2;Folic acid
CYP4F2;CYP4F8;Folic acid
CYP4F2;ALOX15B;Folic acid
CYP4F2;PTGS1;Folic acid
CYP4F2;CYP4A22;Folic acid
CYP4F2;ALOX15;Folic acid
CYP4F2;CYP4A11;Folic acid
CYP4F2;ALOX12;Folic acid
CYP4F2;ALOX12B;Folic acid
CYP4F2;ALOX5;Folic acid
CYP4F2;PTGS2;Folic acid
CYP4F2;CYP2U1;Folic acid
CYP4F2;CYP2E1;Folic acid
CYP4F2;CYP2C8;Folic acid
CYP4F2;CYP2J2;Folic acid
CYP4F2;CYP2B6;Folic acid
CYP4F2;CYP2C19;Folic acid
CYP4F2;CYP2C9;Folic acid
PTGIS;HPGDS;Folic acid
PTGIS;PTGDS;Folic acid
PTGIS;PTGES2;Folic acid
PTGIS;PTGES3;Folic acid
PTGIS;PTGES;Folic acid
PTGIS;PTGS1;Folic acid
PTGIS;PTGS2;Folic acid
ALOX12;CYP2B6;Folic acid
ALOX12;ALOX15;Folic acid
ALOX12;CYP2C8;Folic acid
ALOX12;CYP4F8;Folic acid
ALOX12;CYP2U1;Folic acid
ALOX12;CYP4A22;Folic acid
ALOX12;ALOX5;Folic acid
ALOX12;CYP2C19;Folic acid
ALOX12;ALOX15B;Folic acid
ALOX12;CYP2C9;Folic acid
ALOX12;CYP4A11;Folic acid
ALOX12;ALOX12B;Folic acid
ALOX12;CYP2E1;Folic acid
ALOX12;CYP2J2;Folic acid
ALOX12;PTGS2;Folic acid
ALOX12;PTGS1;Folic acid
COX5B;MT-ND6;Folic acid
COX5B;MT-ND2;Folic acid
COX5B;MT-ND5;Folic acid
COX5B;MT-ND4L;Folic acid
COX5B;MT-ND3;Folic acid
COX5B;MT-ND4;Folic acid
COX5B;MT-ND1;Folic acid
COX5B;MT-CYB;Folic acid
CYP2C9;ALOX12B;Folic acid
CYP2C9;ALOX15B;Folic acid
CYP2C9;ALOX15;Folic acid
CYP2C9;CYP2U1;Folic acid
CYP2C9;CYP2J2;Folic acid
CYP2C9;CYP2E1;Folic acid
CYP2C9;PTGS2;Folic acid
CYP2C9;PTGS1;Folic acid
CYP2C9;CYP4F8;Folic acid
CYP2C9;HPGDS;Folic acid
CYP2C9;ALOX5;Folic acid
CYP2C9;CYP2C19;Folic acid
LTC4S;ALOX5;Folic acid
ALOX15;CYP4A22;Folic acid
ALOX15;CYP4F8;Folic acid
ALOX15;CYP2U1;Folic acid
ALOX15;CYP2B6;Folic acid
ALOX15;CYP2C8;Folic acid
ALOX15;ALOX5;Folic acid
ALOX15;ALOX15B;Folic acid
ALOX15;CYP2E1;Folic acid
ALOX15;CYP4A11;Folic acid
ALOX15;ALOX12B;Folic acid
ALOX15;CYP2C19;Folic acid
ALOX15;CYP2J2;Folic acid
ALOX15;PTGS1;Folic acid
ALOX15;PTGS2;Folic acid
HPGDS;PTGES3;Folic acid
HPGDS;PTGS2;Folic acid
HPGDS;PTGS1;Folic acid
HPGDS;PTGES2;Folic acid
HPGDS;PTGES;Folic acid
HPGDS;CYP2E1;Folic acid
HPGDS;PTGDS;Folic acid
CYP4A11;ALOX12B;Folic acid
CYP4A11;PTGS1;Folic acid
CYP4A11;CYP4F8;Folic acid
CYP4A11;PTGS2;Folic acid
CYP4A11;ALOX15B;Folic acid
CYP4A11;ALOX5;Folic acid
CYP4A11;CYP2U1;Folic acid
CYP4A11;CYP2J2;Folic acid
CYP4A11;CYP2C19;Folic acid
CYP4A11;CYP2E1;Folic acid
PLAAT3;PLB1;Folic acid
CYP2B6;ALOX12B;Folic acid
CYP2B6;ALOX15B;Folic acid
CYP2B6;PTGS2;Folic acid
CYP2B6;ALOX5;Folic acid
CYP2B6;PTGS1;Folic acid
CYP2B6;CYP2C19;Folic acid
CYP2B6;CYP2E1;Folic acid
CYP2B6;CYP2J2;Folic acid
CYP2B6;CYP2U1;Folic acid
CYP2B6;CYP4F8;Folic acid
CYP2U1;PTGS1;Folic acid
CYP2U1;PTGS2;Folic acid
CYP2U1;ALOX15B;Folic acid
CYP2U1;ALOX12B;Folic acid
CYP2U1;ALOX5;Folic acid
CYP2U1;CYP2C8;Folic acid
CYP2U1;CYP2C19;Folic acid
CYP2U1;CYP2E1;Folic acid
CYP2U1;CYP2J2;Folic acid
CYP2U1;CYP4A22;Folic acid
CYP2U1;CYP4F8;Folic acid
PTGES;PTGDS;Folic acid
PTGES;PTGS1;Folic acid
PTGES;PTGS2;Folic acid
PTGES;PTGES2;Folic acid
PTGES;PTGES3;Folic acid
PTGES2;PTGDS;Folic acid
PTGES2;PTGS1;Folic acid
PTGES2;PTGS2;Folic acid
PTGES2;PTGES3;Folic acid
MT-CYB;MT-ND6;Folic acid
MT-CYB;MT-ND2;Folic acid
MT-CYB;MT-ND1;Folic acid
MT-CYB;MT-ND4L;Folic acid
MT-CYB;MT-ND4;Folic acid
MT-CYB;MT-ND3;Folic acid
MT-CYB;MT-ND5;Folic acid
PTGS1;CYP4A22;Folic acid
PTGS1;CYP4F8;Folic acid
PTGS1;CYP2J2;Folic acid
PTGS1;ALOX12B;Folic acid
PTGS1;CYP2C8;Folic acid
PTGS1;CYP2E1;Folic acid
PTGS1;CYP2C19;Folic acid
PTGS1;ALOX15B;Folic acid
PTGS1;PTGS2;Folic acid
PTGS1;PTGDS;Folic acid
PTGS1;PTGES3;Folic acid
PTGS1;ALOX5;Folic acid
MT-ATP6;MT-ATP8;Folic acid
MT-ND6;MT-ND4;Folic acid
MT-ND6;MT-ND2;Folic acid
MT-ND6;MT-ND3;Folic acid
MT-ND6;MT-ND5;Folic acid
MT-ND6;MT-ND4L;Folic acid
MT-ND6;MT-ND1;Folic acid
MT-ND1;MT-ND5;Folic acid
MT-ND1;MT-ND4;Folic acid
MT-ND1;MT-ND3;Folic acid
MT-ND1;MT-ND4L;Folic acid
MT-ND1;MT-ND2;Folic acid
MT-ND4L;MT-ND5;Folic acid
MT-ND4L;MT-ND4;Folic acid
MT-ND4L;MT-ND3;Folic acid
MT-ND4L;MT-ND2;Folic acid
MT-ND5;MT-ND4;Folic acid
MT-ND5;MT-ND3;Folic acid
MT-ND5;MT-ND2;Folic acid
MT-ND4;MT-ND3;Folic acid
MT-ND4;MT-ND2;Folic acid
MT-ND2;MT-ND3;Folic acid
PTGS2;CYP4A22;Folic acid
PTGS2;CYP2J2;Folic acid
PTGS2;ALOX12B;Folic acid
PTGS2;CYP2C19;Folic acid
PTGS2;ALOX15B;Folic acid
PTGS2;CYP2E1;Folic acid
PTGS2;CYP2C8;Folic acid
PTGS2;CYP4F8;Folic acid
PTGS2;PTGDS;Folic acid
PTGS2;PTGES3;Folic acid
PTGS2;ALOX5;Folic acid
CYP2J2;ALOX12B;Folic acid
CYP2J2;ALOX15B;Folic acid
CYP2J2;CYP2C19;Folic acid
CYP2J2;CYP2C8;Folic acid
CYP2J2;ALOX5;Folic acid
CYP2J2;CYP2E1;Folic acid
CYP2J2;CYP4F8;Folic acid
CYP2J2;CYP4A22;Folic acid
CYP2C8;ALOX12B;Folic acid
CYP2C8;ALOX15B;Folic acid
CYP2C8;ALOX5;Folic acid
CYP2C8;CYP4F8;Folic acid
CYP2C8;CYP2C19;Folic acid
CYP2C8;CYP2E1;Folic acid
CYP2C19;ALOX12B;Folic acid
CYP2C19;ALOX15B;Folic acid
CYP2C19;CYP2E1;Folic acid
CYP2C19;CYP4A22;Folic acid
CYP2C19;ALOX5;Folic acid
PTGDS;PTGES3;Folic acid
CYP4A22;ALOX5;Folic acid
CYP4A22;ALOX15B;Folic acid
CYP4A22;CYP4F8;Folic acid
CYP4A22;ALOX12B;Folic acid
CYP4A22;CYP2E1;Folic acid
ALOX5;CYP4F8;Folic acid
ALOX5;ALOX12B;Folic acid
ALOX5;ALOX15B;Folic acid
ALOX5;CYP2E1;Folic acid
ALOX15B;CYP2E1;Folic acid
ALOX15B;ALOX12B;Folic acid
ALOX15B;CYP4F8;Folic acid
PLA2G2A;PLA2G4C;Folic acid
CYP2E1;ALOX12B;Folic acid
CYP4F8;ALOX12B;Folic acid
SPATA20;TYMS;Folic acid
MCM5;GINS2;Folic acid
RNASEH2A;PCNA;Folic acid
RNASEH2A;RNASEH1;Folic acid
UMPS;NT5C1A;Folic acid
UMPS;NT5C1B-RDH14;Folic acid
UMPS;ENTPD1;Folic acid
UMPS;ENTPD8;Folic acid
UMPS;ENTPD3;Folic acid
UMPS;NT5C3B;Folic acid
UMPS;NT5C1B;Folic acid
UMPS;NT5M;Folic acid
UMPS;NT5C2;Folic acid
UMPS;NT5E;Folic acid
UMPS;NT5C3A;Folic acid
UMPS;NT5C;Folic acid
UMPS;CMPK2;Folic acid
UMPS;UPRT;Folic acid
UMPS;UCK2;Folic acid
UMPS;TYMP;Folic acid
UMPS;UPP1;Folic acid
UMPS;DPYD;Folic acid
NT5C1A;DUT;Folic acid
NT5C1A;UPRT;Folic acid
NT5C1A;DTYMK;Folic acid
NT5C1A;NT5C1B;Folic acid
NT5C1A;NT5C1B-RDH14;Folic acid
NT5C1A;TYMP;Folic acid
NT5C1A;CMPK2;Folic acid
NT5C1A;TK2;Folic acid
NT5C1A;UPP1;Folic acid
NT5C1A;DGUOK;Folic acid
NT5C1A;TYMS;Folic acid
NT5C1A;ITPA;Folic acid
NT5C1A;CDA;Folic acid
NT5C1A;ATIC;Folic acid
NT5C1A;NT5E;Folic acid
NT5C1A;DCTD;Folic acid
NT5C1A;NT5C3B;Folic acid
NT5C1A;DCK;Folic acid
NT5C1A;NT5C3A;Folic acid
NT5C1A;NT5M;Folic acid
NT5C1A;NT5C2;Folic acid
NT5C1A;NT5C;Folic acid
ATIC;NT5C;Folic acid
ATIC;NT5C3B;Folic acid
ATIC;NT5M;Folic acid
ATIC;NT5C2;Folic acid
ATIC;NT5C3A;Folic acid
ATIC;ENTPD3;Folic acid
ATIC;NT5C1B;Folic acid
ATIC;ENTPD8;Folic acid
ATIC;ENTPD1;Folic acid
ATIC;NT5C1B-RDH14;Folic acid
ATIC;NT5E;Folic acid
ATIC;AMT;Folic acid
ATIC;ITPA;Folic acid
ADAT2;ADAT3;Folic acid
NT5C;NT5M;Folic acid
NT5C;UPRT;Folic acid
NT5C;CMPK2;Folic acid
NT5C;TYMS;Folic acid
NT5C;CDA;Folic acid
NT5C;TK2;Folic acid
NT5C;DGUOK;Folic acid
NT5C;ITPA;Folic acid
NT5C;NT5E;Folic acid
NT5C;UPP1;Folic acid
NT5C;DUT;Folic acid
NT5C;DCTD;Folic acid
NT5C;DTYMK;Folic acid
NT5C;NT5C3B;Folic acid
NT5C;NT5C1B-RDH14;Folic acid
NT5C;DCK;Folic acid
NT5C;NT5C1B;Folic acid
NT5C;NT5C2;Folic acid
NT5C;TYMP;Folic acid
NT5C;NT5C3A;Folic acid
RRM2B;ENTPD8;Folic acid
RRM2B;ENTPD1;Folic acid
RRM2B;CMPK2;Folic acid
RRM2B;ENTPD3;Folic acid
RRM2B;DTYMK;Folic acid
RRM2B;TP53;Folic acid
RRM2B;RRM2;Folic acid
RRM2B;RRM1;Folic acid
GINS2;MCM2;Folic acid
GINS2;MCM6;Folic acid
GINS2;MCM4;Folic acid
GINS2;CDC45;Folic acid
GINS2;MCM3;Folic acid
GINS2;MCM7;Folic acid
DMGDH;SARDH;Folic acid
CMPK2;CDA;Folic acid
CMPK2;TK1;Folic acid
CMPK2;TYMS;Folic acid
CMPK2;ENTPD3;Folic acid
CMPK2;ENTPD1;Folic acid
CMPK2;ENTPD8;Folic acid
CMPK2;NT5C3B;Folic acid
CMPK2;NT5C2;Folic acid
CMPK2;RRM2;Folic acid
CMPK2;NT5E;Folic acid
CMPK2;NT5C1B-RDH14;Folic acid
CMPK2;NT5C1B;Folic acid
CMPK2;UPRT;Folic acid
CMPK2;UCK2;Folic acid
CMPK2;NT5C3A;Folic acid
CMPK2;RRM1;Folic acid
CMPK2;DCTD;Folic acid
CMPK2;DCK;Folic acid
CMPK2;NT5M;Folic acid
NT5E;NUDT15;Folic acid
NT5E;DPYD;Folic acid
NT5E;DUT;Folic acid
NT5E;DGUOK;Folic acid
NT5E;DCTD;Folic acid
NT5E;ITPA;Folic acid
NT5E;NT5C3B;Folic acid
NT5E;NT5C3A;Folic acid
NT5E;DTYMK;Folic acid
NT5E;TK2;Folic acid
NT5E;DCK;Folic acid
NT5E;UPRT;Folic acid
NT5E;NT5C1B-RDH14;Folic acid
NT5E;NT5C1B;Folic acid
NT5E;TYMS;Folic acid
NT5E;NT5C2;Folic acid
NT5E;TYMP;Folic acid
NT5E;CDA;Folic acid
NT5E;NT5M;Folic acid
NT5E;UPP1;Folic acid
NUDT15;GLDC;Folic acid
NUDT15;RRM1;Folic acid
DGUOK;ITPA;Folic acid
DGUOK;NT5C1B;Folic acid
DGUOK;NT5C1B-RDH14;Folic acid
DGUOK;NT5C3B;Folic acid
DGUOK;NT5C3A;Folic acid
DGUOK;NT5C2;Folic acid
DGUOK;NT5M;Folic acid
PPAT;GART;Folic acid
AMT;DHFR2;Folic acid
AMT;DHFR;Folic acid
AMT;MTHFD1L;Folic acid
AMT;GART;Folic acid
AMT;MTHFD1;Folic acid
AMT;MTR;Folic acid
AMT;TYMS;Folic acid
AMT;MTHFR;Folic acid
AMT;SHMT1;Folic acid
AMT;SHMT2;Folic acid
AMT;MTHFD2L;Folic acid
AMT;MTHFD2;Folic acid
AMT;GCSH;Folic acid
AMT;GLDC;Folic acid
DCK;ENTPD1;Folic acid
DCK;ENTPD8;Folic acid
DCK;ENTPD3;Folic acid
DCK;NT5C3B;Folic acid
DCK;NT5C1B-RDH14;Folic acid
DCK;NT5C1B;Folic acid
DCK;NT5M;Folic acid
DCK;NT5C3A;Folic acid
DCK;NT5C2;Folic acid
DCK;DCTD;Folic acid
DCK;CDA;Folic acid
BUB1B;RAD51;Folic acid
TK2;ENTPD3;Folic acid
TK2;NT5C3A;Folic acid
TK2;ENTPD8;Folic acid
TK2;NT5C3B;Folic acid
TK2;NT5C1B-RDH14;Folic acid
TK2;NT5C1B;Folic acid
TK2;NT5C2;Folic acid
TK2;ENTPD1;Folic acid
TK2;UPP1;Folic acid
TK2;DUT;Folic acid
TK2;NT5M;Folic acid
TK2;DCTD;Folic acid
TK2;CDA;Folic acid
TK2;TYMP;Folic acid
TK2;DTYMK;Folic acid
TK2;TYMS;Folic acid
PCLAF;PCNA;Folic acid
RRM1;ITPA;Folic acid
RRM1;ENTPD1;Folic acid
RRM1;ENTPD3;Folic acid
RRM1;ENTPD8;Folic acid
RRM1;DTYMK;Folic acid
RRM1;RRM2;Folic acid
ENTPD3;TYMS;Folic acid
ENTPD3;UPRT;Folic acid
ENTPD3;ENTPD8;Folic acid
ENTPD3;DTYMK;Folic acid
ENTPD3;ITPA;Folic acid
ENTPD3;RRM2;Folic acid
ENTPD3;ENTPD1;Folic acid
ENTPD3;UCK2;Folic acid
ENTPD3;CTPS1;Folic acid
DTYMK;CDA;Folic acid
DTYMK;NT5C1B-RDH14;Folic acid
DTYMK;NT5C3B;Folic acid
DTYMK;ENTPD1;Folic acid
DTYMK;ENTPD8;Folic acid
DTYMK;NT5C1B;Folic acid
DTYMK;NT5C2;Folic acid
DTYMK;NT5C3A;Folic acid
DTYMK;RRM2;Folic acid
DTYMK;NT5M;Folic acid
DTYMK;TK1;Folic acid
DTYMK;DUT;Folic acid
DTYMK;DCTD;Folic acid
DTYMK;TYMS;Folic acid
RNASEH1;TYMS;Folic acid
GRHPR;GLDC;Folic acid
TYMS;IBA57;Folic acid
TYMS;ENTPD8;Folic acid
TYMS;NT5C3B;Folic acid
TYMS;ENTPD1;Folic acid
TYMS;NT5C2;Folic acid
TYMS;NT5C3A;Folic acid
TYMS;NT5M;Folic acid
TYMS;NT5C1B-RDH14;Folic acid
TYMS;GLDC;Folic acid
TYMS;NT5C1B;Folic acid
TYMS;CDA;Folic acid
TYMS;ITPA;Folic acid
TYMS;TK1;Folic acid
TYMS;DUT;Folic acid
TYMS;DCTD;Folic acid
SHMT1;IBA57;Folic acid
SHMT1;GCSH;Folic acid
SHMT1;SARDH;Folic acid
SHMT1;GLDC;Folic acid
DHFR2;IBA57;Folic acid
DHFR2;GLDC;Folic acid
GCSH;SHMT2;Folic acid
GCSH;GLDC;Folic acid
UPP1;NT5C3B;Folic acid
UPP1;NT5C1B-RDH14;Folic acid
UPP1;NT5C1B;Folic acid
UPP1;NT5C2;Folic acid
UPP1;NT5C3A;Folic acid
UPP1;NT5M;Folic acid
UPP1;UPRT;Folic acid
UPP1;UCK2;Folic acid
UPP1;DPYD;Folic acid
UPP1;CDA;Folic acid
UPP1;TYMP;Folic acid
ADAT3;SMUG1;Folic acid
SHMT2;IBA57;Folic acid
SHMT2;SARDH;Folic acid
SHMT2;GLDC;Folic acid
NT5C2;UPRT;Folic acid
NT5C2;DUT;Folic acid
NT5C2;TYMP;Folic acid
NT5C2;ITPA;Folic acid
NT5C2;CDA;Folic acid
NT5C2;NT5C3B;Folic acid
NT5C2;NT5C1B-RDH14;Folic acid
NT5C2;DCTD;Folic acid
NT5C2;NT5C1B;Folic acid
NT5C2;NT5M;Folic acid
NT5C2;NT5C3A;Folic acid
DCTD;NT5C1B-RDH14;Folic acid
DCTD;NT5C3B;Folic acid
DCTD;NT5C1B;Folic acid
DCTD;NT5M;Folic acid
DCTD;NT5C3A;Folic acid
DCTD;DUT;Folic acid
PRIM1;PCNA;Folic acid
PRIM1;MCM3;Folic acid
PRIM1;PRIM2;Folic acid
NT5C1B;NT5C1B-RDH14;Folic acid
NT5C1B;UPRT;Folic acid
NT5C1B;CDA;Folic acid
NT5C1B;TYMP;Folic acid
NT5C1B;DUT;Folic acid
NT5C1B;ITPA;Folic acid
NT5C1B;NT5C3A;Folic acid
NT5C1B;NT5C3B;Folic acid
NT5C1B;NT5M;Folic acid
RRM2;ENTPD1;Folic acid
RRM2;ENTPD8;Folic acid
MTR;MTRR;Folic acid
IBA57;MTHFD2;Folic acid
IBA57;MTHFR;Folic acid
IBA57;MTHFD2L;Folic acid
IBA57;DHFR;Folic acid
IBA57;GLDC;Folic acid
DTL;PCNA;Folic acid
UCK2;ENTPD8;Folic acid
UCK2;ENTPD1;Folic acid
UCK2;CDA;Folic acid
UCK2;UPRT;Folic acid
DPYD;UPRT;Folic acid
DPYD;TYMP;Folic acid
ENTPD1;UPRT;Folic acid
ENTPD1;ENTPD8;Folic acid
ENTPD1;ITPA;Folic acid
ENTPD1;CTPS1;Folic acid
ENTPD8;UPRT;Folic acid
ENTPD8;ITPA;Folic acid
ENTPD8;CTPS1;Folic acid
SARDH;GLDC;Folic acid
UPRT;NT5C3B;Folic acid
UPRT;NT5C3A;Folic acid
UPRT;NT5C1B-RDH14;Folic acid
UPRT;NT5M;Folic acid
UPRT;TYMP;Folic acid
CDA;NT5C1B-RDH14;Folic acid
CDA;NT5M;Folic acid
CDA;NT5C3B;Folic acid
CDA;TK1;Folic acid
CDA;NT5C3A;Folic acid
CDA;TYMP;Folic acid
MTHFR;GLDC;Folic acid
PCNA;RFC3;Folic acid
PCNA;RFC4;Folic acid
ITPA;NT5C3B;Folic acid
ITPA;NT5M;Folic acid
ITPA;NT5C3A;Folic acid
ITPA;NT5C1B-RDH14;Folic acid
ITPA;DUT;Folic acid
DUT;NT5C1B-RDH14;Folic acid
DUT;NT5C3B;Folic acid
DUT;NT5C3A;Folic acid
DUT;NT5M;Folic acid
GLDC;DHFR;Folic acid
GLDC;MTHFD2L;Folic acid
GLDC;MTHFD2;Folic acid
GLDC;ENSP00000492798;Folic acid
GLDC;ENSP00000491651;Folic acid
NT5M;NT5C3B;Folic acid
NT5M;NT5C1B-RDH14;Folic acid
NT5M;NT5C3A;Folic acid
NT5M;TYMP;Folic acid
TYMP;NT5C3B;Folic acid
TYMP;NT5C1B-RDH14;Folic acid
TYMP;NT5C3A;Folic acid
TYMP;TK1;Folic acid
NT5C3B;NT5C3A;Folic acid
NT5C3B;NT5C1B-RDH14;Folic acid
NT5C1B-RDH14;NT5C3A;Folic acid
IREB2;ACO1;Folic acid
SLC40A1;HAMP;Folic acid
FTH1;SCARA5;Folic acid
FTH1;TFRC;Folic acid
FTH1;NCOA4;Folic acid
FTH1;FTL;Folic acid
PANK1;PANK2;Folic acid
SCARA5;FTL;Folic acid
FTL;NCOA4;Folic acid
TFRC;HFE;Folic acid
HMOX1;IL4;Folic acid
HMOX1;NLRP3;Folic acid
NFKBIA;NFKB1;Folic acid
NFKBIA;RELA;Folic acid
MMP2;MMP9;Folic acid
MMP2;MMP1;Folic acid
MMP2;HBEGF;Folic acid
MMP2;SRC;Folic acid
CCL2;JUN;Folic acid
CCL2;NFKB1;Folic acid
CCL2;RELA;Folic acid
NFKB1;CXCL1;Folic acid
NFKB1;CXCL2;Folic acid
NFKB1;CCL5;Folic acid
NFKB1;IL18;Folic acid
NFKB1;NLRP3;Folic acid
NFKB1;TLR2;Folic acid
NFKB1;TLR4;Folic acid
NFKB1;IL1B;Folic acid
HBEGF;MMP9;Folic acid
HBEGF;EGFR;Folic acid
PTGER2;PTGER4;Folic acid
KRAS;ICAM1;Folic acid
TLR2;EGFR;Folic acid
TLR2;RELA;Folic acid
TLR2;MYD88;Folic acid
TLR2;TLR4;Folic acid
IL1A;FOS;Folic acid
IL1A;JUN;Folic acid
IL1A;IL1B;Folic acid
IL1B;JUN;Folic acid
IL1B;RELA;Folic acid
IL1B;NLRP3;Folic acid
STAT3;STAT6;Folic acid
EGFR;GAPDH;Folic acid
EGFR;CAV1;Folic acid
IL18;ALOX5;Folic acid
IL18;RELA;Folic acid
IL18;JUN;Folic acid
MMP1;MMP9;Folic acid
NOS2;AKT1;Folic acid
NLRP3;RELA;Folic acid
JUN;CXCL1;Folic acid
JUN;CCL5;Folic acid
JUN;CXCL2;Folic acid
MMP9;SRC;Folic acid
TLR4;RELA;Folic acid
TLR4;MYD88;Folic acid
CXCL1;RELA;Folic acid
RELA;CCL5;Folic acid
RELA;CXCL2;Folic acid
IL6;IL10;Folic acid
LGALS9C;ABCC4;Folic acid
SLC22A8;SLC22A7;Folic acid
DLD;GLUD2;Folic acid
DLD;AGXT;Folic acid
DLD;SHMT1;Folic acid
DLD;SHMT2;Folic acid
DLD;GCSH;Folic acid
DLD;GLDC;Folic acid
DLD;AMT;Folic acid
SPTLC2;SRR;Folic acid
SPTLC2;PSPH;Folic acid
SPTLC2;SDSL;Folic acid
SPTLC2;CBS;Folic acid
SPTLC2;SDS;Folic acid
SPTLC2;SHMT2;Folic acid
SPTLC2;SHMT1;Folic acid
SPTLC2;AGXT;Folic acid
SPTLC2;SPTLC3;Folic acid
SPTLC2;SPTLC1;Folic acid
AHCY;SDSL;Folic acid
AHCY;SDS;Folic acid
AHCY;BHMT2;Folic acid
AHCY;CBS;Folic acid
AHCY;BHMT;Folic acid
AHCY;MTR;Folic acid
MTFMT;FTCD;Folic acid
MTFMT;MTR;Folic acid
MTFMT;AMT;Folic acid
MTFMT;DHFR;Folic acid
MTFMT;DHFR2;Folic acid
MTFMT;SHMT1;Folic acid
MTFMT;GART;Folic acid
MTFMT;SHMT2;Folic acid
MTFMT;MTHFD1;Folic acid
MTFMT;MTHFD2L;Folic acid
MTFMT;MTHFD2;Folic acid
GAPDHS;GAPDH;Folic acid
GAPDHS;TKT;Folic acid
GAPDHS;TPI1;Folic acid
DAO;GATM;Folic acid
DAO;GNMT;Folic acid
DAO;ALAS2;Folic acid
DAO;ALAS1;Folic acid
DAO;PIPOX;Folic acid
DAO;AGXT2;Folic acid
DAO;SHMT2;Folic acid
DAO;SHMT1;Folic acid
DAO;AGXT;Folic acid
DAO;SARDH;Folic acid
DAO;GLDC;Folic acid
TPI1;TKT;Folic acid
TPI1;GAPDH;Folic acid
AGXT2;SDS;Folic acid
AGXT2;SDSL;Folic acid
AGXT2;ALAS1;Folic acid
AGXT2;ALAS2;Folic acid
AGXT2;GNMT;Folic acid
AGXT2;SHMT2;Folic acid
AGXT2;SARDH;Folic acid
AGXT2;SHMT1;Folic acid
AGXT2;PIPOX;Folic acid
AGXT2;GATM;Folic acid
AGXT2;GLDC;Folic acid
AGXT2;AGXT;Folic acid
ATIC;FTCD;Folic acid
ATIC;ADSS1;Folic acid
ATIC;ADSS2;Folic acid
ATIC;ADSL;Folic acid
DMGDH;PIPOX;Folic acid
DMGDH;GNMT;Folic acid
DMGDH;BHMT;Folic acid
BHMT2;SDSL;Folic acid
BHMT2;SDS;Folic acid
BHMT2;CBS;Folic acid
BHMT2;MAT2A;Folic acid
BHMT2;MAT1A;Folic acid
SDS;SPTLC1;Folic acid
SDS;SPTLC3;Folic acid
SDS;BHMT;Folic acid
SDS;MTR;Folic acid
SDS;SDSL;Folic acid
SDS;SRR;Folic acid
SDS;PSPH;Folic acid
SDS;CBS;Folic acid
SDS;AGXT;Folic acid
SDS;SHMT2;Folic acid
SDS;SHMT1;Folic acid
ALDH1L2;FTCD;Folic acid
ALDH1L2;AMT;Folic acid
ALDH1L2;GART;Folic acid
ALDH1L2;MTR;Folic acid
ALDH1L2;DHFR2;Folic acid
ALDH1L2;ALDH1L1;Folic acid
ALDH1L2;DHFR;Folic acid
ALDH1L2;MTHFD2L;Folic acid
ALDH1L2;SHMT2;Folic acid
ALDH1L2;SHMT1;Folic acid
ALDH1L2;MTHFD2;Folic acid
ALDH1L2;MTHFD1;Folic acid
MTHFS;GART;Folic acid
MTHFS;MTHFD2L;Folic acid
MTHFS;MTHFD2;Folic acid
MTHFS;MTHFD1;Folic acid
MTHFS;FTCD;Folic acid
SPTLC1;SRR;Folic acid
SPTLC1;PSPH;Folic acid
SPTLC1;SDSL;Folic acid
SPTLC1;CBS;Folic acid
SPTLC1;SHMT2;Folic acid
SPTLC1;SHMT1;Folic acid
SPTLC1;AGXT;Folic acid
SPTLC1;SPTLC3;Folic acid
PPAT;PAICS;Folic acid
ALDH1L1;DHFR2;Folic acid
ALDH1L1;FTCD;Folic acid
ALDH1L1;AMT;Folic acid
ALDH1L1;DHFR;Folic acid
ALDH1L1;MTR;Folic acid
ALDH1L1;MTHFD2L;Folic acid
ALDH1L1;MTHFD2;Folic acid
ALDH1L1;SHMT2;Folic acid
ALDH1L1;SHMT1;Folic acid
ALDH1L1;MTHFD1;Folic acid
ALDH1L1;GART;Folic acid
AMT;GLUD2;Folic acid
AMT;FTCD;Folic acid
AMT;AGXT;Folic acid
BHMT;SDSL;Folic acid
BHMT;MAT2A;Folic acid
BHMT;CBS;Folic acid
BHMT;MAT1A;Folic acid
ABRAXAS2;SHMT2;Folic acid
ABRAXAS2;BRCC3;Folic acid
ABRAXAS2;BABAM2;Folic acid
ABRAXAS2;BABAM1;Folic acid
AGXT;SPTLC3;Folic acid
AGXT;ALAS2;Folic acid
AGXT;ALAS1;Folic acid
AGXT;GNMT;Folic acid
AGXT;SRR;Folic acid
AGXT;CBS;Folic acid
AGXT;GCSH;Folic acid
AGXT;SDSL;Folic acid
AGXT;GATM;Folic acid
AGXT;GLDC;Folic acid
AGXT;SARDH;Folic acid
AGXT;PIPOX;Folic acid
AGXT;PSPH;Folic acid
AGXT;SHMT2;Folic acid
AGXT;SHMT1;Folic acid
MAT2A;MTR;Folic acid
MAT2A;MAT1A;Folic acid
PIPOX;GATM;Folic acid
PIPOX;ALAS1;Folic acid
PIPOX;ALAS2;Folic acid
PIPOX;GNMT;Folic acid
PIPOX;SHMT2;Folic acid
PIPOX;SHMT1;Folic acid
PIPOX;GLDC;Folic acid
PIPOX;SARDH;Folic acid
SHMT1;SPTLC3;Folic acid
SHMT1;ALAS2;Folic acid
SHMT1;ALAS1;Folic acid
SHMT1;FTCD;Folic acid
SHMT1;GNMT;Folic acid
SHMT1;SDSL;Folic acid
SHMT1;GATM;Folic acid
SHMT1;SRR;Folic acid
SHMT1;CBS;Folic acid
SHMT1;PSPH;Folic acid
DHFR2;FTCD;Folic acid
GCSH;GLUD2;Folic acid
GLUD2;GATM;Folic acid
GLUD2;FTCD;Folic acid
GLUD2;GLDC;Folic acid
GLUD2;IDH2;Folic acid
GLUD2;ALDH18A1;Folic acid
IDH2;ADSL;Folic acid
ADSS1;FTCD;Folic acid
ADSS1;ASNS;Folic acid
ADSS1;ADSS2;Folic acid
ADSS1;ADSL;Folic acid
SHMT2;SPTLC3;Folic acid
SHMT2;ALAS1;Folic acid
SHMT2;ALAS2;Folic acid
SHMT2;GATM;Folic acid
SHMT2;GNMT;Folic acid
SHMT2;FTCD;Folic acid
SHMT2;SDSL;Folic acid
SHMT2;SRR;Folic acid
SHMT2;CBS;Folic acid
SHMT2;PSPH;Folic acid
SHMT2;BABAM1;Folic acid
SHMT2;BABAM2;Folic acid
SHMT2;BRCC3;Folic acid
SRR;SPTLC3;Folic acid
SRR;SDSL;Folic acid
SRR;PSPH;Folic acid
SRR;CBS;Folic acid
SDSL;SPTLC3;Folic acid
SDSL;MTR;Folic acid
SDSL;PSPH;Folic acid
SDSL;CBS;Folic acid
BABAM2;BRCC3;Folic acid
BABAM2;BABAM1;Folic acid
BABAM1;BRCC3;Folic acid
ADSS2;FTCD;Folic acid
ADSS2;ASNS;Folic acid
ADSS2;ADSL;Folic acid
MTR;FTCD;Folic acid
MTR;MAT1A;Folic acid
MTR;CBS;Folic acid
ALDH18A1;UPRT;Folic acid
SARDH;GATM;Folic acid
SARDH;ALAS2;Folic acid
SARDH;ALAS1;Folic acid
SARDH;GNMT;Folic acid
GNMT;ALAS1;Folic acid
GNMT;ALAS2;Folic acid
GNMT;GLDC;Folic acid
GNMT;GATM;Folic acid
PSAT1;PSPH;Folic acid
PSAT1;PHGDH;Folic acid
GLDC;ALAS1;Folic acid
GLDC;ALAS2;Folic acid
GLDC;GATM;Folic acid
GART;FTCD;Folic acid
GART;ADSL;Folic acid
GART;PAICS;Folic acid
MTHFD2;FTCD;Folic acid
ASNS;FTCD;Folic acid
ALAS1;ALAS2;Folic acid
ALAS1;GATM;Folic acid
PSPH;SPTLC3;Folic acid
PSPH;CBS;Folic acid
MTHFD2L;FTCD;Folic acid
GATM;ALAS2;Folic acid
GAPDH;TKT;Folic acid
FTCD;DHFR;Folic acid
FTCD;MTHFD1L;Folic acid
FTCD;MTHFD1;Folic acid
CBS;SPTLC3;Folic acid
CBS;CBSL;Folic acid
PAICS;ADSL;Folic acid
HSD17B10;AGO4;Folic acid
HSD17B10;AGO3;Folic acid
HSD17B10;DGCR8;Folic acid
HSD17B10;DROSHA;Folic acid
HSD17B10;AGO1;Folic acid
HSD17B10;ERN1;Folic acid
HSD17B10;PRKRA;Folic acid
HSD17B10;DHX9;Folic acid
HSD17B10;RPP14;Folic acid
HSD17B10;DICER1;Folic acid
HSD17B10;CLP1;Folic acid
HSD17B10;AGO2;Folic acid
HSD17B10;RPP21;Folic acid
HSD17B10;POP1;Folic acid
HSD17B10;RPP30;Folic acid
HSD17B10;RPP40;Folic acid
HSD17B10;RPP25;Folic acid
HSD17B10;RPP38;Folic acid
HSD17B10;TARBP2;Folic acid
HSD17B10;POP4;Folic acid
HSD17B10;POP5;Folic acid
HSD17B10;POP7;Folic acid
HSD17B10;EHHADH;Folic acid
HSD17B10;ACAA1;Folic acid
HSD17B10;HADHB;Folic acid
HSD17B10;HADHA;Folic acid
HSD17B10;ACAA2;Folic acid
HSD17B10;ECHS1;Folic acid
HSD17B10;TRMT10C;Folic acid
HSD17B10;PRORP;Folic acid
AGO2;ERN1;Folic acid
AGO2;RPP25;Folic acid
AGO2;POP5;Folic acid
AGO2;RPP30;Folic acid
AGO2;RPP21;Folic acid
AGO2;POP7;Folic acid
AGO2;RPP14;Folic acid
AGO2;POP4;Folic acid
AGO2;POP1;Folic acid
AGO2;RPP40;Folic acid
AGO2;RPP38;Folic acid
AGO2;PRORP;Folic acid
AGO2;CLP1;Folic acid
AGO2;PRKRA;Folic acid
AGO2;DGCR8;Folic acid
AGO2;AGO4;Folic acid
AGO2;DROSHA;Folic acid
AGO2;AGO3;Folic acid
AGO2;DICER1;Folic acid
AGO2;DHX9;Folic acid
AGO2;AGO1;Folic acid
AGO2;TARBP2;Folic acid
EHHADH;HADHA;Folic acid
EHHADH;ECI1;Folic acid
EHHADH;ECHS1;Folic acid
EHHADH;ACAA2;Folic acid
EHHADH;ACAA1;Folic acid
EHHADH;HADHB;Folic acid
DGCR8;POP7;Folic acid
DGCR8;RPP21;Folic acid
DGCR8;POP4;Folic acid
DGCR8;RPP30;Folic acid
DGCR8;RPP14;Folic acid
DGCR8;PRORP;Folic acid
DGCR8;RPP40;Folic acid
DGCR8;POP5;Folic acid
DGCR8;RPP25;Folic acid
DGCR8;RPP38;Folic acid
DGCR8;ERN1;Folic acid
DGCR8;CLP1;Folic acid
DGCR8;POP1;Folic acid
DGCR8;DHX9;Folic acid
DGCR8;AGO3;Folic acid
DGCR8;AGO4;Folic acid
DGCR8;PRKRA;Folic acid
DGCR8;AGO1;Folic acid
DGCR8;TARBP2;Folic acid
DGCR8;DICER1;Folic acid
DGCR8;DROSHA;Folic acid
TARBP2;ERN1;Folic acid
TARBP2;RPP14;Folic acid
TARBP2;RPP30;Folic acid
TARBP2;RPP38;Folic acid
TARBP2;POP4;Folic acid
TARBP2;RPP21;Folic acid
TARBP2;RPP25;Folic acid
TARBP2;RPP40;Folic acid
TARBP2;POP5;Folic acid
TARBP2;PRORP;Folic acid
TARBP2;POP7;Folic acid
TARBP2;CLP1;Folic acid
TARBP2;POP1;Folic acid
TARBP2;AGO4;Folic acid
TARBP2;DHX9;Folic acid
TARBP2;AGO3;Folic acid
TARBP2;DROSHA;Folic acid
TARBP2;PRKRA;Folic acid
TARBP2;AGO1;Folic acid
TARBP2;DICER1;Folic acid
ACAA2;ACAA1;Folic acid
ACAA2;HADHB;Folic acid
ACAA2;HADHA;Folic acid
POP7;ERN1;Folic acid
POP7;AGO3;Folic acid
POP7;AGO4;Folic acid
POP7;AGO1;Folic acid
POP7;DROSHA;Folic acid
POP7;PRKRA;Folic acid
POP7;DHX9;Folic acid
POP7;DICER1;Folic acid
POP7;CLP1;Folic acid
POP7;PRORP;Folic acid
POP7;RPP14;Folic acid
POP7;RPP21;Folic acid
POP7;POP1;Folic acid
POP7;RPP38;Folic acid
POP7;RPP40;Folic acid
POP7;POP4;Folic acid
POP7;RPP30;Folic acid
POP7;RPP25;Folic acid
POP7;POP5;Folic acid
TRMT10C;PRORP;Folic acid
RPP25;PRKRA;Folic acid
RPP25;AGO3;Folic acid
RPP25;DHX9;Folic acid
RPP25;AGO4;Folic acid
RPP25;AGO1;Folic acid
RPP25;ERN1;Folic acid
RPP25;DROSHA;Folic acid
RPP25;CLP1;Folic acid
RPP25;DICER1;Folic acid
RPP25;PRORP;Folic acid
RPP25;POP1;Folic acid
RPP25;POP5;Folic acid
RPP25;POP4;Folic acid
PRKRA;ERN1;Folic acid
PRKRA;RPP38;Folic acid
PRKRA;CLP1;Folic acid
PRKRA;RPP14;Folic acid
PRKRA;RPP40;Folic acid
PRKRA;POP5;Folic acid
PRKRA;RPP21;Folic acid
PRKRA;POP4;Folic acid
PRKRA;RPP30;Folic acid
PRKRA;PRORP;Folic acid
PRKRA;POP1;Folic acid
PRKRA;DHX9;Folic acid
PRKRA;AGO3;Folic acid
PRKRA;AGO4;Folic acid
PRKRA;AGO1;Folic acid
PRKRA;DROSHA;Folic acid
PRKRA;DICER1;Folic acid
HADHB;ACAA1;Folic acid
HADHB;HADHA;Folic acid
ACAA1;HADHA;Folic acid
POP5;ERN1;Folic acid
POP5;AGO3;Folic acid
POP5;AGO4;Folic acid
POP5;AGO1;Folic acid
POP5;DHX9;Folic acid
POP5;DROSHA;Folic acid
POP5;CLP1;Folic acid
POP5;DICER1;Folic acid
POP5;PRORP;Folic acid
POP5;RPP38;Folic acid
POP5;RPP40;Folic acid
POP5;RPP14;Folic acid
POP5;POP4;Folic acid
POP5;POP1;Folic acid
POP5;RPP30;Folic acid
POP5;RPP21;Folic acid
DHX9;RPP21;Folic acid
DHX9;PRORP;Folic acid
DHX9;POP1;Folic acid
DHX9;RPP40;Folic acid
DHX9;RPP14;Folic acid
DHX9;CLP1;Folic acid
DHX9;POP4;Folic acid
DHX9;RPP30;Folic acid
DHX9;ERN1;Folic acid
DHX9;RPP38;Folic acid
DHX9;AGO4;Folic acid
DHX9;AGO3;Folic acid
DHX9;DROSHA;Folic acid
DHX9;AGO1;Folic acid
DHX9;DICER1;Folic acid
ECHS1;HADHA;Folic acid
AGO3;POP4;Folic acid
AGO3;PRORP;Folic acid
AGO3;POP1;Folic acid
AGO3;RPP21;Folic acid
AGO3;RPP30;Folic acid
AGO3;RPP40;Folic acid
AGO3;RPP38;Folic acid
AGO3;CLP1;Folic acid
AGO3;ERN1;Folic acid
AGO3;RPP14;Folic acid
AGO3;DROSHA;Folic acid
AGO3;AGO4;Folic acid
AGO3;AGO1;Folic acid
AGO3;DICER1;Folic acid
AGO1;PRORP;Folic acid
AGO1;POP1;Folic acid
AGO1;RPP21;Folic acid
AGO1;POP4;Folic acid
AGO1;RPP14;Folic acid
AGO1;CLP1;Folic acid
AGO1;RPP38;Folic acid
AGO1;RPP40;Folic acid
AGO1;ERN1;Folic acid
AGO1;RPP30;Folic acid
AGO1;DROSHA;Folic acid
AGO1;AGO4;Folic acid
AGO1;DICER1;Folic acid
AGO4;POP1;Folic acid
AGO4;POP4;Folic acid
AGO4;RPP30;Folic acid
AGO4;RPP14;Folic acid
AGO4;PRORP;Folic acid
AGO4;RPP21;Folic acid
AGO4;RPP40;Folic acid
AGO4;RPP38;Folic acid
AGO4;CLP1;Folic acid
AGO4;ERN1;Folic acid
AGO4;DROSHA;Folic acid
AGO4;DICER1;Folic acid
RPP40;ERN1;Folic acid
RPP40;DROSHA;Folic acid
RPP40;CLP1;Folic acid
RPP40;DICER1;Folic acid
RPP40;PRORP;Folic acid
RPP40;POP1;Folic acid
RPP40;POP4;Folic acid
POP1;ERN1;Folic acid
POP1;DROSHA;Folic acid
POP1;CLP1;Folic acid
POP1;PRORP;Folic acid
POP1;DICER1;Folic acid
POP1;RPP38;Folic acid
POP1;RPP14;Folic acid
POP1;RPP21;Folic acid
POP1;POP4;Folic acid
POP1;RPP30;Folic acid
RPP30;ERN1;Folic acid
RPP30;DROSHA;Folic acid
RPP30;CLP1;Folic acid
RPP30;DICER1;Folic acid
RPP30;PRORP;Folic acid
RPP30;POP4;Folic acid
ERN1;RPP21;Folic acid
ERN1;CLP1;Folic acid
ERN1;RPP14;Folic acid
ERN1;POP4;Folic acid
ERN1;RPP38;Folic acid
ERN1;PRORP;Folic acid
ERN1;DROSHA;Folic acid
ERN1;DICER1;Folic acid
RPP21;DROSHA;Folic acid
RPP21;CLP1;Folic acid
RPP21;DICER1;Folic acid
RPP21;PRORP;Folic acid
RPP21;POP4;Folic acid
RPP14;DROSHA;Folic acid
RPP14;CLP1;Folic acid
RPP14;PRORP;Folic acid
RPP14;DICER1;Folic acid
RPP14;POP4;Folic acid
DROSHA;CLP1;Folic acid
DROSHA;PRORP;Folic acid
DROSHA;POP4;Folic acid
DROSHA;RPP38;Folic acid
DROSHA;DICER1;Folic acid
CLP1;PRORP;Folic acid
CLP1;DICER1;Folic acid
CLP1;POP4;Folic acid
CLP1;RPP38;Folic acid
DICER1;PRORP;Folic acid
DICER1;POP4;Folic acid
DICER1;RPP38;Folic acid
PRORP;RPP38;Folic acid
PRORP;POP4;Folic acid
POP4;RPP38;Folic acid
XRCC1;XRCC6;Folic acid
XRCC1;APLF;Folic acid
POLB;APLF;Folic acid
ATM;LIG4;Folic acid
ATM;XRCC5;Folic acid
APLF;TDP1;Folic acid
APLF;PARP1;Folic acid
APLF;LIG4;Folic acid
APLF;LIG3;Folic acid
APLF;XRCC6;Folic acid
APLF;XRCC5;Folic acid
ERCC4;PRKDC;Folic acid
PRKDC;XRCC5;Folic acid
PRKDC;LIG4;Folic acid
TDP1;E2F6;Folic acid
XRCC6;LIG3;Folic acid
XRCC6;LIG4;Folic acid
XRCC6;XRCC5;Folic acid
TDP2;E2F6;Folic acid
HSD11B2;HSD11B1;Folic acid
PARP2;APLF;Folic acid
PARP2;PARG;Folic acid
POLB;TPP2;Folic acid
POLB;XPC;Folic acid
POLB;USP47;Folic acid
XPC;APLF;Folic acid
XPC;POLD1;Folic acid
XPC;PARP1;Folic acid
XPC;XRCC5;Folic acid
XPC;XRCC6;Folic acid
POLE;PCNA;Folic acid
POLE;POLD1;Folic acid
PARP1;PARG;Folic acid
PCNA;PARG;Folic acid
GLA;AKR1B10;Folic acid
GLA;AKR1B1;Folic acid
GLA;LCT;Folic acid
GLA;GALM;Folic acid
GLA;GLB1;Folic acid
DHDH;AKR1B1;Folic acid
DHDH;AKR1B10;Folic acid
GCK;AKR1B10;Folic acid
GCK;GLB1;Folic acid
GCK;LCT;Folic acid
GCK;HK2;Folic acid
GCK;HKDC1;Folic acid
GCK;AKR1B1;Folic acid
GCK;HK3;Folic acid
GCK;HK1;Folic acid
GCK;GALM;Folic acid
GCK;G6PC3;Folic acid
GCK;G6PC;Folic acid
GCK;G6PC2;Folic acid
SPR;AKR1B10;Folic acid
SPR;AKR1C3;Folic acid
SPR;TPH2;Folic acid
SPR;TPH1;Folic acid
SPR;TH;Folic acid
SPR;CBR1;Folic acid
SPR;AKR1B1;Folic acid
SPR;PAH;Folic acid
SPR;DHFR;Folic acid
SPR;DHFR2;Folic acid
SPR;PTS;Folic acid
SPR;QDPR;Folic acid
AKR7A2;AKR7A3;Folic acid
TPH1;AKR1B10;Folic acid
TPH1;DHFR;Folic acid
TPH1;AKR1B1;Folic acid
TPH1;DHFR2;Folic acid
TPH1;TPH2;Folic acid
TPH1;QDPR;Folic acid
G6PC;AKR1B10;Folic acid
G6PC;AKR1B1;Folic acid
G6PC;GLB1;Folic acid
G6PC;G6PC2;Folic acid
G6PC;LCT;Folic acid
G6PC;GALM;Folic acid
G6PC;G6PC3;Folic acid
G6PC;HK1;Folic acid
G6PC;HKDC1;Folic acid
G6PC;HK2;Folic acid
G6PC;HK3;Folic acid
ALDH2;AKR1B10;Folic acid
ALDH2;ALDH3A2;Folic acid
ALDH2;AKR1B1;Folic acid
ALDH2;ALDH1B1;Folic acid
LCT;G6PC3;Folic acid
LCT;G6PC2;Folic acid
LCT;HK2;Folic acid
LCT;HK3;Folic acid
LCT;HK1;Folic acid
LCT;AKR1B1;Folic acid
LCT;AKR1B10;Folic acid
LCT;HKDC1;Folic acid
LCT;GALM;Folic acid
LCT;GLB1;Folic acid
MGLL;AKR1B10;Folic acid
MGLL;AKR1B1;Folic acid
MGLL;GK2;Folic acid
MGLL;GK;Folic acid
SORD;HK3;Folic acid
SORD;HKDC1;Folic acid
SORD;HK2;Folic acid
SORD;HK1;Folic acid
SORD;DCXR;Folic acid
SORD;AKR1B10;Folic acid
SORD;AKR1B1;Folic acid
G6PC3;AKR1B10;Folic acid
G6PC3;AKR1B1;Folic acid
G6PC3;GLB1;Folic acid
G6PC3;G6PC2;Folic acid
G6PC3;GALM;Folic acid
G6PC3;HK1;Folic acid
G6PC3;HKDC1;Folic acid
G6PC3;HK2;Folic acid
G6PC3;HK3;Folic acid
GALM;G6PC2;Folic acid
GALM;HKDC1;Folic acid
GALM;AKR1B10;Folic acid
GALM;HK1;Folic acid
GALM;HK2;Folic acid
GALM;HK3;Folic acid
GALM;AKR1B1;Folic acid
GALM;GLB1;Folic acid
PTS;AKR1B10;Folic acid
PTS;AKR1C3;Folic acid
PTS;AKR1B1;Folic acid
PTS;CBR1;Folic acid
QDPR;AKR1B10;Folic acid
QDPR;AKR1B1;Folic acid
QDPR;TPH2;Folic acid
QDPR;TH;Folic acid
QDPR;DHFR;Folic acid
QDPR;DHFR2;Folic acid
QDPR;PAH;Folic acid
AKR1B1;HK3;Folic acid
AKR1B1;HKDC1;Folic acid
AKR1B1;HK1;Folic acid
AKR1B1;HK2;Folic acid
AKR1B1;G6PC2;Folic acid
AKR1B1;TPH2;Folic acid
AKR1B1;GLB1;Folic acid
AKR1B1;AKR1B10;Folic acid
AKR1B1;AKR1C3;Folic acid
AKR1B1;PAH;Folic acid
AKR1B1;TH;Folic acid
AKR1B1;GK2;Folic acid
AKR1B1;GK;Folic acid
AKR1B1;ALDH9A1;Folic acid
AKR1B1;ALDH7A1;Folic acid
AKR1B1;DCXR;Folic acid
AKR1B1;ALDH3A2;Folic acid
AKR1B1;ALDH1B1;Folic acid
AKR1B1;DHFR2;Folic acid
AKR1B1;DHFR;Folic acid
AKR1B1;CBR1;Folic acid
CBR1;AKR1B10;Folic acid
CBR1;AKR1C3;Folic acid
CBR1;DHFR;Folic acid
CBR1;DHFR2;Folic acid
CBR1;CBR3;Folic acid
HK2;AKR1B10;Folic acid
HK2;GLB1;Folic acid
HK2;G6PC2;Folic acid
HK3;AKR1B10;Folic acid
HK3;GLB1;Folic acid
HK3;G6PC2;Folic acid
DCXR;AKR1B10;Folic acid
GLB1;HKDC1;Folic acid
GLB1;HK1;Folic acid
GLB1;AKR1B10;Folic acid
GLB1;G6PC2;Folic acid
DHFR2;TPH2;Folic acid
DHFR2;AKR1B10;Folic acid
DHFR2;PAH;Folic acid
DHFR2;TH;Folic acid
TPH2;AKR1B10;Folic acid
TPH2;DHFR;Folic acid
ALDH3A2;ALDH1B1;Folic acid
ALDH3A2;AKR1B10;Folic acid
HKDC1;AKR1B10;Folic acid
HKDC1;G6PC2;Folic acid
ALDH9A1;AKR1B10;Folic acid
GK2;AKR1B10;Folic acid
GK2;GK;Folic acid
AKR1B10;G6PC2;Folic acid
AKR1B10;HK1;Folic acid
AKR1B10;PAH;Folic acid
AKR1B10;DHFR;Folic acid
AKR1B10;TH;Folic acid
AKR1B10;GK;Folic acid
AKR1B10;AKR1C3;Folic acid
AKR1B10;ALDH7A1;Folic acid
AKR1B10;ALDH1B1;Folic acid
G6PC2;HK1;Folic acid
TH;PAH;Folic acid
TH;DHFR;Folic acid
DHFR;PAH;Folic acid
RNASEH2A;RNASEH2C;Folic acid
RNASEH2A;RNASEH2B;Folic acid
IFNA1;ISG15;Folic acid
DDB1;DCAF1;Folic acid
DDB1;CUL4A;Folic acid
RNASEH2C;RNASEH2B;Folic acid
MX2;MX1;Folic acid
OAS2;OAS1;Folic acid
STAT1;IRF9;Folic acid
IFIT1;IFIT2;Folic acid
IFIT1;IFIT3;Folic acid
IFIT3;IFIT2;Folic acid
CUL4A;DCAF1;Folic acid
IRF7;IRF3;Folic acid
DCAF1;SAMHD1;Folic acid
IRF3;ISG15;Folic acid
SLC32A1;SLC17A7;Glycine
GAD1;GAD2;Glycine
CACNG3;HTR3A;Glycine
CACNG3;OLFM2;Glycine
CACNG3;GRIN2D;Glycine
CACNG3;CACNG2;Glycine
CACNG3;GRIN3B;Glycine
CACNG3;GRIN2C;Glycine
CACNG3;GRIN3A;Glycine
CACNG3;GRIN2A;Glycine
CACNG3;GRIN2B;Glycine
CACNG3;CNIH3;Glycine
CACNG3;CACNG5;Glycine
CACNG3;SHISA9;Glycine
CACNG3;GRIN1;Glycine
CACNG3;CNIH2;Glycine
CACNG3;GRIA3;Glycine
CACNG3;GRIA1;Glycine
CACNG3;GRIA4;Glycine
CACNG3;CACNG4;Glycine
CACNG3;CACNG8;Glycine
CACNG3;GRIA2;Glycine
CACNG3;CACNG7;Glycine
P2RX5;GRIN2C;Glycine
P2RX5;GRIN2A;Glycine
P2RX5;GRIN2D;Glycine
P2RX5;GRIN1;Glycine
P2RX5;P2RX7;Glycine
P2RX5;P2RX6;Glycine
P2RX5;P2RX4;Glycine
P2RX5;P2RX1;Glycine
P2RX5;P2RX3;Glycine
P2RX1;GRIN2D;Glycine
P2RX1;GRIN1;Glycine
P2RX1;GRIN2A;Glycine
P2RX1;GRIN2C;Glycine
P2RX1;P2RX4;Glycine
P2RX1;P2RX7;Glycine
P2RX1;P2RX3;Glycine
P2RX1;P2RX6;Glycine
GRIN3B;CNIH3;Glycine
GRIN3B;OLFM2;Glycine
GRIN3B;CACNG5;Glycine
GRIN3B;CNIH2;Glycine
GRIN3B;SHISA9;Glycine
GRIN3B;HTR3A;Glycine
GRIN3B;CACNG8;Glycine
GRIN3B;CACNG4;Glycine
GRIN3B;GRIA2;Glycine
GRIN3B;GRIA3;Glycine
GRIN3B;GRIA4;Glycine
GRIN3B;CACNG7;Glycine
GRIN3B;GRIA1;Glycine
GRIN3B;CACNG2;Glycine
GRIN3B;PDYN;Glycine
GRIN3B;DLG4;Glycine
GRIN3B;GRIN3A;Glycine
GRIN3B;GRIN2C;Glycine
GRIN3B;GRIN2B;Glycine
GRIN3B;GRIN2D;Glycine
GRIN3B;GRIN2A;Glycine
GRIN3B;GRIN1;Glycine
CACNG4;HTR3A;Glycine
CACNG4;CACNG2;Glycine
CACNG4;OLFM2;Glycine
CACNG4;CNIH3;Glycine
CACNG4;GRIN2B;Glycine
CACNG4;GRIN2A;Glycine
CACNG4;SHISA9;Glycine
CACNG4;GRIN1;Glycine
CACNG4;GRIN3A;Glycine
CACNG4;GRIN2C;Glycine
CACNG4;GRIN2D;Glycine
CACNG4;CNIH2;Glycine
CACNG4;GRIA3;Glycine
CACNG4;GRIA1;Glycine
CACNG4;CACNG5;Glycine
CACNG4;GRIA4;Glycine
CACNG4;CACNG8;Glycine
CACNG4;GRIA2;Glycine
CACNG4;CACNG7;Glycine
GRIN2D;OLFM2;Glycine
GRIN2D;CACNG5;Glycine
GRIN2D;CNIH2;Glycine
GRIN2D;CNIH3;Glycine
GRIN2D;SHISA9;Glycine
GRIN2D;CACNG8;Glycine
GRIN2D;HTR3A;Glycine
GRIN2D;CACNG2;Glycine
GRIN2D;CACNG7;Glycine
GRIN2D;GRIA3;Glycine
GRIN2D;GRIA2;Glycine
GRIN2D;GRIA1;Glycine
GRIN2D;GRIA4;Glycine
GRIN2D;P2RX7;Glycine
GRIN2D;P2RX4;Glycine
GRIN2D;P2RX3;Glycine
GRIN2D;P2RX6;Glycine
GRIN2D;NOS1;Glycine
GRIN2D;PDYN;Glycine
GRIN2D;DLG4;Glycine
GRIN2D;GRIN3A;Glycine
GRIN2D;GRIN2B;Glycine
GRIN2D;GRIN2A;Glycine
GRIN2D;GRIN2C;Glycine
GRIN2D;GRIN1;Glycine
P2RX3;GRIN2C;Glycine
P2RX3;GRIN2A;Glycine
P2RX3;GRIN1;Glycine
P2RX3;P2RX7;Glycine
P2RX3;P2RX4;Glycine
P2RX3;P2RX6;Glycine
OLFM2;SHISA9;Glycine
OLFM2;HTR3A;Glycine
OLFM2;GRIN3A;Glycine
OLFM2;CACNG2;Glycine
OLFM2;GRIN2C;Glycine
OLFM2;GRIN2A;Glycine
OLFM2;GRIN2B;Glycine
OLFM2;CACNG8;Glycine
OLFM2;CACNG5;Glycine
OLFM2;GRIN1;Glycine
OLFM2;CACNG7;Glycine
OLFM2;GRIA2;Glycine
OLFM2;GRIA3;Glycine
OLFM2;CNIH3;Glycine
OLFM2;GRIA4;Glycine
OLFM2;CNIH2;Glycine
OLFM2;GRIA1;Glycine
CACNG8;HTR3A;Glycine
CACNG8;GRIN3A;Glycine
CACNG8;CACNG2;Glycine
CACNG8;GRIN2C;Glycine
CACNG8;GRIN1;Glycine
CACNG8;CACNG5;Glycine
CACNG8;GRIN2A;Glycine
CACNG8;GRIN2B;Glycine
CACNG8;CNIH3;Glycine
CACNG8;GRIA3;Glycine
CACNG8;GRIA4;Glycine
CACNG8;CACNG7;Glycine
CACNG8;SHISA9;Glycine
CACNG8;CNIH2;Glycine
CACNG8;GRIA2;Glycine
CACNG8;GRIA1;Glycine
CNIH3;HTR3A;Glycine
CNIH3;CNIH2;Glycine
CNIH3;GRIN2C;Glycine
CNIH3;GRIN1;Glycine
CNIH3;GRIN2B;Glycine
CNIH3;GRIN2A;Glycine
CNIH3;CACNG5;Glycine
CNIH3;CACNG7;Glycine
CNIH3;GRIN3A;Glycine
CNIH3;CACNG2;Glycine
CNIH3;SHISA9;Glycine
CNIH3;GRIA4;Glycine
CNIH3;GRIA3;Glycine
CNIH3;GRIA1;Glycine
CNIH3;GRIA2;Glycine
GRIA4;HTR3A;Glycine
GRIA4;GRIN2C;Glycine
GRIA4;GRIN2B;Glycine
GRIA4;CACNG5;Glycine
GRIA4;CACNG7;Glycine
GRIA4;GRIN3A;Glycine
GRIA4;GRIN1;Glycine
GRIA4;GRIN2A;Glycine
GRIA4;SHISA9;Glycine
GRIA4;PRKACG;Glycine
GRIA4;PRKACB;Glycine
GRIA4;CNIH2;Glycine
GRIA4;PRKACA;Glycine
GRIA4;CACNG2;Glycine
GRIA4;GRIA3;Glycine
GRIA4;GRIA1;Glycine
GRIA4;GRIA2;Glycine
CALM3;DLG4;Glycine
CALM3;GRIN1;Glycine
CALM3;CAMK2A;Glycine
CALM3;NOS1;Glycine
GRIN2C;SHISA9;Glycine
GRIN2C;CACNG5;Glycine
GRIN2C;CNIH2;Glycine
GRIN2C;CACNG7;Glycine
GRIN2C;HTR3A;Glycine
GRIN2C;GRIA3;Glycine
GRIN2C;CACNG2;Glycine
GRIN2C;GRIA2;Glycine
GRIN2C;GRIA1;Glycine
GRIN2C;P2RX4;Glycine
GRIN2C;P2RX7;Glycine
GRIN2C;NOS1;Glycine
GRIN2C;P2RX6;Glycine
GRIN2C;PDYN;Glycine
GRIN2C;DLG4;Glycine
GRIN2C;GRIN2A;Glycine
GRIN2C;GRIN2B;Glycine
GRIN2C;GRIN3A;Glycine
GRIN2C;GRIN1;Glycine
GRIA2;HTR3A;Glycine
GRIA2;GRIN3A;Glycine
GRIA2;SHISA9;Glycine
GRIA2;CACNG7;Glycine
GRIA2;GRIN2B;Glycine
GRIA2;GRIN1;Glycine
GRIA2;CACNG5;Glycine
GRIA2;GRIN2A;Glycine
GRIA2;PRKACG;Glycine
GRIA2;PRKACA;Glycine
GRIA2;PRKACB;Glycine
GRIA2;CAMK2A;Glycine
GRIA2;CNIH2;Glycine
GRIA2;CACNG2;Glycine
GRIA2;GRIA1;Glycine
GRIA2;GRIA3;Glycine
CACNG2;HTR3A;Glycine
CACNG2;CACNG5;Glycine
CACNG2;CACNG7;Glycine
CACNG2;GRIN3A;Glycine
CACNG2;GRIN2A;Glycine
CACNG2;GRIN2B;Glycine
CACNG2;GRIN1;Glycine
CACNG2;CNIH2;Glycine
CACNG2;SHISA9;Glycine
CACNG2;GRIA3;Glycine
CACNG2;GRIA1;Glycine
CALML6;NOS1;Glycine
CALML6;CAMK2A;Glycine
PRKACA;GRIA3;Glycine
PRKACA;GRIN2A;Glycine
PRKACA;GRIN2B;Glycine
CNIH2;HTR3A;Glycine
CNIH2;GRIN3A;Glycine
CNIH2;GRIN2B;Glycine
CNIH2;GRIN2A;Glycine
CNIH2;GRIN1;Glycine
CNIH2;CACNG5;Glycine
CNIH2;CACNG7;Glycine
CNIH2;SHISA9;Glycine
CNIH2;GRIA3;Glycine
CNIH2;GRIA1;Glycine
CALML3;CAMK2A;Glycine
CALML3;NOS1;Glycine
P2RX7;GRIN2A;Glycine
P2RX7;GRIN1;Glycine
P2RX7;P2RX6;Glycine
P2RX7;P2RX4;Glycine
GRIN2A;CACNG5;Glycine
GRIN2A;CACNG7;Glycine
GRIN2A;SHISA9;Glycine
GRIN2A;HTR3A;Glycine
GRIN2A;GRIA3;Glycine
GRIN2A;P2RX6;Glycine
GRIN2A;P2RX4;Glycine
GRIN2A;GRIA1;Glycine
GRIN2A;PDYN;Glycine
GRIN2A;PRKACB;Glycine
GRIN2A;PRKACG;Glycine
GRIN2A;NOS1;Glycine
GRIN2A;GRIN1;Glycine
GRIN2A;GRIN2B;Glycine
GRIN2A;GRIN3A;Glycine
GRIN2A;DLG4;Glycine
HTR3A;CACNG7;Glycine
HTR3A;CACNG5;Glycine
HTR3A;SHISA9;Glycine
HTR3A;GRIN3A;Glycine
HTR3A;GRIN1;Glycine
HTR3A;GRIA3;Glycine
HTR3A;GRIA1;Glycine
HTR3A;GRIN2B;Glycine
P2RX4;GRIN1;Glycine
P2RX4;P2RX6;Glycine
GRIN3A;CACNG5;Glycine
GRIN3A;SHISA9;Glycine
GRIN3A;GRIA3;Glycine
GRIN3A;CACNG7;Glycine
GRIN3A;GRIA1;Glycine
GRIN3A;PDYN;Glycine
GRIN3A;DLG4;Glycine
GRIN3A;GRIN1;Glycine
GRIN3A;GRIN2B;Glycine
PRKACB;GRIA3;Glycine
PRKACB;GRIN2B;Glycine
GRIN1;SHISA9;Glycine
GRIN1;CACNG5;Glycine
GRIN1;CACNG7;Glycine
GRIN1;GRIA3;Glycine
GRIN1;GRIA1;Glycine
GRIN1;P2RX6;Glycine
GRIN1;PDYN;Glycine
GRIN1;NOS1;Glycine
GRIN1;DLG4;Glycine
GRIN1;GRIN2B;Glycine
DLG3;DLG2;Glycine
DLG3;DLG4;Glycine
DLG3;GRIN2B;Glycine
PRKACG;GRIA3;Glycine
PRKACG;GRIN2B;Glycine
CALML5;CAMK2A;Glycine
CALML5;NOS1;Glycine
CACNG7;CACNG5;Glycine
CACNG7;SHISA9;Glycine
CACNG7;GRIN2B;Glycine
CACNG7;GRIA3;Glycine
CACNG7;GRIA1;Glycine
GRIK2;DLG4;Glycine
CALML4;CAMK2A;Glycine
CALML4;NOS1;Glycine
GRIA1;CACNG5;Glycine
GRIA1;GRIN2B;Glycine
GRIA1;SHISA9;Glycine
GRIA1;GRIA3;Glycine
GRIA1;CAMK2A;Glycine
CACNG5;GRIN2B;Glycine
CACNG5;SHISA9;Glycine
CACNG5;GRIA3;Glycine
PDYN;GRIN2B;Glycine
SHISA9;GRIN2B;Glycine
SHISA9;GRIA3;Glycine
GRIN2B;GRIA3;Glycine
GRIN2B;NOS1;Glycine
GRIN2B;DLG4;Glycine
GRIN2B;CAMK2A;Glycine
NOS1;CAMK2A;Glycine
NTRK2;BDNF;Glycine
CALM3;CALM1;Glycine
CALM3;CALM2;Glycine
GRM5;CAMK2A;Glycine
CAMK2G;CALM1;Glycine
CAMK2G;CAMK2A;Glycine
GRIN2A;FYN;Glycine
DLG1;CALM1;Glycine
DLG1;DLG4;Glycine
DLG1;DLG2;Glycine
DLG1;DLG3;Glycine
DLG1;CASK;Glycine
DLG1;GRIA1;Glycine
GRIN1;CALM2;Glycine
GRIN1;CALM1;Glycine
DLG3;CALM1;Glycine
NOS1;CALM2;Glycine
NOS1;CALM1;Glycine
DLG4;CALM2;Glycine
DLG4;CALM1;Glycine
CALM1;CALM2;Glycine
CALM1;CAMK2A;Glycine
CALM2;CAMK2A;Glycine
HTR3B;HTR3A;Glycine
PPP1R1B;PPP1CB;Glycine
PPP1R1B;PPP1CC;Glycine
PPP1R1B;PPP1CA;Glycine
PPP1R1B;PRKACB;Glycine
PPP1R1B;PRKACA;Glycine
PPP1R1B;PRKACG;Glycine
PPP1R1B;CDK5;Glycine
PTPN4;MECP2;Glycine
PTPN4;GRIN2A;Glycine
RASGRF2;PRKACG;Glycine
RASGRF2;PRKACA;Glycine
RASGRF2;PRKACB;Glycine
RASGRF2;CALML5;Glycine
RASGRF2;CALML6;Glycine
RASGRF2;CALML3;Glycine
RASGRF2;CALML4;Glycine
RASGRF2;CALM3;Glycine
GRIA4;PPP1CC;Glycine
GRIA4;PPP1CB;Glycine
GRIA4;PPP1CA;Glycine
GRM1;GRM4;Glycine
GRM1;CAMK2B;Glycine
GRM1;CAMK2A;Glycine
GRM1;GRM5;Glycine
GRM1;HOMER1;Glycine
ADCY8;PRKACB;Glycine
ADCY8;PRKACA;Glycine
ADCY8;PRKACG;Glycine
ADCY8;CALML6;Glycine
ADCY8;CALML3;Glycine
ADCY8;CALML5;Glycine
ADCY8;CALML4;Glycine
ADCY8;CALM3;Glycine
CALM3;CAMK2D;Glycine
CALM3;CAMK2B;Glycine
SHANK1;DLGAP1;Glycine
GRIA2;PPP1CC;Glycine
GRIA2;PPP1CB;Glycine
GRIA2;PPP1CA;Glycine
GRIA2;CAMK2B;Glycine
CALML6;CAMK2B;Glycine
GRM5;CAMK2B;Glycine
CALML3;CAMK2B;Glycine
DLGAP1;DLG1;Glycine
DLGAP1;DLG4;Glycine
CAMK2G;CAMK2B;Glycine
CAMK2G;CAMK2D;Glycine
PPP1CA;GRIA3;Glycine
PPP1CA;GRIN2A;Glycine
PPP1CA;GRIN2B;Glycine
PPP1CA;CAMK2B;Glycine
PPP1CA;CAMK2A;Glycine
PPP1CA;GRIA1;Glycine
PPP1CA;PPP1CB;Glycine
PPP1CA;PPP1CC;Glycine
GRIN2A;MECP2;Glycine
GRIN2A;PPP1CC;Glycine
GRIN2A;PPP1CB;Glycine
PPP1CC;GRIA3;Glycine
PPP1CC;GRIA1;Glycine
PPP1CC;GRIN2B;Glycine
PPP1CC;CAMK2B;Glycine
PPP1CC;CAMK2A;Glycine
PPP1CC;PPP1CB;Glycine
ERBB4;DLG4;Glycine
FYN;PTK2B;Glycine
SRC;PTK2B;Glycine
CALML5;CAMK2B;Glycine
PPP1CB;GRIA3;Glycine
PPP1CB;GRIN2B;Glycine
PPP1CB;GRIA1;Glycine
PPP1CB;CAMK2B;Glycine
PPP1CB;CAMK2A;Glycine
CAMK2B;NOS1;Glycine
CAMK2B;GRIA1;Glycine
CAMK2B;CALML4;Glycine
CAMK2B;CAMK2D;Glycine
CAMK2B;CAMK2A;Glycine
CREB1;MECP2;Glycine
MECP2;GRIN2B;Glycine
MECP2;BDNF;Glycine
CDK5;DLG4;Glycine
CDK5;DPYSL2;Glycine
CAMK2D;CAMK2A;Glycine
LIN7B;MPP2;Glycine
LIN7B;LIN7C;Glycine
LIN7B;CASK;Glycine
GABBR2;GRM1;Glycine
RASGRF2;RASGRF1;Glycine
SLC1A3;SLC1A2;Glycine
APBA1;APP;Glycine
APBA1;CASK;Glycine
NTRK2;SRC;Glycine
LIN7C;MPP2;Glycine
LIN7C;MPP3;Glycine
LIN7C;DLG1;Glycine
LIN7C;CASK;Glycine
TIAM1;CAMK2A;Glycine
CALM3;RASGRF1;Glycine
CALM3;DAPK1;Glycine
SHANK1;SHANK3;Glycine
GRIK5;GRIK2;Glycine
CALML6;RASGRF1;Glycine
LRRC7;CAMK2A;Glycine
PRKACA;RASGRF1;Glycine
CALML3;RASGRF1;Glycine
GRM3;GRM2;Glycine
ACTN2;CAMK2A;Glycine
ACTN2;ACTB;Glycine
PRKACB;RASGRF1;Glycine
DLGAP3;SHANK3;Glycine
PRKACG;RASGRF1;Glycine
CALML5;RASGRF1;Glycine
NRXN1;NLGN1;Glycine
RASGRF1;CALML4;Glycine
MPP2;LIN7A;Glycine
LIN7A;CASK;Glycine
SLC6A11;SLC6A13;Glycine
GLRB;GPHN;Glycine
GLRA4;GLRA1;Glycine
GNG13;ADCY3;Glycine
GNG13;GNAL;Glycine
GNAL;ADCY3;Glycine
SLC38A2;SLC38A1;Glycine
SLC7A5;SLC3A2;Glycine
SLC7A11;SLC3A2;Glycine
SLC7A8;SLC3A2;Glycine
SLC32A1;SLC17A6;Glycine
SARS1;PSTK;Magnesium
SEPHS1;SEPHS2;Magnesium
SEPHS1;TXNRD2;Magnesium
SEPHS1;TXNRD3;Magnesium
SEPHS1;TXNRD1;Magnesium
SEPHS1;SCLY;Magnesium
SEPHS1;SEPSECS;Magnesium
SEPSECS;SEPHS2;Magnesium
SEPSECS;PSTK;Magnesium
TXNRD2;TXNRD3;Magnesium
TXNRD2;TXNRD1;Magnesium
TXNRD2;SCLY;Magnesium
TXNRD2;SEPHS2;Magnesium
SEPHS2;TXNRD1;Magnesium
SEPHS2;TXNRD3;Magnesium
SEPHS2;SCLY;Magnesium
TXNRD3;TXNRD1;Magnesium
TXNRD3;SCLY;Magnesium
TXNRD1;SCLY;Magnesium
KAT2A;SARS1;Magnesium
KAT2A;TAF9B;Magnesium
KAT2A;SUPT20H;Magnesium
KAT2A;ENY2;Magnesium
KAT2A;TAF12;Magnesium
KAT2A;TRRAP;Magnesium
KAT2A;TADA2A;Magnesium
KAT2A;TAF9;Magnesium
KAT2A;SGF29;Magnesium
KAT2A;TAF10;Magnesium
KAT2A;SUPT3H;Magnesium
KAT2A;TADA3;Magnesium
RARS1;RARS2;Magnesium
RARS1;MARS1;Magnesium
RARS1;LARS1;Magnesium
RARS1;QARS1;Magnesium
RARS1;KARS1;Magnesium
RARS1;EPRS1;Magnesium
RARS1;IARS1;Magnesium
WARS2;WARS1;Magnesium
AARS2;AARS1;Magnesium
NARS1;NARS2;Magnesium
CARS2;CARS1;Magnesium
AARS1;GARS1;Magnesium
MARS1;MARS2;Magnesium
MARS1;QARS1;Magnesium
MARS1;LARS1;Magnesium
MARS1;KARS1;Magnesium
MARS1;IARS1;Magnesium
MARS1;EPRS1;Magnesium
MARS1;YARS1;Magnesium
KAT2B;SARS1;Magnesium
KAT2B;TAF9B;Magnesium
KAT2B;SUPT20H;Magnesium
KAT2B;ENY2;Magnesium
KAT2B;TAF12;Magnesium
KAT2B;SUPT3H;Magnesium
KAT2B;TADA3;Magnesium
KAT2B;TRRAP;Magnesium
KAT2B;TAF9;Magnesium
KAT2B;TADA2A;Magnesium
KAT2B;SGF29;Magnesium
KAT2B;TAF10;Magnesium
TAF12;SARS1;Magnesium
TAF12;ENY2;Magnesium
TAF12;TADA2A;Magnesium
TAF12;TAF9B;Magnesium
TAF12;TADA3;Magnesium
TAF12;SUPT3H;Magnesium
TAF12;TAF10;Magnesium
TAF12;SUPT20H;Magnesium
TAF12;SGF29;Magnesium
TAF12;TRRAP;Magnesium
TAF12;TAF9;Magnesium
TAF10;SARS1;Magnesium
TAF10;TADA2A;Magnesium
TAF10;ENY2;Magnesium
TAF10;TAF9B;Magnesium
TAF10;TAF9;Magnesium
TAF10;TRRAP;Magnesium
TAF10;SGF29;Magnesium
TAF10;SUPT20H;Magnesium
TAF10;SUPT3H;Magnesium
TAF10;TADA3;Magnesium
QARS1;LARS1;Magnesium
QARS1;KARS1;Magnesium
QARS1;EPRS1;Magnesium
QARS1;IARS1;Magnesium
TADA3;SARS1;Magnesium
TADA3;ENY2;Magnesium
TADA3;TAF9B;Magnesium
TADA3;TAF9;Magnesium
TADA3;TADA2A;Magnesium
TADA3;TRRAP;Magnesium
TADA3;SGF29;Magnesium
TADA3;SUPT20H;Magnesium
TADA3;SUPT3H;Magnesium
METTL1;SARS1;Magnesium
METTL1;TADA2A;Magnesium
METTL1;SGF29;Magnesium
SGF29;SARS1;Magnesium
SGF29;TAF9B;Magnesium
SGF29;SUPT3H;Magnesium
SGF29;TAF9;Magnesium
SGF29;TADA2A;Magnesium
SGF29;TRRAP;Magnesium
SGF29;ENY2;Magnesium
SGF29;SUPT20H;Magnesium
YARS2;YARS1;Magnesium
KARS1;TARS3;Magnesium
KARS1;IARS1;Magnesium
KARS1;EPRS1;Magnesium
KARS1;LARS1;Magnesium
TARS3;TARS2;Magnesium
TARS3;TARS1;Magnesium
TARS3;LARS1;Magnesium
TAF9B;SARS1;Magnesium
TAF9B;TAF9;Magnesium
TAF9B;ENY2;Magnesium
TAF9B;SUPT20H;Magnesium
TAF9B;TADA2A;Magnesium
TAF9B;SUPT3H;Magnesium
TAF9B;TRRAP;Magnesium
TRRAP;SARS1;Magnesium
TRRAP;TADA2A;Magnesium
TRRAP;ENY2;Magnesium
TRRAP;TAF9;Magnesium
TRRAP;SUPT20H;Magnesium
TRRAP;SUPT3H;Magnesium
IARS2;IARS1;Magnesium
IARS2;EPRS1;Magnesium
EPRS1;EARS2;Magnesium
EPRS1;IARS1;Magnesium
EPRS1;YARS1;Magnesium
EPRS1;PARS2;Magnesium
EPRS1;LARS1;Magnesium
TARS2;TARS1;Magnesium
SARS1;ENY2;Magnesium
SARS1;TAF9;Magnesium
SARS1;TADA2A;Magnesium
SARS1;SUPT20H;Magnesium
SARS1;SUPT3H;Magnesium
SARS1;SARS2-2;Magnesium
SUPT3H;ENY2;Magnesium
SUPT3H;TADA2A;Magnesium
SUPT3H;TAF9;Magnesium
SUPT3H;SUPT20H;Magnesium
IARS1;GARS1;Magnesium
IARS1;LARS1;Magnesium
VARS1;VARS2;Magnesium
TAF9;ENY2;Magnesium
TAF9;TADA2A;Magnesium
TAF9;SUPT20H;Magnesium
LARS1;LARS2;Magnesium
PSTK;SARS2-2;Magnesium
SUPT20H;ENY2;Magnesium
SUPT20H;TADA2A;Magnesium
HARS1;HARS2;Magnesium
ENY2;TADA2A;Magnesium
NGFR;BEX3;Magnesium
NGFR;NGF;Magnesium
YWHAE;BEX3;Magnesium
RIT2;LZTR1;Magnesium
RIT2;RIT1;Magnesium
RIT1;LZTR1;Magnesium
AK1;ENPP3;Magnesium
AK1;ENPP1;Magnesium
AK1;APRT;Magnesium
AK1;ADK;Magnesium
AK1;ADSL;Magnesium
NT5C1A;ADA2;Magnesium
NT5C1A;ENPP3;Magnesium
NT5C1A;ENPP1;Magnesium
NT5C1A;AK3;Magnesium
NT5C1A;ADA;Magnesium
NT5C1A;ADSL;Magnesium
NT5C1A;HPRT1;Magnesium
NT5C1A;ADK;Magnesium
NT5C1A;APRT;Magnesium
NT5C1A;PNP;Magnesium
PDE1B;ADSL;Magnesium
PDE1B;AK3;Magnesium
PDE1B;HPRT1;Magnesium
PDE1B;PDE1A;Magnesium
PDE1B;APRT;Magnesium
PDE1B;ADK;Magnesium
PDE1B;ENPP1;Magnesium
PDE1B;ENPP3;Magnesium
PDE1B;PDE1C;Magnesium
NT5C;AMPD2;Magnesium
NT5C;AMPD1;Magnesium
NT5C;AMPD3;Magnesium
NT5C;ENPP3;Magnesium
NT5C;HPRT1;Magnesium
NT5C;AK3;Magnesium
NT5C;ADSL;Magnesium
NT5C;ENPP1;Magnesium
NT5C;APRT;Magnesium
NT5C;ADK;Magnesium
NT5C;ADA2;Magnesium
NT5C;ADA;Magnesium
NT5C;PNP;Magnesium
NT5E;AMPD1;Magnesium
NT5E;AMPD3;Magnesium
NT5E;AMPD2;Magnesium
NT5E;AK3;Magnesium
NT5E;HPRT1;Magnesium
NT5E;ENPP3;Magnesium
NT5E;ADSL;Magnesium
NT5E;APRT;Magnesium
NT5E;ADA2;Magnesium
NT5E;ADK;Magnesium
NT5E;ADA;Magnesium
NT5E;ENPP1;Magnesium
NT5E;PNP;Magnesium
PDE8B;APRT;Magnesium
PDE8B;ADSL;Magnesium
PDE8B;ENPP3;Magnesium
PDE8B;ENPP1;Magnesium
PDE8B;ADK;Magnesium
PDE8B;AK3;Magnesium
PDE8B;PDE8A;Magnesium
AK7;ENPP1;Magnesium
AK7;ENPP3;Magnesium
AK7;ADK;Magnesium
AK7;APRT;Magnesium
AK7;ADSL;Magnesium
PDE3B;ADSL;Magnesium
PDE3B;APRT;Magnesium
PDE3B;HPRT1;Magnesium
PDE3B;ENPP1;Magnesium
PDE3B;AK3;Magnesium
PDE3B;PDE3A;Magnesium
PDE3B;ADK;Magnesium
PDE3B;ENPP3;Magnesium
PDE11A;HPRT1;Magnesium
PDE11A;ADSL;Magnesium
PDE11A;AK3;Magnesium
PDE11A;APRT;Magnesium
PDE11A;ADK;Magnesium
PDE11A;ENPP1;Magnesium
PDE11A;ENPP3;Magnesium
AK8;ENPP3;Magnesium
AK8;ENPP1;Magnesium
AK8;ADK;Magnesium
AK8;APRT;Magnesium
AK8;ADSL;Magnesium
HPRT1;PDE1C;Magnesium
HPRT1;NT5M;Magnesium
HPRT1;NT5C3B;Magnesium
HPRT1;ENPP3;Magnesium
HPRT1;PDE1A;Magnesium
HPRT1;PDE2A;Magnesium
HPRT1;PDE3A;Magnesium
HPRT1;NT5C3A;Magnesium
HPRT1;PDE10A;Magnesium
HPRT1;ENTPD3;Magnesium
HPRT1;ENPP1;Magnesium
HPRT1;ENTPD8;Magnesium
HPRT1;ENTPD1;Magnesium
HPRT1;NT5C1B-RDH14;Magnesium
HPRT1;NT5C1B;Magnesium
HPRT1;NT5C2;Magnesium
HPRT1;ADSL;Magnesium
HPRT1;AMPD3;Magnesium
HPRT1;AMPD1;Magnesium
HPRT1;AMPD2;Magnesium
HPRT1;PNP;Magnesium
HPRT1;APRT;Magnesium
ENTPD3;AK3;Magnesium
ENTPD3;ADSL;Magnesium
ENTPD3;APRT;Magnesium
ENTPD3;AMPD1;Magnesium
ENTPD3;AMPD3;Magnesium
ENTPD3;AMPD2;Magnesium
ENTPD3;ADK;Magnesium
ENTPD3;ENPP1;Magnesium
ENTPD3;ENPP3;Magnesium
PDE7B;ADSL;Magnesium
PDE7B;AK3;Magnesium
PDE7B;ENPP3;Magnesium
PDE7B;APRT;Magnesium
PDE7B;ENPP1;Magnesium
PDE7B;ADK;Magnesium
MDH2;ADSL;Magnesium
PDE2A;ADSL;Magnesium
PDE2A;AK3;Magnesium
PDE2A;APRT;Magnesium
PDE2A;ENPP3;Magnesium
PDE2A;ADK;Magnesium
PDE2A;ENPP1;Magnesium
NT5C2;AK3;Magnesium
NT5C2;ENPP1;Magnesium
NT5C2;ENPP3;Magnesium
NT5C2;APRT;Magnesium
NT5C2;ADA2;Magnesium
NT5C2;ADSL;Magnesium
NT5C2;ADK;Magnesium
NT5C2;ADA;Magnesium
NT5C2;PNP;Magnesium
PDE4B;ADSL;Magnesium
PDE4B;APRT;Magnesium
PDE4B;AK3;Magnesium
PDE4B;ENPP3;Magnesium
PDE4B;ADK;Magnesium
PDE4B;ENPP1;Magnesium
PDE4D;ADSL;Magnesium
PDE4D;ENPP3;Magnesium
PDE4D;APRT;Magnesium
PDE4D;ENPP1;Magnesium
PDE4D;AK3;Magnesium
PDE4D;ADK;Magnesium
AK5;ENPP3;Magnesium
AK5;ENPP1;Magnesium
AK5;ADK;Magnesium
AK5;ADSL;Magnesium
AK5;APRT;Magnesium
PDE4C-2;ADSL;Magnesium
PDE4C-2;AK3;Magnesium
PDE4C-2;ENPP3;Magnesium
PDE4C-2;ENPP1;Magnesium
PDE4C-2;APRT;Magnesium
PDE4C-2;ADK;Magnesium
UBE2I;ADK;Magnesium
PDE3A;ADSL;Magnesium
PDE3A;APRT;Magnesium
PDE3A;ENPP3;Magnesium
PDE3A;AK3;Magnesium
PDE3A;ENPP1;Magnesium
PDE3A;ADK;Magnesium
NT5C1B;ENPP1;Magnesium
NT5C1B;ADA2;Magnesium
NT5C1B;ENPP3;Magnesium
NT5C1B;ADA;Magnesium
NT5C1B;AK3;Magnesium
NT5C1B;APRT;Magnesium
NT5C1B;PNP;Magnesium
NT5C1B;ADK;Magnesium
NT5C1B;ADSL;Magnesium
PNP;NT5C1B-RDH14;Magnesium
PNP;NT5C3B;Magnesium
PNP;NT5C3A;Magnesium
PNP;NT5M;Magnesium
PNP;ADA2;Magnesium
PNP;ADK;Magnesium
PNP;APRT;Magnesium
PNP;ADA;Magnesium
PDE10A;ADSL;Magnesium
PDE10A;AK3;Magnesium
PDE10A;APRT;Magnesium
PDE10A;ADK;Magnesium
PDE10A;ENPP1;Magnesium
PDE10A;ENPP3;Magnesium
ENTPD1;ADSL;Magnesium
ENTPD1;AK3;Magnesium
ENTPD1;APRT;Magnesium
ENTPD1;AMPD1;Magnesium
ENTPD1;AMPD3;Magnesium
ENTPD1;AMPD2;Magnesium
ENTPD1;ENPP3;Magnesium
ENTPD1;ENPP1;Magnesium
ENTPD1;ADK;Magnesium
ENTPD8;AK3;Magnesium
ENTPD8;ADSL;Magnesium
ENTPD8;APRT;Magnesium
ENTPD8;AMPD2;Magnesium
ENTPD8;AMPD1;Magnesium
ENTPD8;AMPD3;Magnesium
ENTPD8;ADK;Magnesium
ENTPD8;ENPP3;Magnesium
ENTPD8;ENPP1;Magnesium
ADA;NT5C1B-RDH14;Magnesium
ADA;NT5C3A;Magnesium
ADA;NT5C3B;Magnesium
ADA;NT5M;Magnesium
ADA;ADA2;Magnesium
ADA;ADK;Magnesium
APRT;NT5M;Magnesium
APRT;PDE8A;Magnesium
APRT;ENPP3;Magnesium
APRT;NT5C3A;Magnesium
APRT;NT5C3B;Magnesium
APRT;ENPP1;Magnesium
APRT;PDE7A;Magnesium
APRT;PDE4A;Magnesium
APRT;AK6;Magnesium
APRT;PDE1C;Magnesium
APRT;PDE1A;Magnesium
APRT;NT5C1B-RDH14;Magnesium
APRT;AK3;Magnesium
APRT;AK4;Magnesium
APRT;AK2;Magnesium
APRT;AMPD1;Magnesium
APRT;AMPD2;Magnesium
APRT;AK9;Magnesium
APRT;AMPD3;Magnesium
APRT;ADSL;Magnesium
APRT;ADK;Magnesium
PDE4A;ADSL;Magnesium
PDE4A;AK3;Magnesium
PDE4A;ENPP1;Magnesium
PDE4A;ENPP3;Magnesium
PDE4A;ADK;Magnesium
AK6;ENPP3;Magnesium
AK6;ENPP1;Magnesium
AK6;ADK;Magnesium
AK6;ADSL;Magnesium
AK3;NT5C3B;Magnesium
AK3;NT5C3A;Magnesium
AK3;ENPP3;Magnesium
AK3;ENPP1;Magnesium
AK3;PDE8A;Magnesium
AK3;PDE7A;Magnesium
AK3;PDE1A;Magnesium
AK3;PDE1C;Magnesium
AK3;AMPD1;Magnesium
AK3;AMPD3;Magnesium
AK3;NT5C1B-RDH14;Magnesium
AK3;AMPD2;Magnesium
AK3;ADK;Magnesium
AK3;AK9;Magnesium
AK3;ADSL;Magnesium
AK3;NT5M;Magnesium
NT5M;AMPD2;Magnesium
NT5M;AMPD1;Magnesium
NT5M;AMPD3;Magnesium
NT5M;ENPP3;Magnesium
NT5M;ENPP1;Magnesium
NT5M;ADSL;Magnesium
NT5M;ADK;Magnesium
NT5M;ADA2;Magnesium
PDE8A;ADSL;Magnesium
PDE8A;ENPP3;Magnesium
PDE8A;ADK;Magnesium
PDE8A;ENPP1;Magnesium
AK4;ENPP3;Magnesium
AK4;ENPP1;Magnesium
AK4;ADK;Magnesium
AK4;ADSL;Magnesium
PDE1C;ADSL;Magnesium
PDE1C;ADK;Magnesium
PDE1C;ENPP1;Magnesium
PDE1C;ENPP3;Magnesium
PDE1C;PDE1A;Magnesium
AMPD3;ENPP3;Magnesium
AMPD3;AMPD2;Magnesium
AMPD3;ENPP1;Magnesium
AMPD3;AMPD1;Magnesium
AMPD3;ADSL;Magnesium
AMPD3;ADK;Magnesium
ADA2;NT5C1B-RDH14;Magnesium
ADA2;NT5C3B;Magnesium
ADA2;NT5C3A;Magnesium
ADA2;ADK;Magnesium
PDE7A;ADSL;Magnesium
PDE7A;ENPP1;Magnesium
PDE7A;ADK;Magnesium
PDE7A;ENPP3;Magnesium
NT5C3B;ADSL;Magnesium
NT5C3B;ENPP1;Magnesium
NT5C3B;ADK;Magnesium
NT5C3B;ENPP3;Magnesium
ENPP3;ADSL;Magnesium
ENPP3;NT5C1B-RDH14;Magnesium
ENPP3;AK9;Magnesium
ENPP3;ENPP1;Magnesium
ENPP3;AK2;Magnesium
ENPP3;PDE1A;Magnesium
ENPP3;ADK;Magnesium
ENPP3;AMPD2;Magnesium
ENPP3;AMPD1;Magnesium
ENPP3;NT5C3A;Magnesium
AK9;ENPP1;Magnesium
AK9;ADK;Magnesium
AK9;ADSL;Magnesium
PDE1A;ADSL;Magnesium
PDE1A;ADK;Magnesium
PDE1A;ENPP1;Magnesium
AMPD1;ENPP1;Magnesium
AMPD1;AMPD2;Magnesium
AMPD1;ADSL;Magnesium
AMPD1;ADK;Magnesium
NT5C1B-RDH14;ENPP1;Magnesium
NT5C1B-RDH14;ADK;Magnesium
NT5C1B-RDH14;ADSL;Magnesium
ADK;NT5C3A;Magnesium
ADK;ENPP1;Magnesium
ADK;AK2;Magnesium
ADK;ADSL;Magnesium
ADK;AMPD2;Magnesium
NT5C3A;ADSL;Magnesium
NT5C3A;ENPP1;Magnesium
ADSL;ENPP1;Magnesium
ADSL;AK2;Magnesium
ADSL;AMPD2;Magnesium
ENPP1;AK2;Magnesium
ENPP1;AMPD2;Magnesium
WASL;ACTG1;Magnesium
WASL;ACTB;Magnesium
PFN1;PFN4;Magnesium
PFN1;ACTG1;Magnesium
PFN1;APBB1IP;Magnesium
PFN1;VASP;Magnesium
PFN1;ACTB;Magnesium
PFN2;VASP;Magnesium
VASP;ACTB;Magnesium
VASP;ACTG1;Magnesium
VASP;ZYX;Magnesium
VASP;EVL;Magnesium
VASP;APBB1IP;Magnesium
BAIAP2;ACTG1;Magnesium
BAIAP2;ACTB;Magnesium
BAIAP2;ENAH;Magnesium
BAIAP2;ABI1;Magnesium
PFN4;ACTG1;Magnesium
PFN4;APBB1IP;Magnesium
PFN4;ACTB;Magnesium
ZYX;ENAH;Magnesium
ZYX;ACTG1;Magnesium
ZYX;EVL;Magnesium
ZYX;ACTB;Magnesium
ACTL7A;ENAH;Magnesium
ACTL7A;TES;Magnesium
TES;ENAH;Magnesium
ENAH;ACTG1;Magnesium
ENAH;ACTB;Magnesium
ENAH;APBB1IP;Magnesium
ENAH;EVL;Magnesium
APBB1IP;EVL;Magnesium
EVL;ACTB;Magnesium
EVL;ACTG1;Magnesium
ESRP1;ESRP2;Magnesium
ACTG1;ACTB;Magnesium
PLCG1;SH2D2A;Magnesium
PLCG1;KDR;Magnesium
PLCG1;ITK;Magnesium
KDR;PLCG2;Magnesium
KDR;PIK3R1;Magnesium
KDR;SH2D2A;Magnesium
KDR;SRC;Magnesium
SRC;ITK;Magnesium
SH2D2A;PLCG2;Magnesium
ITK;PIK3R1;Magnesium
IDH3G;GOT1L1;Magnesium
IDH3G;GPT;Magnesium
IDH3G;GOT1;Magnesium
IDH3G;GPT2;Magnesium
IDH3G;GOT2;Magnesium
IDH3G;GLUD1;Magnesium
IDH3G;GLUD2;Magnesium
IDH3G;OGDHL;Magnesium
IDH3G;OGDH;Magnesium
IDH3G;IDH1;Magnesium
IDH3G;IDH2;Magnesium
IDH3G;IDH3A;Magnesium
IDH3G;IDH3B;Magnesium
AGXT2;GPT;Magnesium
AGXT2;GPT2;Magnesium
APOB;MTTP;Magnesium
GOT2;SDHD;Magnesium
GOT2;OGDHL;Magnesium
GOT2;IDH3A;Magnesium
GOT2;SDHC;Magnesium
GOT2;IDH3B;Magnesium
GOT2;SDHB;Magnesium
GOT2;NAGS;Magnesium
GOT2;OGDH;Magnesium
GOT2;IDH1;Magnesium
GOT2;IDH2;Magnesium
GOT2;GOT1L1;Magnesium
GOT2;GLUD2;Magnesium
GOT2;GPT2;Magnesium
GOT2;GPT;Magnesium
GOT2;GLUD1;Magnesium
GOT2;FH;Magnesium
GOT2;SDHA;Magnesium
GOT2;GOT1;Magnesium
SDHA;GPT2;Magnesium
SDHA;GPT;Magnesium
SDHA;GOT1L1;Magnesium
SDHA;GOT1;Magnesium
SDHA;SDHD;Magnesium
SDHA;SDHB;Magnesium
SDHA;SDHC;Magnesium
SDHA;FH;Magnesium
GLUD1;OGDHL;Magnesium
GLUD1;IDH3B;Magnesium
GLUD1;IDH3A;Magnesium
GLUD1;OGDH;Magnesium
GLUD1;NAGS;Magnesium
GLUD1;GPT;Magnesium
GLUD1;GOT1L1;Magnesium
GLUD1;GPT2;Magnesium
GLUD1;IDH2;Magnesium
GLUD1;IDH1;Magnesium
GLUD1;GOT1;Magnesium
GLUD1;GLUD2;Magnesium
NAGS;GOT1L1;Magnesium
NAGS;GOT1;Magnesium
NAGS;GPT2;Magnesium
NAGS;GPT;Magnesium
NAGS;GLUD2;Magnesium
IDH3A;GPT2;Magnesium
IDH3A;GOT1L1;Magnesium
IDH3A;GPT;Magnesium
IDH3A;GOT1;Magnesium
IDH3A;GLUD2;Magnesium
IDH3A;IDH1;Magnesium
IDH3A;OGDHL;Magnesium
IDH3A;OGDH;Magnesium
IDH3A;IDH2;Magnesium
IDH3A;IDH3B;Magnesium
AGXT;FH;Magnesium
AGXT;GPT2;Magnesium
AGXT;GPT;Magnesium
GOT1L1;SDHD;Magnesium
GOT1L1;IDH3B;Magnesium
GOT1L1;SDHC;Magnesium
GOT1L1;OGDH;Magnesium
GOT1L1;SDHB;Magnesium
GOT1L1;IDH1;Magnesium
GOT1L1;IDH2;Magnesium
GOT1L1;OGDHL;Magnesium
GOT1L1;GOT1;Magnesium
GOT1L1;FH;Magnesium
GOT1L1;GLUD2;Magnesium
GOT1L1;GPT2;Magnesium
GOT1L1;GPT;Magnesium
GLUD2;OGDH;Magnesium
GLUD2;IDH3B;Magnesium
GLUD2;OGDHL;Magnesium
GLUD2;GPT;Magnesium
GLUD2;GPT2;Magnesium
GLUD2;IDH1;Magnesium
GLUD2;GOT1;Magnesium
IDH2;GPT2;Magnesium
IDH2;GPT;Magnesium
IDH2;GOT1;Magnesium
IDH2;IDH1;Magnesium
IDH2;OGDHL;Magnesium
IDH2;OGDH;Magnesium
IDH2;IDH3B;Magnesium
GPT2;SDHD;Magnesium
GPT2;SDHC;Magnesium
GPT2;OGDHL;Magnesium
GPT2;SDHB;Magnesium
GPT2;IDH3B;Magnesium
GPT2;OGDH;Magnesium
GPT2;IDH1;Magnesium
GPT2;FH;Magnesium
GPT2;GPT;Magnesium
GPT2;GOT1;Magnesium
GPX6;GPX5;Magnesium
GPX6;GPX3;Magnesium
GPX6;GPX2;Magnesium
GPX6;GPX7;Magnesium
GPX6;GPX8;Magnesium
GPX7;GPX5;Magnesium
GPX7;GPX3;Magnesium
GPX7;GPX2;Magnesium
FH;GPT;Magnesium
FH;GOT1;Magnesium
FH;SDHD;Magnesium
FH;SDHC;Magnesium
FH;SDHB;Magnesium
SDHC;GPT;Magnesium
SDHC;GOT1;Magnesium
SDHC;SDHB;Magnesium
SDHC;SDHD;Magnesium
GOT1;SDHD;Magnesium
GOT1;IDH3B;Magnesium
GOT1;OGDHL;Magnesium
GOT1;SDHB;Magnesium
GOT1;OGDH;Magnesium
GOT1;IDH1;Magnesium
GOT1;GPT;Magnesium
OGDHL;GPT;Magnesium
OGDHL;OGDH;Magnesium
OGDHL;IDH3B;Magnesium
OGDHL;IDH1;Magnesium
SDHB;GPT;Magnesium
SDHB;SDHD;Magnesium
SDHD;GPT;Magnesium
GPX3;GPX5;Magnesium
GPX3;GPX2;Magnesium
GPX3;GPX8;Magnesium
GPX2;GPX5;Magnesium
GPX2;GPX8;Magnesium
GPT;IDH3B;Magnesium
GPT;OGDH;Magnesium
GPT;IDH1;Magnesium
OGDH;IDH3B;Magnesium
OGDH;IDH1;Magnesium
IDH1;IDH3B;Magnesium
GPX5;GPX8;Magnesium
B9D2;CDC20;Magnesium
B9D2;PLK1;Magnesium
B9D2;NUDC;Magnesium
DNAJB1;DNAJA2;Magnesium
DNAJB1;NUDC;Magnesium
CCT7;PTGES3;Magnesium
CCT7;CDC20;Magnesium
CCT7;CCT5;Magnesium
CCT7;CCT2;Magnesium
TAOK1;NUDC;Magnesium
TAOK1;PLK1;Magnesium
TAOK1;CDC20;Magnesium
KIF18A;NUDC;Magnesium
KIF18A;PPP1CC;Magnesium
KIF18A;KIF2B;Magnesium
KIF18A;KIF2A;Magnesium
KIF18A;PLK1;Magnesium
KIF18A;CDC20;Magnesium
KIF18A;KIF2C;Magnesium
KIF18A;CENPE;Magnesium
CLASP1;CDC20;Magnesium
CLASP1;NUDC;Magnesium
CLASP1;MAPRE1;Magnesium
CLASP1;PLK1;Magnesium
SGO1;NUDC;Magnesium
FBXW11;NUDC;Magnesium
CENPE;NUDC;Magnesium
CENPE;KIF2B;Magnesium
SPDL1;NUDC;Magnesium
SPDL1;CDC20;Magnesium
SPDL1;PLK1;Magnesium
SPDL1;SKA2;Magnesium
SPDL1;SKA1;Magnesium
SPDL1;CENPF;Magnesium
KIF2B;KIF2A;Magnesium
KIF2B;NUDC;Magnesium
KIF2B;KIF2C;Magnesium
KIF2B;CDC20;Magnesium
KIF2B;PLK1;Magnesium
DYNC1LI1;PAFAH1B1;Magnesium
DYNC1LI1;DYNLL1;Magnesium
DYNC1LI1;DYNC1I1;Magnesium
DYNC1LI1;DYNC1H1;Magnesium
CCT5;PTGES3;Magnesium
CCT5;CDC20;Magnesium
CCT5;CCT2;Magnesium
CENPU;PLK1;Magnesium
CENPU;CENPA;Magnesium
RANBP2;NUDC;Magnesium
RANBP2;INCENP;Magnesium
RANBP2;CDC20;Magnesium
RANBP2;PLK1;Magnesium
RANBP2;MAD1L1;Magnesium
RANBP2;AHCTF1;Magnesium
RANBP2;XPO1;Magnesium
RANBP2;RANGAP1;Magnesium
SKA1;NUDC;Magnesium
SKA1;CDC20;Magnesium
SKA1;PLK1;Magnesium
SKA1;CENPF;Magnesium
SKA1;SKA2;Magnesium
CCT2;PTGES3;Magnesium
CCT2;CDC20;Magnesium
PLK1;RPS27;Magnesium
PLK1;PAFAH1B1;Magnesium
PLK1;DYNC1H1;Magnesium
PLK1;AHCTF1;Magnesium
PLK1;MAD1L1;Magnesium
PLK1;NDEL1;Magnesium
PLK1;SKA2;Magnesium
PLK1;NDE1;Magnesium
PLK1;CLASP2;Magnesium
PLK1;XPO1;Magnesium
PLK1;RANGAP1;Magnesium
PLK1;DYNLL1;Magnesium
PLK1;CLIP1;Magnesium
PLK1;PPP1CC;Magnesium
PLK1;RCC2;Magnesium
PLK1;SGO2;Magnesium
PLK1;NUDC;Magnesium
PLK1;ERCC6L;Magnesium
BUB1;NUDC;Magnesium
BUB1;MAD1L1;Magnesium
NUDC;BTRC;Magnesium
NUDC;AHCTF1;Magnesium
NUDC;ERCC6L;Magnesium
NUDC;KIF2A;Magnesium
NUDC;CENPA;Magnesium
NUDC;MAPRE1;Magnesium
NUDC;ZWINT;Magnesium
NUDC;SKA2;Magnesium
NUDC;CENPF;Magnesium
NUDC;RANGAP1;Magnesium
NUDC;CDC20;Magnesium
NUDC;SGO2;Magnesium
NUDC;KIF2C;Magnesium
NUDC;CKAP5;Magnesium
NUDC;MAD1L1;Magnesium
NUDC;RPS27;Magnesium
NUDC;PPP1CC;Magnesium
NUDC;XPO1;Magnesium
NUDC;RCC2;Magnesium
NUDC;CLASP2;Magnesium
NUDC;INCENP;Magnesium
NUDC;CLIP1;Magnesium
NUDC;NDEL1;Magnesium
NUDC;NDE1;Magnesium
NUDC;PAFAH1B1;Magnesium
DYNC1I1;NDEL1;Magnesium
DYNC1I1;DYNLL1;Magnesium
DYNC1I1;DYNC1H1;Magnesium
CLASP2;CDC20;Magnesium
CLASP2;MAPRE1;Magnesium
SKA2;CDC20;Magnesium
SKA2;CENPF;Magnesium
NDEL1;CDC20;Magnesium
NDEL1;NDE1;Magnesium
NDEL1;PAFAH1B1;Magnesium
ERCC6L;CDC20;Magnesium
HSP90AA1;DYNC1H1;Magnesium
PPP1CC;CDC20;Magnesium
DYNC1H1;PAFAH1B1;Magnesium
DYNC1H1;DYNLL1;Magnesium
SGO2;CDC20;Magnesium
AHCTF1;CDC20;Magnesium
CDC20;RPS27;Magnesium
CDC20;NDE1;Magnesium
CDC20;PAFAH1B1;Magnesium
CDC20;XPO1;Magnesium
CDC20;RANGAP1;Magnesium
CDC20;RCC2;Magnesium
CDC20;CLIP1;Magnesium
CDC20;MAD1L1;Magnesium
EIF3I;RPS27;Magnesium
MAPRE1;CLIP1;Magnesium
DYNLL1;PAFAH1B1;Magnesium
INCENP;RANGAP1;Magnesium
NDE1;PAFAH1B1;Magnesium
PFN1;PFN3;Magnesium
MOCS3;MOCS2;Magnesium
SYP;SYN1;Magnesium
NRXN2;NLGN2;Magnesium
NRXN2;NLGN1;Magnesium
NRXN2;NLGN4X;Magnesium
NLGN2;NRXN1;Magnesium
PFN4;PFN3;Magnesium
MOCS1;MOCS2;Magnesium
NLGN4X;NRXN1;Magnesium
DYNLL1;DYNLL2;Magnesium
MOCS2;GPHN;Magnesium
NME3;RRM2;Magnesium
NME3;RRM1;Magnesium
NME3;NME7;Magnesium
NME3;NME6;Magnesium
NME3;DUT;Magnesium
NME3;NME4;Magnesium
NME3;AK9;Magnesium
NME3;ITPA;Magnesium
NME3;DTYMK;Magnesium
NME3;NME1-NME2;Magnesium
NME3;NME2;Magnesium
NME3;NME1;Magnesium
NME4;RRM2;Magnesium
NME4;RRM1;Magnesium
NME4;NME7;Magnesium
NME4;DUT;Magnesium
NME4;NME6;Magnesium
NME4;NME2;Magnesium
NME4;AK9;Magnesium
NME4;ITPA;Magnesium
NME4;NME1-NME2;Magnesium
NME4;DTYMK;Magnesium
NME4;NME1;Magnesium
RRM1;NME1-NME2;Magnesium
RRM1;NME6;Magnesium
RRM1;NME7;Magnesium
RRM1;NME1;Magnesium
RRM1;NME2;Magnesium
RRM1;AK9;Magnesium
DTYMK;NME7;Magnesium
DTYMK;NME1-NME2;Magnesium
DTYMK;AK9;Magnesium
DTYMK;NME1;Magnesium
DTYMK;NME2;Magnesium
DTYMK;NME6;Magnesium
NME1;RRM2;Magnesium
NME1;NME6;Magnesium
NME1;NME7;Magnesium
NME1;AK9;Magnesium
NME1;DUT;Magnesium
NME1;ITPA;Magnesium
NME1;NME1-NME2;Magnesium
NME1;NME2;Magnesium
RRM2;NME1-NME2;Magnesium
RRM2;NME7;Magnesium
RRM2;NME6;Magnesium
RRM2;NME2;Magnesium
RRM2;AK9;Magnesium
NME7;NME2;Magnesium
NME7;NME1-NME2;Magnesium
NME7;NME6;Magnesium
NME7;DUT;Magnesium
NME7;AK9;Magnesium
NME7;ITPA;Magnesium
ITPA;AK9;Magnesium
ITPA;NME1-NME2;Magnesium
ITPA;NME2;Magnesium
ITPA;NME6;Magnesium
DUT;NME1-NME2;Magnesium
DUT;NME2;Magnesium
DUT;AK9;Magnesium
DUT;NME6;Magnesium
NME2;NME6;Magnesium
NME2;AK9;Magnesium
NME2;NME1-NME2;Magnesium
NME1-NME2;NME6;Magnesium
NME1-NME2;AK9;Magnesium
AK9;NME6;Magnesium
PLK1;OFD1;Magnesium
PLK1;DCTN1;Magnesium
PLK1;CENPJ;Magnesium
TSNARE1;NDE1;Magnesium
NDEL1;DISC1;Magnesium
DCTN1;KIF2A;Magnesium
DCTN1;PAFAH1B1;Magnesium
DYNLL1;CDK1;Magnesium
CDK1;PAFAH1B1;Magnesium
CDK1;NDE1;Magnesium
PAFAH1B1;PAFAH1B2;Magnesium
PDXP;PHOSPHO2;Magnesium
PDXP;AOX1;Magnesium
PDXP;PNPO;Magnesium
PDXP;PDXK;Magnesium
FDX1;PDXK;Magnesium
FDX1;FDX2;Magnesium
PDXK;TP53RK;Magnesium
PDXK;FDX2;Magnesium
PDXK;PHOSPHO2;Magnesium
PDXK;AOX1;Magnesium
PDXK;PNPO;Magnesium
AOX1;PHOSPHO2;Magnesium
AOX1;PNPO;Magnesium
PHOSPHO2;PNPO;Magnesium
CD38;RYR1;Magnesium
CD38;RYR2;Magnesium
CD38;RYR3;Magnesium
CASQ2;CASQ1;Magnesium
CASQ2;RYR3;Magnesium
CASQ2;RYR1;Magnesium
CASQ2;RYR2;Magnesium
CASQ2;ASPH;Magnesium
CASQ2;TRDN;Magnesium
CACNA1C;FKBP1A;Magnesium
CACNA1C;NOS1;Magnesium
CACNA1C;RYR1;Magnesium
CACNA1C;CALM2;Magnesium
CACNA1C;CALML3;Magnesium
CACNA1C;CALML6;Magnesium
CACNA1C;CALML5;Magnesium
CACNA1C;CALM3;Magnesium
CACNA1C;CALML4;Magnesium
CALM3;FKBP1B;Magnesium
CALM3;RYR3;Magnesium
CALM3;RYR1;Magnesium
CALM3;RYR2;Magnesium
CALML6;RYR3;Magnesium
CALML6;RYR1;Magnesium
CALML6;RYR2;Magnesium
CALML3;RYR3;Magnesium
CALML3;RYR2;Magnesium
CALML3;RYR1;Magnesium
PSEN1;RYR3;Magnesium
PSEN1;PSEN2;Magnesium
TRDN;RYR3;Magnesium
TRDN;RYR1;Magnesium
TRDN;CASQ1;Magnesium
TRDN;RYR2;Magnesium
TRDN;ASPH;Magnesium
RYR1;CALM2;Magnesium
RYR1;ASPH;Magnesium
RYR1;NOS1;Magnesium
RYR1;RYR3;Magnesium
RYR1;RYR2;Magnesium
RYR1;CASQ1;Magnesium
RYR1;CALML5;Magnesium
RYR1;FKBP1A;Magnesium
RYR1;CALML4;Magnesium
RYR2;NOS1;Magnesium
RYR2;CASQ1;Magnesium
RYR2;CALM2;Magnesium
RYR2;RYR3;Magnesium
RYR2;ASPH;Magnesium
RYR2;CALML5;Magnesium
RYR2;FKBP1B;Magnesium
RYR2;CALML4;Magnesium
PSEN2;RYR3;Magnesium
CASQ1;RYR3;Magnesium
CASQ1;ASPH;Magnesium
ASPH;RYR3;Magnesium
CALML5;RYR3;Magnesium
FKBP1B;CALM2;Magnesium
FKBP1A;RYR3;Magnesium
CALML4;RYR3;Magnesium
NOS1;RYR3;Magnesium
RYR3;CALM2;Magnesium
DLD;PDHA1;Magnesium
DLD;DLAT;Magnesium
DLD;PDHB;Magnesium
DLD;PDHX;Magnesium
PDHX;DLAT;Magnesium
PDHX;PDHB;Magnesium
PDHX;PDHA1;Magnesium
DLAT;PDHA1;Magnesium
DLAT;PDHB;Magnesium
PDPR;PDP1;Magnesium
PDHB;PDHA1;Magnesium
SEPTIN12;SEPTIN8;Magnesium
SEPTIN12;SEPTIN10;Magnesium
SEPTIN12;SEPTIN9;Magnesium
SEPTIN12;SEPTIN3;Magnesium
SEPTIN12;SEPTIN1;Magnesium
SEPTIN12;SEPTIN11;Magnesium
SEPTIN12;SEPTIN5;Magnesium
SEPTIN12;SEPTIN6;Magnesium
SEPTIN12;SEPTIN2;Magnesium
SEPTIN12;SEPTIN7;Magnesium
SEPTIN12;SEPTIN4;Magnesium
SEPTIN1;SEPTIN2;Magnesium
SEPTIN1;SEPTIN7;Magnesium
SEPTIN1;SEPTIN3;Magnesium
SEPTIN1;SEPTIN8;Magnesium
SEPTIN1;SEPTIN9;Magnesium
SEPTIN1;SEPTIN5;Magnesium
SEPTIN1;SEPTIN6;Magnesium
SEPTIN1;SEPTIN10;Magnesium
SEPTIN1;SEPTIN11;Magnesium
SEPTIN1;SEPTIN4;Magnesium
CDC42EP4;SEPTIN14;Magnesium
CDC42EP4;SEPTIN2;Magnesium
CDC42EP4;SEPTIN10;Magnesium
CDC42EP4;SEPTIN5;Magnesium
CDC42EP4;SEPTIN9;Magnesium
CDC42EP4;SEPTIN4;Magnesium
CDC42EP4;SEPTIN11;Magnesium
CDC42EP4;SEPTIN3;Magnesium
CDC42EP4;SEPTIN8;Magnesium
CDC42EP4;SEPTIN6;Magnesium
CDC42EP4;SEPTIN7;Magnesium
SEPTIN6;SEPTIN14;Magnesium
SEPTIN6;SEPTIN10;Magnesium
SEPTIN6;SEPTIN8;Magnesium
SEPTIN6;SEPTIN3;Magnesium
SEPTIN6;SEPTIN11;Magnesium
SEPTIN6;SEPTIN5;Magnesium
SEPTIN6;SEPTIN2;Magnesium
SEPTIN6;SEPTIN7;Magnesium
SEPTIN6;SEPTIN4;Magnesium
SEPTIN6;SEPTIN9;Magnesium
SEPTIN10;SEPTIN14;Magnesium
SEPTIN10;SEPTIN3;Magnesium
SEPTIN10;SEPTIN9;Magnesium
SEPTIN10;SEPTIN8;Magnesium
SEPTIN10;SEPTIN2;Magnesium
SEPTIN10;SEPTIN5;Magnesium
SEPTIN10;SEPTIN7;Magnesium
SEPTIN10;SEPTIN11;Magnesium
SEPTIN10;SEPTIN4;Magnesium
SEPTIN4;SEPTIN5;Magnesium
SEPTIN4;SEPTIN9;Magnesium
SEPTIN4;SEPTIN2;Magnesium
SEPTIN4;SEPTIN3;Magnesium
SEPTIN4;SEPTIN7;Magnesium
SEPTIN4;SEPTIN11;Magnesium
SEPTIN8;SEPTIN3;Magnesium
SEPTIN8;SEPTIN11;Magnesium
SEPTIN8;SEPTIN7;Magnesium
SEPTIN8;SEPTIN5;Magnesium
SEPTIN8;SEPTIN2;Magnesium
SEPTIN14;SEPTIN5;Magnesium
SEPTIN14;SEPTIN2;Magnesium
SEPTIN14;SEPTIN3;Magnesium
SEPTIN14;SEPTIN7;Magnesium
SEPTIN9;SEPTIN5;Magnesium
SEPTIN9;SEPTIN3;Magnesium
SEPTIN9;SEPTIN11;Magnesium
SEPTIN9;SEPTIN2;Magnesium
SEPTIN9;SEPTIN7;Magnesium
SEPTIN5;SEPTIN2;Magnesium
SEPTIN5;SEPTIN3;Magnesium
SEPTIN5;SEPTIN7;Magnesium
SEPTIN5;SEPTIN11;Magnesium
SEPTIN7;SEPTIN3;Magnesium
SEPTIN7;SEPTIN2;Magnesium
SEPTIN7;SEPTIN11;Magnesium
SEPTIN11;SEPTIN3;Magnesium
SEPTIN11;SEPTIN2;Magnesium
SEPTIN2;SEPTIN3;Magnesium
TIGAR;MPI;Magnesium
TIGAR;FBP1;Magnesium
TIGAR;PFKL;Magnesium
TIGAR;PFKP;Magnesium
TIGAR;FBP2;Magnesium
TIGAR;PFKFB1;Magnesium
TIGAR;PFKFB2;Magnesium
TIGAR;PFKFB3;Magnesium
TIGAR;PFKM;Magnesium
PCK2;PDHB;Magnesium
PCK2;PCK1;Magnesium
PCK2;PKM;Magnesium
PCK2;MDH2;Magnesium
PCK2;PC;Magnesium
GCK;ALDOC;Magnesium
GCK;ALDOA;Magnesium
GCK;TKTL2;Magnesium
GCK;TKTL1;Magnesium
GCK;TKT;Magnesium
GCK;TALDO1;Magnesium
GCK;ALDOB;Magnesium
GCK;GPI;Magnesium
TPI1;TKTL1;Magnesium
TPI1;TKTL2;Magnesium
TPI1;ALDOB;Magnesium
TPI1;ALDOC;Magnesium
TPI1;TALDO1;Magnesium
TPI1;ALDOA;Magnesium
TPI1;GPI;Magnesium
PFKFB4;PFKFB3;Magnesium
PFKFB4;MPI;Magnesium
PFKFB4;FBP1;Magnesium
PFKFB4;PFKL;Magnesium
PFKFB4;PFKP;Magnesium
PFKFB4;FBP2;Magnesium
PFKFB4;PFKM;Magnesium
ACOT2;PFKP;Magnesium
ACOT2;FBP2;Magnesium
ACOT2;PFKM;Magnesium
ACOT2;FBP1;Magnesium
ACOT2;PFKL;Magnesium
ACOT2;ACOT4;Magnesium
ACOT2;ACOT1;Magnesium
G6PC;TALDO1;Magnesium
G6PC;TKTL2;Magnesium
G6PC;TKTL1;Magnesium
G6PC;TKT;Magnesium
G6PC;ALDOC;Magnesium
G6PC;ALDOA;Magnesium
G6PC;ALDOB;Magnesium
G6PC;GPI;Magnesium
GID8;GID4;Magnesium
PFKL;ACOT4;Magnesium
PFKL;ACOT1;Magnesium
PFKL;MPI;Magnesium
PFKL;HKDC1;Magnesium
PFKL;HK3;Magnesium
PFKL;PFKFB2;Magnesium
PFKL;PFKFB1;Magnesium
PFKL;TKTL2;Magnesium
PFKL;HK2;Magnesium
PFKL;TKTL1;Magnesium
PFKL;TKT;Magnesium
PFKL;PFKFB3;Magnesium
PFKL;HK1;Magnesium
PFKL;FBP2;Magnesium
PFKL;ALDOC;Magnesium
PFKL;FBP1;Magnesium
PFKL;TALDO1;Magnesium
PFKL;ALDOB;Magnesium
PFKL;PFKP;Magnesium
PFKL;ALDOA;Magnesium
PFKL;PFKM;Magnesium
PFKL;GPI;Magnesium
TKTL2;HKDC1;Magnesium
TKTL2;HK3;Magnesium
TKTL2;HK1;Magnesium
TKTL2;PDHB;Magnesium
TKTL2;HK2;Magnesium
TKTL2;TKTL1;Magnesium
TKTL2;TKT;Magnesium
TKTL2;PKM;Magnesium
TKTL2;ALDOC;Magnesium
TKTL2;ALDOB;Magnesium
TKTL2;PFKP;Magnesium
TKTL2;ALDOA;Magnesium
TKTL2;PFKM;Magnesium
TKTL2;FBP2;Magnesium
TKTL2;FBP1;Magnesium
TKTL2;GPI;Magnesium
TKTL2;TALDO1;Magnesium
HK2;ALDOB;Magnesium
HK2;ALDOC;Magnesium
HK2;TALDO1;Magnesium
HK2;TKTL1;Magnesium
HK2;TKT;Magnesium
HK2;ALDOA;Magnesium
HK2;MPI;Magnesium
HK2;FBP2;Magnesium
HK2;FBP1;Magnesium
HK2;PFKP;Magnesium
HK2;PFKM;Magnesium
HK2;GPI;Magnesium
HK3;TKTL1;Magnesium
HK3;ALDOA;Magnesium
HK3;TALDO1;Magnesium
HK3;ALDOC;Magnesium
HK3;TKT;Magnesium
HK3;ALDOB;Magnesium
HK3;FBP2;Magnesium
HK3;MPI;Magnesium
HK3;FBP1;Magnesium
HK3;PFKP;Magnesium
HK3;PFKM;Magnesium
HK3;GPI;Magnesium
PDHB;PCK1;Magnesium
PDHB;TKTL1;Magnesium
PDHB;ALDOB;Magnesium
PDHB;TKT;Magnesium
PDHB;ALDOC;Magnesium
PDHB;ALDOA;Magnesium
PDHB;PC;Magnesium
PDHB;TALDO1;Magnesium
PDHB;GPI;Magnesium
PDHB;PKM;Magnesium
ACOT1;PFKP;Magnesium
ACOT1;FBP1;Magnesium
ACOT1;ACOT4;Magnesium
ACOT1;PFKM;Magnesium
ACOT1;FBP2;Magnesium
MPI;TALDO1;Magnesium
MPI;PFKFB3;Magnesium
MPI;PFKFB2;Magnesium
MPI;FBP2;Magnesium
MPI;PFKFB1;Magnesium
MPI;FBP1;Magnesium
MPI;PFKP;Magnesium
MPI;PFKM;Magnesium
MPI;HKDC1;Magnesium
MPI;HK1;Magnesium
MPI;GPI;Magnesium
BCKDHB;TALDO1;Magnesium
BCKDHB;GPI;Magnesium
PCK1;PKM;Magnesium
PCK1;MDH2;Magnesium
PCK1;PC;Magnesium
PKM;ALDOB;Magnesium
PKM;TALDO1;Magnesium
PKM;TKTL1;Magnesium
PKM;ALDOC;Magnesium
PKM;TKT;Magnesium
PKM;PC;Magnesium
PKM;ALDOA;Magnesium
PKM;GPI;Magnesium
TALDO1;HKDC1;Magnesium
TALDO1;HK1;Magnesium
TALDO1;ALDOB;Magnesium
TALDO1;ALDOC;Magnesium
TALDO1;ALDOA;Magnesium
TALDO1;PFKP;Magnesium
TALDO1;PFKM;Magnesium
TALDO1;FBP2;Magnesium
TALDO1;FBP1;Magnesium
TALDO1;GPI;Magnesium
TALDO1;TKTL1;Magnesium
TALDO1;TKT;Magnesium
ACOT4;PFKM;Magnesium
ACOT4;PFKP;Magnesium
ACOT4;FBP2;Magnesium
ACOT4;FBP1;Magnesium
MDH2;PC;Magnesium
HKDC1;TKT;Magnesium
HKDC1;TKTL1;Magnesium
HKDC1;ALDOC;Magnesium
HKDC1;ALDOB;Magnesium
HKDC1;ALDOA;Magnesium
HKDC1;FBP2;Magnesium
HKDC1;FBP1;Magnesium
HKDC1;PFKM;Magnesium
HKDC1;PFKP;Magnesium
HKDC1;GPI;Magnesium
PFKFB2;PFKFB1;Magnesium
PFKFB2;PFKP;Magnesium
PFKFB2;FBP1;Magnesium
PFKFB2;PFKFB3;Magnesium
PFKFB2;FBP2;Magnesium
PFKFB2;PFKM;Magnesium
TKTL1;HK1;Magnesium
TKTL1;TKT;Magnesium
TKTL1;ALDOC;Magnesium
TKTL1;ALDOB;Magnesium
TKTL1;PFKP;Magnesium
TKTL1;ALDOA;Magnesium
TKTL1;PFKM;Magnesium
TKTL1;FBP2;Magnesium
TKTL1;FBP1;Magnesium
TKTL1;GPI;Magnesium
PFKFB1;PFKFB3;Magnesium
PFKFB1;PFKP;Magnesium
PFKFB1;FBP1;Magnesium
PFKFB1;FBP2;Magnesium
PFKFB1;PFKM;Magnesium
FBP2;HK1;Magnesium
FBP2;ALDOC;Magnesium
FBP2;ALDOA;Magnesium
FBP2;TKT;Magnesium
FBP2;ALDOB;Magnesium
FBP2;PFKP;Magnesium
FBP2;PFKFB3;Magnesium
FBP2;PFKM;Magnesium
FBP2;FBP1;Magnesium
FBP2;GPI;Magnesium
PFKP;TKT;Magnesium
PFKP;PFKFB3;Magnesium
PFKP;ALDOC;Magnesium
PFKP;FBP1;Magnesium
PFKP;ALDOB;Magnesium
PFKP;ALDOA;Magnesium
PFKP;PFKM;Magnesium
PFKP;HK1;Magnesium
PFKP;GPI;Magnesium
ALDOC;HK1;Magnesium
ALDOC;ALDOB;Magnesium
ALDOC;TKT;Magnesium
ALDOC;FBP1;Magnesium
ALDOC;PFKM;Magnesium
ALDOC;GPI;Magnesium
ALDOC;ALDOA;Magnesium
TKT;HK1;Magnesium
TKT;ALDOB;Magnesium
TKT;PFKM;Magnesium
TKT;ALDOA;Magnesium
TKT;FBP1;Magnesium
TKT;GPI;Magnesium
GPI;ALDOB;Magnesium
GPI;HK1;Magnesium
GPI;ALDOA;Magnesium
GPI;FBP1;Magnesium
GPI;PFKM;Magnesium
FBP1;HK1;Magnesium
FBP1;PFKFB3;Magnesium
FBP1;ALDOA;Magnesium
FBP1;ALDOB;Magnesium
FBP1;PFKM;Magnesium
PFKFB3;PFKM;Magnesium
HK1;ALDOB;Magnesium
HK1;ALDOA;Magnesium
HK1;PFKM;Magnesium
ALDOA;ALDOB;Magnesium
ALDOA;PFKM;Magnesium
PFKM;ALDOB;Magnesium
DLD;OGDH;Magnesium
KAT2A;ATXN7;Magnesium
DAO;HOGA1;Magnesium
DAO;GRHPR;Magnesium
DAO;HAO2;Magnesium
DAO;HAO1;Magnesium
AGXT2;HOGA1;Magnesium
AGXT2;HAO1;Magnesium
AGXT2;GRHPR;Magnesium
AGXT2;HAO2;Magnesium
HRG;PLG;Magnesium
SDS;GRHPR;Magnesium
ILVBL;AGXT;Magnesium
ATXN7;ATXN7-2;Magnesium
ATXN7;TAF9;Magnesium
AGXT;ENSP00000428055;Magnesium
AGXT;ADHFE1;Magnesium
AGXT;HACL1;Magnesium
AGXT;PUDP;Magnesium
AGXT;GLYCTK;Magnesium
AGXT;HAO2;Magnesium
AGXT;HAO1;Magnesium
AGXT;PEX5;Magnesium
AGXT;HOGA1;Magnesium
AGXT;GRHPR;Magnesium
GRHPR;SDSL;Magnesium
GRHPR;HAO2;Magnesium
GRHPR;HAO1;Magnesium
GRHPR;GLYCTK;Magnesium
GRHPR;HOGA1;Magnesium
HAO2;HOGA1;Magnesium
HAO2;HAO1;Magnesium
FH;OAT;Magnesium
HOGA1;HAO1;Magnesium
ADHFE1;PUDP;Magnesium
PUDP;ENSP00000428055;Magnesium
CD4;CD247;Magnesium
CD4;LCK;Magnesium
IL2RB;IL2;Magnesium
IL2RB;IL2RA;Magnesium
IL2RB;IL15;Magnesium
IL2;IL2RA;Magnesium
KLRB1;KLRK1;Magnesium
NCR1;CD247;Magnesium
LAMP1;LAMP2;Magnesium
PDCD1;CD274;Magnesium
KIR2DL1;KLRC2;Magnesium
KIR2DL1;KLRC1;Magnesium
KIR2DL1;KIR3DL1;Magnesium
KIR2DL1;KLRD1;Magnesium
KIR2DL1;KIR2DL3;Magnesium
KLRD1;KIR3DL1;Magnesium
KLRD1;KIR2DL3;Magnesium
KLRD1;HLA-E;Magnesium
KLRD1;KLRC1;Magnesium
KLRD1;KLRC2;Magnesium
NCR3;CD247;Magnesium
KIR2DL3;KLRC2;Magnesium
KIR2DL3;KLRC1;Magnesium
KIR2DL3;KIR3DL1;Magnesium
ITGAL;CD226;Magnesium
CD247;LCK;Magnesium
CD247;CD8A;Magnesium
CD247;FCGR3A;Magnesium
CD247;FCGR3B;Magnesium
HLA-E;KLRC1;Magnesium
HLA-E;CD8A;Magnesium
HLA-E;KLRC2;Magnesium
KLRC2;KLRC1;Magnesium
KLRC2;KIR3DL1;Magnesium
KIR3DL1;KLRC1;Magnesium
CD8A;LCK;Magnesium
PTPRC;LCK;Magnesium
CDIPT;CRLS1;Magnesium
CDIPT;PGS1;Magnesium
CDIPT;CDS2;Magnesium
CDIPT;CDS1;Magnesium
LPIN2;CDS1;Magnesium
LPIN2;CDS2;Magnesium
LPIN2;PLPP5;Magnesium
LPIN2;PLPP4;Magnesium
LPIN2;LPIN3;Magnesium
LPIN2;LPIN1;Magnesium
LPIN2;PLPP3;Magnesium
LPIN2;PLPP2;Magnesium
PGS1;CRLS1;Magnesium
PGS1;CDS2;Magnesium
PGS1;CDS1;Magnesium
PLD2;PLPP2;Magnesium
PLD2;PLPP3;Magnesium
PLD2;MBOAT1;Magnesium
PLD2;PLD1;Magnesium
PLD2;PLPP4;Magnesium
PLD2;PLPP5;Magnesium
PLD2;MBOAT2;Magnesium
PLD2;CDS2;Magnesium
PLD2;CDS1;Magnesium
PLD2;PLD4;Magnesium
PLD2;PLD3;Magnesium
AGPAT5;PLPP3;Magnesium
AGPAT5;PLPP2;Magnesium
AGPAT5;LCLAT1;Magnesium
AGPAT5;PLPP4;Magnesium
AGPAT5;PLPP5;Magnesium
AGPAT5;AGPAT4;Magnesium
AGPAT5;MBOAT1;Magnesium
AGPAT5;AGPAT3;Magnesium
AGPAT5;CDS2;Magnesium
AGPAT5;CDS1;Magnesium
AGPAT5;MBOAT2;Magnesium
AGPAT5;AGPAT2;Magnesium
AGPAT5;AGPAT1;Magnesium
AGPAT3;PLPP2;Magnesium
AGPAT3;PLPP3;Magnesium
AGPAT3;LCLAT1;Magnesium
AGPAT3;PLPP5;Magnesium
AGPAT3;PLPP4;Magnesium
AGPAT3;MBOAT1;Magnesium
AGPAT3;AGPAT4;Magnesium
AGPAT3;CDS1;Magnesium
AGPAT3;CDS2;Magnesium
AGPAT3;MBOAT2;Magnesium
AGPAT3;AGPAT2;Magnesium
AGPAT3;AGPAT1;Magnesium
CDS1;COQ2;Magnesium
CDS1;PLD4;Magnesium
CDS1;PLD3;Magnesium
CDS1;MBOAT1;Magnesium
CDS1;PLPP4;Magnesium
CDS1;PLPP5;Magnesium
CDS1;LPIN3;Magnesium
CDS1;LPIN1;Magnesium
CDS1;AGPAT4;Magnesium
CDS1;LCLAT1;Magnesium
CDS1;PLPP3;Magnesium
CDS1;MBOAT2;Magnesium
CDS1;PLPP2;Magnesium
CDS1;PLD1;Magnesium
CDS1;CDS2;Magnesium
CDS1;AGPAT2;Magnesium
CDS1;AGPAT1;Magnesium
CDS1;CRLS1;Magnesium
MBOAT2;MBOAT1;Magnesium
MBOAT2;PLD4;Magnesium
MBOAT2;PLD3;Magnesium
MBOAT2;PLPP5;Magnesium
MBOAT2;PLPP4;Magnesium
MBOAT2;PLD1;Magnesium
MBOAT2;CDS2;Magnesium
MBOAT2;LCLAT1;Magnesium
MBOAT2;AGPAT4;Magnesium
MBOAT2;AGPAT1;Magnesium
MBOAT2;AGPAT2;Magnesium
LCLAT1;PLPP3;Magnesium
LCLAT1;PLPP2;Magnesium
LCLAT1;AGPAT4;Magnesium
LCLAT1;PLPP5;Magnesium
LCLAT1;PLPP4;Magnesium
LCLAT1;MBOAT1;Magnesium
LCLAT1;CDS2;Magnesium
LCLAT1;AGPAT2;Magnesium
LCLAT1;AGPAT1;Magnesium
LCLAT1;CRLS1;Magnesium
COQ2;CDS2;Magnesium
AGPAT4;PLPP2;Magnesium
AGPAT4;PLPP3;Magnesium
AGPAT4;PLPP4;Magnesium
AGPAT4;PLPP5;Magnesium
AGPAT4;CDS2;Magnesium
AGPAT4;MBOAT1;Magnesium
AGPAT4;AGPAT2;Magnesium
AGPAT4;AGPAT1;Magnesium
MBOAT1;PLD1;Magnesium
MBOAT1;CDS2;Magnesium
MBOAT1;PLPP5;Magnesium
MBOAT1;PLPP4;Magnesium
MBOAT1;PLD4;Magnesium
MBOAT1;PLD3;Magnesium
MBOAT1;AGPAT2;Magnesium
MBOAT1;AGPAT1;Magnesium
PLPP2;PLD1;Magnesium
PLPP2;PLPP5;Magnesium
PLPP2;PLPP4;Magnesium
PLPP2;CDS2;Magnesium
PLPP2;PLPP3;Magnesium
PLPP2;AGPAT1;Magnesium
PLPP2;LPIN3;Magnesium
PLPP2;AGPAT2;Magnesium
PLPP2;LPIN1;Magnesium
PLD1;PLPP3;Magnesium
PLD1;PLD3;Magnesium
PLD1;PLD4;Magnesium
PLD1;PLPP5;Magnesium
PLD1;PLPP4;Magnesium
PLD1;CDS2;Magnesium
PLPP3;PLPP4;Magnesium
PLPP3;PLPP5;Magnesium
PLPP3;CDS2;Magnesium
PLPP3;AGPAT1;Magnesium
PLPP3;LPIN3;Magnesium
PLPP3;AGPAT2;Magnesium
PLPP3;LPIN1;Magnesium
AGPAT2;AGPAT1;Magnesium
AGPAT2;PLPP5;Magnesium
AGPAT2;PLPP4;Magnesium
AGPAT2;CDS2;Magnesium
CRLS1;CDS2;Magnesium
AGPAT1;PLPP4;Magnesium
AGPAT1;PLPP5;Magnesium
AGPAT1;CDS2;Magnesium
PLPP4;PLD3;Magnesium
PLPP4;PLD4;Magnesium
PLPP4;CDS2;Magnesium
PLPP4;LPIN3;Magnesium
PLPP4;PLPP5;Magnesium
PLPP4;LPIN1;Magnesium
PLD3;CDS2;Magnesium
PLD3;PLPP5;Magnesium
PLD3;PLD4;Magnesium
PLPP5;PLD4;Magnesium
PLPP5;CDS2;Magnesium
PLPP5;LPIN3;Magnesium
PLPP5;LPIN1;Magnesium
LPIN1;CDS2;Magnesium
LPIN1;LPIN3;Magnesium
CDS2;PLD4;Magnesium
CDS2;LPIN3;Magnesium
FKTN;CRPPA;Magnesium
FKTN;POMK;Magnesium
FKTN;FKRP;Magnesium
RXYLT1;B4GAT1;Magnesium
RXYLT1;FKRP;Magnesium
POMT2;POMGNT2;Magnesium
POMT2;DAG1;Magnesium
POMT2;POMT1;Magnesium
POMK;DAG1;Magnesium
POMGNT2;DAG1;Magnesium
POMGNT2;POMT1;Magnesium
POMT1;DAG1;Magnesium
RAC2;ELMO2;Magnesium
RAC2;ELMO1;Magnesium
DOCK3;ELMO2;Magnesium
DOCK3;ELMO3;Magnesium
DOCK3;ELMO1;Magnesium
ELMO2;ELMO3;Magnesium
ELMO2;ELMO1;Magnesium
ELMO2;CRK;Magnesium
ELMO2;RHOG;Magnesium
CRK;ELMO1;Magnesium
ELMO1;ELMO3;Magnesium
ELMO1;RHOG;Magnesium
RHOG;ELMO3;Magnesium
RAC1;CDC42;Magnesium
PAPOLA;SLU7;Magnesium
PAPOLA;SRSF11;Magnesium
PAPOLA;DHX38;Magnesium
PAPOLA;CDC40;Magnesium
PAPOLA;SRSF9;Magnesium
PAPOLA;WDR82;Magnesium
PAPOLA;SRSF3;Magnesium
PAPOLA;ZFC3H1;Magnesium
PAPOLA;SRSF5;Magnesium
PAPOLA;SRSF2;Magnesium
PAPOLA;SRSF6;Magnesium
PAPOLA;SRSF4;Magnesium
PAPOLA;SRSF7;Magnesium
PAPOLA;PAPOLB;Magnesium
PAPOLA;NCBP1;Magnesium
PAPOLA;SRSF1;Magnesium
PAPOLA;PAPOLG;Magnesium
PAPOLA;CSTF2T;Magnesium
PAPOLA;NCBP2;Magnesium
PAPOLA;RBBP6;Magnesium
PAPOLA;U2AF2;Magnesium
PAPOLA;WDR33;Magnesium
PAPOLA;FIP1L1;Magnesium
PAPOLA;CPSF2;Magnesium
PAPOLA;CSTF3;Magnesium
PAPOLA;CPSF3;Magnesium
PAPOLA;PABPN1;Magnesium
PAPOLA;CPSF1;Magnesium
PAPOLA;SYMPK;Magnesium
PABPN1;CDC40;Magnesium
PABPN1;SLU7;Magnesium
PABPN1;DHX38;Magnesium
PABPN1;SRSF11;Magnesium
PABPN1;SRSF2;Magnesium
PABPN1;SRSF7;Magnesium
PABPN1;SRSF6;Magnesium
PABPN1;SRSF5;Magnesium
PABPN1;SRSF9;Magnesium
PABPN1;SRSF4;Magnesium
PABPN1;SRSF3;Magnesium
PABPN1;U2AF2;Magnesium
PABPN1;SRSF1;Magnesium
PABPN1;NCBP1;Magnesium
PABPN1;NCBP2;Magnesium
CSTF1;CSTF2T;Magnesium
CSTF1;CPSF2;Magnesium
CSTF1;CSTF2;Magnesium
CSTF1;CSTF3;Magnesium
SRSF9;DHX38;Magnesium
SRSF9;CDC40;Magnesium
SRSF9;SRSF4;Magnesium
SRSF9;SLU7;Magnesium
SRSF9;SRSF5;Magnesium
SRSF9;SRSF11;Magnesium
SRSF9;SRSF6;Magnesium
SRSF9;U2AF2;Magnesium
SRSF9;SRSF2;Magnesium
SRSF9;SRSF7;Magnesium
MTREX;CDC40;Magnesium
MTREX;NCBP2;Magnesium
MTREX;ZFC3H1;Magnesium
MTREX;TENT4B;Magnesium
MTREX;EXOSC10;Magnesium
MTREX;ZCCHC7;Magnesium
CPSF3;PAPOLB;Magnesium
CPSF3;PAPOLG;Magnesium
CPSF3;CSTF2T;Magnesium
CPSF3;CPSF7;Magnesium
CPSF3;NUDT21;Magnesium
CPSF3;CPSF6;Magnesium
CPSF3;CSTF3;Magnesium
CPSF3;RBBP6;Magnesium
CPSF3;WDR82;Magnesium
CPSF3;PCF11;Magnesium
CPSF3;CPSF2;Magnesium
CPSF3;WDR33;Magnesium
CPSF3;CPSF4;Magnesium
CPSF3;CPSF1;Magnesium
CPSF3;CSTF2;Magnesium
CPSF3;FIP1L1;Magnesium
CPSF3;SYMPK;Magnesium
PAPOLG;WDR82;Magnesium
PAPOLG;ZFC3H1;Magnesium
PAPOLG;PAPOLB;Magnesium
PAPOLG;CPSF2;Magnesium
PAPOLG;RBBP6;Magnesium
PAPOLG;WDR33;Magnesium
PAPOLG;FIP1L1;Magnesium
PAPOLG;CPSF1;Magnesium
PAPOLG;SYMPK;Magnesium
SNRPA;CDC40;Magnesium
SNRPA;DHX38;Magnesium
SNRPA;NCBP2;Magnesium
SNRPA;U2AF2;Magnesium
SNRPA;SNRNP70;Magnesium
SRSF6;CDC40;Magnesium
SRSF6;DHX38;Magnesium
SRSF6;SLU7;Magnesium
SRSF6;SRSF5;Magnesium
SRSF6;NCBP2;Magnesium
SRSF6;SRSF2;Magnesium
SRSF6;SRSF11;Magnesium
SRSF6;SRSF4;Magnesium
SRSF6;SRSF7;Magnesium
SRSF6;U2AF2;Magnesium
SRSF6;SRSF1;Magnesium
SRSF6;SRSF3;Magnesium
SYMPK;WDR82;Magnesium
SYMPK;CSTF2T;Magnesium
SYMPK;RBBP6;Magnesium
SYMPK;PAPOLB;Magnesium
SYMPK;PCF11;Magnesium
SYMPK;SSU72;Magnesium
SYMPK;FIP1L1;Magnesium
SYMPK;CSTF2;Magnesium
SYMPK;CSTF3;Magnesium
SYMPK;CPSF2;Magnesium
SYMPK;CPSF1;Magnesium
SYMPK;CPSF4;Magnesium
SYMPK;WDR33;Magnesium
SRSF1;CDC40;Magnesium
SRSF1;DHX38;Magnesium
SRSF1;SLU7;Magnesium
SRSF1;SRSF5;Magnesium
SRSF1;SRSF11;Magnesium
SRSF1;NCBP2;Magnesium
SRSF1;SRSF4;Magnesium
SRSF1;NCBP1;Magnesium
SRSF1;SRSF7;Magnesium
SRSF1;SRSF2;Magnesium
SRSF1;U2AF2;Magnesium
CPSF6;CPSF4;Magnesium
CPSF6;CPSF2;Magnesium
CPSF6;CPSF1;Magnesium
CPSF6;CSTF2;Magnesium
CPSF6;CPSF7;Magnesium
CPSF6;NUDT21;Magnesium
DHX38;SRSF11;Magnesium
DHX38;SRSF7;Magnesium
DHX38;SRSF3;Magnesium
DHX38;SRSF2;Magnesium
DHX38;SRSF5;Magnesium
DHX38;SRSF4;Magnesium
DHX38;U2AF2;Magnesium
DHX38;SLU7;Magnesium
DHX38;CDC40;Magnesium
SSU72;WDR33;Magnesium
SSU72;WDR82;Magnesium
CPSF4;CLP1;Magnesium
CPSF4;CSTF2T;Magnesium
CPSF4;RBBP6;Magnesium
CPSF4;WDR82;Magnesium
CPSF4;CPSF7;Magnesium
CPSF4;NUDT21;Magnesium
CPSF4;CSTF3;Magnesium
CPSF4;CSTF2;Magnesium
CPSF4;FIP1L1;Magnesium
CPSF4;WDR33;Magnesium
CPSF4;CPSF1;Magnesium
CPSF4;CPSF2;Magnesium
WDR82;PAPOLB;Magnesium
WDR82;CSTF2T;Magnesium
WDR82;CSTF2;Magnesium
WDR82;RBBP6;Magnesium
WDR82;CPSF1;Magnesium
WDR82;CPSF2;Magnesium
WDR82;FIP1L1;Magnesium
WDR82;WDR33;Magnesium
SLU7;SRSF2;Magnesium
SLU7;SRSF7;Magnesium
SLU7;U2AF2;Magnesium
SLU7;SRSF4;Magnesium
SLU7;SRSF11;Magnesium
SLU7;SRSF3;Magnesium
SLU7;SRSF5;Magnesium
SLU7;CDC40;Magnesium
PCF11;CSTF2T;Magnesium
PCF11;FIP1L1;Magnesium
PCF11;CSTF2;Magnesium
PCF11;CPSF1;Magnesium
PCF11;CPSF2;Magnesium
PCF11;CSTF3;Magnesium
PCF11;CLP1;Magnesium
CPSF2;PAPOLB;Magnesium
CPSF2;CSTF2T;Magnesium
CPSF2;NUDT21;Magnesium
CPSF2;CPSF7;Magnesium
CPSF2;RBBP6;Magnesium
CPSF2;CPSF1;Magnesium
CPSF2;WDR33;Magnesium
CPSF2;FIP1L1;Magnesium
CPSF2;CSTF2;Magnesium
NUDT21;CSTF2;Magnesium
NUDT21;FIP1L1;Magnesium
NUDT21;CPSF1;Magnesium
NUDT21;CPSF7;Magnesium
U2AF2;CDC40;Magnesium
U2AF2;SRSF11;Magnesium
U2AF2;SRSF4;Magnesium
U2AF2;SRSF5;Magnesium
U2AF2;SRSF7;Magnesium
U2AF2;SRSF3;Magnesium
U2AF2;SRSF2;Magnesium
CSTF3;PAPOLB;Magnesium
CSTF3;CSTF2T;Magnesium
CSTF3;WDR33;Magnesium
CSTF3;CPSF1;Magnesium
CSTF3;FIP1L1;Magnesium
CSTF3;CSTF2;Magnesium
RBBP6;CSTF2T;Magnesium
RBBP6;PAPOLB;Magnesium
RBBP6;CSTF2;Magnesium
RBBP6;FIP1L1;Magnesium
RBBP6;WDR33;Magnesium
RBBP6;CPSF1;Magnesium
WDR33;PAPOLB;Magnesium
WDR33;CSTF2T;Magnesium
WDR33;CSTF2;Magnesium
WDR33;CPSF1;Magnesium
WDR33;FIP1L1;Magnesium
SRSF7;CDC40;Magnesium
SRSF7;SRSF4;Magnesium
SRSF7;SRSF5;Magnesium
SRSF7;SRSF2;Magnesium
SRSF7;SRSF11;Magnesium
SRSF7;SRSF3;Magnesium
NCBP2;SNRNP70;Magnesium
NCBP2;CDC40;Magnesium
NCBP2;NCBP1;Magnesium
CSTF2T;CLP1;Magnesium
CSTF2T;CPSF1;Magnesium
CSTF2T;FIP1L1;Magnesium
CSTF2T;CSTF2;Magnesium
FIP1L1;CLP1;Magnesium
FIP1L1;PAPOLB;Magnesium
FIP1L1;CSTF2;Magnesium
FIP1L1;CPSF1;Magnesium
CPSF7;CSTF2;Magnesium
CPSF7;CPSF1;Magnesium
CDC40;SRSF5;Magnesium
CDC40;SRSF3;Magnesium
CDC40;SRSF2;Magnesium
CDC40;SRSF11;Magnesium
CDC40;SRSF4;Magnesium
CDC40;NCBP1;Magnesium
SRSF11;SRSF2;Magnesium
SRSF11;SRSF4;Magnesium
SRSF11;SRSF3;Magnesium
SRSF11;SRSF5;Magnesium
SRSF3;SRSF4;Magnesium
SRSF3;SRSF5;Magnesium
SRSF3;SRSF2;Magnesium
SRSF4;SRSF5;Magnesium
SRSF4;SRSF2;Magnesium
NCBP1;SNRNP70;Magnesium
EXOSC10;ZFC3H1;Magnesium
ZFC3H1;PAPOLB;Magnesium
SRSF2;SRSF5;Magnesium
PAPOLB;CSTF2;Magnesium
PAPOLB;CPSF1;Magnesium
CSTF2;CLP1;Magnesium
CSTF2;CPSF1;Magnesium
CLP1;CPSF1;Magnesium
F9;XXYLT1;Magnesium
F9;FURIN;Magnesium
F9;IGHV3-43D;Magnesium
F9;F10;Magnesium
F9;F11;Magnesium
F9;IGLL5;Magnesium
F9;GGCX;Magnesium
F9;F7;Magnesium
F9;F3;Magnesium
F9;F8;Magnesium
F9;SERPINC1;Magnesium
TFPI;F7;Magnesium
TFPI;F10;Magnesium
GGCX;F10;Magnesium
GGCX;PROC;Magnesium
GGCX;F7;Magnesium
GGCX;F2;Magnesium
GGCX;VKORC1;Magnesium
PROC;FURIN;Magnesium
PROC;IGHV3-43D;Magnesium
PROC;IGLL5;Magnesium
PROC;F5;Magnesium
PROC;F8;Magnesium
PROC;F2;Magnesium
PROC;THBD;Magnesium
F12;F2;Magnesium
F12;F11;Magnesium
F12;SERPINC1;Magnesium
F12;KLKB1;Magnesium
F12;KNG1;Magnesium
VWF;F2;Magnesium
VWF;F10;Magnesium
VWF;F8;Magnesium
KLKB1;KNG1;Magnesium
F2;FURIN;Magnesium
F2;F8;Magnesium
F2;F5;Magnesium
F2;SERPINC1;Magnesium
F2;F10;Magnesium
F2;THBD;Magnesium
F3;F10;Magnesium
F3;F7;Magnesium
F8;F5;Magnesium
F8;F10;Magnesium
SERPINC1;F11;Magnesium
SERPINC1;F10;Magnesium
F5;F10;Magnesium
F10;FURIN;Magnesium
F10;F7;Magnesium
F7;FURIN;Magnesium
F11;IGHV3-43D;Magnesium
IGLL5;IGHV3-43D;Magnesium
BCHE;GHRL;Magnesium
MYH9;MYH4;Magnesium
MYH9;MYH3;Magnesium
MYH9;MYLPF;Magnesium
MYH9;MYO1C;Magnesium
MYH9;MYH7;Magnesium
MYH9;MYH6;Magnesium
MYH9;MYH1;Magnesium
MYH9;MYH8;Magnesium
MYH9;MYH13;Magnesium
MYH9;MYH2;Magnesium
MYH9;MYH14;Magnesium
MYH9;MYH11;Magnesium
MYH9;ACTG2;Magnesium
MYH9;MYL1;Magnesium
MYH9;ACTA2;Magnesium
MYH9;MYL2;Magnesium
MYH9;MYL6B;Magnesium
MYH9;ACTG1;Magnesium
MYH9;MYL12A;Magnesium
MYH9;MYH10;Magnesium
MYH9;MYL9;Magnesium
MYH9;ACTB;Magnesium
MYH9;MYL6;Magnesium
MYH9;MYL12B;Magnesium
MYL10;ACTB;Magnesium
MYL10;ACTG1;Magnesium
MYL7;ACTG1;Magnesium
MYL7;ACTB;Magnesium
ACTA2;MYH14;Magnesium
ACTA2;MYL6B;Magnesium
ACTA2;MYL6;Magnesium
ACTA2;MYH10;Magnesium
ACTA2;MYL9;Magnesium
ACTA2;ACTG2;Magnesium
ACTA2;MYH11;Magnesium
MYH1;MYH11;Magnesium
MYH1;MYH3;Magnesium
MYH1;MYL9;Magnesium
MYH1;MYL6B;Magnesium
MYH1;MYH4;Magnesium
MYH1;MYH10;Magnesium
MYH1;MYH6;Magnesium
MYH1;MYH14;Magnesium
MYH1;MYH8;Magnesium
MYH1;MYH13;Magnesium
MYH1;MYH7;Magnesium
MYH1;MYLPF;Magnesium
MYH1;MYL1;Magnesium
MYH1;MYH2;Magnesium
MYL2;MYL12B;Magnesium
MYL2;MYL12A;Magnesium
MYL2;MYL9;Magnesium
MYL2;MYH14;Magnesium
MYL2;ACTG1;Magnesium
MYL2;MYLK4;Magnesium
MYL2;MYLK;Magnesium
MYL2;MYL6B;Magnesium
MYL2;MYL6;Magnesium
MYL2;ACTB;Magnesium
MYL2;MYH10;Magnesium
MYL2;MYH11;Magnesium
MYL2;MYLK2;Magnesium
MYL2;MYLK3;Magnesium
MYL2;MYH6;Magnesium
MYL2;MYH7;Magnesium
MYH4;MYH6;Magnesium
MYH4;MYH14;Magnesium
MYH4;MYH10;Magnesium
MYH4;MYH11;Magnesium
MYH4;MYH2;Magnesium
MYH4;MYH13;Magnesium
MYH4;MYL6B;Magnesium
MYH4;MYL9;Magnesium
MYH4;MYH7;Magnesium
MYH4;MYH8;Magnesium
MYH4;MYLPF;Magnesium
MYH4;MYH3;Magnesium
MYH4;MYL1;Magnesium
PPP1R12C;MYL6B;Magnesium
PPP1R12C;MYL6;Magnesium
PPP1R12C;PPP1R12A;Magnesium
PPP1R12C;PPP1CA;Magnesium
PPP1R12C;PPP1CC;Magnesium
PPP1R12C;MYL9;Magnesium
PPP1R12C;PPP1CB;Magnesium
IQGAP1;MYL6B;Magnesium
IQGAP1;MYL6;Magnesium
IQGAP1;ACTG1;Magnesium
IQGAP1;RAC1;Magnesium
IQGAP1;CDC42;Magnesium
MYLK4;MYL12B;Magnesium
MYLK4;MYL9;Magnesium
MYLK4;MYL6;Magnesium
MYLK4;MYL12A;Magnesium
MYLK4;MYL6B;Magnesium
MYL9;MYLPF;Magnesium
MYL9;MYH13;Magnesium
MYL9;MYH8;Magnesium
MYL9;MYH2;Magnesium
MYL9;MYH3;Magnesium
MYL9;MYH7;Magnesium
MYL9;MYH6;Magnesium
MYL9;PPP1CA;Magnesium
MYL9;PPP1CC;Magnesium
MYL9;ACTG1;Magnesium
MYL9;ACTB;Magnesium
MYL9;MYH14;Magnesium
MYL9;MYL12B;Magnesium
MYL9;MYL12A;Magnesium
MYL9;MYLK3;Magnesium
MYL9;MYL1;Magnesium
MYL9;ACTG2;Magnesium
MYL9;PPP1CB;Magnesium
MYL9;MYL6B;Magnesium
MYL9;PPP1R12A;Magnesium
MYL9;MYH11;Magnesium
MYL9;MYL6;Magnesium
MYL9;MYLK2;Magnesium
MYL9;MYLK;Magnesium
MYL9;MYH10;Magnesium
ARPC2;ACTB;Magnesium
ARPC2;ACTG1;Magnesium
MYL1;MYL6B;Magnesium
MYL1;MYH14;Magnesium
MYL1;MYH11;Magnesium
MYL1;MYH10;Magnesium
MYL1;MYL12A;Magnesium
MYL1;MYH6;Magnesium
MYL1;MYH3;Magnesium
MYL1;MYH8;Magnesium
MYL1;MYH13;Magnesium
MYL1;MYL12B;Magnesium
MYL1;MYH2;Magnesium
MYL1;MYLPF;Magnesium
MYL1;MYH7;Magnesium
TLN1;ACTB;Magnesium
TLN1;ACTG1;Magnesium
MYLPF;MYH14;Magnesium
MYLPF;MYH11;Magnesium
MYLPF;MYH10;Magnesium
MYLPF;MYH13;Magnesium
MYLPF;MYL6B;Magnesium
MYLPF;MYH6;Magnesium
MYLPF;MYH8;Magnesium
MYLPF;ACTB;Magnesium
MYLPF;ACTG1;Magnesium
MYLPF;MYH3;Magnesium
MYLPF;MYH2;Magnesium
MYLPF;MYH7;Magnesium
PPP1CA;MYL6B;Magnesium
PPP1CA;MYL12A;Magnesium
PPP1CA;MYL6;Magnesium
PPP1CA;MYL12B;Magnesium
PPP1CA;PPP1R12A;Magnesium
PPP1CC;MYL6B;Magnesium
PPP1CC;MYL12A;Magnesium
PPP1CC;MYL6;Magnesium
PPP1CC;MYL12B;Magnesium
PPP1CC;PPP1R12A;Magnesium
MYH7;MYH11;Magnesium
MYH7;MYH3;Magnesium
MYH7;MYL6B;Magnesium
MYH7;MYH13;Magnesium
MYH7;MYH14;Magnesium
MYH7;MYH10;Magnesium
MYH7;MYH8;Magnesium
MYH7;MYH2;Magnesium
MYH7;TPM1;Magnesium
MYH7;MYH6;Magnesium
MYO9A;DYNLL2;Magnesium
MYO9A;MYL6;Magnesium
MYO9A;MYL6B;Magnesium
MYO9A;MYO18B;Magnesium
MYO9A;MYO1F;Magnesium
MYO9A;MYO1C;Magnesium
MYO9A;MYO6;Magnesium
TPM1;TPM4;Magnesium
TPM1;TPM2;Magnesium
TPM1;TPM3;Magnesium
MYLK;MYL6B;Magnesium
MYLK;MYL6;Magnesium
MYLK;MYL12B;Magnesium
MYLK;MYL12A;Magnesium
MYH10;MYH3;Magnesium
MYH10;MYH8;Magnesium
MYH10;MYH6;Magnesium
MYH10;MYH14;Magnesium
MYH10;MYH13;Magnesium
MYH10;MYH2;Magnesium
MYH10;MYH11;Magnesium
MYH10;ACTG2;Magnesium
MYH10;ACTB;Magnesium
MYH10;ACTG1;Magnesium
MYH10;MYL6B;Magnesium
MYH10;MYL12A;Magnesium
MYH10;MYL12B;Magnesium
MYH10;MYL6;Magnesium
MYO6;DYNLL2;Magnesium
MYO6;MYL6;Magnesium
MYO6;MYL6B;Magnesium
MYO6;MYO18B;Magnesium
MYO6;MYO1F;Magnesium
MYO6;MYO1C;Magnesium
MYLK2;MYL6;Magnesium
MYLK2;MYL6B;Magnesium
MYLK2;MYL12B;Magnesium
MYLK2;MYL12A;Magnesium
MYLK3;MYL6;Magnesium
MYLK3;MYL6B;Magnesium
MYLK3;MYL12A;Magnesium
MYLK3;MYL12B;Magnesium
PPP1CB;MYL6B;Magnesium
PPP1CB;MYL12A;Magnesium
PPP1CB;MYL6;Magnesium
PPP1CB;MYL12B;Magnesium
PPP1CB;PPP1R12A;Magnesium
MYH11;MYH13;Magnesium
MYH11;MYH8;Magnesium
MYH11;MYH3;Magnesium
MYH11;MYH2;Magnesium
MYH11;MYH6;Magnesium
MYH11;MYH14;Magnesium
MYH11;ACTG1;Magnesium
MYH11;MYL12A;Magnesium
MYH11;MYL6B;Magnesium
MYH11;ACTB;Magnesium
MYH11;MYL12B;Magnesium
MYH11;MYL6;Magnesium
MYH11;ACTG2;Magnesium
MYH2;MYH3;Magnesium
MYH2;MYL6B;Magnesium
MYH2;MYH14;Magnesium
MYH2;MYH8;Magnesium
MYH2;MYH13;Magnesium
MYH2;MYH6;Magnesium
MYH8;MYH3;Magnesium
MYH8;MYL6B;Magnesium
MYH8;MYH6;Magnesium
MYH8;MYH14;Magnesium
MYH8;MYH13;Magnesium
MYH6;MYL6B;Magnesium
MYH6;MYH3;Magnesium
MYH6;MYH13;Magnesium
MYH6;MYH14;Magnesium
MYO18B;DYNLL2;Magnesium
MYO18B;MYL6;Magnesium
MYO18B;MYL6B;Magnesium
MYO18B;MYO1C;Magnesium
MYO18B;MYO1F;Magnesium
ACTG2;MYH14;Magnesium
ACTG2;MYL6B;Magnesium
ACTG2;MYL6;Magnesium
PPP1R12A;MYL6B;Magnesium
PPP1R12A;MYL6;Magnesium
PPP1R12A;MYL12A;Magnesium
PPP1R12A;MYL12B;Magnesium
RHOA;ACTG1;Magnesium
RHOA;CDC42;Magnesium
MYH13;MYH3;Magnesium
MYH13;MYL6B;Magnesium
MYH13;MYH14;Magnesium
CFL1;ACTG1;Magnesium
CFL1;ACTB;Magnesium
MYO18A;MYL6;Magnesium
MYL6;MYO1C;Magnesium
MYL6;MYO1F;Magnesium
MYL6;DYNLL2;Magnesium
MYL6;CDC42;Magnesium
MYL6;ACTG1;Magnesium
MYL6;MYH14;Magnesium
MYL6;ACTB;Magnesium
MYL6;MYL6B;Magnesium
MYL6;MYL12A;Magnesium
MYL6;MYL12B;Magnesium
MYL6B;MYO1C;Magnesium
MYL6B;MYO1F;Magnesium
MYL6B;DYNLL2;Magnesium
MYL6B;MYH3;Magnesium
MYL6B;ACTB;Magnesium
MYL6B;MYH14;Magnesium
MYL6B;ACTG1;Magnesium
MYL6B;MYL12B;Magnesium
MYL6B;MYL12A;Magnesium
ACTG1;MYL12A;Magnesium
ACTG1;MYL12B;Magnesium
ACTG1;CDC42;Magnesium
ACTG1;MYH14;Magnesium
MYL12B;MYH14;Magnesium
MYL12B;MYL12A;Magnesium
MYL12B;ACTB;Magnesium
MYH3;MYH14;Magnesium
MYL12A;ACTB;Magnesium
MYL12A;MYH14;Magnesium
DYNLL2;MYO1C;Magnesium
DYNLL2;MYO1F;Magnesium
MYH14;ACTB;Magnesium
TPM4;TPM3;Magnesium
TPM4;TPM2;Magnesium
MYO1F;MYO1C;Magnesium
ACTB;MYO1C;Magnesium
TPM2;TPM3;Magnesium
VCL;ACTG1;Magnesium
MYH9;MYL5;Magnesium
MYH9;MYL3;Magnesium
MYH1;MYL5;Magnesium
MYH1;MYL3;Magnesium
MYL2;MYL4;Magnesium
MYL2;MYL3;Magnesium
MYH4;MYL5;Magnesium
MYH4;MYL3;Magnesium
SRF;MYOCD;Magnesium
MYL9;MYL5;Magnesium
MYL9;CBFB;Magnesium
MYL9;RUNX1;Magnesium
MYL9;MYL3;Magnesium
RUNX1;RUNX1T1;Magnesium
MYL1;MYL3;Magnesium
MYL1;MYL5;Magnesium
MYLPF;MYL5;Magnesium
MYLPF;MYL3;Magnesium
MYL4;MYLK;Magnesium
MYL4;MYL3;Magnesium
MYL4;MYH6;Magnesium
MYL4;MYH7;Magnesium
MYH7;MYL5;Magnesium
MYH7;MYL3;Magnesium
MYLK;MYL3;Magnesium
MYH10;MYL5;Magnesium
MYH10;MYL3;Magnesium
CALD1;LMOD1;Magnesium
CALD1;MYH11;Magnesium
LMOD1;MYH11;Magnesium
MYH11;MYL5;Magnesium
MYH11;MYL3;Magnesium
MYH2;MYL5;Magnesium
MYH2;MYL3;Magnesium
MYL5;MYH14;Magnesium
MYL5;MYH8;Magnesium
MYL5;MYH3;Magnesium
MYL5;MYL6B;Magnesium
MYL5;MYL3;Magnesium
MYL5;MYH13;Magnesium
MYL5;ACTG1;Magnesium
MYL5;ACTB;Magnesium
MYL5;MYH6;Magnesium
MYH8;MYL3;Magnesium
MYH6;MYL3;Magnesium
MYH13;MYL3;Magnesium
MYL6B;MYL3;Magnesium
MYH3;MYL3;Magnesium
MYH14;MYL3;Magnesium
PPP2R5B;TNNI3;Magnesium
PPP2R5B;PPP2CB;Magnesium
PPP2R5B;PPP2R1B;Magnesium
PPP2R5B;PPP2CA;Magnesium
PPP2R5B;PPP2R1A;Magnesium
PPP2CB;PPP2R3A;Magnesium
PPP2CB;PPP2R3C;Magnesium
PPP2CB;TNNI3;Magnesium
PPP2CB;PPP2R3B;Magnesium
PPP2CB;PPP2R2C;Magnesium
PPP2CB;PPP2R5E;Magnesium
PPP2CB;PPP2R5A;Magnesium
PPP2CB;PPP2R2D;Magnesium
PPP2CB;PPP2R5C;Magnesium
PPP2CB;PPP2R2B;Magnesium
PPP2CB;PPP2R2A;Magnesium
PPP2CB;PPP2R5D;Magnesium
MYL2;ACTC1;Magnesium
TNNC1;TNNC2;Magnesium
TNNC1;ACTA1;Magnesium
TNNC1;TPM3;Magnesium
TNNC1;TPM1;Magnesium
TNNC1;TNNT3;Magnesium
TNNC1;TNNT1;Magnesium
TNNC1;TNNT2;Magnesium
TNNC1;TNNI2;Magnesium
TNNC1;TNNI3;Magnesium
PPP2R5A;TNNI3;Magnesium
PPP2R5A;PPP2R3B;Magnesium
PPP2R5A;PPP2R3A;Magnesium
PPP2R5A;PPP2R5D;Magnesium
PPP2R5A;PPP2R5C;Magnesium
PPP2R5A;PPP2R2D;Magnesium
PPP2R5A;PPP2R2A;Magnesium
PPP2R5A;PPP2CA;Magnesium
PPP2R5A;PPP2R1B;Magnesium
PPP2R5A;PPP2R1A;Magnesium
PPP2R3C;TNNI3;Magnesium
PPP2R3A;PPP2R3B;Magnesium
PPP2R3A;TNNI3;Magnesium
PPP2R3A;PPP2R2D;Magnesium
PPP2R3A;PPP2R2A;Magnesium
PPP2R3A;PPP2R5C;Magnesium
PPP2R3A;PPP2R1A;Magnesium
PPP2R3A;PPP2CA;Magnesium
PRKAG2;PRKACA;Magnesium
ACTC1;TPM4;Magnesium
ACTC1;TPM2;Magnesium
ACTC1;MYL4;Magnesium
ACTC1;ACTA1;Magnesium
ACTC1;MYH6;Magnesium
ACTC1;MYL3;Magnesium
ACTC1;TNNI3;Magnesium
ACTC1;MYBPC3;Magnesium
ACTC1;TPM3;Magnesium
ACTC1;TPM1;Magnesium
ACTC1;MYH7;Magnesium
ACTC1;TNNT2;Magnesium
PRKACA;ATP2B4;Magnesium
PRKACA;SCN5A;Magnesium
PRKACA;TNNI3;Magnesium
PPP2R1B;TNNI3;Magnesium
PPP2R1B;PPP2R2D;Magnesium
PPP2R1B;PPP2R5D;Magnesium
PPP2R1B;PPP2R5E;Magnesium
PPP2R1B;PPP2R2B;Magnesium
PPP2R1B;PPP2R5C;Magnesium
PPP2R1B;PPP2R2C;Magnesium
PPP2R1B;PPP2R2A;Magnesium
TCAP;TTN;Magnesium
TNNI3K;FPGT-TNNI3K;Magnesium
PPP2R1A;TNNI3;Magnesium
PPP2R1A;PPP2R2B;Magnesium
PPP2R1A;PPP2R2D;Magnesium
PPP2R1A;PPP2R5D;Magnesium
PPP2R1A;PPP2R5C;Magnesium
PPP2R1A;PPP2R5E;Magnesium
PPP2R1A;PPP2R2C;Magnesium
PPP2R1A;PPP2R3B;Magnesium
PPP2R1A;PPP2R2A;Magnesium
PPP2R2A;TNNI3;Magnesium
PPP2R2A;PPP2R3B;Magnesium
PPP2R2A;PPP2R2C;Magnesium
PPP2R2A;PPP2R2B;Magnesium
PPP2R2A;PPP2R2D;Magnesium
PPP2R2A;PPP2R5C;Magnesium
PPP2R2A;PPP2CA;Magnesium
SCN5A;PRKACB;Magnesium
SCN5A;PRKACG;Magnesium
PPP2R5E;TNNI3;Magnesium
PPP2R5E;PPP2CA;Magnesium
TNNI3;ATP2B4;Magnesium
TNNI3;NOS1;Magnesium
TNNI3;PPP2R3B;Magnesium
TNNI3;PPP2R2B;Magnesium
TNNI3;PPP2R2C;Magnesium
TNNI3;PPP2R5C;Magnesium
TNNI3;PPP2R5D;Magnesium
TNNI3;PPP2CA;Magnesium
TNNI3;TNNI2;Magnesium
TNNI3;PPP2R2D;Magnesium
TNNI3;ACTA1;Magnesium
TNNI3;TPM4;Magnesium
TNNI3;PRKACG;Magnesium
TNNI3;PRKACB;Magnesium
TNNI3;TPM2;Magnesium
TNNI3;TNNT3;Magnesium
TNNI3;TPM3;Magnesium
TNNI3;TNNC2;Magnesium
TNNI3;TNNT1;Magnesium
TNNI3;TNNT2;Magnesium
TNNI3;TPM1;Magnesium
MYH7;MYBPC3;Magnesium
ATP2B4;PRKACG;Magnesium
ATP2B4;PRKACB;Magnesium
ATP2B4;NOS1;Magnesium
TPM1;ACTA1;Magnesium
TPM1;TNNT1;Magnesium
TPM1;TNNT2;Magnesium
ACTN2;TTN;Magnesium
ACTA1;TNNT2;Magnesium
ACTA1;TNNC2;Magnesium
ACTA1;TPM3;Magnesium
TNNC2;TPM3;Magnesium
TNNC2;TNNT2;Magnesium
TNNC2;TNNT1;Magnesium
TNNC2;TNNT3;Magnesium
TNNC2;TNNI2;Magnesium
TNNT3;TNNT2;Magnesium
TNNT3;TNNT1;Magnesium
TNNT3;TNNI2;Magnesium
TNNI2;TNNT2;Magnesium
TNNI2;TNNT1;Magnesium
PPP2R2C;PPP2R2D;Magnesium
PPP2R2C;PPP2R2B;Magnesium
PPP2R2C;PPP2CA;Magnesium
PPP2R3B;PPP2R5C;Magnesium
PPP2R3B;PPP2R2D;Magnesium
PPP2R3B;PPP2CA;Magnesium
PPP2R2B;PPP2R2D;Magnesium
PPP2R2B;PPP2CA;Magnesium
MYH6;MYBPC3;Magnesium
PPP2R2D;PPP2R5C;Magnesium
PPP2R2D;PPP2CA;Magnesium
PPP2R5C;PPP2CA;Magnesium
TNNT1;TNNT2;Magnesium
TPM4;TNNT2;Magnesium
TPM2;TNNT2;Magnesium
TPM3;TNNT2;Magnesium
DHDH;GALK1;Magnesium
GALK1;GALE;Magnesium
GALK1;GALM;Magnesium
GALK1;GALT;Magnesium
GALM;ADPGK;Magnesium
UGP2;GALT;Magnesium
UGP2;GALE;Magnesium
GALT;GALE;Magnesium
ATP5F1D;ATP6V1E1;Magnesium
ATP5F1D;ATP6V1B1;Magnesium
ATP5F1D;ATP6V1B2;Magnesium
ATP5F1D;ATP6V1A;Magnesium
ATP5F1D;ATP6V1D;Magnesium
ATP5F1D;ATP6V0C;Magnesium
ATP5F1D;ATP5MC2;Magnesium
ATP5F1D;ATP5F1A;Magnesium
ATP5F1D;MT-ATP6;Magnesium
ATP5F1D;ATP5PD;Magnesium
ATP5F1D;ATP5MC1;Magnesium
ATP5F1D;ATP5MC3;Magnesium
ATP5F1D;ATP5PF;Magnesium
ATP5F1D;ATP5F1B;Magnesium
ATP5F1D;ATP5PO;Magnesium
ATP5F1D;ATP5MG;Magnesium
ATP5F1D;ATP5PB;Magnesium
ATP5F1D;ATP5F1C;Magnesium
ATP6V1D;MT-ATP6;Magnesium
ATP6V1D;ATP5PO;Magnesium
ATP6V1D;ATP5F1B;Magnesium
ATP6V1D;ATP5F1C;Magnesium
ATP6V1D;ATP5F1A;Magnesium
ATP6V1D;TCIRG1;Magnesium
ATP6V1D;ATP6V0A2;Magnesium
ATP6V1D;ATP6AP1;Magnesium
ATP6V1D;ATP6V0A4;Magnesium
ATP6V1D;ATP6V1B2;Magnesium
ATP6V1D;ATP6V1A;Magnesium
ATP6V1D;ATP6V1E1;Magnesium
ATP6V1D;ATP6V1E2;Magnesium
ATP6V1D;ATP6V1B1;Magnesium
ATP6V1D;ATP6V0A1;Magnesium
ATP6V1D;ATP6V1C1;Magnesium
ATP6V1D;ATP6V0C;Magnesium
ATP6V1D;ATP6V0B;Magnesium
ATP12A;ATP4A;Magnesium
ATP12A;LHPP;Magnesium
ATP12A;PPA2;Magnesium
ATP12A;PPA1;Magnesium
ATP12A;ATP4B;Magnesium
ATP6V1B1;ATP5PO;Magnesium
ATP6V1B1;ATP5F1A;Magnesium
ATP6V1B1;ATP5F1B;Magnesium
ATP6V1B1;ATP5F1C;Magnesium
ATP6V1B1;ATP6V1B2;Magnesium
ATP6V1B1;ATP6V0A2;Magnesium
ATP6V1B1;ATP6V0B;Magnesium
ATP6V1B1;TCIRG1;Magnesium
ATP6V1B1;ATP6V0C;Magnesium
ATP6V1B1;ATP6V1C1;Magnesium
ATP6V1B1;ATP6V1A;Magnesium
ATP6V1B1;ATP6V0A1;Magnesium
ATP6V1B1;ATP6V0A4;Magnesium
ATP6V1B1;ATP6V1E2;Magnesium
ATP6V1B1;ATP6V1E1;Magnesium
ATP6V1E1;ATP5F1C;Magnesium
ATP6V1E1;ATP5F1A;Magnesium
ATP6V1E1;ATP6V1E2;Magnesium
ATP6V1E1;ATP5F1B;Magnesium
ATP6V1E1;TCIRG1;Magnesium
ATP6V1E1;ATP6V0A2;Magnesium
ATP6V1E1;ATP6AP1;Magnesium
ATP6V1E1;ATP6V1C1;Magnesium
ATP6V1E1;ATP6V0C;Magnesium
ATP6V1E1;ATP6V0B;Magnesium
ATP6V1E1;ATP6V0A1;Magnesium
ATP6V1E1;ATP6V0A4;Magnesium
ATP6V1E1;ATP6V1B2;Magnesium
ATP6V1E1;ATP6V1A;Magnesium
ATP5F1B;ATP6V1C1;Magnesium
ATP5F1B;ATP6V1A;Magnesium
ATP5F1B;ATP6V1B2;Magnesium
ATP5F1B;ATP5MC2;Magnesium
ATP5F1B;ATP5MC3;Magnesium
ATP5F1B;ATP5MC1;Magnesium
ATP5F1B;ATP5F1A;Magnesium
ATP5F1B;ATP5PD;Magnesium
ATP5F1B;MT-ATP6;Magnesium
ATP5F1B;ATP5PF;Magnesium
ATP5F1B;ATP5PO;Magnesium
ATP5F1B;ATP5PB;Magnesium
ATP5F1B;ATP5MG;Magnesium
ATP5F1B;ATP5F1C;Magnesium
ATP4A;LHPP;Magnesium
ATP4A;PPA2;Magnesium
ATP4A;PPA1;Magnesium
ATP4A;ATP4B;Magnesium
ATP6V0A1;MT-ATP6;Magnesium
ATP6V0A1;ATP5PO;Magnesium
ATP6V0A1;ATP6V0A4;Magnesium
ATP6V0A1;TCIRG1;Magnesium
ATP6V0A1;ATP6V0A2;Magnesium
ATP6V0A1;ATP6V1E2;Magnesium
ATP6V0A1;ATP6V1B2;Magnesium
ATP6V0A1;ATP6AP1;Magnesium
ATP6V0A1;ATP6V1A;Magnesium
ATP6V0A1;ATP6V0C;Magnesium
ATP6V0A1;ATP6V0B;Magnesium
ATP6V0A1;ATP6V1C1;Magnesium
PAPSS1;PAPSS2;Magnesium
TCIRG1;MT-ATP6;Magnesium
TCIRG1;ATP6V0A4;Magnesium
TCIRG1;ATP6V0A2;Magnesium
TCIRG1;ATP6V1C1;Magnesium
TCIRG1;ATP6V1A;Magnesium
TCIRG1;ATP6V1B2;Magnesium
TCIRG1;ATP6AP1;Magnesium
TCIRG1;ATP6V0B;Magnesium
TCIRG1;ATP6V0C;Magnesium
ATP6V1A;MT-ATP6;Magnesium
ATP6V1A;ATP5PO;Magnesium
ATP6V1A;ATP5F1A;Magnesium
ATP6V1A;ATP5F1C;Magnesium
ATP6V1A;ATP6V0A2;Magnesium
ATP6V1A;ATP6V1E2;Magnesium
ATP6V1A;ATP6AP1;Magnesium
ATP6V1A;ATP6V0A4;Magnesium
ATP6V1A;ATP6V1B2;Magnesium
ATP6V1A;ATP6V0B;Magnesium
ATP6V1A;ATP6V0C;Magnesium
ATP6V1A;ATP6V1C1;Magnesium
ATP6V1B2;MT-ATP6;Magnesium
ATP6V1B2;ATP5PO;Magnesium
ATP6V1B2;ATP5F1A;Magnesium
ATP6V1B2;ATP5F1C;Magnesium
ATP6V1B2;ATP6V0A2;Magnesium
ATP6V1B2;ATP6AP1;Magnesium
ATP6V1B2;ATP6V1E2;Magnesium
ATP6V1B2;ATP6V0A4;Magnesium
ATP6V1B2;ATP6V1C1;Magnesium
ATP6V1B2;ATP6V0C;Magnesium
ATP6V1B2;ATP6V0B;Magnesium
ATP5MC3;ATP5MG;Magnesium
ATP5MC3;ATP5PO;Magnesium
ATP5MC3;ATP5PF;Magnesium
ATP5MC3;ATP5MC2;Magnesium
ATP5MC3;ATP5PD;Magnesium
ATP5MC3;MT-ATP6;Magnesium
ATP5MC3;ATP5F1A;Magnesium
ATP5MC3;ATP5MC1;Magnesium
ATP5MC3;ATP5F1C;Magnesium
ATP5MC3;ATP5PB;Magnesium
ATP5PO;ATP6V0B;Magnesium
ATP5PO;ATP6V0C;Magnesium
ATP5PO;ATP5MC2;Magnesium
ATP5PO;ATP5MC1;Magnesium
ATP5PO;ATP5PF;Magnesium
ATP5PO;ATP5F1A;Magnesium
ATP5PO;MT-ATP6;Magnesium
ATP5PO;ATP5PD;Magnesium
ATP5PO;ATP5PB;Magnesium
ATP5PO;ATP5MG;Magnesium
ATP5PO;ATP5F1C;Magnesium
ATP5MG;ATP5MC2;Magnesium
ATP5MG;ATP5MC1;Magnesium
ATP5MG;MT-ATP6;Magnesium
ATP5MG;ATP5F1C;Magnesium
ATP5MG;ATP5PB;Magnesium
ATP5MG;ATP5PD;Magnesium
ATP5MG;ATP5F1A;Magnesium
ATP5MG;ATP5PF;Magnesium
ATP5PD;ATP5MC2;Magnesium
ATP5PD;ATP5PB;Magnesium
ATP5PD;ATP5F1C;Magnesium
ATP5PD;ATP5PF;Magnesium
ATP5PD;ATP5MC1;Magnesium
ATP5PD;ATP5F1A;Magnesium
ATP5PD;MT-ATP6;Magnesium
ATP6V1E2;ATP6AP1;Magnesium
ATP6V1E2;ATP6V1C1;Magnesium
ATP6V1E2;ATP6V0C;Magnesium
ATP6V1E2;ATP6V0A4;Magnesium
ATP6V1E2;ATP6V0B;Magnesium
ATP6V0A4;MT-ATP6;Magnesium
ATP6V0A4;ATP6V0A2;Magnesium
ATP6V0A4;ATP6V1C1;Magnesium
ATP6V0A4;ATP6AP1;Magnesium
ATP6V0A4;ATP6V0C;Magnesium
ATP6V0A4;ATP6V0B;Magnesium
ATP6V0C;ATP5PF;Magnesium
ATP6V0C;ATP5F1C;Magnesium
ATP6V0C;ATP5F1A;Magnesium
ATP6V0C;MT-ATP6;Magnesium
ATP6V0C;ATP6AP1;Magnesium
ATP6V0C;ATP6V1C1;Magnesium
ATP6V0C;ATP6V0B;Magnesium
ATP6V0C;ATP6V0A2;Magnesium
ATP6V0A2;MT-ATP6;Magnesium
ATP6V0A2;ATP6V1C1;Magnesium
ATP6V0A2;ATP6V0B;Magnesium
ATP6V0A2;ATP6AP1;Magnesium
ATP4B;PPA2;Magnesium
ATP4B;LHPP;Magnesium
ATP4B;PPA1;Magnesium
PPA2;APRT;Magnesium
PPA2;PPA1;Magnesium
PPA2;LHPP;Magnesium
ATP5F1C;ATP5MC2;Magnesium
ATP5F1C;ATP5PB;Magnesium
ATP5F1C;ATP5F1A;Magnesium
ATP5F1C;MT-ATP6;Magnesium
ATP5F1C;ATP5PF;Magnesium
ATP5F1C;ATP5MC1;Magnesium
MT-ATP6;ATP6V0B;Magnesium
MT-ATP6;ATP5PF;Magnesium
MT-ATP6;ATP5MC2;Magnesium
MT-ATP6;ATP5PB;Magnesium
MT-ATP6;ATP5F1A;Magnesium
MT-ATP6;ATP5MC1;Magnesium
LHPP;PPA1;Magnesium
ATP5PB;ATP5MC2;Magnesium
ATP5PB;ATP5F1A;Magnesium
ATP5PB;ATP5PF;Magnesium
ATP5PB;ATP5MC1;Magnesium
ATP6AP1;ATP6V1C1;Magnesium
ATP6AP1;ATP6V0B;Magnesium
PPA1;APRT;Magnesium
ATP5MC1;ATP5MC2;Magnesium
ATP5MC1;ATP5PF;Magnesium
ATP5MC1;ATP5F1A;Magnesium
ATP5F1A;ATP5MC2;Magnesium
ATP5F1A;ATP5PF;Magnesium
ATP5PF;ATP5MC2;Magnesium
ATP6V1C1;ATP6V0B;Magnesium
TPSD1;TPSB2;Magnesium
TPSD1;TPSAB1;Magnesium
TPSAB1;TPSB2;Magnesium
TPSAB1;IGHV3-43D;Magnesium
DNAL4;FHL5;Magnesium
ATP2A1;SLN;Magnesium
CSF3;GH2;Magnesium
CSF3;CSH2;Magnesium
CSF3;CSH1;Magnesium
CSF3;GH1;Magnesium
CSF3;PRL;Magnesium
CSF3;CNTF;Magnesium
CSF3;LEP;Magnesium
CSF3;THPO;Magnesium
CSF3;EPO;Magnesium
GHSR;GHRL;Magnesium
EPO;CNTF;Magnesium
EPO;LEP;Magnesium
EPO;PRL;Magnesium
EPO;GH2;Magnesium
EPO;CSH1;Magnesium
EPO;CSH2;Magnesium
EPO;GH1;Magnesium
EPO;THPO;Magnesium
ALB;ENSP00000497443;Magnesium
ALB;GH1;Magnesium
ALB;B2M;Magnesium
ALB;FCGRT;Magnesium
PRL;CNTF;Magnesium
PRL;THPO;Magnesium
PRL;GH1;Magnesium
PRL;CSH2;Magnesium
PRL;CSH1;Magnesium
PRL;LEP;Magnesium
PRL;GH2;Magnesium
PRL;PRLR;Magnesium
LEP;GH2;Magnesium
LEP;THPO;Magnesium
LEP;GH1;Magnesium
LEP;CSH2;Magnesium
LEP;CSH1;Magnesium
LEP;CNTF;Magnesium
LEP;GCG;Magnesium
LEP;GHRL;Magnesium
LEP;LEPR;Magnesium
GH1;ENSP00000497443;Magnesium
GH1;FCGRT;Magnesium
GH1;B2M;Magnesium
GH1;CNTF;Magnesium
GH1;THPO;Magnesium
GH1;GH2;Magnesium
GH1;GHRL;Magnesium
GH1;CSH2;Magnesium
GH1;CSH1;Magnesium
GH1;PRLR;Magnesium
GH1;GHR;Magnesium
CSH1;CNTF;Magnesium
CSH1;THPO;Magnesium
CSH1;GH2;Magnesium
CSH1;GHR;Magnesium
CSH1;CSH2;Magnesium
GHRHR;GHRH;Magnesium
LEPR;JAK2;Magnesium
GH2;CNTF;Magnesium
GH2;THPO;Magnesium
GH2;CSH2;Magnesium
GH2;GHR;Magnesium
GHRL;IGF1;Magnesium
CNTF;CSH2;Magnesium
CNTF;THPO;Magnesium
IGFBP3;IGF1;Magnesium
JAK2;PRLR;Magnesium
JAK2;GHR;Magnesium
CSH2;THPO;Magnesium
CSH2;GHR;Magnesium
FCGRT;ENSP00000497443;Magnesium
FCGRT;B2M;Magnesium
PRLR;ENSP00000497443;Magnesium
GHR;ENSP00000497443;Magnesium
ENSP00000497443;B2M;Magnesium
MACROD1;PARP1;Magnesium
PARP1;HPF1;Magnesium
HPS5;HPS6;Magnesium
HPS5;HPS3;Magnesium
HPS3;HPS6;Magnesium
POMC;MC1R;Magnesium
MC1R;ASIP;Magnesium
PPP1R15A;PPP1R15B;Magnesium
PPP1R15A;ACTA1;Magnesium
PPP1R15A;PPP1CA;Magnesium
PPP1R15A;EIF2S1;Magnesium
VCL;ACTA1;Magnesium
VCL;PFN3;Magnesium
VCL;PFN4;Magnesium
VCL;PFN1;Magnesium
VCL;WASL;Magnesium
VCL;CTNNA1;Magnesium
WASL;ACTA1;Magnesium
WASL;ARPC5;Magnesium
WASL;ARPC4;Magnesium
WASL;GSN;Magnesium
WASL;ARPC2;Magnesium
WASL;ARPC3;Magnesium
WASL;ARPC1B;Magnesium
WASL;ACTR3;Magnesium
WASL;ACTR2;Magnesium
WASL;WIPF1;Magnesium
ACTA2;SETD3;Magnesium
ACTA2;ACTA1;Magnesium
ACTA2;ACTC1;Magnesium
ACTA2;GC;Magnesium
PFN1;NAA80;Magnesium
PFN1;ACTA1;Magnesium
ARPC3;ACTA1;Magnesium
ARPC3;WASF2;Magnesium
ARPC3;ACTG1;Magnesium
ARPC3;ACTB;Magnesium
ARPC3;WAS;Magnesium
ARPC3;ARPC2;Magnesium
ARPC3;ACTR3;Magnesium
ARPC3;ARPC1B;Magnesium
ARPC3;ARPC4;Magnesium
ARPC3;ARPC5;Magnesium
ARPC3;ACTR2;Magnesium
TNNC1;TNNI1;Magnesium
VASP;WAS;Magnesium
VASP;ACTA1;Magnesium
ACTR10;CAPZB;Magnesium
ACTR10;ACTB;Magnesium
ACTR10;CAPZA1;Magnesium
ACTR10;DCTN2;Magnesium
EIF2S1;ACTA1;Magnesium
EIF2S1;PPP1CC;Magnesium
EIF2S1;PPP1CA;Magnesium
TMOD1;ACTA1;Magnesium
CAPZA1;ACTA1;Magnesium
CAPZA1;ACTB;Magnesium
CAPZA1;TWF1;Magnesium
CAPZA1;DCTN2;Magnesium
CAPZA1;CAPZB;Magnesium
ACTR3;ACTA1;Magnesium
ACTR3;ACTG1;Magnesium
ACTR3;WASF2;Magnesium
ACTR3;ACTB;Magnesium
ACTR3;WAS;Magnesium
ACTR3;ARPC2;Magnesium
ACTR3;ARPC1B;Magnesium
ACTR3;ARPC4;Magnesium
ACTR3;ARPC5;Magnesium
ACTR3;ACTR2;Magnesium
ACTC1;SETD3;Magnesium
ACTC1;ACTG2;Magnesium
ACTC1;GC;Magnesium
ARPC5;ACTA1;Magnesium
ARPC5;WASF2;Magnesium
ARPC5;ACTB;Magnesium
ARPC5;ACTG1;Magnesium
ARPC5;WAS;Magnesium
ARPC5;ARPC1B;Magnesium
ARPC5;ARPC2;Magnesium
ARPC5;ACTR2;Magnesium
ARPC5;ARPC4;Magnesium
ARPC2;ACTA1;Magnesium
ARPC2;WASF2;Magnesium
ARPC2;WAS;Magnesium
ARPC2;ACTR2;Magnesium
ARPC2;ARPC4;Magnesium
ARPC2;ARPC1B;Magnesium
CFL2;ACTA1;Magnesium
CFL2;CFL1;Magnesium
CFL2;ACTB;Magnesium
CFL2;ACTG1;Magnesium
CTNNA1;ACTA1;Magnesium
CTNNA1;ACTG1;Magnesium
CTNNA1;ACTB;Magnesium
MTSS1;ACTA1;Magnesium
PPP1CA;ACTA1;Magnesium
FLNC;FLNA;Magnesium
SETD3;ACTG2;Magnesium
SETD3;ACTA1;Magnesium
SETD3;ACTG1;Magnesium
SETD3;ACTB;Magnesium
PHACTR1;ACTA1;Magnesium
FMNL3;ACTA1;Magnesium
PPP1CC;ACTA1;Magnesium
PPP1CC;PPP1R15B;Magnesium
ARHGAP12;ACTA1;Magnesium
NAA80;ACTA1;Magnesium
NAA80;ACTB;Magnesium
MYH7;TNNI1;Magnesium
PLS3;LCP1;Magnesium
PLS3;ACTA1;Magnesium
PFN3;ACTG1;Magnesium
PFN3;ACTB;Magnesium
MYOZ1;ACTN2;Magnesium
TNNI1;MYH3;Magnesium
TNNI1;MYH6;Magnesium
TNNI1;TNNC2;Magnesium
ACTN2;ACTN3;Magnesium
ACTA1;PPP1R15B;Magnesium
ACTA1;GC;Magnesium
ACTA1;ACTB;Magnesium
ACTA1;MYO10;Magnesium
ACTA1;COBL;Magnesium
ACTA1;MRTFB;Magnesium
ACTA1;MRTFA;Magnesium
ACTA1;WASF2;Magnesium
ACTA1;ACTG1;Magnesium
ACTA1;LMOD1;Magnesium
ACTA1;UTRN;Magnesium
ACTA1;WIPF1;Magnesium
ACTA1;ARPC4;Magnesium
ACTA1;TWF1;Magnesium
ACTA1;ARPC1B;Magnesium
ACTA1;CAPZB;Magnesium
ACTA1;FLNA;Magnesium
ACTA1;CAP1;Magnesium
ACTA1;ACTG2;Magnesium
ACTA1;WAS;Magnesium
ACTA1;LCP1;Magnesium
ACTA1;ACTR2;Magnesium
ACTA1;CFL1;Magnesium
ACTA1;GSN;Magnesium
CAP1;ACTB;Magnesium
CAP1;TWF1;Magnesium
CAP1;CFL1;Magnesium
WAS;ACTG1;Magnesium
WAS;ACTB;Magnesium
WAS;ARPC4;Magnesium
WAS;ARPC1B;Magnesium
WAS;ACTR2;Magnesium
WAS;WIPF1;Magnesium
ACTR2;ACTG1;Magnesium
ACTR2;ACTB;Magnesium
ACTR2;WASF2;Magnesium
ACTR2;ARPC1B;Magnesium
ACTR2;ARPC4;Magnesium
ARPC4;WASF2;Magnesium
ARPC4;ACTG1;Magnesium
ARPC4;ACTB;Magnesium
ARPC4;ARPC1B;Magnesium
ARPC1B;WASF2;Magnesium
ARPC1B;ACTB;Magnesium
ARPC1B;ACTG1;Magnesium
CAPZB;ACTB;Magnesium
CAPZB;TWF1;Magnesium
CAPZB;DCTN2;Magnesium
DCTN2;ACTB;Magnesium
ACTG1;WASF2;Magnesium
WASF2;ACTB;Magnesium
CPB2;F2;Magnesium
SERPIND1;F2;Magnesium
PROCR;PROC;Magnesium
PROCR;THBD;Magnesium
SERPINE1;PROC;Magnesium
SERPINE1;SERPINB2;Magnesium
GGCX;PROS1;Magnesium
PROC;PROS1;Magnesium
PROC;IGHV3-72;Magnesium
PROC;SERPINB2;Magnesium
PROC;A2M;Magnesium
PROC;SERPINA1;Magnesium
PROC;F2R;Magnesium
PROC;SERPINA5;Magnesium
PROC;SERPINF2;Magnesium
KLKB1;A2M;Magnesium
FGB;SERPINF2;Magnesium
FGB;FGA;Magnesium
FGB;FGG;Magnesium
FGB;F2;Magnesium
F2;F13B;Magnesium
F2;SERPINA5;Magnesium
F2;F2R;Magnesium
F2;FGA;Magnesium
F2;FGG;Magnesium
PGA5;PGA3;Magnesium
PGA5;PGA4;Magnesium
SERPINF2;FGG;Magnesium
SERPINF2;FGA;Magnesium
PGA3;PGA4;Magnesium
FGG;FGA;Magnesium
F8;PROS1;Magnesium
F5;PROS1;Magnesium
PROS1;FURIN;Magnesium
IGLL5;IGHV3-72;Magnesium
ERCC1;SWSAP1;Magnesium
ERCC1;MSH3;Magnesium
ERCC1;PRKDC;Magnesium
ERCC1;XRCC4;Magnesium
ERCC1;ERCC5;Magnesium
RFC2;PCNA;Magnesium
TRIP13;MAD2L2;Magnesium
CDC6;MCM8;Magnesium
CBX7;CDC26;Magnesium
CBX7;CDC23;Magnesium
CBX7;BARD1;Magnesium
CBX7;ANAPC4;Magnesium
CBX7;ANAPC13;Magnesium
CBX7;ANAPC11;Magnesium
CBX7;ANAPC7;Magnesium
CBX7;ANAPC10;Magnesium
CBX7;ANAPC1;Magnesium
CBX7;ANAPC15;Magnesium
CBX7;ANAPC5;Magnesium
CBX7;CDC16;Magnesium
CBX7;CDC27;Magnesium
CBX7;CUL7;Magnesium
CBX7;BABAM2;Magnesium
CBX7;UBE2S;Magnesium
CBX7;UBE2C;Magnesium
CBX7;RAD51;Magnesium
CBX7;ANAPC2;Magnesium
CBX7;BUB1B;Magnesium
CBX7;ANAPC16;Magnesium
CBX7;BRCC3;Magnesium
CBX7;BRCA2;Magnesium
CBX7;BRCA1;Magnesium
CBX7;BCOR;Magnesium
CBX7;H3-5;Magnesium
CBX7;H3-2;Magnesium
CBX7;H3-3B;Magnesium
CBX7;H3C13;Magnesium
CBX7;H3C12;Magnesium
CBX7;H3-4;Magnesium
CBX7;CBX2;Magnesium
CBX7;CBX4;Magnesium
CBX7;PCGF6;Magnesium
CBX7;PHC3;Magnesium
CBX7;PHC1;Magnesium
CBX7;CBX8;Magnesium
CBX7;PHC2;Magnesium
CBX7;PCGF2;Magnesium
CBX7;RING1;Magnesium
CBX7;RNF2;Magnesium
CBX7;BMI1;Magnesium
POLE2;MAD2L2;Magnesium
POLE2;POLD3;Magnesium
POLE2;REV3L;Magnesium
POLE2;TIPIN;Magnesium
POLE2;POLD2;Magnesium
POLE2;MCM2;Magnesium
POLE2;POLD1;Magnesium
POLE2;MCM6;Magnesium
POLE2;WDHD1;Magnesium
POLE2;POLA1;Magnesium
POLE2;MCM4;Magnesium
POLE2;MCM3;Magnesium
POLE2;CDC45;Magnesium
POLE2;POLE;Magnesium
RNASEH2A;POLE;Magnesium
RPA3;MCM3;Magnesium
RPA3;PCNA;Magnesium
RPA3;POLA1;Magnesium
RPA3;POLD3;Magnesium
RPA3;POLD2;Magnesium
RPA3;SMARCAL1;Magnesium
RPA3;RFWD3;Magnesium
RAD51AP1;PALB2;Magnesium
RAD51AP1;RAD51;Magnesium
FANCE;UBE2T;Magnesium
FANCE;FANCL;Magnesium
MLH1;MSH3;Magnesium
MLH1;PMS2;Magnesium
MSH2;SWSAP1;Magnesium
MSH2;XRCC4;Magnesium
MSH2;PRKDC;Magnesium
MSH2;ERCC5;Magnesium
MSH2;LIG4;Magnesium
MSH2;PCNA;Magnesium
MSH2;XRCC5;Magnesium
MSH2;PMS2;Magnesium
MSH2;MSH3;Magnesium
MSH6;SWSAP1;Magnesium
MSH6;XRCC4;Magnesium
MSH6;ERCC5;Magnesium
MSH6;PRKDC;Magnesium
MSH6;MSH3;Magnesium
MSH6;PMS2;Magnesium
MAD2L2;MCM3;Magnesium
MAD2L2;BUB1B;Magnesium
MAD2L2;POLA1;Magnesium
MAD2L2;BUB1;Magnesium
MAD2L2;POLE;Magnesium
MAD2L2;MAD2L1;Magnesium
MAD2L2;POLD1;Magnesium
MAD2L2;POLD3;Magnesium
MAD2L2;REV1;Magnesium
MAD2L2;POLD2;Magnesium
MAD2L2;REV3L;Magnesium
MND1;PSMC3IP;Magnesium
POLK;TP53;Magnesium
POLK;REV1;Magnesium
POLK;PCNA;Magnesium
H4C6;CENPA;Magnesium
RPA1;POLD3;Magnesium
RPA1;SMARCAL1;Magnesium
RPA1;RFWD3;Magnesium
H3-3B;CENPA;Magnesium
H3-3B;MCM2;Magnesium
CCNB1;CDC26;Magnesium
CCNB1;ANAPC7;Magnesium
PHC2;BRCA2;Magnesium
PHC2;BUB1B;Magnesium
PHC2;RAD51;Magnesium
PHC2;ANAPC1;Magnesium
PHC2;ANAPC7;Magnesium
PHC2;ANAPC10;Magnesium
PHC2;ANAPC15;Magnesium
PHC2;ANAPC16;Magnesium
PHC2;CDC23;Magnesium
PHC2;CDC26;Magnesium
PHC2;ANAPC11;Magnesium
PHC2;ANAPC13;Magnesium
PHC2;CDC16;Magnesium
PHC2;ANAPC5;Magnesium
PHC2;CDC27;Magnesium
PHC2;BARD1;Magnesium
PHC2;BRCA1;Magnesium
PHC2;CUL7;Magnesium
PHC2;BABAM2;Magnesium
PHC2;ANAPC2;Magnesium
PHC2;BRCC3;Magnesium
PHC2;UBE2C;Magnesium
PHC2;ANAPC4;Magnesium
PHC2;UBE2S;Magnesium
PHC2;BCOR;Magnesium
PHC2;PHC3;Magnesium
PHC2;PCGF6;Magnesium
PHC2;CBX4;Magnesium
PHC2;PHC1;Magnesium
PHC2;RNF2;Magnesium
PHC2;PCGF2;Magnesium
PHC2;RING1;Magnesium
PHC2;CBX8;Magnesium
PHC2;BMI1;Magnesium
PHC2;CBX2;Magnesium
REV1;PCNA;Magnesium
REV1;POLD3;Magnesium
REV1;POLH;Magnesium
REV1;REV3L;Magnesium
HUS1;RAD9B;Magnesium
BRIP1;KAT5;Magnesium
BRIP1;PMS2;Magnesium
TOPBP1;RAD9B;Magnesium
TOPBP1;MCM3;Magnesium
TOPBP1;E2F1;Magnesium
BARD1;BUB1B;Magnesium
BARD1;H3C13;Magnesium
BARD1;PHC3;Magnesium
BARD1;PCGF6;Magnesium
BARD1;ANAPC15;Magnesium
BARD1;CBX4;Magnesium
BARD1;ANAPC16;Magnesium
BARD1;CBX2;Magnesium
BARD1;PHC1;Magnesium
BARD1;BCOR;Magnesium
BARD1;ANAPC7;Magnesium
BARD1;CDC26;Magnesium
BARD1;CBX8;Magnesium
BARD1;PCGF2;Magnesium
BARD1;CUL7;Magnesium
BARD1;ANAPC11;Magnesium
BARD1;BMI1;Magnesium
BARD1;RING1;Magnesium
BARD1;H3C12;Magnesium
BARD1;UBE2S;Magnesium
BARD1;RNF2;Magnesium
BARD1;UIMC1;Magnesium
BARD1;ABRAXAS1;Magnesium
BARD1;BABAM2;Magnesium
BARD1;BRCC3;Magnesium
ANAPC5;CBX4;Magnesium
ANAPC5;CBX8;Magnesium
ANAPC5;CBX2;Magnesium
ANAPC5;PHC3;Magnesium
ANAPC5;BCOR;Magnesium
ANAPC5;PCGF6;Magnesium
ANAPC5;BMI1;Magnesium
ANAPC5;BRCC3;Magnesium
ANAPC5;RNF2;Magnesium
ANAPC5;PCGF2;Magnesium
ANAPC5;PHC1;Magnesium
ANAPC5;CUL7;Magnesium
ANAPC5;RING1;Magnesium
ANAPC5;BABAM2;Magnesium
ANAPC5;UBE2S;Magnesium
ANAPC5;BUB1B;Magnesium
ANAPC5;ANAPC15;Magnesium
ANAPC5;ANAPC7;Magnesium
ANAPC5;ANAPC11;Magnesium
ANAPC5;CDC26;Magnesium
ANAPC5;ANAPC16;Magnesium
TIPIN;RECQL4;Magnesium
TIPIN;POLE;Magnesium
TIPIN;MCM6;Magnesium
TIPIN;MCM3;Magnesium
TIPIN;MCM4;Magnesium
TIPIN;MCM2;Magnesium
TIPIN;WDHD1;Magnesium
MCM4;CHEK2;Magnesium
MCM4;POLE;Magnesium
MCM4;MCM8;Magnesium
MCM4;WDHD1;Magnesium
POLD3;RPA2;Magnesium
POLD3;MCM3;Magnesium
POLD3;POLE;Magnesium
POLD3;FEN1;Magnesium
POLD3;POLA1;Magnesium
POLD3;REV3L;Magnesium
POLD3;PCNA;Magnesium
POLD3;POLD2;Magnesium
POLD3;POLD1;Magnesium
MCM6;POLE;Magnesium
MCM6;MCM8;Magnesium
MCM6;WDHD1;Magnesium
ZRANB3;PCNA;Magnesium
UBE2S;BRCA2;Magnesium
UBE2S;RAD51;Magnesium
UBE2S;PHC1;Magnesium
UBE2S;BCOR;Magnesium
UBE2S;PHC3;Magnesium
UBE2S;CBX4;Magnesium
UBE2S;PCGF6;Magnesium
UBE2S;CBX2;Magnesium
UBE2S;BABAM2;Magnesium
UBE2S;PCGF2;Magnesium
UBE2S;CBX8;Magnesium
UBE2S;BMI1;Magnesium
UBE2S;RNF2;Magnesium
UBE2S;BRCC3;Magnesium
UBE2S;CUL7;Magnesium
UBE2S;RING1;Magnesium
UBE2S;CDC26;Magnesium
UBE2S;ANAPC13;Magnesium
UBE2S;ANAPC16;Magnesium
UBE2S;ANAPC7;Magnesium
UBE2S;ANAPC1;Magnesium
UBE2S;ANAPC15;Magnesium
UBE2S;CDC16;Magnesium
UBE2S;CDC23;Magnesium
UBE2S;ANAPC2;Magnesium
UBE2S;ANAPC10;Magnesium
UBE2S;ANAPC11;Magnesium
RAD18;POLH;Magnesium
RAD18;HLTF;Magnesium
RAD18;PCNA;Magnesium
MCM2;H3C13;Magnesium
MCM2;H3C12;Magnesium
MCM2;MCM8;Magnesium
MCM2;POLE;Magnesium
MCM2;WDHD1;Magnesium
MSH3;SWSAP1;Magnesium
MSH3;XRCC4;Magnesium
MSH3;PRKDC;Magnesium
MSH3;LIG4;Magnesium
MSH3;ERCC5;Magnesium
MSH3;XRCC5;Magnesium
MSH3;XRCC6;Magnesium
MSH3;ERCC4;Magnesium
MSH3;ATM;Magnesium
MSH3;POLD1;Magnesium
MSH3;PCNA;Magnesium
PMS2;TP53;Magnesium
PMS2;EXO1;Magnesium
FANCM;PCLAF;Magnesium
FANCM;PCNA;Magnesium
FANCM;MEIOB;Magnesium
FANCM;UBE2T;Magnesium
FANCM;RAD51D-2;Magnesium
FANCM;REV3L;Magnesium
FANCM;RECQL5;Magnesium
FANCM;RECQL4;Magnesium
FANCM;FANCL;Magnesium
TP53;SQSTM1;Magnesium
TP53;SUMO4;Magnesium
TP53;CUL7;Magnesium
TP53;SUMO1;Magnesium
CBX8;BUB1B;Magnesium
CBX8;RAD51;Magnesium
CBX8;BRCA2;Magnesium
CBX8;ANAPC7;Magnesium
CBX8;ANAPC10;Magnesium
CBX8;ANAPC1;Magnesium
CBX8;ANAPC15;Magnesium
CBX8;CDC26;Magnesium
CBX8;ANAPC16;Magnesium
CBX8;ANAPC4;Magnesium
CBX8;CDC16;Magnesium
CBX8;BRCC3;Magnesium
CBX8;ANAPC11;Magnesium
CBX8;ANAPC13;Magnesium
CBX8;BABAM2;Magnesium
CBX8;CDC27;Magnesium
CBX8;UBE2C;Magnesium
CBX8;CUL7;Magnesium
CBX8;CDC23;Magnesium
CBX8;ANAPC2;Magnesium
CBX8;BRCA1;Magnesium
CBX8;BCOR;Magnesium
CBX8;PCGF6;Magnesium
CBX8;PHC1;Magnesium
CBX8;PHC3;Magnesium
CBX8;CBX2;Magnesium
CBX8;RNF2;Magnesium
CBX8;PCGF2;Magnesium
CBX8;CBX4;Magnesium
CBX8;BMI1;Magnesium
CBX8;RING1;Magnesium
CBX4;BUB1B;Magnesium
CBX4;BRCA2;Magnesium
CBX4;RAD51;Magnesium
CBX4;ANAPC1;Magnesium
CBX4;ANAPC10;Magnesium
CBX4;ANAPC7;Magnesium
CBX4;ANAPC15;Magnesium
CBX4;CDC26;Magnesium
CBX4;CDC23;Magnesium
CBX4;ANAPC16;Magnesium
CBX4;ANAPC4;Magnesium
CBX4;CDC16;Magnesium
CBX4;ANAPC11;Magnesium
CBX4;ANAPC13;Magnesium
CBX4;BABAM2;Magnesium
CBX4;CUL7;Magnesium
CBX4;UBE2C;Magnesium
CBX4;ANAPC2;Magnesium
CBX4;BRCC3;Magnesium
CBX4;CDC27;Magnesium
CBX4;BRCA1;Magnesium
CBX4;BCOR;Magnesium
CBX4;PCGF6;Magnesium
CBX4;PHC3;Magnesium
CBX4;PCGF2;Magnesium
CBX4;PHC1;Magnesium
CBX4;CBX2;Magnesium
CBX4;BMI1;Magnesium
CBX4;RNF2;Magnesium
CBX4;RING1;Magnesium
ATM;SWSAP1;Magnesium
ATM;SQSTM1;Magnesium
ATM;ERCC5;Magnesium
ATM;XRCC4;Magnesium
ATM;KAT5;Magnesium
NSMCE2;SUMO4;Magnesium
NSMCE2;SMC6;Magnesium
NSMCE2;SMC5;Magnesium
BUB1B;RNF2;Magnesium
BUB1B;BRCC3;Magnesium
BUB1B;RING1;Magnesium
BUB1B;PCGF2;Magnesium
BUB1B;PHC1;Magnesium
BUB1B;PCGF6;Magnesium
BUB1B;BABAM2;Magnesium
BUB1B;BCOR;Magnesium
BUB1B;BMI1;Magnesium
BUB1B;CBX2;Magnesium
BUB1B;PHC3;Magnesium
BUB1B;CUL7;Magnesium
BUB1B;BRCA2;Magnesium
BUB1B;ANAPC13;Magnesium
BUB1B;ANAPC11;Magnesium
BUB1B;ANAPC15;Magnesium
BUB1B;CDC26;Magnesium
BUB1B;ANAPC16;Magnesium
BUB1B;ANAPC2;Magnesium
BUB1B;CDC23;Magnesium
BUB1B;CDC16;Magnesium
BUB1B;ANAPC7;Magnesium
BUB1B;ANAPC10;Magnesium
BUB1B;ANAPC1;Magnesium
FANCD2;UBE2T;Magnesium
FANCD2;FANCL;Magnesium
CCNB2;ANAPC7;Magnesium
CCNB2;CDC26;Magnesium
FANCC;UBE2T;Magnesium
FANCC;FANCL;Magnesium
SLX4;PLK1;Magnesium
MAD2L1;CDC20B;Magnesium
MAD2L1;ANAPC15;Magnesium
MAD2L1;ANAPC16;Magnesium
MAD2L1;CDC26;Magnesium
MAD2L1;ANAPC7;Magnesium
PLK1;TOP3A;Magnesium
PLK1;CHEK2;Magnesium
CDT1;DTL;Magnesium
BUB1;ANAPC11;Magnesium
MUS81;RECQL4;Magnesium
CBX2;RAD51;Magnesium
CBX2;BRCA2;Magnesium
CBX2;ANAPC4;Magnesium
CBX2;CUL7;Magnesium
CBX2;ANAPC13;Magnesium
CBX2;ANAPC11;Magnesium
CBX2;ANAPC15;Magnesium
CBX2;CDC16;Magnesium
CBX2;BRCC3;Magnesium
CBX2;CDC26;Magnesium
CBX2;ANAPC10;Magnesium
CBX2;ANAPC2;Magnesium
CBX2;ANAPC16;Magnesium
CBX2;CDC27;Magnesium
CBX2;ANAPC7;Magnesium
CBX2;BABAM2;Magnesium
CBX2;ANAPC1;Magnesium
CBX2;CDC23;Magnesium
CBX2;UBE2C;Magnesium
CBX2;BRCA1;Magnesium
CBX2;BCOR;Magnesium
CBX2;PCGF6;Magnesium
CBX2;H3-2;Magnesium
CBX2;H3C13;Magnesium
CBX2;H3C12;Magnesium
CBX2;PHC3;Magnesium
CBX2;RING1;Magnesium
CBX2;BMI1;Magnesium
CBX2;RNF2;Magnesium
CBX2;PCGF2;Magnesium
CBX2;PHC1;Magnesium
HLTF;RAD51;Magnesium
HLTF;PCNA;Magnesium
HLTF;UBE2V2;Magnesium
SWSAP1;PRKDC;Magnesium
SWSAP1;XRCC4;Magnesium
SWSAP1;ERCC5;Magnesium
SWSAP1;LIG4;Magnesium
SWSAP1;XRCC5;Magnesium
SWSAP1;POLD1;Magnesium
SWSAP1;XRCC6;Magnesium
SWSAP1;ERCC4;Magnesium
ERCC4;XRCC4;Magnesium
ERCC4;ERCC5;Magnesium
FANCI;UBE2T;Magnesium
FANCI;FANCL;Magnesium
RAD9A;RAD9B;Magnesium
ATAD5;PCNA;Magnesium
PRKDC;ERCC5;Magnesium
PRKDC;POLD1;Magnesium
PRKDC;RPA2;Magnesium
PRKDC;H2AX;Magnesium
PRKDC;XRCC4;Magnesium
ANAPC2;BABAM2;Magnesium
ANAPC2;PHC3;Magnesium
ANAPC2;PHC1;Magnesium
ANAPC2;BRCC3;Magnesium
ANAPC2;RNF2;Magnesium
ANAPC2;PCGF6;Magnesium
ANAPC2;BMI1;Magnesium
ANAPC2;PCGF2;Magnesium
ANAPC2;BCOR;Magnesium
ANAPC2;RING1;Magnesium
ANAPC2;CUL7;Magnesium
ANAPC2;ANAPC16;Magnesium
ANAPC2;ANAPC15;Magnesium
ANAPC2;ANAPC11;Magnesium
ANAPC2;CDC26;Magnesium
ANAPC2;ANAPC7;Magnesium
MEIOB;ATR;Magnesium
MEIOB;RAD52;Magnesium
SWI5;XRCC2;Magnesium
SWI5;RAD51B;Magnesium
SWI5;RAD51C;Magnesium
SWI5;RAD51D;Magnesium
SWI5;XRCC3;Magnesium
SWI5;SFR1;Magnesium
RECQL5;TP53BP1;Magnesium
RECQL5;RAD51;Magnesium
SUMO4;PCNA;Magnesium
SUMO4;SUMO2;Magnesium
SUMO4;SUMO1;Magnesium
SUMO4;SMC6;Magnesium
SUMO4;SMC5;Magnesium
SUMO4;UBE2I;Magnesium
TOP3A;RECQL4;Magnesium
POLE;REV3L;Magnesium
POLE;POLD2;Magnesium
POLE;WDHD1;Magnesium
POLE;CDC45;Magnesium
POLE;MCM3;Magnesium
POLE;POLA1;Magnesium
MRE11;RECQL4;Magnesium
MRE11;XRCC5;Magnesium
PIF1;PCNA;Magnesium
FANCF;UBE2T;Magnesium
FANCF;FANCL;Magnesium
RAD54B;RAD54L;Magnesium
RAD54B;RAD51;Magnesium
RAD51C;SFR1;Magnesium
CENPA;H3C12;Magnesium
CENPA;H2BC21;Magnesium
ANAPC1;PHC3;Magnesium
ANAPC1;RNF2;Magnesium
ANAPC1;PCGF2;Magnesium
ANAPC1;BMI1;Magnesium
ANAPC1;RING1;Magnesium
ANAPC1;PHC1;Magnesium
ANAPC1;BCOR;Magnesium
ANAPC1;PCGF6;Magnesium
ANAPC1;BABAM2;Magnesium
ANAPC1;BRCC3;Magnesium
ANAPC1;CUL7;Magnesium
ANAPC1;ANAPC15;Magnesium
ANAPC1;ANAPC7;Magnesium
ANAPC1;CDC26;Magnesium
ANAPC1;ANAPC16;Magnesium
ANAPC1;ANAPC11;Magnesium
BABAM2;ANAPC11;Magnesium
BABAM2;ANAPC13;Magnesium
BABAM2;ANAPC4;Magnesium
BABAM2;ANAPC16;Magnesium
BABAM2;CDC26;Magnesium
BABAM2;ANAPC15;Magnesium
BABAM2;PHC3;Magnesium
BABAM2;PCGF2;Magnesium
BABAM2;CDC23;Magnesium
BABAM2;PCGF6;Magnesium
BABAM2;PHC1;Magnesium
BABAM2;ANAPC10;Magnesium
BABAM2;CDC16;Magnesium
BABAM2;ANAPC7;Magnesium
BABAM2;RING1;Magnesium
BABAM2;CUL7;Magnesium
BABAM2;UBE2C;Magnesium
BABAM2;CDC27;Magnesium
BABAM2;BCOR;Magnesium
BABAM2;BMI1;Magnesium
BABAM2;RNF2;Magnesium
BABAM2;BRCA2;Magnesium
BABAM2;RAD51;Magnesium
BABAM2;BRCA1;Magnesium
BABAM2;ABRAXAS1;Magnesium
BABAM2;UIMC1;Magnesium
ATR;RECQL4;Magnesium
ATR;SQSTM1;Magnesium
ATR;RAD9B;Magnesium
SMARCA4;H2AX;Magnesium
SMARCA4;H2BC21;Magnesium
SMARCA4;SMARCA2;Magnesium
UBE2I;PCNA;Magnesium
UBE2I;SUMO1;Magnesium
CDC16;PCGF2;Magnesium
CDC16;RNF2;Magnesium
CDC16;PCGF6;Magnesium
CDC16;PHC3;Magnesium
CDC16;BMI1;Magnesium
CDC16;PHC1;Magnesium
CDC16;RING1;Magnesium
CDC16;BRCC3;Magnesium
CDC16;CUL7;Magnesium
CDC16;BCOR;Magnesium
CDC16;ANAPC15;Magnesium
CDC16;ANAPC7;Magnesium
CDC16;ANAPC11;Magnesium
CDC16;ANAPC16;Magnesium
CDC16;CDC26;Magnesium
UBE2C;PHC1;Magnesium
UBE2C;PCGF6;Magnesium
UBE2C;BCOR;Magnesium
UBE2C;PHC3;Magnesium
UBE2C;RNF2;Magnesium
UBE2C;PCGF2;Magnesium
UBE2C;BMI1;Magnesium
UBE2C;RING1;Magnesium
UBE2C;BRCC3;Magnesium
UBE2C;CUL7;Magnesium
UBE2C;ANAPC7;Magnesium
UBE2C;CDC26;Magnesium
UBE2C;ANAPC16;Magnesium
UBE2C;ANAPC15;Magnesium
UBE2C;ANAPC11;Magnesium
ABCD4;RAD51;Magnesium
SMARCAL1;RPA2;Magnesium
ANAPC11;BRCA2;Magnesium
ANAPC11;RAD51;Magnesium
ANAPC11;PHC3;Magnesium
ANAPC11;PCGF6;Magnesium
ANAPC11;PCGF2;Magnesium
ANAPC11;PHC1;Magnesium
ANAPC11;BMI1;Magnesium
ANAPC11;BCOR;Magnesium
ANAPC11;RING1;Magnesium
ANAPC11;BRCC3;Magnesium
ANAPC11;BRCA1;Magnesium
ANAPC11;RNF2;Magnesium
ANAPC11;CUL7;Magnesium
ANAPC11;ANAPC7;Magnesium
ANAPC11;ANAPC15;Magnesium
ANAPC11;ANAPC16;Magnesium
ANAPC11;ANAPC13;Magnesium
ANAPC11;CDC26;Magnesium
ANAPC11;ANAPC4;Magnesium
ANAPC11;CDC20;Magnesium
ANAPC11;ANAPC10;Magnesium
ANAPC11;CDC23;Magnesium
ANAPC11;CDC27;Magnesium
DNA2;WDHD1;Magnesium
RAD52;RECQL4;Magnesium
RAD52;REV3L;Magnesium
REV3L;MCM3;Magnesium
REV3L;PCNA;Magnesium
REV3L;POLA1;Magnesium
REV3L;POLD1;Magnesium
REV3L;POLH;Magnesium
REV3L;POLD2;Magnesium
H3C12;H2AX;Magnesium
XRCC6;ERCC5;Magnesium
XRCC6;XRCC4;Magnesium
XRCC2;SFR1;Magnesium
WDHD1;POLA1;Magnesium
WDHD1;CDC45;Magnesium
WDHD1;MCM3;Magnesium
RFWD3;RPA2;Magnesium
RNF2;BRCA2;Magnesium
RNF2;RAD51;Magnesium
RNF2;ANAPC10;Magnesium
RNF2;ANAPC7;Magnesium
RNF2;CDC26;Magnesium
RNF2;ANAPC16;Magnesium
RNF2;ANAPC4;Magnesium
RNF2;ANAPC13;Magnesium
RNF2;ANAPC15;Magnesium
RNF2;CDC23;Magnesium
RNF2;CDC27;Magnesium
RNF2;BRCA1;Magnesium
RNF2;BRCC3;Magnesium
RNF2;CUL7;Magnesium
RNF2;PHC3;Magnesium
RNF2;BCOR;Magnesium
RNF2;PHC1;Magnesium
RNF2;BMI1;Magnesium
RNF2;PCGF6;Magnesium
RNF2;RING1;Magnesium
RNF2;PCGF2;Magnesium
BRCC3;PHC1;Magnesium
BRCC3;ANAPC13;Magnesium
BRCC3;PCGF6;Magnesium
BRCC3;ANAPC15;Magnesium
BRCC3;PHC3;Magnesium
BRCC3;CDC27;Magnesium
BRCC3;CUL7;Magnesium
BRCC3;ANAPC10;Magnesium
BRCC3;ANAPC16;Magnesium
BRCC3;ANAPC7;Magnesium
BRCC3;CDC26;Magnesium
BRCC3;PCGF2;Magnesium
BRCC3;ANAPC4;Magnesium
BRCC3;BCOR;Magnesium
BRCC3;CDC23;Magnesium
BRCC3;RING1;Magnesium
BRCC3;BMI1;Magnesium
BRCC3;RAD51;Magnesium
BRCC3;BRCA2;Magnesium
BRCC3;UIMC1;Magnesium
BRCC3;ABRAXAS1;Magnesium
BRCC3;BRCA1;Magnesium
SFR1;RAD51B;Magnesium
SFR1;XRCC3;Magnesium
SFR1;RAD51D;Magnesium
PCGF6;BRCA2;Magnesium
PCGF6;RAD51;Magnesium
PCGF6;CDC26;Magnesium
PCGF6;ANAPC16;Magnesium
PCGF6;ANAPC4;Magnesium
PCGF6;ANAPC13;Magnesium
PCGF6;CUL7;Magnesium
PCGF6;ANAPC15;Magnesium
PCGF6;CDC27;Magnesium
PCGF6;BRCA1;Magnesium
PCGF6;ANAPC10;Magnesium
PCGF6;CDC23;Magnesium
PCGF6;ANAPC7;Magnesium
PCGF6;BCOR;Magnesium
PCGF6;PHC3;Magnesium
PCGF6;PCGF2;Magnesium
PCGF6;PHC1;Magnesium
PCGF6;BMI1;Magnesium
PCGF6;RING1;Magnesium
ABCD3;RAD51;Magnesium
POLH;PCNA;Magnesium
CDC20;ANAPC15;Magnesium
CDC20;CDC26;Magnesium
CDC20;ANAPC16;Magnesium
CDC20;ANAPC7;Magnesium
RNF8;H2AX;Magnesium
RNF8;MDC1;Magnesium
RPA2;POLD2;Magnesium
RPA2;XPA;Magnesium
CDC26;RAD51;Magnesium
CDC26;BRCA2;Magnesium
CDC26;BMI1;Magnesium
CDC26;RING1;Magnesium
CDC26;PHC3;Magnesium
CDC26;PCGF2;Magnesium
CDC26;PHC1;Magnesium
CDC26;BCOR;Magnesium
CDC26;CUL7;Magnesium
CDC26;BRCA1;Magnesium
CDC26;CCNA2;Magnesium
CDC26;ANAPC7;Magnesium
CDC26;ANAPC4;Magnesium
CDC26;ANAPC15;Magnesium
CDC26;ANAPC13;Magnesium
CDC26;ANAPC10;Magnesium
CDC26;ANAPC16;Magnesium
CDC26;CDC23;Magnesium
CDC26;CDC27;Magnesium
RING1;BRCA2;Magnesium
RING1;RAD51;Magnesium
RING1;ANAPC13;Magnesium
RING1;ANAPC15;Magnesium
RING1;ANAPC4;Magnesium
RING1;ANAPC7;Magnesium
RING1;CDC27;Magnesium
RING1;ANAPC16;Magnesium
RING1;CDC23;Magnesium
RING1;ANAPC10;Magnesium
RING1;BRCA1;Magnesium
RING1;CUL7;Magnesium
RING1;PHC3;Magnesium
RING1;BCOR;Magnesium
RING1;BMI1;Magnesium
RING1;PHC1;Magnesium
RING1;PCGF2;Magnesium
XPA;ERCC5;Magnesium
MDC1;UIMC1;Magnesium
BMI1;BRCA2;Magnesium
BMI1;RAD51;Magnesium
BMI1;ANAPC15;Magnesium
BMI1;ANAPC10;Magnesium
BMI1;ANAPC13;Magnesium
BMI1;ANAPC4;Magnesium
BMI1;ANAPC16;Magnesium
BMI1;CDC27;Magnesium
BMI1;ANAPC7;Magnesium
BMI1;CUL7;Magnesium
BMI1;CDC23;Magnesium
BMI1;BCOR;Magnesium
BMI1;BRCA1;Magnesium
BMI1;PHC3;Magnesium
BMI1;PHC1;Magnesium
BMI1;PCGF2;Magnesium
BCOR;RAD51;Magnesium
BCOR;BRCA2;Magnesium
BCOR;ANAPC16;Magnesium
BCOR;ANAPC13;Magnesium
BCOR;ANAPC15;Magnesium
BCOR;ANAPC10;Magnesium
BCOR;ANAPC7;Magnesium
BCOR;BRCA1;Magnesium
BCOR;CDC23;Magnesium
BCOR;CDC27;Magnesium
BCOR;CUL7;Magnesium
BCOR;ANAPC4;Magnesium
BCOR;PHC3;Magnesium
BCOR;PHC1;Magnesium
BCOR;PCGF2;Magnesium
FANCG;UBE2T;Magnesium
FANCG;FANCL;Magnesium
MCM8;MCM3;Magnesium
POLA1;POLD1;Magnesium
POLA1;POLD2;Magnesium
PCNA;SUMO2;Magnesium
PCNA;FBH1;Magnesium
PCNA;RFC5;Magnesium
FBH1;RECQL4;Magnesium
BRCA2;ANAPC15;Magnesium
BRCA2;ANAPC16;Magnesium
BRCA2;ANAPC7;Magnesium
BRCA2;CUL7;Magnesium
BRCA2;PCGF2;Magnesium
BRCA2;PHC1;Magnesium
BRCA2;PHC3;Magnesium
BRCA2;SEM1;Magnesium
ABRAXAS1;UIMC1;Magnesium
ABRAXAS1;BRCA1;Magnesium
RAD1;RAD9B;Magnesium
TP53BP1;RECQL4;Magnesium
FANCA;UBE2T;Magnesium
FANCA;FANCL;Magnesium
ERCC2;ERCC5;Magnesium
XRCC5;ERCC5;Magnesium
XRCC5;XRCC4;Magnesium
SUMO1;RAD51;Magnesium
SUMO1;SUMO2;Magnesium
RAD9B;RAD17;Magnesium
CDC23;PHC3;Magnesium
CDC23;PHC1;Magnesium
CDC23;PCGF2;Magnesium
CDC23;CUL7;Magnesium
CDC23;ANAPC16;Magnesium
CDC23;ANAPC15;Magnesium
CDC23;ANAPC7;Magnesium
FANCL;UBE2T;Magnesium
CHEK1;SEM1;Magnesium
ANAPC7;RAD51;Magnesium
ANAPC7;PHC3;Magnesium
ANAPC7;PHC1;Magnesium
ANAPC7;BRCA1;Magnesium
ANAPC7;PCGF2;Magnesium
ANAPC7;CCNA2;Magnesium
ANAPC7;CUL7;Magnesium
ANAPC7;ANAPC15;Magnesium
ANAPC7;ANAPC13;Magnesium
ANAPC7;ANAPC10;Magnesium
ANAPC7;CDC27;Magnesium
ANAPC7;ANAPC16;Magnesium
ANAPC7;ANAPC4;Magnesium
SUMO2;UIMC1;Magnesium
BRCA1;ANAPC16;Magnesium
BRCA1;ANAPC15;Magnesium
BRCA1;PHC1;Magnesium
BRCA1;PHC3;Magnesium
BRCA1;CUL7;Magnesium
BRCA1;PCGF2;Magnesium
BRCA1;UIMC1;Magnesium
PHC3;RAD51;Magnesium
PHC3;CUL7;Magnesium
PHC3;ANAPC15;Magnesium
PHC3;ANAPC10;Magnesium
PHC3;ANAPC13;Magnesium
PHC3;ANAPC4;Magnesium
PHC3;ANAPC16;Magnesium
PHC3;CDC27;Magnesium
PHC3;PCGF2;Magnesium
PHC3;PHC1;Magnesium
XRCC4;POLD1;Magnesium
XRCC4;ERCC5;Magnesium
XRCC4;LIG4;Magnesium
ANAPC13;PCGF2;Magnesium
ANAPC13;CUL7;Magnesium
ANAPC13;PHC1;Magnesium
ANAPC13;ANAPC15;Magnesium
ANAPC13;ANAPC16;Magnesium
ANAPC4;PCGF2;Magnesium
ANAPC4;PHC1;Magnesium
ANAPC4;CUL7;Magnesium
ANAPC4;ANAPC16;Magnesium
ANAPC4;ANAPC15;Magnesium
CDC27;PCGF2;Magnesium
CDC27;PHC1;Magnesium
CDC27;CUL7;Magnesium
CDC27;ANAPC15;Magnesium
CDC27;ANAPC16;Magnesium
ANAPC15;RAD51;Magnesium
ANAPC15;CUL7;Magnesium
ANAPC15;PCGF2;Magnesium
ANAPC15;PHC1;Magnesium
ANAPC15;CCNA2;Magnesium
ANAPC15;ANAPC10;Magnesium
ANAPC15;ANAPC16;Magnesium
PHC1;RAD51;Magnesium
PHC1;ANAPC16;Magnesium
PHC1;ANAPC10;Magnesium
PHC1;CUL7;Magnesium
PHC1;PCGF2;Magnesium
CUL7;RAD51;Magnesium
CUL7;ANAPC16;Magnesium
CUL7;PCGF2;Magnesium
CUL7;ANAPC10;Magnesium
POLD1;ERCC5;Magnesium
POLD1;MCM3;Magnesium
ANAPC16;RAD51;Magnesium
ANAPC16;PCGF2;Magnesium
ANAPC16;CCNA2;Magnesium
ANAPC16;ANAPC10;Magnesium
ANAPC10;PCGF2;Magnesium
POLD2;MCM3;Magnesium
PCGF2;RAD51;Magnesium
RECQL4;RAD51;Magnesium
LIG4;ERCC5;Magnesium
NT5C1A;UPP2;Magnesium
NT5C;UPP2;Magnesium
CMPK2;UCKL1;Magnesium
CMPK2;UCK1;Magnesium
NT5E;UPP2;Magnesium
PAPSS1;CDA;Magnesium
DCK;PNP;Magnesium
TK2;PNP;Magnesium
TK2;UPP2;Magnesium
APOBEC3F;A1CF;Magnesium
APOBEC3F;APOBEC3G;Magnesium
APOBEC3B;APOBEC3A;Magnesium
UPP1;UPP2;Magnesium
UPP1;UCK1;Magnesium
UPP1;UCKL1;Magnesium
UPP1;PNP;Magnesium
NT5C2;UPP2;Magnesium
UCKL1;UCK1;Magnesium
UCKL1;UCK2;Magnesium
UCKL1;CDA;Magnesium
UCKL1;UPP2;Magnesium
UCKL1;UPRT;Magnesium
NT5C1B;UPP2;Magnesium
CES1;CDA;Magnesium
CES1;CES2;Magnesium
PNP;DPYD;Magnesium
PNP;CDA;Magnesium
PNP;UPRT;Magnesium
PNP;TYMP;Magnesium
PNP;UPP2;Magnesium
UCK2;UPP2;Magnesium
UCK2;UCK1;Magnesium
DPYD;UPP2;Magnesium
UCK1;CDA;Magnesium
UCK1;UPP2;Magnesium
UCK1;UPRT;Magnesium
UPRT;UPP2;Magnesium
CDA;PAPSS2;Magnesium
CDA;CES2;Magnesium
CDA;DERA;Magnesium
CDA;UPP2;Magnesium
NT5M;UPP2;Magnesium
A1CF;APOBEC3G;Magnesium
TYMP;UPP2;Magnesium
NT5C3B;UPP2;Magnesium
NT5C1B-RDH14;UPP2;Magnesium
UPP2;NT5C3A;Magnesium
NME3;RRM2B;Magnesium
NME3;AK2;Magnesium
NME3;PKLR;Magnesium
NME3;PKM;Magnesium
NME3;GUK1;Magnesium
NME3;HDDC3;Magnesium
NME4;RRM2B;Magnesium
NME4;PKLR;Magnesium
NME4;PKM;Magnesium
NME4;AK2;Magnesium
NME4;HDDC3;Magnesium
NME4;GUK1;Magnesium
NT5C1A;GMPS;Magnesium
NT5C1A;GMPR;Magnesium
NT5C1A;GUK1;Magnesium
PDE1B;GMPS;Magnesium
PDE1B;GUK1;Magnesium
PDE1B;GMPR;Magnesium
PDE1B;ITPA;Magnesium
NT5C;GUK1;Magnesium
NT5C;GMPS;Magnesium
NT5C;GMPR;Magnesium
RRM2B;NME1-NME2;Magnesium
RRM2B;NME1;Magnesium
RRM2B;NME7;Magnesium
RRM2B;NME6;Magnesium
RRM2B;AK2;Magnesium
RRM2B;NME2;Magnesium
RRM2B;PKLR;Magnesium
RRM2B;PKM;Magnesium
RRM2B;HDDC3;Magnesium
RRM2B;GUK1;Magnesium
RRM2B;AK9;Magnesium
PDE6A;ITPA;Magnesium
PDE6A;HPRT1;Magnesium
PDE6A;GMPS;Magnesium
PDE6A;APRT;Magnesium
PDE6A;GMPR;Magnesium
PDE6A;GUK1;Magnesium
PDE6A;PDE6B;Magnesium
PDE6A;PDE6G;Magnesium
NT5E;GUK1;Magnesium
NT5E;GMPS;Magnesium
NT5E;GMPR;Magnesium
GMPR;ENTPD1;Magnesium
GMPR;PDE6H;Magnesium
GMPR;PDE6G;Magnesium
GMPR;NT5C3B;Magnesium
GMPR;ENTPD8;Magnesium
GMPR;PDE1C;Magnesium
GMPR;PDE9A;Magnesium
GMPR;PDE3A;Magnesium
GMPR;PDE6B;Magnesium
GMPR;PDE2A;Magnesium
GMPR;PDE6C;Magnesium
GMPR;PDE11A;Magnesium
GMPR;ENTPD3;Magnesium
GMPR;PDE5A;Magnesium
GMPR;PDE3B;Magnesium
GMPR;PDE10A;Magnesium
GMPR;NT5C1B-RDH14;Magnesium
GMPR;NT5C1B;Magnesium
GMPR;PDE1A;Magnesium
GMPR;PDE6D;Magnesium
GMPR;NT5C3A;Magnesium
GMPR;GUK1;Magnesium
GMPR;NT5C2;Magnesium
GMPR;ITPA;Magnesium
GMPR;NT5M;Magnesium
GMPR;HPRT1;Magnesium
GMPR;APRT;Magnesium
GMPR;GMPS;Magnesium
DGUOK;GUK1;Magnesium
PDE6H;ITPA;Magnesium
PDE6H;GMPS;Magnesium
PDE6H;APRT;Magnesium
PDE6H;HPRT1;Magnesium
PDE6H;GUK1;Magnesium
PDE3B;GUK1;Magnesium
PDE3B;GMPS;Magnesium
PDE3B;ITPA;Magnesium
PDE11A;GMPS;Magnesium
PDE11A;ITPA;Magnesium
PDE11A;GUK1;Magnesium
PDE6D;APRT;Magnesium
PDE6D;HPRT1;Magnesium
PDE6D;GMPS;Magnesium
PDE6D;ITPA;Magnesium
PDE6D;GUK1;Magnesium
PDE9A;GUK1;Magnesium
PDE9A;GMPS;Magnesium
PDE9A;HPRT1;Magnesium
PDE9A;ITPA;Magnesium
PDE9A;APRT;Magnesium
HPRT1;RRM1;Magnesium
HPRT1;PDE6C;Magnesium
HPRT1;PDE6G;Magnesium
HPRT1;PDE5A;Magnesium
HPRT1;PDE6B;Magnesium
HPRT1;ITPA;Magnesium
HPRT1;GUK1;Magnesium
HPRT1;GMPS;Magnesium
RRM1;AK2;Magnesium
RRM1;HDDC3;Magnesium
RRM1;PKLR;Magnesium
RRM1;PKM;Magnesium
RRM1;GUK1;Magnesium
CACNB3;CACNB4;Magnesium
ENTPD3;PKLR;Magnesium
ENTPD3;PKM;Magnesium
ENTPD3;HDDC3;Magnesium
ENTPD3;GMPS;Magnesium
ENTPD3;GUK1;Magnesium
PKM;ENTPD8;Magnesium
PKM;NME6;Magnesium
PKM;NME1-NME2;Magnesium
PKM;NME7;Magnesium
PKM;ENTPD1;Magnesium
PKM;HDDC3;Magnesium
PKM;AK9;Magnesium
PKM;PKLR;Magnesium
PKM;GUK1;Magnesium
PKM;NME1;Magnesium
PKM;RRM2;Magnesium
PKM;NME2;Magnesium
PKM;ITPA;Magnesium
PKM;AK2;Magnesium
PDE6G;PDE2A;Magnesium
PDE6G;ITPA;Magnesium
PDE6G;GMPS;Magnesium
PDE6G;APRT;Magnesium
PDE6G;GUK1;Magnesium
PDE6G;PDE5A;Magnesium
PDE6G;PDE6B;Magnesium
PDE2A;GMPS;Magnesium
PDE2A;GUK1;Magnesium
PDE2A;ITPA;Magnesium
PDE2A;PDE5A;Magnesium
NME1;AK2;Magnesium
NME1;PKLR;Magnesium
NME1;GUK1;Magnesium
NME1;HDDC3;Magnesium
NT5C2;GUK1;Magnesium
NT5C2;GMPS;Magnesium
PKLR;ENTPD1;Magnesium
PKLR;ENTPD8;Magnesium
PKLR;RRM2;Magnesium
PKLR;NME6;Magnesium
PKLR;NME2;Magnesium
PKLR;NME1-NME2;Magnesium
PKLR;NME7;Magnesium
PKLR;AK9;Magnesium
PKLR;HDDC3;Magnesium
PKLR;GUK1;Magnesium
PKLR;ITPA;Magnesium
PKLR;AK2;Magnesium
PDE5A;GMPS;Magnesium
PDE5A;ITPA;Magnesium
PDE5A;GUK1;Magnesium
PDE5A;APRT;Magnesium
PDE3A;GUK1;Magnesium
PDE3A;GMPS;Magnesium
PDE3A;ITPA;Magnesium
NT5C1B;GMPS;Magnesium
NT5C1B;GUK1;Magnesium
RRM2;AK2;Magnesium
RRM2;HDDC3;Magnesium
RRM2;GUK1;Magnesium
GUK1;PDE1A;Magnesium
GUK1;NT5C3B;Magnesium
GUK1;PDE1C;Magnesium
GUK1;NT5C3A;Magnesium
GUK1;ENTPD8;Magnesium
GUK1;ENTPD1;Magnesium
GUK1;PDE10A;Magnesium
GUK1;NT5M;Magnesium
GUK1;PDE6B;Magnesium
GUK1;NT5C1B-RDH14;Magnesium
GUK1;NME1-NME2;Magnesium
GUK1;PDE6C;Magnesium
GUK1;NME6;Magnesium
GUK1;NME7;Magnesium
GUK1;HDDC3;Magnesium
GUK1;ITPA;Magnesium
GUK1;AK9;Magnesium
GUK1;NME2;Magnesium
GUK1;APRT;Magnesium
GUK1;GMPS;Magnesium
PDE10A;GMPS;Magnesium
PDE10A;ITPA;Magnesium
NME7;AK2;Magnesium
NME7;HDDC3;Magnesium
ENTPD1;HDDC3;Magnesium
ENTPD1;GMPS;Magnesium
PDE6C;ITPA;Magnesium
PDE6C;GMPS;Magnesium
PDE6C;APRT;Magnesium
ENTPD8;HDDC3;Magnesium
ENTPD8;GMPS;Magnesium
APRT;PDE6B;Magnesium
APRT;ITPA;Magnesium
APRT;GMPS;Magnesium
ITPA;PDE6B;Magnesium
ITPA;PDE1A;Magnesium
ITPA;PDE1C;Magnesium
ITPA;GMPS;Magnesium
NT5M;GMPS;Magnesium
NME2;AK2;Magnesium
NME2;HDDC3;Magnesium
NME1-NME2;AK2;Magnesium
NME1-NME2;HDDC3;Magnesium
HDDC3;AK9;Magnesium
HDDC3;NME6;Magnesium
PDE1C;GMPS;Magnesium
NT5C3B;GMPS;Magnesium
PDE1A;GMPS;Magnesium
NME6;AK2;Magnesium
GMPS;NT5C1B-RDH14;Magnesium
GMPS;PDE6B;Magnesium
GMPS;NT5C3A;Magnesium
ATP6V1D;ATP6V0E2;Magnesium
ATP12A;ATP1B1;Magnesium
ATP6V1B1;ATP6V0E2;Magnesium
SYP;VAMP2;Magnesium
ATP6V0A1;ATP6V0E2;Magnesium
ATP6V0A4;ATP6V0E2;Magnesium
ATP6V0C;ATP6V0E2;Magnesium
CYP2C19;CYP2D6;Magnesium
CYP2C19;CYP3A4;Magnesium
CYP2D6;CYP3A4;Magnesium
ARF5;ARF1;Magnesium
NUDCD1;COPA;Magnesium
NUDCD1;COPG2;Magnesium
COPB1;TMED3;Magnesium
COPB1;DIPK2A;Magnesium
COPB1;TMED7;Magnesium
COPB1;SCYL1;Magnesium
COPB1;ARFGAP3;Magnesium
COPB1;ARFGAP2;Magnesium
COPB1;COPZ2;Magnesium
COPB1;ARF1;Magnesium
COPB1;COPG2;Magnesium
COPB1;COPZ1;Magnesium
COPB1;COPG1;Magnesium
COPB1;COPA;Magnesium
COPB1;COPE;Magnesium
COPB1;COPB2;Magnesium
COPB1;ARCN1;Magnesium
ARFGAP3;COPA;Magnesium
ARFGAP3;COPB2;Magnesium
ARCN1;DIPK2A;Magnesium
ARCN1;TMED3;Magnesium
ARCN1;TMED7;Magnesium
ARCN1;TMED10;Magnesium
ARCN1;SCYL1;Magnesium
ARCN1;COPZ2;Magnesium
ARCN1;COPG2;Magnesium
ARCN1;COPZ1;Magnesium
ARCN1;COPG1;Magnesium
ARCN1;COPE;Magnesium
ARCN1;COPB2;Magnesium
ARCN1;COPA;Magnesium
SCYL1;TMED3;Magnesium
SCYL1;COPG1;Magnesium
SCYL1;TMED7;Magnesium
SCYL1;COPZ2;Magnesium
SCYL1;COPE;Magnesium
SCYL1;DIPK2A;Magnesium
SCYL1;COPZ1;Magnesium
SCYL1;COPB2;Magnesium
SCYL1;COPA;Magnesium
SCYL1;COPG2;Magnesium
TMED3;DIPK2A;Magnesium
TMED3;COPA;Magnesium
TMED3;COPG1;Magnesium
TMED3;COPG2;Magnesium
TMED3;TMED7;Magnesium
TMED3;COPB2;Magnesium
TMED3;COPZ2;Magnesium
TMED3;COPZ1;Magnesium
TMED3;COPE;Magnesium
TMED3;TMED10;Magnesium
TMED10;TMED7;Magnesium
DIPK2A;COPE;Magnesium
DIPK2A;COPG1;Magnesium
DIPK2A;COPB2;Magnesium
DIPK2A;COPZ2;Magnesium
DIPK2A;COPA;Magnesium
DIPK2A;COPG2;Magnesium
DIPK2A;COPZ1;Magnesium
DIPK2A;TMED7;Magnesium
COPG1;TMED7;Magnesium
COPG1;COPG2;Magnesium
COPG1;COPZ2;Magnesium
COPG1;COPE;Magnesium
COPG1;COPA;Magnesium
COPG1;COPZ1;Magnesium
COPG1;COPB2;Magnesium
COPB2;TMED7;Magnesium
COPB2;ARFGAP2;Magnesium
COPB2;COPZ2;Magnesium
COPB2;COPA;Magnesium
COPB2;COPE;Magnesium
COPB2;COPZ1;Magnesium
COPB2;COPG2;Magnesium
COPA;TMED7;Magnesium
COPA;ARFGAP2;Magnesium
COPA;COPZ2;Magnesium
COPA;COPG2;Magnesium
COPA;COPE;Magnesium
COPA;COPZ1;Magnesium
GBF1;ARF1;Magnesium
SEC31A;TMED7;Magnesium
COPG2;TMED7;Magnesium
COPG2;COPZ2;Magnesium
COPG2;COPE;Magnesium
COPG2;COPZ1;Magnesium
TMED7;COPE;Magnesium
TMED7;COPZ2;Magnesium
TMED7;COPZ1;Magnesium
COPZ1;COPZ2;Magnesium
COPZ1;COPE;Magnesium
COPE;COPZ2;Magnesium
MAPK13;MAX;Magnesium
MAPK13;NEFM;Magnesium
MAPK13;NEFL;Magnesium
MAPK13;RAPGEF3;Magnesium
MAPK13;NEFH;Magnesium
MAPK13;PRKG2;Magnesium
MAPK13;CARM1;Magnesium
MAPK13;RAPGEF4;Magnesium
MAPK13;PTK2;Magnesium
MAPK13;PRKG1;Magnesium
MAPK13;RPS6KA4;Magnesium
MAPK13;DLG1;Magnesium
MAPK13;ZAP70;Magnesium
MAPK13;MED1;Magnesium
MAPK13;MAP2K7;Magnesium
MAPK13;PPARGC1A;Magnesium
MAPK13;DDIT3;Magnesium
MAPK13;MAP3K5;Magnesium
MAPK13;CDC25C;Magnesium
MAPK13;CDC25B;Magnesium
MAPK13;MAP2K4;Magnesium
MAPK13;MAPKAPK5;Magnesium
MAPK13;CDC42;Magnesium
MAPK13;HSPB2;Magnesium
MAPK13;MAPKAPK3;Magnesium
MAPK12;MAX;Magnesium
MAPK12;NEFM;Magnesium
MAPK12;RAPGEF4;Magnesium
MAPK12;NEFH;Magnesium
MAPK12;NEFL;Magnesium
MAPK12;RAPGEF3;Magnesium
MAPK12;PRKG2;Magnesium
MAPK12;PTK2;Magnesium
MAPK12;RPS6KA4;Magnesium
MAPK12;PRKG1;Magnesium
MAPK12;ZAP70;Magnesium
MAPK12;CARM1;Magnesium
MAPK12;MED1;Magnesium
MAPK12;DDIT3;Magnesium
MAPK12;MAP3K5;Magnesium
MAPK12;MAP2K4;Magnesium
MAPK12;CDC25B;Magnesium
MAPK12;PPARGC1A;Magnesium
MAPK12;CDC25C;Magnesium
MAPK12;MAP2K7;Magnesium
MAPK12;CDC42;Magnesium
MAPK12;HSPB2;Magnesium
MAPK12;MAPKAPK5;Magnesium
MAPK12;MAPKAPK3;Magnesium
MAPK12;PTPN3;Magnesium
MAPK12;DLG1;Magnesium
TAB1;MAP2K4;Magnesium
TAB1;MAP2K6;Magnesium
TAB1;MAP2K3;Magnesium
NEFM;MAPK11;Magnesium
NEFM;NEFL;Magnesium
DUSP3;MAPK9;Magnesium
DUSP1;MAPK9;Magnesium
DUSP4;MAPK9;Magnesium
FOSB;MAPK9;Magnesium
FOSB;MAPK8;Magnesium
FOSB;FOSL1;Magnesium
FOSB;FOSL2;Magnesium
FOSB;JUN;Magnesium
FOSB;JUNB;Magnesium
FOSB;JUND;Magnesium
FOSB;FOS;Magnesium
CDC25B;MAPK11;Magnesium
JUND;ATF2;Magnesium
JUND;MAPK9;Magnesium
JUND;MAPK8;Magnesium
JUND;JUNB;Magnesium
JUND;JUN;Magnesium
JUND;FOS;Magnesium
JUND;FOSL2;Magnesium
MAP2K2;MAPK9;Magnesium
ATF2;FOSL2;Magnesium
ATF2;PPARGC1A;Magnesium
ATF2;JUNB;Magnesium
ATF2;MAPK9;Magnesium
PRKG2;PRKG1;Magnesium
PRKG2;MAPK11;Magnesium
FOSL2;MAPK9;Magnesium
FOSL2;MAPK8;Magnesium
FOSL2;FOS;Magnesium
FOSL2;FOSL1;Magnesium
FOSL2;JUNB;Magnesium
FOSL2;JUN;Magnesium
PPARGC1A;MEF2D;Magnesium
PPARGC1A;MAPK11;Magnesium
PPARGC1A;MEF2C;Magnesium
ZAP70;MAPK11;Magnesium
ZAP70;DLG1;Magnesium
TP53;PTK2;Magnesium
MEF2D;MEF2B;Magnesium
MEF2D;MEF2A;Magnesium
PTPRR;MAPK9;Magnesium
DUSP2;MAPK9;Magnesium
DUSP16;MAPK9;Magnesium
MED1;JUN;Magnesium
MED1;FOS;Magnesium
MED1;SRC;Magnesium
MED1;MAPK11;Magnesium
MED1;SP1;Magnesium
MED1;CARM1;Magnesium
MED1;MAPK9;Magnesium
MED1;MAPK8;Magnesium
MED1;NCOA3;Magnesium
MED1;ESR2;Magnesium
MED1;ESR1;Magnesium
HSPB2;MAPK11;Magnesium
MAP2K1;MAP2K4;Magnesium
MAP2K1;MAPK9;Magnesium
JUNB;MAPK8;Magnesium
JUNB;MAPK9;Magnesium
JUNB;JUN;Magnesium
JUNB;FOSL1;Magnesium
JUNB;FOS;Magnesium
CEBPB;DDIT3;Magnesium
FOS;DDIT3;Magnesium
FOS;CARM1;Magnesium
FOS;NCOA3;Magnesium
FOS;MAPK9;Magnesium
FOS;FOSL1;Magnesium
PTPN7;MAPK9;Magnesium
FOSL1;MAPK9;Magnesium
FOSL1;MAPK8;Magnesium
FOSL1;JUN;Magnesium
NEFH;MAPK11;Magnesium
CDC25C;MAPK11;Magnesium
CARM1;MAPK9;Magnesium
CARM1;MAPK11;Magnesium
CARM1;MAPK8;Magnesium
CARM1;ESR2;Magnesium
CARM1;SP1;Magnesium
CARM1;JUN;Magnesium
CARM1;SRC;Magnesium
CARM1;ESR1;Magnesium
CARM1;NCOA3;Magnesium
SP1;MAPK9;Magnesium
SP1;NCOA3;Magnesium
MAPK11;MAX;Magnesium
MAPK11;NEFL;Magnesium
MAPK11;PTK2;Magnesium
MAPK11;RAPGEF4;Magnesium
MAPK11;PRKG1;Magnesium
MAPK11;DLG1;Magnesium
MAPK11;RAPGEF3;Magnesium
MAPK11;MAP2K7;Magnesium
MAPK11;MAP3K5;Magnesium
MAPK11;DDIT3;Magnesium
MAPK11;MAP2K4;Magnesium
MAPK11;RPS6KA4;Magnesium
MAPK11;CDC42;Magnesium
MAPK11;MAPKAPK5;Magnesium
MAPK11;MAPKAPK3;Magnesium
RPS6KA4;RPS6KA5;Magnesium
FOXO3;MAPKAPK5;Magnesium
FOXO3;MAPK9;Magnesium
MEF2C;PTK2;Magnesium
MEF2C;MEF2A;Magnesium
PTK2;SRC;Magnesium
ESR2;MAPK9;Magnesium
ESR2;NCOA3;Magnesium
MAP2K3;MAP2K4;Magnesium
MAP2K3;MAPK9;Magnesium
MAP2K3;MAP3K5;Magnesium
DLG1;SCRIB;Magnesium
DUSP9;MAPK9;Magnesium
PTPN5;MAPK9;Magnesium
MAP3K5;AKT3;Magnesium
MAP3K5;MAPK9;Magnesium
MAP3K5;CDC42;Magnesium
MAP3K5;AKT2;Magnesium
MAP3K5;MAP2K7;Magnesium
MAP3K5;MAPK8;Magnesium
MAP3K5;AKT1;Magnesium
MAP3K5;MAP2K6;Magnesium
MAP3K5;MAP2K4;Magnesium
DUSP10;MAPK9;Magnesium
MAPKAPK2;MAPKAPK3;Magnesium
MAP3K7;MAPK9;Magnesium
MAP3K7;MAP2K4;Magnesium
DUSP5;MAPK9;Magnesium
JUN;NCOA3;Magnesium
JUN;MAPK9;Magnesium
CARD9;MAPK9;Magnesium
FOXO4;MAPK9;Magnesium
ELK1;MAPK9;Magnesium
FOXO1;MAPKAPK5;Magnesium
FOXO1;MAPK9;Magnesium
AKT2;MAP2K4;Magnesium
MAPK8;RAPGEF4;Magnesium
MAPK8;RAPGEF3;Magnesium
MAPK8;CDC42;Magnesium
MAPK8;MAP2K7;Magnesium
MAPK8;MAP2K4;Magnesium
RAPGEF4;MAPK9;Magnesium
DUSP8;MAPK9;Magnesium
MAP2K7;MAP2K4;Magnesium
MAP2K7;MAPK9;Magnesium
MAPK9;RAPGEF3;Magnesium
MAPK9;DUSP7;Magnesium
MAPK9;MALT1;Magnesium
MAPK9;MAP2K6;Magnesium
MAPK9;BCL10;Magnesium
MAPK9;CDC42;Magnesium
MAPK9;MAP2K4;Magnesium
MEF2B;MEF2A;Magnesium
MAP2K4;AKT3;Magnesium
MAP2K4;MAP2K6;Magnesium
MAP2K4;AKT1;Magnesium
CDK13;MNAT1;Magnesium
CDK13;CDK7;Magnesium
CDK13;CDK9;Magnesium
CDK13;POLR2A;Magnesium
CDK13;CCNH;Magnesium
CDK13;CDK12;Magnesium
CDK13;CCNT2;Magnesium
CDK13;CCNT1;Magnesium
CDK13;CCNK;Magnesium
SNRPD3;HNRNPU;Magnesium
SNRPD3;CPSF3;Magnesium
SNRPD3;HTATSF1;Magnesium
SNRPD3;NCBP2;Magnesium
SNRPD3;XAB2;Magnesium
RBX1;PAF1;Magnesium
RBX1;CDC73;Magnesium
RBX1;SUPT6H;Magnesium
RBX1;LEO1;Magnesium
RBX1;CTR9;Magnesium
RBX1;WDR61;Magnesium
RBX1;UVSSA;Magnesium
RBX1;POLR2C;Magnesium
RBX1;POLR2E;Magnesium
RBX1;POLR2I;Magnesium
RBX1;POLR2K;Magnesium
RBX1;POLR2J;Magnesium
RBX1;POLR2D;Magnesium
RBX1;POLR2H;Magnesium
RBX1;ERCC6;Magnesium
RBX1;POLR2L;Magnesium
RBX1;POLR2G;Magnesium
RBX1;POLR2B;Magnesium
RBX1;POLR2F;Magnesium
RBX1;ERCC8;Magnesium
RBX1;CUL4A;Magnesium
RBX1;DDB1;Magnesium
RBX1;VHL;Magnesium
RBX1;ELOC;Magnesium
SUPT16H;H2AC8;Magnesium
SUPT16H;POLR1C;Magnesium
SUPT16H;TNKS1BP1;Magnesium
SUPT16H;ELOF1;Magnesium
SUPT16H;H2AX;Magnesium
SUPT16H;POLR2F;Magnesium
SUPT16H;POLR2H;Magnesium
SUPT16H;POLR2L;Magnesium
SUPT16H;H2AC6;Magnesium
SUPT16H;POLR2I;Magnesium
SUPT16H;H4C1;Magnesium
SUPT16H;IWS1;Magnesium
SUPT16H;H4C15;Magnesium
SUPT16H;H4C4;Magnesium
SUPT16H;H4C14;Magnesium
SUPT16H;H4-16;Magnesium
SUPT16H;H4C11;Magnesium
SUPT16H;H4C8;Magnesium
SUPT16H;H4C5;Magnesium
SUPT16H;H4C3;Magnesium
SUPT16H;H4C12;Magnesium
SUPT16H;H4C13;Magnesium
SUPT16H;H4C9;Magnesium
SUPT16H;H4C2;Magnesium
SUPT16H;POLR2K;Magnesium
SUPT16H;POLR2G;Magnesium
SUPT16H;POLR2E;Magnesium
SUPT16H;POLR2D;Magnesium
SUPT16H;POLR2B;Magnesium
SUPT16H;SUPT4H1;Magnesium
SUPT16H;PAF1;Magnesium
SUPT16H;POLR2C;Magnesium
SUPT16H;CDC73;Magnesium
SUPT16H;LEO1;Magnesium
SUPT16H;CTR9;Magnesium
SUPT16H;SUPT6H;Magnesium
SUPT16H;SUPT5H;Magnesium
POLR2C;WWP2;Magnesium
POLR2C;INTS7;Magnesium
POLR2C;INTS8;Magnesium
POLR2C;INTS4;Magnesium
POLR2C;INTS11;Magnesium
POLR2C;UVSSA;Magnesium
POLR2C;INTS9;Magnesium
POLR2C;INTS2;Magnesium
POLR2C;MED25;Magnesium
POLR2C;INTS1;Magnesium
POLR2C;PPP2R1A;Magnesium
POLR2C;WDR61;Magnesium
POLR2C;MED16;Magnesium
POLR2C;TNKS1BP1;Magnesium
POLR2C;PIH1D1;Magnesium
POLR2C;MED23;Magnesium
POLR2C;PPP2CA;Magnesium
POLR2C;H2AC13;Magnesium
POLR2C;H2AC15;Magnesium
POLR2C;H2AC4;Magnesium
POLR2C;H2AC17;Magnesium
POLR2C;H2AC11;Magnesium
POLR2C;H2AC16;Magnesium
POLR2C;MED24;Magnesium
POLR2C;MED15;Magnesium
POLR2C;H3C15;Magnesium
POLR2C;H3C14;Magnesium
POLR2C;H4C9;Magnesium
POLR2C;H4-16;Magnesium
POLR2C;H4C5;Magnesium
POLR2C;H4C8;Magnesium
POLR2C;H4C11;Magnesium
POLR2C;H4C12;Magnesium
POLR2C;H4C13;Magnesium
POLR2C;H4C1;Magnesium
POLR2C;H4C14;Magnesium
POLR2C;H4C3;Magnesium
POLR2C;H4C15;Magnesium
POLR2C;H4C4;Magnesium
POLR2C;H4C2;Magnesium
POLR2C;MED30;Magnesium
POLR2C;ERCC8;Magnesium
POLR2C;GTF2H5;Magnesium
POLR2C;IWS1;Magnesium
POLR2C;DDB1;Magnesium
POLR2C;MED4;Magnesium
POLR2C;MED27;Magnesium
POLR2C;CUL4A;Magnesium
POLR2C;TAF8;Magnesium
POLR2C;TAF3;Magnesium
POLR2C;TAF4;Magnesium
POLR2C;MED29;Magnesium
POLR2C;TAF1;Magnesium
POLR2C;TAF6;Magnesium
POLR2C;TCEA2;Magnesium
POLR2C;TCEA3;Magnesium
POLR2C;TAF10;Magnesium
POLR2C;TAF9;Magnesium
POLR2C;TAF11;Magnesium
POLR2C;RPRD1B;Magnesium
POLR2C;H2AC8;Magnesium
POLR2C;TAF7;Magnesium
POLR2C;H2AC6;Magnesium
POLR2C;H2BC11;Magnesium
POLR2C;NELFCD;Magnesium
POLR2C;TAF12;Magnesium
POLR2C;MED11;Magnesium
POLR2C;CCNH;Magnesium
POLR2C;MED28;Magnesium
POLR2C;SETD2;Magnesium
POLR2C;SSRP1;Magnesium
POLR2C;TAF13;Magnesium
POLR2C;TAF5;Magnesium
POLR2C;H2AZ1;Magnesium
POLR2C;POLR3B;Magnesium
POLR2C;ELOF1;Magnesium
POLR2C;GPN3;Magnesium
POLR2C;CDK7;Magnesium
POLR2C;MED9;Magnesium
POLR2C;TAF2;Magnesium
POLR2C;NELFB;Magnesium
POLR2C;GPN1;Magnesium
POLR2C;GTF2A1;Magnesium
POLR2C;MED8;Magnesium
POLR2C;NELFA;Magnesium
POLR2C;MED19;Magnesium
POLR2C;H3C13;Magnesium
POLR2C;CTDP1;Magnesium
POLR2C;GTF2H2;Magnesium
POLR2C;H4C6;Magnesium
POLR2C;MED20;Magnesium
POLR2C;GTF2A2;Magnesium
POLR2C;CDC73;Magnesium
POLR2C;LEO1;Magnesium
POLR2C;GTF2H4;Magnesium
POLR2C;MED1;Magnesium
POLR2C;PAF1;Magnesium
POLR2C;GTF2H3;Magnesium
POLR2C;MED22;Magnesium
POLR2C;MNAT1;Magnesium
POLR2C;POLR2J2;Magnesium
POLR2C;ERCC6;Magnesium
POLR2C;ERCC3;Magnesium
POLR2C;MED26;Magnesium
POLR2C;POLR2J3;Magnesium
POLR2C;POLR2M;Magnesium
POLR2C;ERCC2;Magnesium
POLR2C;CTR9;Magnesium
POLR2C;TBP;Magnesium
POLR2C;RTF1;Magnesium
POLR2C;GTF2H1;Magnesium
POLR2C;MED18;Magnesium
POLR2C;RPAP2;Magnesium
POLR2C;GTF2E1;Magnesium
POLR2C;GTF2E2;Magnesium
POLR2C;SUPT6H;Magnesium
POLR2C;TCEA1;Magnesium
POLR2C;MED10;Magnesium
POLR2C;INTS3;Magnesium
POLR2C;MED7;Magnesium
POLR2C;MED21;Magnesium
POLR2C;MED31;Magnesium
POLR2C;MED6;Magnesium
POLR2C;GTF2F1;Magnesium
POLR2C;MED17;Magnesium
POLR2C;MED14;Magnesium
POLR2C;GTF2F2;Magnesium
POLR2C;GTF2B;Magnesium
POLR2C;INTS6;Magnesium
POLR2C;INTS5;Magnesium
POLR2C;SUPT4H1;Magnesium
POLR2C;POLR2B;Magnesium
POLR2C;POLR2L;Magnesium
POLR2C;POLR2K;Magnesium
POLR2C;POLR2E;Magnesium
POLR2C;POLR2D;Magnesium
POLR2C;POLR2H;Magnesium
POLR2C;SUPT5H;Magnesium
POLR2C;POLR2F;Magnesium
POLR2C;POLR2A;Magnesium
POLR2C;POLR2J;Magnesium
POLR2C;POLR2G;Magnesium
POLR2C;POLR2I;Magnesium
AGO2;NCBP2;Magnesium
AGO2;IPO8;Magnesium
AGO2;DDX6;Magnesium
PAF1;UVSSA;Magnesium
PAF1;ERCC8;Magnesium
PAF1;CUL4A;Magnesium
PAF1;DDB1;Magnesium
PAF1;H2AC15;Magnesium
PAF1;H2AC8;Magnesium
PAF1;H2AC13;Magnesium
PAF1;H2AC11;Magnesium
PAF1;H2AC16;Magnesium
PAF1;H2AC6;Magnesium
PAF1;H2AC4;Magnesium
PAF1;H2AC17;Magnesium
PAF1;H4C11;Magnesium
PAF1;H4C2;Magnesium
PAF1;H4C9;Magnesium
PAF1;H4C14;Magnesium
PAF1;H4C4;Magnesium
PAF1;H4C15;Magnesium
PAF1;H4C3;Magnesium
PAF1;H4C13;Magnesium
PAF1;H4C12;Magnesium
PAF1;H4C1;Magnesium
PAF1;H4C5;Magnesium
PAF1;H4C8;Magnesium
PAF1;TNKS1BP1;Magnesium
PAF1;H3C15;Magnesium
PAF1;H3C14;Magnesium
PAF1;POLR2J;Magnesium
PAF1;H3C13;Magnesium
PAF1;POLR2K;Magnesium
PAF1;POLR2H;Magnesium
PAF1;ELOC;Magnesium
PAF1;NELFCD;Magnesium
PAF1;NELFA;Magnesium
PAF1;NELFE;Magnesium
PAF1;NELFB;Magnesium
PAF1;H4-16;Magnesium
PAF1;POLR2I;Magnesium
PAF1;ELL;Magnesium
PAF1;EAF1;Magnesium
PAF1;POLR2E;Magnesium
PAF1;POLR2D;Magnesium
PAF1;CCNT2;Magnesium
PAF1;ELOA;Magnesium
PAF1;H4C6;Magnesium
PAF1;TCEA1;Magnesium
PAF1;POLR2F;Magnesium
PAF1;TCEA2;Magnesium
PAF1;POLR2G;Magnesium
PAF1;CCNT1;Magnesium
PAF1;POLR2L;Magnesium
PAF1;MLLT1;Magnesium
PAF1;H2BC11;Magnesium
PAF1;POLR2B;Magnesium
PAF1;CDK9;Magnesium
PAF1;SUPT6H;Magnesium
PAF1;ERCC6;Magnesium
PAF1;SSRP1;Magnesium
PAF1;SUPT4H1;Magnesium
PAF1;POLR2A;Magnesium
PAF1;WDR61;Magnesium
PAF1;CDC73;Magnesium
PAF1;SUPT5H;Magnesium
PAF1;CTR9;Magnesium
PAF1;RTF1;Magnesium
PAF1;LEO1;Magnesium
POLR2I;TNKS1BP1;Magnesium
POLR2I;INTS2;Magnesium
POLR2I;INTS7;Magnesium
POLR2I;PPP2R1A;Magnesium
POLR2I;INTS6;Magnesium
POLR2I;INTS4;Magnesium
POLR2I;INTS1;Magnesium
POLR2I;INTS5;Magnesium
POLR2I;PPP2CA;Magnesium
POLR2I;MED25;Magnesium
POLR2I;MED16;Magnesium
POLR2I;MED23;Magnesium
POLR2I;UVSSA;Magnesium
POLR2I;WDR61;Magnesium
POLR2I;MED28;Magnesium
POLR2I;MED24;Magnesium
POLR2I;PIH1D1;Magnesium
POLR2I;MED15;Magnesium
POLR2I;MED20;Magnesium
POLR2I;MED27;Magnesium
POLR2I;MED1;Magnesium
POLR2I;H2AC11;Magnesium
POLR2I;H2AC16;Magnesium
POLR2I;H2AC15;Magnesium
POLR2I;H2AC4;Magnesium
POLR2I;H3C15;Magnesium
POLR2I;H3C14;Magnesium
POLR2I;MED9;Magnesium
POLR2I;MED8;Magnesium
POLR2I;H2AC13;Magnesium
POLR2I;H2AC17;Magnesium
POLR2I;GPN3;Magnesium
POLR2I;H4C12;Magnesium
POLR2I;H4C1;Magnesium
POLR2I;H4C14;Magnesium
POLR2I;H4C4;Magnesium
POLR2I;H4C15;Magnesium
POLR2I;H4C9;Magnesium
POLR2I;H4-16;Magnesium
POLR2I;H4C5;Magnesium
POLR2I;H4C8;Magnesium
POLR2I;H4C13;Magnesium
POLR2I;H4C2;Magnesium
POLR2I;H4C11;Magnesium
POLR2I;H4C3;Magnesium
POLR2I;MED11;Magnesium
POLR2I;INTS9;Magnesium
POLR2I;INTS8;Magnesium
POLR2I;INTS11;Magnesium
POLR2I;MED30;Magnesium
POLR2I;MED4;Magnesium
POLR2I;SSRP1;Magnesium
POLR2I;POLR1B;Magnesium
POLR2I;CUL4A;Magnesium
POLR2I;TAF13;Magnesium
POLR2I;EAF1;Magnesium
POLR2I;TAF3;Magnesium
POLR2I;TAF5;Magnesium
POLR2I;TAF7;Magnesium
POLR2I;NELFCD;Magnesium
POLR2I;TAF1;Magnesium
POLR2I;DDB1;Magnesium
POLR2I;TAF6;Magnesium
POLR2I;TAF11;Magnesium
POLR2I;TAF8;Magnesium
POLR2I;TAF9;Magnesium
POLR2I;CDK7;Magnesium
POLR2I;TAF4;Magnesium
POLR2I;TAF2;Magnesium
POLR2I;CTR9;Magnesium
POLR2I;RPRD1B;Magnesium
POLR2I;ERCC8;Magnesium
POLR2I;H2BC11;Magnesium
POLR2I;TAF12;Magnesium
POLR2I;MED29;Magnesium
POLR2I;TAF10;Magnesium
POLR2I;H2AC8;Magnesium
POLR2I;GTF2H5;Magnesium
POLR2I;H2AZ1;Magnesium
POLR2I;SUPT6H;Magnesium
POLR2I;CCNH;Magnesium
POLR2I;H2AC6;Magnesium
POLR2I;MED19;Magnesium
POLR2I;LEO1;Magnesium
POLR2I;RTF1;Magnesium
POLR2I;CDC73;Magnesium
POLR2I;H3C13;Magnesium
POLR2I;NELFA;Magnesium
POLR2I;GTF2A1;Magnesium
POLR2I;NELFB;Magnesium
POLR2I;MED18;Magnesium
POLR2I;POLR2J3;Magnesium
POLR2I;MED22;Magnesium
POLR2I;POLR2J2;Magnesium
POLR2I;GTF2H2;Magnesium
POLR2I;H4C6;Magnesium
POLR2I;MED10;Magnesium
POLR2I;TCEA3;Magnesium
POLR2I;POLR2M;Magnesium
POLR2I;TCEA2;Magnesium
POLR2I;GTF2A2;Magnesium
POLR2I;GTF2H4;Magnesium
POLR2I;GTF2H3;Magnesium
POLR2I;GTF2H1;Magnesium
POLR2I;MNAT1;Magnesium
POLR2I;MED26;Magnesium
POLR2I;ERCC3;Magnesium
POLR2I;ERCC2;Magnesium
POLR2I;GTF2E2;Magnesium
POLR2I;TBP;Magnesium
POLR2I;RPAP2;Magnesium
POLR2I;MED17;Magnesium
POLR2I;GTF2E1;Magnesium
POLR2I;MED7;Magnesium
POLR2I;MED6;Magnesium
POLR2I;MED14;Magnesium
POLR2I;MED31;Magnesium
POLR2I;MED21;Magnesium
POLR2I;ERCC6;Magnesium
POLR2I;GTF2B;Magnesium
POLR2I;TCEA1;Magnesium
POLR2I;SUPT4H1;Magnesium
POLR2I;GTF2F2;Magnesium
POLR2I;SUPT5H;Magnesium
POLR2I;POLR2G;Magnesium
POLR2I;GTF2F1;Magnesium
POLR2I;POLR2K;Magnesium
POLR2I;POLR2E;Magnesium
POLR2I;POLR2L;Magnesium
POLR2I;POLR2B;Magnesium
POLR2I;POLR2D;Magnesium
POLR2I;POLR2H;Magnesium
POLR2I;POLR2J;Magnesium
POLR2I;POLR2A;Magnesium
POLR2I;POLR2F;Magnesium
SETX;SCAF4;Magnesium
SETX;POLR2A;Magnesium
SETX;SCAF8;Magnesium
SETX;BRCA1;Magnesium
SUPT4H1;POLR2J2;Magnesium
SUPT4H1;POLR2J3;Magnesium
SUPT4H1;POLR3B;Magnesium
SUPT4H1;TNKS1BP1;Magnesium
SUPT4H1;H2AC15;Magnesium
SUPT4H1;H2AC4;Magnesium
SUPT4H1;H2AC17;Magnesium
SUPT4H1;H2AC11;Magnesium
SUPT4H1;H2AC16;Magnesium
SUPT4H1;H2AC13;Magnesium
SUPT4H1;H2AC8;Magnesium
SUPT4H1;H2AC6;Magnesium
SUPT4H1;POLR1B;Magnesium
SUPT4H1;H3C15;Magnesium
SUPT4H1;H3C14;Magnesium
SUPT4H1;H2BC11;Magnesium
SUPT4H1;H4C2;Magnesium
SUPT4H1;H4C9;Magnesium
SUPT4H1;H4-16;Magnesium
SUPT4H1;H4C5;Magnesium
SUPT4H1;H4C11;Magnesium
SUPT4H1;H4C12;Magnesium
SUPT4H1;H4C13;Magnesium
SUPT4H1;H4C1;Magnesium
SUPT4H1;H4C15;Magnesium
SUPT4H1;H4C4;Magnesium
SUPT4H1;H4C3;Magnesium
SUPT4H1;H4C14;Magnesium
SUPT4H1;H4C8;Magnesium
SUPT4H1;H4C6;Magnesium
SUPT4H1;POLR1C;Magnesium
SUPT4H1;ELOC;Magnesium
SUPT4H1;H3C13;Magnesium
SUPT4H1;ELOA;Magnesium
SUPT4H1;IWS1;Magnesium
SUPT4H1;MLLT1;Magnesium
SUPT4H1;EAF1;Magnesium
SUPT4H1;ELL;Magnesium
SUPT4H1;CCNT2;Magnesium
SUPT4H1;ELOF1;Magnesium
SUPT4H1;SSRP1;Magnesium
SUPT4H1;CCNT1;Magnesium
SUPT4H1;ERCC6;Magnesium
SUPT4H1;CDK9;Magnesium
SUPT4H1;WDR61;Magnesium
SUPT4H1;POLR2J;Magnesium
SUPT4H1;TCEA2;Magnesium
SUPT4H1;NELFA;Magnesium
SUPT4H1;TCEA1;Magnesium
SUPT4H1;POLR2L;Magnesium
SUPT4H1;POLR2H;Magnesium
SUPT4H1;POLR2K;Magnesium
SUPT4H1;CTR9;Magnesium
SUPT4H1;CDC73;Magnesium
SUPT4H1;NELFCD;Magnesium
SUPT4H1;NELFB;Magnesium
SUPT4H1;POLR2E;Magnesium
SUPT4H1;NELFE;Magnesium
SUPT4H1;POLR2F;Magnesium
SUPT4H1;LEO1;Magnesium
SUPT4H1;RTF1;Magnesium
SUPT4H1;POLR2G;Magnesium
SUPT4H1;SUPT6H;Magnesium
SUPT4H1;POLR2B;Magnesium
SUPT4H1;POLR2D;Magnesium
SUPT4H1;SUPT5H;Magnesium
SUPT4H1;POLR2A;Magnesium
MED31;POLR2J3;Magnesium
MED31;POLR2J2;Magnesium
MED31;TAF6;Magnesium
MED31;H2BC11;Magnesium
MED31;POLR1C;Magnesium
MED31;TAF7;Magnesium
MED31;TAF3;Magnesium
MED31;TAF13;Magnesium
MED31;H4C11;Magnesium
MED31;H4C15;Magnesium
MED31;H4C8;Magnesium
MED31;H4C14;Magnesium
MED31;H4C5;Magnesium
MED31;H4C1;Magnesium
MED31;H4-16;Magnesium
MED31;H4C12;Magnesium
MED31;H4C2;Magnesium
MED31;H4C3;Magnesium
MED31;TAF5;Magnesium
MED31;H4C9;Magnesium
MED31;H4C13;Magnesium
MED31;H4C4;Magnesium
MED31;TAF10;Magnesium
MED31;TAF9;Magnesium
MED31;H4C6;Magnesium
MED31;TAF4;Magnesium
MED31;H3C14;Magnesium
MED31;H3C15;Magnesium
MED31;GTF2H1;Magnesium
MED31;TAF1;Magnesium
MED31;GTF2H5;Magnesium
MED31;H2AZ1;Magnesium
MED31;H3C13;Magnesium
MED31;TAF8;Magnesium
MED31;TAF12;Magnesium
MED31;TAF2;Magnesium
MED31;TAF11;Magnesium
MED31;CDK7;Magnesium
MED31;CCNH;Magnesium
MED31;GTF2H2;Magnesium
MED31;GTF2A1;Magnesium
MED31;GTF2E1;Magnesium
MED31;GTF2H4;Magnesium
MED31;ERCC3;Magnesium
MED31;ERCC2;Magnesium
MED31;GTF2A2;Magnesium
MED31;GTF2H3;Magnesium
MED31;GTF2F2;Magnesium
MED31;TBP;Magnesium
MED31;GTF2E2;Magnesium
MED31;GTF2F1;Magnesium
MED31;MNAT1;Magnesium
MED31;POLR2J;Magnesium
MED31;GTF2B;Magnesium
MED31;MED25;Magnesium
MED31;POLR2F;Magnesium
MED31;POLR2L;Magnesium
MED31;CCNC;Magnesium
MED31;POLR2H;Magnesium
MED31;POLR2K;Magnesium
MED31;CDK19;Magnesium
MED31;CDK8;Magnesium
MED31;POLR2B;Magnesium
MED31;POLR2G;Magnesium
MED31;POLR2E;Magnesium
MED31;POLR2D;Magnesium
MED31;POLR2A;Magnesium
MED31;MED24;Magnesium
MED31;MED30;Magnesium
MED31;MED11;Magnesium
MED31;MED16;Magnesium
MED31;MED1;Magnesium
MED31;MED23;Magnesium
MED31;MED8;Magnesium
MED31;MED29;Magnesium
MED31;MED15;Magnesium
MED31;MED20;Magnesium
MED31;MED9;Magnesium
MED31;MED27;Magnesium
MED31;MED19;Magnesium
MED31;MED4;Magnesium
MED31;MED10;Magnesium
MED31;MED14;Magnesium
MED31;MED26;Magnesium
MED31;MED7;Magnesium
MED31;MED28;Magnesium
MED31;MED6;Magnesium
MED31;MED18;Magnesium
MED31;MED17;Magnesium
MED31;MED22;Magnesium
MED31;MED21;Magnesium
DDX5;HTATSF1;Magnesium
DDX5;DHX9;Magnesium
POLR3B;URI1;Magnesium
POLR3B;ELOF1;Magnesium
POLR3B;MED7;Magnesium
POLR3B;GPN1;Magnesium
POLR3B;PIH1D1;Magnesium
POLR3B;UXT;Magnesium
POLR3B;GTF2E1;Magnesium
POLR3B;POLR2G;Magnesium
POLR3B;GPN3;Magnesium
POLR3B;POLR2D;Magnesium
POLR3B;POLR2K;Magnesium
POLR3B;POLR2E;Magnesium
POLR3B;POLR2L;Magnesium
POLR3B;POLR1C;Magnesium
POLR3B;POLR2H;Magnesium
POLR3B;POLR2F;Magnesium
POLR3B;POLR3K;Magnesium
CNOT2;CCNK;Magnesium
CNOT2;POLR2A;Magnesium
CNOT2;TNKS1BP1;Magnesium
CNOT2;CNOT3;Magnesium
CNOT2;CNOT8;Magnesium
CNOT2;CNOT7;Magnesium
TBP;H4C11;Magnesium
TBP;H4C8;Magnesium
TBP;H4C5;Magnesium
TBP;H4-16;Magnesium
TBP;H4C2;Magnesium
TBP;H4C9;Magnesium
TBP;H4C4;Magnesium
TBP;H4C3;Magnesium
TBP;H4C14;Magnesium
TBP;H4C1;Magnesium
TBP;H4C12;Magnesium
TBP;H4C13;Magnesium
TBP;MED30;Magnesium
TBP;H4C15;Magnesium
TBP;MED28;Magnesium
TBP;MED9;Magnesium
TBP;MED25;Magnesium
TBP;H3C15;Magnesium
TBP;H3C14;Magnesium
TBP;MED4;Magnesium
TBP;MED16;Magnesium
TBP;MED29;Magnesium
TBP;MED19;Magnesium
TBP;MED11;Magnesium
TBP;MED22;Magnesium
TBP;MED15;Magnesium
TBP;MED24;Magnesium
TBP;TBPL2;Magnesium
TBP;H2BC11;Magnesium
TBP;MED21;Magnesium
TBP;MED20;Magnesium
TBP;MED18;Magnesium
TBP;MED27;Magnesium
TBP;MED23;Magnesium
TBP;MED8;Magnesium
TBP;MED10;Magnesium
TBP;H2AZ1;Magnesium
TBP;MED1;Magnesium
TBP;CCNH;Magnesium
TBP;POLR2J;Magnesium
TBP;MED17;Magnesium
TBP;MED6;Magnesium
TBP;H4C6;Magnesium
TBP;MED7;Magnesium
TBP;MED14;Magnesium
TBP;POLR2F;Magnesium
TBP;POLR2K;Magnesium
TBP;POLR2L;Magnesium
TBP;MNAT1;Magnesium
TBP;POLR2G;Magnesium
TBP;POLR2H;Magnesium
TBP;H3C13;Magnesium
TBP;POLR2B;Magnesium
TBP;CDK7;Magnesium
TBP;MED26;Magnesium
TBP;TAF1L;Magnesium
TBP;POLR2D;Magnesium
TBP;GTF2H1;Magnesium
TBP;GTF2H5;Magnesium
TBP;GTF2H2;Magnesium
TBP;POLR2E;Magnesium
TBP;ERCC2;Magnesium
TBP;TCEA1;Magnesium
TBP;GTF2H3;Magnesium
TBP;GTF2H4;Magnesium
TBP;ERCC3;Magnesium
TBP;GTF2E2;Magnesium
TBP;POLR2A;Magnesium
TBP;TAF9;Magnesium
TBP;TAF8;Magnesium
TBP;TAF6;Magnesium
TBP;GTF2A1;Magnesium
TBP;TAF3;Magnesium
TBP;TAF7;Magnesium
TBP;GTF2E1;Magnesium
TBP;GTF2F2;Magnesium
TBP;TAF2;Magnesium
TBP;GTF2A2;Magnesium
TBP;TAF4;Magnesium
TBP;TAF5;Magnesium
TBP;TAF10;Magnesium
TBP;TAF12;Magnesium
TBP;TAF1;Magnesium
TBP;GTF2F1;Magnesium
TBP;TAF13;Magnesium
TBP;GTF2B;Magnesium
TBP;TAF11;Magnesium
MED28;H4C1;Magnesium
MED28;H3C14;Magnesium
MED28;H4-16;Magnesium
MED28;H4C13;Magnesium
MED28;H4C12;Magnesium
MED28;H3C15;Magnesium
MED28;H4C2;Magnesium
MED28;H4C9;Magnesium
MED28;H4C4;Magnesium
MED28;TAF4;Magnesium
MED28;H4C3;Magnesium
MED28;TAF6;Magnesium
MED28;H4C11;Magnesium
MED28;H4C15;Magnesium
MED28;H2BC11;Magnesium
MED28;H4C14;Magnesium
MED28;H4C5;Magnesium
MED28;H4C8;Magnesium
MED28;TAF5;Magnesium
MED28;TAF12;Magnesium
MED28;TAF1;Magnesium
MED28;H2AZ1;Magnesium
MED28;TAF9;Magnesium
MED28;TAF3;Magnesium
MED28;H4C6;Magnesium
MED28;TAF7;Magnesium
MED28;GTF2H4;Magnesium
MED28;GTF2H1;Magnesium
MED28;MNAT1;Magnesium
MED28;ERCC3;Magnesium
MED28;GTF2F1;Magnesium
MED28;GTF2H3;Magnesium
MED28;GTF2A1;Magnesium
MED28;ERCC2;Magnesium
MED28;TAF10;Magnesium
MED28;H3C13;Magnesium
MED28;GTF2H5;Magnesium
MED28;TAF13;Magnesium
MED28;GTF2E1;Magnesium
MED28;GTF2H2;Magnesium
MED28;GTF2F2;Magnesium
MED28;TAF11;Magnesium
MED28;GTF2E2;Magnesium
MED28;GTF2A2;Magnesium
MED28;TAF2;Magnesium
MED28;POLR2F;Magnesium
MED28;TAF8;Magnesium
MED28;CDK7;Magnesium
MED28;POLR2K;Magnesium
MED28;POLR2H;Magnesium
MED28;POLR2L;Magnesium
MED28;CCNH;Magnesium
MED28;GTF2B;Magnesium
MED28;POLR2G;Magnesium
MED28;POLR2D;Magnesium
MED28;POLR2J;Magnesium
MED28;CDK8;Magnesium
MED28;ZC3H13;Magnesium
MED28;TRIP4;Magnesium
MED28;CDK9;Magnesium
MED28;MED7;Magnesium
MED28;POLR2E;Magnesium
MED28;POLR2B;Magnesium
MED28;POLR2A;Magnesium
MED28;MED27;Magnesium
MED28;MED1;Magnesium
MED28;MED6;Magnesium
MED28;MED16;Magnesium
MED28;MED11;Magnesium
MED28;MED18;Magnesium
MED28;MED17;Magnesium
MED28;MED24;Magnesium
MED28;MED26;Magnesium
MED28;MED14;Magnesium
MED28;MED29;Magnesium
MED28;MED15;Magnesium
MED28;CDK19;Magnesium
MED28;MED21;Magnesium
MED28;MED20;Magnesium
MED28;CCNC;Magnesium
MED28;MED22;Magnesium
MED28;MED23;Magnesium
MED28;MED10;Magnesium
MED28;MED30;Magnesium
MED28;MED25;Magnesium
MED28;MED19;Magnesium
MED28;MED9;Magnesium
MED28;MED4;Magnesium
MED28;MED8;Magnesium
ZC3H13;CDK9;Magnesium
ZC3H13;MED26;Magnesium
ZC3H13;MED29;Magnesium
ZC3H13;MED27;Magnesium
ZC3H13;MED16;Magnesium
ZC3H13;MED20;Magnesium
ZC3H13;CCNC;Magnesium
ZC3H13;MED19;Magnesium
ZC3H13;MED25;Magnesium
ZC3H13;MED8;Magnesium
ZC3H13;MED9;Magnesium
ZC3H13;MED14;Magnesium
ZC3H13;MED24;Magnesium
ZC3H13;MED15;Magnesium
ZC3H13;MED6;Magnesium
ZC3H13;MED1;Magnesium
ZC3H13;POLR2B;Magnesium
ZC3H13;MED21;Magnesium
ZC3H13;CDK19;Magnesium
ZC3H13;MED17;Magnesium
ZC3H13;MED23;Magnesium
ZC3H13;MED4;Magnesium
ZC3H13;MED30;Magnesium
ZC3H13;POLR2A;Magnesium
H4C6;MED19;Magnesium
H4C6;MED11;Magnesium
H4C6;MED18;Magnesium
H4C6;MED16;Magnesium
H4C6;TAF8;Magnesium
H4C6;MED30;Magnesium
H4C6;MED27;Magnesium
H4C6;MED24;Magnesium
H4C6;MED15;Magnesium
H4C6;MED8;Magnesium
H4C6;MED25;Magnesium
H4C6;MED21;Magnesium
H4C6;TAF13;Magnesium
H4C6;MED22;Magnesium
H4C6;GTF2A1;Magnesium
H4C6;MED20;Magnesium
H4C6;TAF2;Magnesium
H4C6;WDR61;Magnesium
H4C6;GTF2H5;Magnesium
H4C6;TAF11;Magnesium
H4C6;MED26;Magnesium
H4C6;GTF2H2;Magnesium
H4C6;MED7;Magnesium
H4C6;GTF2E2;Magnesium
H4C6;GTF2H3;Magnesium
H4C6;GTF2F2;Magnesium
H4C6;MNAT1;Magnesium
H4C6;GTF2F1;Magnesium
H4C6;GTF2H4;Magnesium
H4C6;GTF2E1;Magnesium
H4C6;GTF2H1;Magnesium
H4C6;ERCC3;Magnesium
H4C6;GTF2A2;Magnesium
H4C6;TCEA1;Magnesium
H4C6;TAF3;Magnesium
H4C6;MED9;Magnesium
H4C6;MED4;Magnesium
H4C6;MED6;Magnesium
H4C6;MED29;Magnesium
H4C6;MED17;Magnesium
H4C6;MED10;Magnesium
H4C6;TAF10;Magnesium
H4C6;GTF2B;Magnesium
H4C6;CTR9;Magnesium
H4C6;LEO1;Magnesium
H4C6;TAF5;Magnesium
H4C6;SUPT6H;Magnesium
H4C6;POLR2J;Magnesium
H4C6;DDB1;Magnesium
H4C6;SUPT5H;Magnesium
H4C6;POLR2G;Magnesium
H4C6;SETD2;Magnesium
H4C6;POLR2E;Magnesium
H4C6;POLR2K;Magnesium
H4C6;POLR2H;Magnesium
H4C6;POLR2F;Magnesium
H4C6;POLR2L;Magnesium
H4C6;TAF12;Magnesium
H4C6;POLR2B;Magnesium
H4C6;POLR2D;Magnesium
TBPL2;POLR2E;Magnesium
TBPL2;GTF2H3;Magnesium
TBPL2;TAF1L;Magnesium
TBPL2;GTF2F2;Magnesium
TBPL2;TAF7;Magnesium
TBPL2;POLR2A;Magnesium
TBPL2;TAF9;Magnesium
TBPL2;TAF1;Magnesium
TBPL2;TAF5;Magnesium
TBPL2;GTF2A2;Magnesium
TBPL2;TAF4;Magnesium
TBPL2;TAF13;Magnesium
TBPL2;GTF2A1;Magnesium
TBPL2;TAF2;Magnesium
TBPL2;TAF12;Magnesium
TBPL2;TAF8;Magnesium
TBPL2;TAF10;Magnesium
TBPL2;TAF6;Magnesium
TBPL2;GTF2B;Magnesium
PIN1;MYC;Magnesium
PIN1;POLR2A;Magnesium
MED17;H4C5;Magnesium
MED17;H4C8;Magnesium
MED17;H4C11;Magnesium
MED17;H4C2;Magnesium
MED17;H4C9;Magnesium
MED17;H4-16;Magnesium
MED17;H4C14;Magnesium
MED17;H4C4;Magnesium
MED17;H4C3;Magnesium
MED17;H4C15;Magnesium
MED17;H4C13;Magnesium
MED17;H4C12;Magnesium
MED17;H4C1;Magnesium
MED17;TAF3;Magnesium
MED17;H3C15;Magnesium
MED17;H3C14;Magnesium
MED17;TAF13;Magnesium
MED17;H2BC11;Magnesium
MED17;GTF2H5;Magnesium
MED17;H2AZ1;Magnesium
MED17;TAF12;Magnesium
MED17;TAF7;Magnesium
MED17;TAF10;Magnesium
MED17;H3C13;Magnesium
MED17;TAF5;Magnesium
MED17;TAF11;Magnesium
MED17;TAF2;Magnesium
MED17;TAF1;Magnesium
MED17;TAF4;Magnesium
MED17;GTF2H1;Magnesium
MED17;TAF6;Magnesium
MED17;GTF2H2;Magnesium
MED17;TAF9;Magnesium
MED17;GTF2A2;Magnesium
MED17;GTF2H4;Magnesium
MED17;ERCC2;Magnesium
MED17;CCNH;Magnesium
MED17;ERCC3;Magnesium
MED17;TAF8;Magnesium
MED17;MNAT1;Magnesium
MED17;GTF2A1;Magnesium
MED17;GTF2E2;Magnesium
MED17;CDK7;Magnesium
MED17;GTF2E1;Magnesium
MED17;GTF2H3;Magnesium
MED17;POLR2A;Magnesium
MED17;GTF2F2;Magnesium
MED17;GTF2F1;Magnesium
MED17;POLR2L;Magnesium
MED17;POLR2K;Magnesium
MED17;GTF2B;Magnesium
MED17;POLR2H;Magnesium
MED17;POLR2F;Magnesium
MED17;POLR2E;Magnesium
MED17;POLR2B;Magnesium
MED17;POLR2J;Magnesium
MED17;CDK19;Magnesium
MED17;POLR2D;Magnesium
MED17;TRIP4;Magnesium
MED17;POLR2G;Magnesium
MED17;MED25;Magnesium
MED17;CCNC;Magnesium
MED17;MED9;Magnesium
MED17;MED23;Magnesium
MED17;MED24;Magnesium
MED17;MED30;Magnesium
MED17;MED19;Magnesium
MED17;MED8;Magnesium
MED17;MED4;Magnesium
MED17;MED21;Magnesium
MED17;MED1;Magnesium
MED17;MED6;Magnesium
MED17;MED11;Magnesium
MED17;MED14;Magnesium
MED17;MED15;Magnesium
MED17;MED10;Magnesium
MED17;MED20;Magnesium
MED17;MED22;Magnesium
MED17;MED27;Magnesium
MED17;MED16;Magnesium
MED17;CDK8;Magnesium
MED17;MED18;Magnesium
MED17;MED26;Magnesium
MED17;MED7;Magnesium
MED17;MED29;Magnesium
MLLT1;IWS1;Magnesium
MLLT1;SUPT6H;Magnesium
MLLT1;CTDP1;Magnesium
MLLT1;TCEA1;Magnesium
MLLT1;NELFA;Magnesium
MLLT1;NELFCD;Magnesium
MLLT1;ELOC;Magnesium
MLLT1;ELOA;Magnesium
MLLT1;WDR61;Magnesium
MLLT1;ERCC6;Magnesium
MLLT1;CTR9;Magnesium
MLLT1;LEO1;Magnesium
MLLT1;TCEA2;Magnesium
MLLT1;RTF1;Magnesium
MLLT1;NELFE;Magnesium
MLLT1;NELFB;Magnesium
MLLT1;SUPT5H;Magnesium
MLLT1;CDC73;Magnesium
MLLT1;CCNT2;Magnesium
MLLT1;EAF1;Magnesium
MLLT1;CCNT1;Magnesium
TAF4;TCEA1;Magnesium
TAF4;MED16;Magnesium
TAF4;MED21;Magnesium
TAF4;MED30;Magnesium
TAF4;MED24;Magnesium
TAF4;MED18;Magnesium
TAF4;MED1;Magnesium
TAF4;MED25;Magnesium
TAF4;MED8;Magnesium
TAF4;MED19;Magnesium
TAF4;MED20;Magnesium
TAF4;MED9;Magnesium
TAF4;MED4;Magnesium
TAF4;MED29;Magnesium
TAF4;MED22;Magnesium
TAF4;MED27;Magnesium
TAF4;MED10;Magnesium
TAF4;MED11;Magnesium
TAF4;MED23;Magnesium
TAF4;MED14;Magnesium
TAF4;MED15;Magnesium
TAF4;MED7;Magnesium
TAF4;H2AZ1;Magnesium
TAF4;MED6;Magnesium
TAF4;MED26;Magnesium
TAF4;POLR2D;Magnesium
TAF4;POLR2F;Magnesium
TAF4;MNAT1;Magnesium
TAF4;POLR2B;Magnesium
TAF4;GTF2H1;Magnesium
TAF4;POLR2H;Magnesium
TAF4;POLR2E;Magnesium
TAF4;POLR2G;Magnesium
TAF4;CCNH;Magnesium
TAF4;POLR2K;Magnesium
TAF4;POLR2L;Magnesium
TAF4;CDK7;Magnesium
TAF4;POLR2J;Magnesium
TAF4;ERCC2;Magnesium
TAF4;POLR2A;Magnesium
TAF4;GTF2H5;Magnesium
TAF4;GTF2H2;Magnesium
TAF4;ERCC3;Magnesium
TAF4;GTF2E1;Magnesium
TAF4;GTF2H3;Magnesium
TAF4;GTF2H4;Magnesium
TAF4;TAF1L;Magnesium
TAF4;GTF2F1;Magnesium
TAF4;GTF2F2;Magnesium
TAF4;KAT2B;Magnesium
TAF4;GTF2E2;Magnesium
TAF4;GTF2B;Magnesium
TAF4;GTF2A1;Magnesium
TAF4;GTF2A2;Magnesium
TAF4;HTT;Magnesium
TAF4;TAF2;Magnesium
TAF4;TAF3;Magnesium
TAF4;TAF8;Magnesium
TAF4;TAF11;Magnesium
TAF4;TAF13;Magnesium
TAF4;TAF10;Magnesium
TAF4;TAF12;Magnesium
TAF4;TAF5;Magnesium
H3-3B;ACTB;Magnesium
H3-3B;SETD2;Magnesium
H3-3B;KAT2B;Magnesium
MED10;TAF3;Magnesium
MED10;TAF6;Magnesium
MED10;H3C14;Magnesium
MED10;H3C15;Magnesium
MED10;TAF8;Magnesium
MED10;H2AZ1;Magnesium
MED10;H4C11;Magnesium
MED10;H4C8;Magnesium
MED10;GTF2H5;Magnesium
MED10;H4C5;Magnesium
MED10;H4-16;Magnesium
MED10;H4C9;Magnesium
MED10;H4C15;Magnesium
MED10;H4C4;Magnesium
MED10;TAF12;Magnesium
MED10;H4C1;Magnesium
MED10;H4C12;Magnesium
MED10;H2BC11;Magnesium
MED10;H4C2;Magnesium
MED10;H4C14;Magnesium
MED10;H4C13;Magnesium
MED10;TAF7;Magnesium
MED10;H4C3;Magnesium
MED10;H3C13;Magnesium
MED10;TAF11;Magnesium
MED10;TAF5;Magnesium
MED10;GTF2H1;Magnesium
MED10;TAF1;Magnesium
MED10;TAF13;Magnesium
MED10;TAF9;Magnesium
MED10;CDK7;Magnesium
MED10;CCNH;Magnesium
MED10;TAF2;Magnesium
MED10;TAF10;Magnesium
MED10;GTF2H2;Magnesium
MED10;GTF2A1;Magnesium
MED10;GTF2H3;Magnesium
MED10;GTF2E1;Magnesium
MED10;ERCC2;Magnesium
MED10;ERCC3;Magnesium
MED10;GTF2F1;Magnesium
MED10;GTF2H4;Magnesium
MED10;GTF2F2;Magnesium
MED10;MNAT1;Magnesium
MED10;GTF2A2;Magnesium
MED10;POLR2J;Magnesium
MED10;POLR2L;Magnesium
MED10;GTF2E2;Magnesium
MED10;POLR2K;Magnesium
MED10;POLR2H;Magnesium
MED10;GTF2B;Magnesium
MED10;POLR2F;Magnesium
MED10;CDK19;Magnesium
MED10;POLR2G;Magnesium
MED10;POLR2E;Magnesium
MED10;POLR2D;Magnesium
MED10;POLR2B;Magnesium
MED10;CCNC;Magnesium
MED10;POLR2A;Magnesium
MED10;TRIP4;Magnesium
MED10;CDK8;Magnesium
MED10;MED25;Magnesium
MED10;MED1;Magnesium
MED10;MED23;Magnesium
MED10;MED24;Magnesium
MED10;MED29;Magnesium
MED10;MED4;Magnesium
MED10;MED9;Magnesium
MED10;MED8;Magnesium
MED10;MED19;Magnesium
MED10;MED30;Magnesium
MED10;MED15;Magnesium
MED10;MED14;Magnesium
MED10;MED6;Magnesium
MED10;MED11;Magnesium
MED10;MED21;Magnesium
MED10;MED7;Magnesium
MED10;MED26;Magnesium
MED10;MED16;Magnesium
MED10;MED18;Magnesium
MED10;MED27;Magnesium
MED10;MED22;Magnesium
MED10;MED20;Magnesium
CDK7;H4C8;Magnesium
CDK7;H4-16;Magnesium
CDK7;H4C9;Magnesium
CDK7;H4C15;Magnesium
CDK7;H4C3;Magnesium
CDK7;H4C4;Magnesium
CDK7;H4C14;Magnesium
CDK7;H4C1;Magnesium
CDK7;H4C12;Magnesium
CDK7;H4C13;Magnesium
CDK7;H4C11;Magnesium
CDK7;H4C2;Magnesium
CDK7;H4C5;Magnesium
CDK7;H3C14;Magnesium
CDK7;H3C15;Magnesium
CDK7;CDK12;Magnesium
CDK7;MED25;Magnesium
CDK7;MED9;Magnesium
CDK7;MED16;Magnesium
CDK7;H2BC11;Magnesium
CDK7;MED29;Magnesium
CDK7;MED30;Magnesium
CDK7;MED27;Magnesium
CDK7;MED20;Magnesium
CDK7;MED24;Magnesium
CDK7;MED15;Magnesium
CDK7;MED11;Magnesium
CDK7;MED4;Magnesium
CDK7;MED22;Magnesium
CDK7;MED8;Magnesium
CDK7;MED18;Magnesium
CDK7;MED7;Magnesium
CDK7;MED26;Magnesium
CDK7;MED21;Magnesium
CDK7;TAF8;Magnesium
CDK7;MED19;Magnesium
CDK7;TAF11;Magnesium
CDK7;GTF2A1;Magnesium
CDK7;TAF10;Magnesium
CDK7;POLR2L;Magnesium
CDK7;TAF3;Magnesium
CDK7;TAF13;Magnesium
CDK7;TAF12;Magnesium
CDK7;POLR2H;Magnesium
CDK7;TAF2;Magnesium
CDK7;GTF2A2;Magnesium
CDK7;POLR2J;Magnesium
CDK7;POLR2E;Magnesium
CDK7;TAF9;Magnesium
CDK7;POLR2K;Magnesium
CDK7;TAF5;Magnesium
CDK7;TAF6;Magnesium
CDK7;GTF2F2;Magnesium
CDK7;GTF2F1;Magnesium
CDK7;POLR2F;Magnesium
CDK7;MED6;Magnesium
CDK7;POLR2G;Magnesium
CDK7;POLR2B;Magnesium
CDK7;POLR2D;Magnesium
CDK7;GTF2H2C;Magnesium
CDK7;GTF2B;Magnesium
CDK7;GTF2E2;Magnesium
CDK7;GTF2E1;Magnesium
CDK7;GTF2H5;Magnesium
CDK7;GTF2H3;Magnesium
CDK7;ERCC3;Magnesium
CDK7;GTF2H4;Magnesium
CDK7;MNAT1;Magnesium
CDK7;GTF2H2;Magnesium
CDK7;ERCC2;Magnesium
CDK7;GTF2H1;Magnesium
VHL;SMARCA2;Magnesium
MED4;H4C4;Magnesium
MED4;H4C15;Magnesium
MED4;H4C3;Magnesium
MED4;H4C14;Magnesium
MED4;H3C14;Magnesium
MED4;H4C1;Magnesium
MED4;H4C12;Magnesium
MED4;H3C15;Magnesium
MED4;H4C13;Magnesium
MED4;H4C11;Magnesium
MED4;H4C8;Magnesium
MED4;H4C5;Magnesium
MED4;H2BC11;Magnesium
MED4;H4-16;Magnesium
MED4;H4C2;Magnesium
MED4;H4C9;Magnesium
MED4;TAF13;Magnesium
MED4;TAF8;Magnesium
MED4;TAF3;Magnesium
MED4;TAF1;Magnesium
MED4;H3C13;Magnesium
MED4;ERCC2;Magnesium
MED4;TAF10;Magnesium
MED4;TAF2;Magnesium
MED4;H2AZ1;Magnesium
MED4;ERCC3;Magnesium
MED4;GTF2H2;Magnesium
MED4;TAF7;Magnesium
MED4;TAF5;Magnesium
MED4;TAF6;Magnesium
MED4;GTF2H3;Magnesium
MED4;GTF2H5;Magnesium
MED4;TAF9;Magnesium
MED4;GTF2A1;Magnesium
MED4;POLR2F;Magnesium
MED4;POLR2L;Magnesium
MED4;GTF2A2;Magnesium
MED4;GTF2H4;Magnesium
MED4;TAF11;Magnesium
MED4;TAF12;Magnesium
MED4;MNAT1;Magnesium
MED4;GTF2F1;Magnesium
MED4;POLR2H;Magnesium
MED4;GTF2H1;Magnesium
MED4;CCNH;Magnesium
MED4;POLR2K;Magnesium
MED4;POLR2G;Magnesium
MED4;POLR2E;Magnesium
MED4;POLR2B;Magnesium
MED4;GTF2E2;Magnesium
MED4;POLR2J;Magnesium
MED4;GTF2F2;Magnesium
MED4;GTF2E1;Magnesium
MED4;GTF2B;Magnesium
MED4;POLR2A;Magnesium
MED4;POLR2D;Magnesium
MED4;CDK19;Magnesium
MED4;CCNC;Magnesium
MED4;CDK8;Magnesium
MED4;TRIP4;Magnesium
MED4;MED25;Magnesium
MED4;MED16;Magnesium
MED4;MED27;Magnesium
MED4;MED20;Magnesium
MED4;MED19;Magnesium
MED4;MED15;Magnesium
MED4;MED24;Magnesium
MED4;MED18;Magnesium
MED4;MED29;Magnesium
MED4;MED7;Magnesium
MED4;MED26;Magnesium
MED4;MED22;Magnesium
MED4;MED23;Magnesium
MED4;MED30;Magnesium
MED4;MED9;Magnesium
MED4;MED8;Magnesium
MED4;MED6;Magnesium
MED4;MED11;Magnesium
MED4;MED1;Magnesium
MED4;MED14;Magnesium
MED4;MED21;Magnesium
GTF2H4;H2AZ1;Magnesium
GTF2H4;H2BC11;Magnesium
GTF2H4;MED1;Magnesium
GTF2H4;MED9;Magnesium
GTF2H4;MED29;Magnesium
GTF2H4;MED15;Magnesium
GTF2H4;MED16;Magnesium
GTF2H4;MED23;Magnesium
GTF2H4;MED30;Magnesium
GTF2H4;MED24;Magnesium
GTF2H4;MED19;Magnesium
GTF2H4;H3C14;Magnesium
GTF2H4;MED20;Magnesium
GTF2H4;H3C15;Magnesium
GTF2H4;MED25;Magnesium
GTF2H4;MED18;Magnesium
GTF2H4;H3C13;Magnesium
GTF2H4;MED27;Magnesium
GTF2H4;H4C4;Magnesium
GTF2H4;H4C15;Magnesium
GTF2H4;H4C3;Magnesium
GTF2H4;H4C14;Magnesium
GTF2H4;H4C1;Magnesium
GTF2H4;H4C13;Magnesium
GTF2H4;H4C12;Magnesium
GTF2H4;H4C11;Magnesium
GTF2H4;H4C8;Magnesium
GTF2H4;H4C5;Magnesium
GTF2H4;H4-16;Magnesium
GTF2H4;H4C2;Magnesium
GTF2H4;H4C9;Magnesium
GTF2H4;MED8;Magnesium
GTF2H4;MED22;Magnesium
GTF2H4;MED11;Magnesium
GTF2H4;MED26;Magnesium
GTF2H4;CCNT1;Magnesium
GTF2H4;CDK9;Magnesium
GTF2H4;CCNT2;Magnesium
GTF2H4;MED7;Magnesium
GTF2H4;MED14;Magnesium
GTF2H4;MED6;Magnesium
GTF2H4;TAF12;Magnesium
GTF2H4;POLR2J;Magnesium
GTF2H4;POLR2H;Magnesium
GTF2H4;POLR2L;Magnesium
GTF2H4;MED21;Magnesium
GTF2H4;POLR2F;Magnesium
GTF2H4;TCEA1;Magnesium
GTF2H4;POLR2K;Magnesium
GTF2H4;POLR2D;Magnesium
GTF2H4;POLR2E;Magnesium
GTF2H4;GTF2F2;Magnesium
GTF2H4;POLR2B;Magnesium
GTF2H4;TAF13;Magnesium
GTF2H4;TAF11;Magnesium
GTF2H4;TAF9;Magnesium
GTF2H4;TAF3;Magnesium
GTF2H4;TAF2;Magnesium
GTF2H4;TAF10;Magnesium
GTF2H4;TAF1;Magnesium
GTF2H4;TAF8;Magnesium
GTF2H4;TAF7;Magnesium
GTF2H4;TAF5;Magnesium
GTF2H4;TAF6;Magnesium
GTF2H4;POLR2G;Magnesium
GTF2H4;POLR2A;Magnesium
GTF2H4;GTF2A2;Magnesium
GTF2H4;GTF2A1;Magnesium
GTF2H4;GTF2F1;Magnesium
GTF2H4;GTF2B;Magnesium
GTF2H4;MNAT1;Magnesium
GTF2H4;ERCC2;Magnesium
GTF2H4;GTF2H2;Magnesium
GTF2H4;GTF2H1;Magnesium
GTF2H4;GTF2H3;Magnesium
GTF2H4;GTF2H5;Magnesium
GTF2H4;GTF2H2C;Magnesium
GTF2H4;ERCC3;Magnesium
GTF2H4;CCNH;Magnesium
GTF2H4;GTF2E1;Magnesium
GTF2H4;GTF2E2;Magnesium
MNAT1;CDK12;Magnesium
MNAT1;MED1;Magnesium
MNAT1;H2BC11;Magnesium
MNAT1;H2AZ1;Magnesium
MNAT1;MED30;Magnesium
MNAT1;MED25;Magnesium
MNAT1;MED29;Magnesium
MNAT1;TAF8;Magnesium
MNAT1;H3C15;Magnesium
MNAT1;H3C14;Magnesium
MNAT1;MED9;Magnesium
MNAT1;MED27;Magnesium
MNAT1;H4C13;Magnesium
MNAT1;H4C12;Magnesium
MNAT1;H4C1;Magnesium
MNAT1;H4C14;Magnesium
MNAT1;H4C4;Magnesium
MNAT1;H4C15;Magnesium
MNAT1;H4C9;Magnesium
MNAT1;H4-16;Magnesium
MNAT1;H4C5;Magnesium
MNAT1;H4C8;Magnesium
MNAT1;MED20;Magnesium
MNAT1;H4C3;Magnesium
MNAT1;H4C11;Magnesium
MNAT1;H4C2;Magnesium
MNAT1;H3C13;Magnesium
MNAT1;MED23;Magnesium
MNAT1;MED24;Magnesium
MNAT1;MED22;Magnesium
MNAT1;MED16;Magnesium
MNAT1;FBXW12;Magnesium
MNAT1;MED15;Magnesium
MNAT1;CDK20;Magnesium
MNAT1;MED8;Magnesium
MNAT1;MED19;Magnesium
MNAT1;MED26;Magnesium
MNAT1;MED18;Magnesium
MNAT1;MED11;Magnesium
MNAT1;TAF5;Magnesium
MNAT1;TAF7;Magnesium
MNAT1;TAF11;Magnesium
MNAT1;TAF1;Magnesium
MNAT1;TAF12;Magnesium
MNAT1;TAF9;Magnesium
MNAT1;TAF3;Magnesium
MNAT1;TAF10;Magnesium
MNAT1;TAF6;Magnesium
MNAT1;CCNT2;Magnesium
MNAT1;TAF2;Magnesium
MNAT1;CDK9;Magnesium
MNAT1;CCNT1;Magnesium
MNAT1;TAF13;Magnesium
MNAT1;MED7;Magnesium
MNAT1;GTF2A1;Magnesium
MNAT1;MED21;Magnesium
MNAT1;MED14;Magnesium
MNAT1;POLR2J;Magnesium
MNAT1;GTF2H2C;Magnesium
MNAT1;POLR2E;Magnesium
MNAT1;POLR2L;Magnesium
MNAT1;POLR2B;Magnesium
MNAT1;GTF2A2;Magnesium
MNAT1;POLR2H;Magnesium
MNAT1;POLR2F;Magnesium
MNAT1;GTF2F1;Magnesium
MNAT1;POLR2K;Magnesium
MNAT1;MED6;Magnesium
MNAT1;GTF2F2;Magnesium
MNAT1;GTF2B;Magnesium
MNAT1;GTF2H5;Magnesium
MNAT1;POLR2A;Magnesium
MNAT1;POLR2G;Magnesium
MNAT1;POLR2D;Magnesium
MNAT1;GTF2E2;Magnesium
MNAT1;GTF2E1;Magnesium
MNAT1;GTF2H1;Magnesium
MNAT1;ERCC2;Magnesium
MNAT1;GTF2H2;Magnesium
MNAT1;ERCC3;Magnesium
MNAT1;CCNH;Magnesium
MNAT1;GTF2H3;Magnesium
TRIP4;MED1;Magnesium
TRIP4;MED11;Magnesium
TRIP4;MED15;Magnesium
TRIP4;MED24;Magnesium
TRIP4;MED8;Magnesium
TRIP4;MED25;Magnesium
TRIP4;POLR2A;Magnesium
TRIP4;MED23;Magnesium
TRIP4;MED27;Magnesium
CCNT1;ERCC6;Magnesium
CCNT1;ERCC2;Magnesium
CCNT1;GTF2H2;Magnesium
CCNT1;WDR61;Magnesium
CCNT1;GTF2H3;Magnesium
CCNT1;NELFCD;Magnesium
CCNT1;GTF2H1;Magnesium
CCNT1;ERCC3;Magnesium
CCNT1;EAF1;Magnesium
CCNT1;TCEA2;Magnesium
CCNT1;NELFA;Magnesium
CCNT1;NELFB;Magnesium
CCNT1;ELOA;Magnesium
CCNT1;CDK12;Magnesium
CCNT1;LEO1;Magnesium
CCNT1;CDC73;Magnesium
CCNT1;CTR9;Magnesium
CCNT1;NELFE;Magnesium
CCNT1;SUPT5H;Magnesium
CCNT1;ELL;Magnesium
PHF3;POLR2E;Magnesium
PHF3;POLR2A;Magnesium
PIH1D1;TAF9;Magnesium
PIH1D1;POLR3K;Magnesium
PIH1D1;POLR2M;Magnesium
PIH1D1;POLR2L;Magnesium
PIH1D1;POLR2B;Magnesium
PIH1D1;POLR2J;Magnesium
PIH1D1;POLR2G;Magnesium
PIH1D1;POLR2D;Magnesium
PIH1D1;GPN1;Magnesium
PIH1D1;GPN3;Magnesium
PIH1D1;POLR2A;Magnesium
PIH1D1;RPAP2;Magnesium
PIH1D1;URI1;Magnesium
PIH1D1;UXT;Magnesium
PIH1D1;POLR2E;Magnesium
PIH1D1;RUVBL2;Magnesium
ELL;IWS1;Magnesium
ELL;CTDP1;Magnesium
ELL;SUPT6H;Magnesium
ELL;NELFA;Magnesium
ELL;TCEA1;Magnesium
ELL;NELFCD;Magnesium
ELL;ERCC6;Magnesium
ELL;ELOC;Magnesium
ELL;WDR61;Magnesium
ELL;CDC73;Magnesium
ELL;LEO1;Magnesium
ELL;NELFE;Magnesium
ELL;RTF1;Magnesium
ELL;CTR9;Magnesium
ELL;ELOA;Magnesium
ELL;NELFB;Magnesium
ELL;TCEA2;Magnesium
ELL;SUPT5H;Magnesium
ELL;CCNT2;Magnesium
ELL;EAF1;Magnesium
MED15;H4C5;Magnesium
MED15;H4C8;Magnesium
MED15;H4C11;Magnesium
MED15;H4C2;Magnesium
MED15;H4C9;Magnesium
MED15;H4-16;Magnesium
MED15;H4C14;Magnesium
MED15;H4C4;Magnesium
MED15;H4C3;Magnesium
MED15;H4C15;Magnesium
MED15;H4C13;Magnesium
MED15;H3C15;Magnesium
MED15;H4C12;Magnesium
MED15;H4C1;Magnesium
MED15;H3C14;Magnesium
MED15;TAF13;Magnesium
MED15;TAF11;Magnesium
MED15;H2BC11;Magnesium
MED15;GTF2H5;Magnesium
MED15;POLR2K;Magnesium
MED15;H2AZ1;Magnesium
MED15;GTF2H3;Magnesium
MED15;POLR2L;Magnesium
MED15;ERCC2;Magnesium
MED15;TAF10;Magnesium
MED15;POLR2H;Magnesium
MED15;TAF7;Magnesium
MED15;GTF2H2;Magnesium
MED15;POLR2B;Magnesium
MED15;H3C13;Magnesium
MED15;GTF2A1;Magnesium
MED15;POLR2D;Magnesium
MED15;TAF5;Magnesium
MED15;TAF3;Magnesium
MED15;GTF2A2;Magnesium
MED15;TAF1;Magnesium
MED15;TAF2;Magnesium
MED15;POLR2E;Magnesium
MED15;ERCC3;Magnesium
MED15;GTF2E1;Magnesium
MED15;GTF2H1;Magnesium
MED15;GTF2F2;Magnesium
MED15;POLR2F;Magnesium
MED15;TAF8;Magnesium
MED15;GTF2E2;Magnesium
MED15;POLR2G;Magnesium
MED15;POLR2J;Magnesium
MED15;TAF12;Magnesium
MED15;TAF6;Magnesium
MED15;CCNH;Magnesium
MED15;TAF9;Magnesium
MED15;GTF2F1;Magnesium
MED15;POLR2A;Magnesium
MED15;GTF2B;Magnesium
MED15;CDK19;Magnesium
MED15;CCNC;Magnesium
MED15;MED30;Magnesium
MED15;MED8;Magnesium
MED15;CDK8;Magnesium
MED15;MED25;Magnesium
MED15;MED9;Magnesium
MED15;MED11;Magnesium
MED15;MED26;Magnesium
MED15;MED21;Magnesium
MED15;MED6;Magnesium
MED15;MED20;Magnesium
MED15;MED22;Magnesium
MED15;MED19;Magnesium
MED15;MED23;Magnesium
MED15;MED1;Magnesium
MED15;MED24;Magnesium
MED15;MED14;Magnesium
MED15;MED27;Magnesium
MED15;MED16;Magnesium
MED15;MED18;Magnesium
MED15;MED7;Magnesium
MED15;MED29;Magnesium
MED26;GTF2H5;Magnesium
MED26;TAF12;Magnesium
MED26;H2BC11;Magnesium
MED26;H4C1;Magnesium
MED26;H4C12;Magnesium
MED26;H4C13;Magnesium
MED26;H4C4;Magnesium
MED26;H4C3;Magnesium
MED26;H4C15;Magnesium
MED26;H4C14;Magnesium
MED26;H4-16;Magnesium
MED26;H4C2;Magnesium
MED26;H4C9;Magnesium
MED26;H4C8;Magnesium
MED26;H4C11;Magnesium
MED26;H4C5;Magnesium
MED26;H3C14;Magnesium
MED26;H3C15;Magnesium
MED26;H2AZ1;Magnesium
MED26;CCNH;Magnesium
MED26;GTF2H2;Magnesium
MED26;GTF2H1;Magnesium
MED26;GTF2H3;Magnesium
MED26;H3C13;Magnesium
MED26;ERCC2;Magnesium
MED26;GTF2E2;Magnesium
MED26;TAF10;Magnesium
MED26;TAF8;Magnesium
MED26;GTF2A2;Magnesium
MED26;TAF11;Magnesium
MED26;TAF9;Magnesium
MED26;TAF13;Magnesium
MED26;TAF2;Magnesium
MED26;TAF3;Magnesium
MED26;GTF2F2;Magnesium
MED26;GTF2E1;Magnesium
MED26;TAF5;Magnesium
MED26;TAF1;Magnesium
MED26;TAF7;Magnesium
MED26;GTF2F1;Magnesium
MED26;TAF6;Magnesium
MED26;GTF2A1;Magnesium
MED26;POLR2K;Magnesium
MED26;ERCC3;Magnesium
MED26;POLR2F;Magnesium
MED26;POLR2L;Magnesium
MED26;GTF2B;Magnesium
MED26;POLR2B;Magnesium
MED26;POLR2D;Magnesium
MED26;CDK19;Magnesium
MED26;POLR2E;Magnesium
MED26;POLR2H;Magnesium
MED26;POLR2J;Magnesium
MED26;CCNC;Magnesium
MED26;POLR2A;Magnesium
MED26;POLR2G;Magnesium
MED26;MED25;Magnesium
MED26;CDK8;Magnesium
MED26;MED24;Magnesium
MED26;MED16;Magnesium
MED26;MED20;Magnesium
MED26;MED8;Magnesium
MED26;MED27;Magnesium
MED26;MED29;Magnesium
MED26;MED11;Magnesium
MED26;MED23;Magnesium
MED26;MED9;Magnesium
MED26;MED18;Magnesium
MED26;MED7;Magnesium
MED26;MED22;Magnesium
MED26;MED1;Magnesium
MED26;MED6;Magnesium
MED26;MED14;Magnesium
MED26;MED21;Magnesium
MED26;MED30;Magnesium
MED26;MED19;Magnesium
KAT2B;TAF7;Magnesium
KAT2B;H3C15;Magnesium
KAT2B;TAF2;Magnesium
KAT2B;H3C14;Magnesium
KAT2B;TAF5;Magnesium
KAT2B;H3-5;Magnesium
KAT2B;H3-2;Magnesium
KAT2B;TAF6;Magnesium
KAT2B;H3C13;Magnesium
KAT2B;H3-4;Magnesium
KAT2B;H3C12;Magnesium
TAF12;TCEA1;Magnesium
TAF12;MED24;Magnesium
TAF12;MED19;Magnesium
TAF12;MED30;Magnesium
TAF12;MED22;Magnesium
TAF12;MED18;Magnesium
TAF12;MED27;Magnesium
TAF12;MED1;Magnesium
TAF12;MED29;Magnesium
TAF12;MED14;Magnesium
TAF12;MED20;Magnesium
TAF12;H4C1;Magnesium
TAF12;H4C13;Magnesium
TAF12;H4C12;Magnesium
TAF12;H4C4;Magnesium
TAF12;H4C3;Magnesium
TAF12;H4C15;Magnesium
TAF12;H4-16;Magnesium
TAF12;H4C9;Magnesium
TAF12;MED25;Magnesium
TAF12;H4C2;Magnesium
TAF12;H4C11;Magnesium
TAF12;H4C5;Magnesium
TAF12;H3C14;Magnesium
TAF12;H3C15;Magnesium
TAF12;H4C8;Magnesium
TAF12;H4C14;Magnesium
TAF12;MED16;Magnesium
TAF12;MED21;Magnesium
TAF12;MED23;Magnesium
TAF12;H2AZ1;Magnesium
TAF12;H2BC11;Magnesium
TAF12;MED9;Magnesium
TAF12;MED6;Magnesium
TAF12;MED11;Magnesium
TAF12;MED7;Magnesium
TAF12;POLR2L;Magnesium
TAF12;POLR2G;Magnesium
TAF12;POLR2F;Magnesium
TAF12;GTF2H1;Magnesium
TAF12;MED8;Magnesium
TAF12;CCNH;Magnesium
TAF12;POLR2J;Magnesium
TAF12;H3C13;Magnesium
TAF12;POLR2E;Magnesium
TAF12;POLR2K;Magnesium
TAF12;POLR2D;Magnesium
TAF12;POLR2B;Magnesium
TAF12;POLR2H;Magnesium
TAF12;POLR2A;Magnesium
TAF12;ERCC3;Magnesium
TAF12;GTF2H3;Magnesium
TAF12;ERCC2;Magnesium
TAF12;GTF2H5;Magnesium
TAF12;TAF1L;Magnesium
TAF12;GTF2H2;Magnesium
TAF12;GTF2A2;Magnesium
TAF12;GTF2F2;Magnesium
TAF12;GTF2A1;Magnesium
TAF12;GTF2F1;Magnesium
TAF12;GTF2E1;Magnesium
TAF12;GTF2E2;Magnesium
TAF12;GTF2B;Magnesium
TAF12;TAF3;Magnesium
TAF12;TAF1;Magnesium
TAF12;TAF13;Magnesium
TAF12;TAF11;Magnesium
TAF12;TAF5;Magnesium
TAF12;TAF2;Magnesium
TAF12;TAF6;Magnesium
TAF12;TAF8;Magnesium
TAF12;TAF7;Magnesium
CCNT2;ERCC6;Magnesium
CCNT2;ERCC2;Magnesium
CCNT2;NELFCD;Magnesium
CCNT2;GTF2H3;Magnesium
CCNT2;GTF2H1;Magnesium
CCNT2;WDR61;Magnesium
CCNT2;NELFA;Magnesium
CCNT2;ELOA;Magnesium
CCNT2;ERCC3;Magnesium
CCNT2;EAF1;Magnesium
CCNT2;CTR9;Magnesium
CCNT2;NELFB;Magnesium
CCNT2;TCEA2;Magnesium
CCNT2;CDC73;Magnesium
CCNT2;CDK12;Magnesium
CCNT2;GTF2H2;Magnesium
CCNT2;NELFE;Magnesium
CCNT2;LEO1;Magnesium
CCNT2;CCNH;Magnesium
CCNT2;SUPT5H;Magnesium
GPN1;POLR1C;Magnesium
GPN1;RPRD1B;Magnesium
GPN1;POLR2M;Magnesium
GPN1;POLR2E;Magnesium
GPN1;POLR2A;Magnesium
GPN1;POLR2G;Magnesium
GPN1;POLR2J;Magnesium
GPN1;POLR2B;Magnesium
GPN1;GPN3;Magnesium
GPN1;RPAP2;Magnesium
ERCC8;SUPT6H;Magnesium
ERCC8;CDC73;Magnesium
ERCC8;CTR9;Magnesium
ERCC8;LEO1;Magnesium
ERCC8;WDR61;Magnesium
ERCC8;POLR2E;Magnesium
ERCC8;POLR2L;Magnesium
ERCC8;POLR2F;Magnesium
ERCC8;POLR2H;Magnesium
ERCC8;POLR2K;Magnesium
ERCC8;POLR2B;Magnesium
ERCC8;POLR2J;Magnesium
ERCC8;POLR2D;Magnesium
ERCC8;POLR2G;Magnesium
ERCC8;ATM;Magnesium
ERCC8;POLR2A;Magnesium
ERCC8;UVSSA;Magnesium
ERCC8;CUL4A;Magnesium
ERCC8;ERCC6;Magnesium
ERCC8;DDB1;Magnesium
MED20;H4-16;Magnesium
MED20;H4C2;Magnesium
MED20;H4C9;Magnesium
MED20;H4C11;Magnesium
MED20;H4C5;Magnesium
MED20;TAF3;Magnesium
MED20;H3C14;Magnesium
MED20;H4C1;Magnesium
MED20;TAF13;Magnesium
MED20;H4C13;Magnesium
MED20;H4C12;Magnesium
MED20;H3C15;Magnesium
MED20;H4C4;Magnesium
MED20;H4C15;Magnesium
MED20;H4C3;Magnesium
MED20;H4C14;Magnesium
MED20;H4C8;Magnesium
MED20;H2BC11;Magnesium
MED20;TAF7;Magnesium
MED20;H2AZ1;Magnesium
MED20;TAF1;Magnesium
MED20;TAF10;Magnesium
MED20;TAF5;Magnesium
MED20;GTF2A1;Magnesium
MED20;H3C13;Magnesium
MED20;GTF2E2;Magnesium
MED20;TAF9;Magnesium
MED20;TAF11;Magnesium
MED20;GTF2H2;Magnesium
MED20;TAF6;Magnesium
MED20;ERCC2;Magnesium
MED20;GTF2F2;Magnesium
MED20;GTF2H5;Magnesium
MED20;ERCC3;Magnesium
MED20;GTF2H1;Magnesium
MED20;GTF2F1;Magnesium
MED20;GTF2A2;Magnesium
MED20;TAF2;Magnesium
MED20;GTF2H3;Magnesium
MED20;POLR2K;Magnesium
MED20;TAF8;Magnesium
MED20;POLR2L;Magnesium
MED20;POLR2H;Magnesium
MED20;POLR2B;Magnesium
MED20;CCNH;Magnesium
MED20;GTF2E1;Magnesium
MED20;POLR2E;Magnesium
MED20;POLR2F;Magnesium
MED20;POLR2D;Magnesium
MED20;POLR2G;Magnesium
MED20;GTF2B;Magnesium
MED20;POLR2J;Magnesium
MED20;POLR2A;Magnesium
MED20;CDK19;Magnesium
MED20;CCNC;Magnesium
MED20;CDK8;Magnesium
MED20;MED25;Magnesium
MED20;MED24;Magnesium
MED20;MED23;Magnesium
MED20;MED16;Magnesium
MED20;MED9;Magnesium
MED20;MED11;Magnesium
MED20;MED6;Magnesium
MED20;MED1;Magnesium
MED20;MED14;Magnesium
MED20;MED21;Magnesium
MED20;MED30;Magnesium
MED20;MED8;Magnesium
MED20;MED19;Magnesium
MED20;MED18;Magnesium
MED20;MED27;Magnesium
MED20;MED29;Magnesium
MED20;MED7;Magnesium
MED20;MED22;Magnesium
GTF2H1;TCEA1;Magnesium
GTF2H1;H2AZ1;Magnesium
GTF2H1;MED1;Magnesium
GTF2H1;H2BC11;Magnesium
GTF2H1;MED9;Magnesium
GTF2H1;TAF8;Magnesium
GTF2H1;MED29;Magnesium
GTF2H1;MED16;Magnesium
GTF2H1;MED27;Magnesium
GTF2H1;MED6;Magnesium
GTF2H1;MED30;Magnesium
GTF2H1;H3C15;Magnesium
GTF2H1;H3C14;Magnesium
GTF2H1;MED24;Magnesium
GTF2H1;MED18;Magnesium
GTF2H1;MED19;Magnesium
GTF2H1;H3C13;Magnesium
GTF2H1;H4C14;Magnesium
GTF2H1;H4C15;Magnesium
GTF2H1;H4C3;Magnesium
GTF2H1;H4C12;Magnesium
GTF2H1;H4C13;Magnesium
GTF2H1;H4C1;Magnesium
GTF2H1;H4C5;Magnesium
GTF2H1;H4C11;Magnesium
GTF2H1;H4C8;Magnesium
GTF2H1;H4C9;Magnesium
GTF2H1;H4C2;Magnesium
GTF2H1;MED14;Magnesium
GTF2H1;H4-16;Magnesium
GTF2H1;MED23;Magnesium
GTF2H1;MED8;Magnesium
GTF2H1;H4C4;Magnesium
GTF2H1;MED22;Magnesium
GTF2H1;MED7;Magnesium
GTF2H1;MED11;Magnesium
GTF2H1;MED25;Magnesium
GTF2H1;MED21;Magnesium
GTF2H1;TAF13;Magnesium
GTF2H1;TAF3;Magnesium
GTF2H1;TAF11;Magnesium
GTF2H1;TAF10;Magnesium
GTF2H1;TAF5;Magnesium
GTF2H1;TAF1;Magnesium
GTF2H1;TAF6;Magnesium
GTF2H1;TAF7;Magnesium
GTF2H1;TAF2;Magnesium
GTF2H1;CDK9;Magnesium
GTF2H1;TAF9;Magnesium
GTF2H1;UVSSA;Magnesium
GTF2H1;POLR2J;Magnesium
GTF2H1;POLR2K;Magnesium
GTF2H1;POLR2L;Magnesium
GTF2H1;POLR2B;Magnesium
GTF2H1;POLR2E;Magnesium
GTF2H1;POLR2H;Magnesium
GTF2H1;POLR2G;Magnesium
GTF2H1;POLR2D;Magnesium
GTF2H1;GTF2A1;Magnesium
GTF2H1;GTF2F2;Magnesium
GTF2H1;GTF2A2;Magnesium
GTF2H1;POLR2F;Magnesium
GTF2H1;GTF2B;Magnesium
GTF2H1;GTF2F1;Magnesium
GTF2H1;POLR2A;Magnesium
GTF2H1;GTF2E2;Magnesium
GTF2H1;GTF2H2;Magnesium
GTF2H1;ERCC2;Magnesium
GTF2H1;CCNH;Magnesium
GTF2H1;GTF2E1;Magnesium
GTF2H1;GTF2H2C;Magnesium
GTF2H1;ERCC3;Magnesium
GTF2H1;GTF2H5;Magnesium
GTF2H1;GTF2H3;Magnesium
MED9;POLR2L;Magnesium
MED9;H4C9;Magnesium
MED9;GTF2E2;Magnesium
MED9;H4C13;Magnesium
MED9;H3C15;Magnesium
MED9;H2AZ1;Magnesium
MED9;H4C12;Magnesium
MED9;H4C2;Magnesium
MED9;TAF13;Magnesium
MED9;H4C1;Magnesium
MED9;H3C14;Magnesium
MED9;H4-16;Magnesium
MED9;H3C13;Magnesium
MED9;GTF2A1;Magnesium
MED9;H4C14;Magnesium
MED9;H2BC11;Magnesium
MED9;H4C5;Magnesium
MED9;H4C3;Magnesium
MED9;H4C8;Magnesium
MED9;H4C15;Magnesium
MED9;TAF9;Magnesium
MED9;GTF2A2;Magnesium
MED9;H4C4;Magnesium
MED9;TAF6;Magnesium
MED9;GTF2E1;Magnesium
MED9;ERCC2;Magnesium
MED9;TAF7;Magnesium
MED9;GTF2H2;Magnesium
MED9;GTF2F1;Magnesium
MED9;GTF2H5;Magnesium
MED9;TAF3;Magnesium
MED9;ERCC3;Magnesium
MED9;TAF8;Magnesium
MED9;GTF2F2;Magnesium
MED9;TAF10;Magnesium
MED9;H4C11;Magnesium
MED9;GTF2H3;Magnesium
MED9;TAF5;Magnesium
MED9;POLR2K;Magnesium
MED9;TAF1;Magnesium
MED9;CCNH;Magnesium
MED9;TAF2;Magnesium
MED9;TAF11;Magnesium
MED9;POLR2F;Magnesium
MED9;POLR2H;Magnesium
MED9;GTF2B;Magnesium
MED9;POLR2J;Magnesium
MED9;POLR2D;Magnesium
MED9;POLR2E;Magnesium
MED9;POLR2G;Magnesium
MED9;POLR2B;Magnesium
MED9;POLR2A;Magnesium
MED9;CCNC;Magnesium
MED9;CDK19;Magnesium
MED9;CDK8;Magnesium
MED9;MED25;Magnesium
MED9;MED27;Magnesium
MED9;MED23;Magnesium
MED9;MED14;Magnesium
MED9;MED24;Magnesium
MED9;MED6;Magnesium
MED9;MED11;Magnesium
MED9;MED16;Magnesium
MED9;MED8;Magnesium
MED9;MED30;Magnesium
MED9;MED22;Magnesium
MED9;MED29;Magnesium
MED9;MED1;Magnesium
MED9;MED18;Magnesium
MED9;MED21;Magnesium
MED9;MED7;Magnesium
MED9;MED19;Magnesium
POLR2D;WWP2;Magnesium
POLR2D;TNKS1BP1;Magnesium
POLR2D;INTS1;Magnesium
POLR2D;INTS4;Magnesium
POLR2D;INTS8;Magnesium
POLR2D;INTS9;Magnesium
POLR2D;INTS11;Magnesium
POLR2D;PPP2R1A;Magnesium
POLR2D;INTS7;Magnesium
POLR2D;MED25;Magnesium
POLR2D;INTS2;Magnesium
POLR2D;MED16;Magnesium
POLR2D;MED23;Magnesium
POLR2D;UVSSA;Magnesium
POLR2D;PPP2CA;Magnesium
POLR2D;MED24;Magnesium
POLR2D;H2AC16;Magnesium
POLR2D;H2AC11;Magnesium
POLR2D;H2AC17;Magnesium
POLR2D;H2AC15;Magnesium
POLR2D;H2AC13;Magnesium
POLR2D;WDR61;Magnesium
POLR2D;H3C14;Magnesium
POLR2D;H3C15;Magnesium
POLR2D;H2AC4;Magnesium
POLR2D;MED30;Magnesium
POLR2D;MED1;Magnesium
POLR2D;H4C4;Magnesium
POLR2D;H4C14;Magnesium
POLR2D;H4-16;Magnesium
POLR2D;H4C15;Magnesium
POLR2D;H4C3;Magnesium
POLR2D;H4C1;Magnesium
POLR2D;H4C12;Magnesium
POLR2D;H4C11;Magnesium
POLR2D;H4C8;Magnesium
POLR2D;H4C5;Magnesium
POLR2D;H4C9;Magnesium
POLR2D;H4C2;Magnesium
POLR2D;H4C13;Magnesium
POLR2D;RECQL5;Magnesium
POLR2D;MED27;Magnesium
POLR2D;CUL4A;Magnesium
POLR2D;TAF7;Magnesium
POLR2D;ELOF1;Magnesium
POLR2D;TAF5;Magnesium
POLR2D;TAF9;Magnesium
POLR2D;TAF3;Magnesium
POLR2D;MED29;Magnesium
POLR2D;MED11;Magnesium
POLR2D;NELFB;Magnesium
POLR2D;TAF1;Magnesium
POLR2D;RPRD1A;Magnesium
POLR2D;NELFCD;Magnesium
POLR2D;NELFA;Magnesium
POLR2D;LEO1;Magnesium
POLR2D;GPN3;Magnesium
POLR2D;TAF10;Magnesium
POLR2D;TAF13;Magnesium
POLR2D;TAF6;Magnesium
POLR2D;DDB1;Magnesium
POLR2D;TAF8;Magnesium
POLR2D;TAF2;Magnesium
POLR2D;RTF1;Magnesium
POLR2D;POLR1B;Magnesium
POLR2D;TAF11;Magnesium
POLR2D;H2AZ1;Magnesium
POLR2D;H2AC6;Magnesium
POLR2D;H2BC11;Magnesium
POLR2D;RPRD1B;Magnesium
POLR2D;H2AC8;Magnesium
POLR2D;GTF2H5;Magnesium
POLR2D;TCEA3;Magnesium
POLR2D;TCEA2;Magnesium
POLR2D;CDC73;Magnesium
POLR2D;H3C13;Magnesium
POLR2D;CTR9;Magnesium
POLR2D;CCNH;Magnesium
POLR2D;SSRP1;Magnesium
POLR2D;GTF2A1;Magnesium
POLR2D;MED19;Magnesium
POLR2D;POLR1C;Magnesium
POLR2D;MED18;Magnesium
POLR2D;POLR2M;Magnesium
POLR2D;GTF2H2;Magnesium
POLR2D;GTF2A2;Magnesium
POLR2D;GTF2E2;Magnesium
POLR2D;MED8;Magnesium
POLR2D;GTF2H3;Magnesium
POLR2D;POLR2J2;Magnesium
POLR2D;ERCC6;Magnesium
POLR2D;GTF2E1;Magnesium
POLR2D;ERCC3;Magnesium
POLR2D;ERCC2;Magnesium
POLR2D;POLR2J3;Magnesium
POLR2D;SUPT6H;Magnesium
POLR2D;MED7;Magnesium
POLR2D;MED22;Magnesium
POLR2D;RPAP2;Magnesium
POLR2D;TCEA1;Magnesium
POLR2D;INTS3;Magnesium
POLR2D;MED6;Magnesium
POLR2D;MED14;Magnesium
POLR2D;GTF2F1;Magnesium
POLR2D;GTF2F2;Magnesium
POLR2D;MED21;Magnesium
POLR2D;GTF2B;Magnesium
POLR2D;INTS5;Magnesium
POLR2D;INTS6;Magnesium
POLR2D;POLR2G;Magnesium
POLR2D;POLR2J;Magnesium
POLR2D;POLR2A;Magnesium
POLR2D;POLR2F;Magnesium
POLR2D;SUPT5H;Magnesium
POLR2D;POLR2H;Magnesium
POLR2D;POLR2E;Magnesium
POLR2D;POLR2K;Magnesium
POLR2D;POLR2B;Magnesium
POLR2D;POLR2L;Magnesium
GTF2H2;H2AZ1;Magnesium
GTF2H2;MED1;Magnesium
GTF2H2;H2BC11;Magnesium
GTF2H2;MED29;Magnesium
GTF2H2;MED16;Magnesium
GTF2H2;MED27;Magnesium
GTF2H2;MED25;Magnesium
GTF2H2;H3C14;Magnesium
GTF2H2;H3C15;Magnesium
GTF2H2;MED19;Magnesium
GTF2H2;MED30;Magnesium
GTF2H2;H4-16;Magnesium
GTF2H2;H4C9;Magnesium
GTF2H2;H4C8;Magnesium
GTF2H2;H4C11;Magnesium
GTF2H2;H4C5;Magnesium
GTF2H2;H4C1;Magnesium
GTF2H2;H4C13;Magnesium
GTF2H2;H4C12;Magnesium
GTF2H2;H4C15;Magnesium
GTF2H2;H4C3;Magnesium
GTF2H2;H4C14;Magnesium
GTF2H2;MED18;Magnesium
GTF2H2;H4C4;Magnesium
GTF2H2;H4C2;Magnesium
GTF2H2;H3C13;Magnesium
GTF2H2;MED22;Magnesium
GTF2H2;MED11;Magnesium
GTF2H2;MED24;Magnesium
GTF2H2;MED23;Magnesium
GTF2H2;MED8;Magnesium
GTF2H2;MED6;Magnesium
GTF2H2;MED14;Magnesium
GTF2H2;MED21;Magnesium
GTF2H2;MED7;Magnesium
GTF2H2;CDK9;Magnesium
GTF2H2;POLR2K;Magnesium
GTF2H2;POLR2F;Magnesium
GTF2H2;TCEA1;Magnesium
GTF2H2;POLR2H;Magnesium
GTF2H2;POLR2E;Magnesium
GTF2H2;POLR2L;Magnesium
GTF2H2;POLR2J;Magnesium
GTF2H2;POLR2G;Magnesium
GTF2H2;GTF2F2;Magnesium
GTF2H2;POLR2B;Magnesium
GTF2H2;POLR2A;Magnesium
GTF2H2;TAF8;Magnesium
GTF2H2;TAF3;Magnesium
GTF2H2;TAF1;Magnesium
GTF2H2;TAF11;Magnesium
GTF2H2;TAF10;Magnesium
GTF2H2;TAF2;Magnesium
GTF2H2;TAF7;Magnesium
GTF2H2;TAF5;Magnesium
GTF2H2;TAF13;Magnesium
GTF2H2;TAF6;Magnesium
GTF2H2;TAF9;Magnesium
GTF2H2;GTF2H2C;Magnesium
GTF2H2;GTF2A1;Magnesium
GTF2H2;GTF2A2;Magnesium
GTF2H2;GTF2F1;Magnesium
GTF2H2;GTF2E2;Magnesium
GTF2H2;GTF2B;Magnesium
GTF2H2;GTF2E1;Magnesium
GTF2H2;GTF2H3;Magnesium
GTF2H2;GTF2H5;Magnesium
GTF2H2;CCNH;Magnesium
GTF2H2;ERCC3;Magnesium
GTF2H2;ERCC2;Magnesium
ASB6;POLR2A;Magnesium
SSRP1;POLR2L;Magnesium
SSRP1;POLR2F;Magnesium
SSRP1;MCM7;Magnesium
SSRP1;POLR2K;Magnesium
SSRP1;H2AX;Magnesium
SSRP1;POLR2E;Magnesium
SSRP1;POLR2H;Magnesium
SSRP1;POLR2G;Magnesium
SSRP1;POLR2B;Magnesium
SSRP1;H2AC6;Magnesium
SSRP1;H4-16;Magnesium
SSRP1;H4C5;Magnesium
SSRP1;H4C14;Magnesium
SSRP1;H4C4;Magnesium
SSRP1;H4C11;Magnesium
SSRP1;H4C8;Magnesium
SSRP1;H4C1;Magnesium
SSRP1;H4C15;Magnesium
SSRP1;H4C3;Magnesium
SSRP1;H4C9;Magnesium
SSRP1;H4C2;Magnesium
SSRP1;H4C12;Magnesium
SSRP1;H4C13;Magnesium
SSRP1;CDC73;Magnesium
SSRP1;CTR9;Magnesium
SSRP1;SUPT5H;Magnesium
SSRP1;LEO1;Magnesium
SSRP1;SUPT6H;Magnesium
MED21;TAF6;Magnesium
MED21;TAF8;Magnesium
MED21;TAF3;Magnesium
MED21;H2BC11;Magnesium
MED21;TAF5;Magnesium
MED21;TAF7;Magnesium
MED21;TAF11;Magnesium
MED21;TAF1;Magnesium
MED21;H3C14;Magnesium
MED21;H3C15;Magnesium
MED21;H2AZ1;Magnesium
MED21;H4C3;Magnesium
MED21;H4-16;Magnesium
MED21;H4C14;Magnesium
MED21;H4C2;Magnesium
MED21;H4C9;Magnesium
MED21;H4C8;Magnesium
MED21;H4C1;Magnesium
MED21;H4C13;Magnesium
MED21;H4C12;Magnesium
MED21;H4C4;Magnesium
MED21;H4C15;Magnesium
MED21;H4C5;Magnesium
MED21;H4C11;Magnesium
MED21;H3C13;Magnesium
MED21;POLR1C;Magnesium
MED21;GTF2H5;Magnesium
MED21;TAF9;Magnesium
MED21;TAF2;Magnesium
MED21;CCNH;Magnesium
MED21;TAF10;Magnesium
MED21;TAF13;Magnesium
MED21;GTF2A1;Magnesium
MED21;ERCC3;Magnesium
MED21;ERCC2;Magnesium
MED21;GTF2F2;Magnesium
MED21;GTF2H3;Magnesium
MED21;GTF2E2;Magnesium
MED21;GTF2A2;Magnesium
MED21;POLR2J;Magnesium
MED21;GTF2E1;Magnesium
MED21;GTF2F1;Magnesium
MED21;CDK19;Magnesium
MED21;POLR2A;Magnesium
MED21;GTF2B;Magnesium
MED21;POLR2F;Magnesium
MED21;POLR2H;Magnesium
MED21;POLR2E;Magnesium
MED21;POLR2L;Magnesium
MED21;POLR2B;Magnesium
MED21;POLR2G;Magnesium
MED21;MED25;Magnesium
MED21;POLR2K;Magnesium
MED21;CCNC;Magnesium
MED21;MED24;Magnesium
MED21;MED1;Magnesium
MED21;MED23;Magnesium
MED21;MED19;Magnesium
MED21;MED27;Magnesium
MED21;CDK8;Magnesium
MED21;MED6;Magnesium
MED21;MED11;Magnesium
MED21;MED14;Magnesium
MED21;MED30;Magnesium
MED21;MED8;Magnesium
MED21;MED16;Magnesium
MED21;MED18;Magnesium
MED21;MED29;Magnesium
MED21;MED7;Magnesium
MED21;MED22;Magnesium
GTF2E1;FBXW12;Magnesium
GTF2E1;CDK20;Magnesium
GTF2E1;MED19;Magnesium
GTF2E1;MED29;Magnesium
GTF2E1;H2BC11;Magnesium
GTF2E1;H2AZ1;Magnesium
GTF2E1;H3C15;Magnesium
GTF2E1;H3C14;Magnesium
GTF2E1;MED8;Magnesium
GTF2E1;MED16;Magnesium
GTF2E1;H4C12;Magnesium
GTF2E1;H4C13;Magnesium
GTF2E1;H4C1;Magnesium
GTF2E1;H4C14;Magnesium
GTF2E1;H4C4;Magnesium
GTF2E1;H4C15;Magnesium
GTF2E1;H4C3;Magnesium
GTF2E1;H4C2;Magnesium
GTF2E1;H4C9;Magnesium
GTF2E1;H4-16;Magnesium
GTF2E1;H4C5;Magnesium
GTF2E1;H3C13;Magnesium
GTF2E1;H4C11;Magnesium
GTF2E1;H4C8;Magnesium
GTF2E1;MED11;Magnesium
GTF2E1;MED22;Magnesium
GTF2E1;POLR1B;Magnesium
GTF2E1;MED1;Magnesium
GTF2E1;MED25;Magnesium
GTF2E1;MED30;Magnesium
GTF2E1;MED24;Magnesium
GTF2E1;MED18;Magnesium
GTF2E1;POLR1C;Magnesium
GTF2E1;MED27;Magnesium
GTF2E1;GTF2H2C;Magnesium
GTF2E1;MED23;Magnesium
GTF2E1;MED6;Magnesium
GTF2E1;MED14;Magnesium
GTF2E1;MED7;Magnesium
GTF2E1;POLR2J;Magnesium
GTF2E1;POLR2H;Magnesium
GTF2E1;TAF10;Magnesium
GTF2E1;TAF3;Magnesium
GTF2E1;TAF13;Magnesium
GTF2E1;TAF8;Magnesium
GTF2E1;TAF5;Magnesium
GTF2E1;TAF2;Magnesium
GTF2E1;TCEA1;Magnesium
GTF2E1;GTF2H5;Magnesium
GTF2E1;TAF9;Magnesium
GTF2E1;TAF1;Magnesium
GTF2E1;TAF11;Magnesium
GTF2E1;POLR2B;Magnesium
GTF2E1;POLR2L;Magnesium
GTF2E1;TAF7;Magnesium
GTF2E1;POLR2E;Magnesium
GTF2E1;POLR2K;Magnesium
GTF2E1;POLR2F;Magnesium
GTF2E1;TAF6;Magnesium
GTF2E1;POLR2G;Magnesium
GTF2E1;GTF2A1;Magnesium
GTF2E1;CCNH;Magnesium
GTF2E1;GTF2A2;Magnesium
GTF2E1;GTF2B;Magnesium
GTF2E1;GTF2F1;Magnesium
GTF2E1;ERCC2;Magnesium
GTF2E1;GTF2E2;Magnesium
GTF2E1;GTF2F2;Magnesium
GTF2E1;ERCC3;Magnesium
GTF2E1;POLR2A;Magnesium
GTF2E1;GTF2H3;Magnesium
ERCC3;H2BC11;Magnesium
ERCC3;H2AZ1;Magnesium
ERCC3;MED29;Magnesium
ERCC3;MED25;Magnesium
ERCC3;MED16;Magnesium
ERCC3;MED11;Magnesium
ERCC3;MED8;Magnesium
ERCC3;MED30;Magnesium
ERCC3;MED19;Magnesium
ERCC3;H4C8;Magnesium
ERCC3;H4C11;Magnesium
ERCC3;H4C5;Magnesium
ERCC3;H4-16;Magnesium
ERCC3;H4C2;Magnesium
ERCC3;H4C9;Magnesium
ERCC3;H4C4;Magnesium
ERCC3;H4C3;Magnesium
ERCC3;H4C15;Magnesium
ERCC3;H4C14;Magnesium
ERCC3;H4C1;Magnesium
ERCC3;H4C13;Magnesium
ERCC3;H4C12;Magnesium
ERCC3;MED18;Magnesium
ERCC3;MED22;Magnesium
ERCC3;H3C14;Magnesium
ERCC3;H3C15;Magnesium
ERCC3;H3C13;Magnesium
ERCC3;MED24;Magnesium
ERCC3;MED23;Magnesium
ERCC3;CDK9;Magnesium
ERCC3;MED27;Magnesium
ERCC3;MED1;Magnesium
ERCC3;MED6;Magnesium
ERCC3;POLR2J;Magnesium
ERCC3;POLR2L;Magnesium
ERCC3;POLR2K;Magnesium
ERCC3;MED14;Magnesium
ERCC3;MED7;Magnesium
ERCC3;POLR2H;Magnesium
ERCC3;POLR2G;Magnesium
ERCC3;POLR2B;Magnesium
ERCC3;TAF13;Magnesium
ERCC3;TAF9;Magnesium
ERCC3;TAF3;Magnesium
ERCC3;TAF10;Magnesium
ERCC3;TAF11;Magnesium
ERCC3;TAF5;Magnesium
ERCC3;TAF8;Magnesium
ERCC3;TCEA1;Magnesium
ERCC3;TAF7;Magnesium
ERCC3;TAF1;Magnesium
ERCC3;TAF6;Magnesium
ERCC3;TAF2;Magnesium
ERCC3;POLR2F;Magnesium
ERCC3;GTF2F2;Magnesium
ERCC3;GTF2A2;Magnesium
ERCC3;GTF2H2C;Magnesium
ERCC3;POLR2E;Magnesium
ERCC3;GTF2A1;Magnesium
ERCC3;GTF2F1;Magnesium
ERCC3;POLR2A;Magnesium
ERCC3;GTF2H3;Magnesium
ERCC3;GTF2H5;Magnesium
ERCC3;CCNH;Magnesium
ERCC3;GTF2E2;Magnesium
ERCC3;ERCC2;Magnesium
ERCC3;GTF2B;Magnesium
MED7;POLR1B;Magnesium
MED7;H3C14;Magnesium
MED7;H3C15;Magnesium
MED7;TAF13;Magnesium
MED7;TAF3;Magnesium
MED7;H2BC11;Magnesium
MED7;H2AZ1;Magnesium
MED7;POLR2J2;Magnesium
MED7;POLR2J3;Magnesium
MED7;H3C13;Magnesium
MED7;H4C2;Magnesium
MED7;H4C3;Magnesium
MED7;H4C15;Magnesium
MED7;H4C14;Magnesium
MED7;H4C1;Magnesium
MED7;H4C12;Magnesium
MED7;H4C13;Magnesium
MED7;H4C8;Magnesium
MED7;H4C5;Magnesium
MED7;H4C9;Magnesium
MED7;H4C4;Magnesium
MED7;H4C11;Magnesium
MED7;TAF8;Magnesium
MED7;GTF2H5;Magnesium
MED7;H4-16;Magnesium
MED7;TAF1;Magnesium
MED7;POLR1C;Magnesium
MED7;TAF2;Magnesium
MED7;TAF11;Magnesium
MED7;TAF6;Magnesium
MED7;TAF9;Magnesium
MED7;TAF5;Magnesium
MED7;TAF7;Magnesium
MED7;TAF10;Magnesium
MED7;CCNH;Magnesium
MED7;GTF2H3;Magnesium
MED7;GTF2A2;Magnesium
MED7;GTF2F1;Magnesium
MED7;ERCC2;Magnesium
MED7;GTF2F2;Magnesium
MED7;GTF2A1;Magnesium
MED7;GTF2E2;Magnesium
MED7;POLR2J;Magnesium
MED7;POLR2F;Magnesium
MED7;POLR2L;Magnesium
MED7;GTF2B;Magnesium
MED7;POLR2K;Magnesium
MED7;POLR2H;Magnesium
MED7;CCNC;Magnesium
MED7;POLR2E;Magnesium
MED7;POLR2B;Magnesium
MED7;MED25;Magnesium
MED7;CDK19;Magnesium
MED7;POLR2G;Magnesium
MED7;POLR2A;Magnesium
MED7;MED23;Magnesium
MED7;MED24;Magnesium
MED7;CDK8;Magnesium
MED7;MED30;Magnesium
MED7;MED1;Magnesium
MED7;MED16;Magnesium
MED7;MED29;Magnesium
MED7;MED19;Magnesium
MED7;MED8;Magnesium
MED7;MED6;Magnesium
MED7;MED11;Magnesium
MED7;MED14;Magnesium
MED7;MED27;Magnesium
MED7;MED18;Magnesium
MED7;MED22;Magnesium
SCAF4;POLR2A;Magnesium
MED8;H4-16;Magnesium
MED8;H3C14;Magnesium
MED8;H4C1;Magnesium
MED8;H4C9;Magnesium
MED8;H4C2;Magnesium
MED8;H4C12;Magnesium
MED8;H3C15;Magnesium
MED8;H4C13;Magnesium
MED8;H4C15;Magnesium
MED8;H4C3;Magnesium
MED8;H4C4;Magnesium
MED8;H4C5;Magnesium
MED8;H2BC11;Magnesium
MED8;H4C14;Magnesium
MED8;H2AZ1;Magnesium
MED8;H4C8;Magnesium
MED8;H3C13;Magnesium
MED8;TAF9;Magnesium
MED8;TAF13;Magnesium
MED8;H4C11;Magnesium
MED8;GTF2A1;Magnesium
MED8;TAF5;Magnesium
MED8;TAF6;Magnesium
MED8;GTF2A2;Magnesium
MED8;TAF3;Magnesium
MED8;GTF2F1;Magnesium
MED8;GTF2E2;Magnesium
MED8;GTF2H5;Magnesium
MED8;TAF10;Magnesium
MED8;TAF7;Magnesium
MED8;TAF2;Magnesium
MED8;ERCC2;Magnesium
MED8;TAF1;Magnesium
MED8;GTF2H3;Magnesium
MED8;POLR2L;Magnesium
MED8;POLR2H;Magnesium
MED8;POLR2K;Magnesium
MED8;TAF8;Magnesium
MED8;POLR2E;Magnesium
MED8;TAF11;Magnesium
MED8;POLR2F;Magnesium
MED8;GTF2F2;Magnesium
MED8;POLR2B;Magnesium
MED8;CCNH;Magnesium
MED8;GTF2B;Magnesium
MED8;POLR2J;Magnesium
MED8;POLR2A;Magnesium
MED8;POLR2G;Magnesium
MED8;MED25;Magnesium
MED8;CCNC;Magnesium
MED8;CDK19;Magnesium
MED8;MED23;Magnesium
MED8;MED24;Magnesium
MED8;CDK8;Magnesium
MED8;MED16;Magnesium
MED8;MED27;Magnesium
MED8;MED29;Magnesium
MED8;MED14;Magnesium
MED8;MED18;Magnesium
MED8;MED1;Magnesium
MED8;MED6;Magnesium
MED8;MED11;Magnesium
MED8;MED22;Magnesium
MED8;MED19;Magnesium
MED8;MED30;Magnesium
SSU72;POLR2A;Magnesium
MED27;TAF3;Magnesium
MED27;H4C5;Magnesium
MED27;H2BC11;Magnesium
MED27;H4C8;Magnesium
MED27;H4C11;Magnesium
MED27;H4C2;Magnesium
MED27;H4C9;Magnesium
MED27;H4-16;Magnesium
MED27;H4C14;Magnesium
MED27;H4C4;Magnesium
MED27;H4C15;Magnesium
MED27;H4C3;Magnesium
MED27;H4C12;Magnesium
MED27;H4C13;Magnesium
MED27;H4C1;Magnesium
MED27;TAF11;Magnesium
MED27;TAF13;Magnesium
MED27;TAF7;Magnesium
MED27;H3C15;Magnesium
MED27;H3C14;Magnesium
MED27;TAF8;Magnesium
MED27;TAF10;Magnesium
MED27;ERCC2;Magnesium
MED27;GTF2H5;Magnesium
MED27;H3C13;Magnesium
MED27;TAF1;Magnesium
MED27;TAF9;Magnesium
MED27;GTF2A2;Magnesium
MED27;GTF2H3;Magnesium
MED27;TAF6;Magnesium
MED27;GTF2F2;Magnesium
MED27;H2AZ1;Magnesium
MED27;GTF2E2;Magnesium
MED27;POLR2L;Magnesium
MED27;POLR2K;Magnesium
MED27;POLR2H;Magnesium
MED27;CCNH;Magnesium
MED27;TAF5;Magnesium
MED27;TAF2;Magnesium
MED27;POLR2G;Magnesium
MED27;POLR2J;Magnesium
MED27;GTF2F1;Magnesium
MED27;POLR2F;Magnesium
MED27;POLR2E;Magnesium
MED27;POLR2B;Magnesium
MED27;GTF2B;Magnesium
MED27;GTF2A1;Magnesium
MED27;POLR2A;Magnesium
MED27;CDK19;Magnesium
MED27;CCNC;Magnesium
MED27;MED25;Magnesium
MED27;CDK8;Magnesium
MED27;MED23;Magnesium
MED27;MED6;Magnesium
MED27;MED30;Magnesium
MED27;MED19;Magnesium
MED27;MED11;Magnesium
MED27;MED1;Magnesium
MED27;MED14;Magnesium
MED27;MED24;Magnesium
MED27;MED22;Magnesium
MED27;MED18;Magnesium
MED27;MED16;Magnesium
MED27;MED29;Magnesium
POLR2J;UVSSA;Magnesium
POLR2J;INTS2;Magnesium
POLR2J;INTS7;Magnesium
POLR2J;INTS11;Magnesium
POLR2J;INTS4;Magnesium
POLR2J;PPP2R1A;Magnesium
POLR2J;INTS1;Magnesium
POLR2J;PPP2CA;Magnesium
POLR2J;WDR61;Magnesium
POLR2J;MED25;Magnesium
POLR2J;H2AC15;Magnesium
POLR2J;H2AC11;Magnesium
POLR2J;H2AC4;Magnesium
POLR2J;H2AC16;Magnesium
POLR2J;H2AC13;Magnesium
POLR2J;H2AC17;Magnesium
POLR2J;H3C15;Magnesium
POLR2J;H3C14;Magnesium
POLR2J;H4C9;Magnesium
POLR2J;H4-16;Magnesium
POLR2J;H4C5;Magnesium
POLR2J;H4C8;Magnesium
POLR2J;H4C12;Magnesium
POLR2J;MED16;Magnesium
POLR2J;H4C1;Magnesium
POLR2J;H4C14;Magnesium
POLR2J;H4C15;Magnesium
POLR2J;H4C3;Magnesium
POLR2J;H4C4;Magnesium
POLR2J;H4C2;Magnesium
POLR2J;H4C13;Magnesium
POLR2J;H4C11;Magnesium
POLR2J;MED23;Magnesium
POLR2J;MED11;Magnesium
POLR2J;INTS9;Magnesium
POLR2J;MED1;Magnesium
POLR2J;INTS8;Magnesium
POLR2J;MED24;Magnesium
POLR2J;RTF1;Magnesium
POLR2J;LEO1;Magnesium
POLR2J;TAF5;Magnesium
POLR2J;TAF7;Magnesium
POLR2J;CUL4A;Magnesium
POLR2J;POLR2J3;Magnesium
POLR2J;CTDP1;Magnesium
POLR2J;TAF1;Magnesium
POLR2J;TAF3;Magnesium
POLR2J;RPRD1B;Magnesium
POLR2J;TAF13;Magnesium
POLR2J;NELFCD;Magnesium
POLR2J;TAF11;Magnesium
POLR2J;H2BC11;Magnesium
POLR2J;TAF8;Magnesium
POLR2J;TAF2;Magnesium
POLR2J;CTR9;Magnesium
POLR2J;MED30;Magnesium
POLR2J;POLR2J2;Magnesium
POLR2J;TAF10;Magnesium
POLR2J;H2AC8;Magnesium
POLR2J;H2AC6;Magnesium
POLR2J;H2AZ1;Magnesium
POLR2J;DDB1;Magnesium
POLR2J;GTF2H5;Magnesium
POLR2J;TAF9;Magnesium
POLR2J;CDC73;Magnesium
POLR2J;TAF6;Magnesium
POLR2J;H3C13;Magnesium
POLR2J;CCNH;Magnesium
POLR2J;MED29;Magnesium
POLR2J;SUPT6H;Magnesium
POLR2J;MED19;Magnesium
POLR2J;ERCC6;Magnesium
POLR2J;GTF2A1;Magnesium
POLR2J;NELFA;Magnesium
POLR2J;NELFB;Magnesium
POLR2J;POLR1C;Magnesium
POLR2J;GTF2H3;Magnesium
POLR2J;MED22;Magnesium
POLR2J;GTF2E2;Magnesium
POLR2J;ERCC2;Magnesium
POLR2J;GTF2A2;Magnesium
POLR2J;POLR2M;Magnesium
POLR2J;TCEA1;Magnesium
POLR2J;MED6;Magnesium
POLR2J;MED18;Magnesium
POLR2J;GTF2F1;Magnesium
POLR2J;MED14;Magnesium
POLR2J;GTF2F2;Magnesium
POLR2J;GTF2B;Magnesium
POLR2J;RPAP2;Magnesium
POLR2J;SUPT5H;Magnesium
POLR2J;INTS6;Magnesium
POLR2J;INTS3;Magnesium
POLR2J;INTS5;Magnesium
POLR2J;POLR2B;Magnesium
POLR2J;POLR2L;Magnesium
POLR2J;POLR2E;Magnesium
POLR2J;POLR2K;Magnesium
POLR2J;POLR2H;Magnesium
POLR2J;POLR2F;Magnesium
POLR2J;POLR2A;Magnesium
POLR2J;POLR2G;Magnesium
MED11;TAF3;Magnesium
MED11;H2BC11;Magnesium
MED11;H4C5;Magnesium
MED11;H4C8;Magnesium
MED11;H4C11;Magnesium
MED11;H4C9;Magnesium
MED11;H4C2;Magnesium
MED11;H4C14;Magnesium
MED11;H4C3;Magnesium
MED11;H4C15;Magnesium
MED11;H4C4;Magnesium
MED11;H4C13;Magnesium
MED11;H3C15;Magnesium
MED11;H4C12;Magnesium
MED11;H4C1;Magnesium
MED11;H3C14;Magnesium
MED11;TAF7;Magnesium
MED11;TAF5;Magnesium
MED11;TAF13;Magnesium
MED11;TAF6;Magnesium
MED11;TAF11;Magnesium
MED11;H2AZ1;Magnesium
MED11;H3C13;Magnesium
MED11;TAF1;Magnesium
MED11;TAF9;Magnesium
MED11;POLR2K;Magnesium
MED11;H4-16;Magnesium
MED11;POLR2F;Magnesium
MED11;GTF2A2;Magnesium
MED11;POLR2L;Magnesium
MED11;GTF2A1;Magnesium
MED11;GTF2F2;Magnesium
MED11;ERCC2;Magnesium
MED11;TAF8;Magnesium
MED11;TAF10;Magnesium
MED11;TAF2;Magnesium
MED11;GTF2H5;Magnesium
MED11;GTF2H3;Magnesium
MED11;GTF2E2;Magnesium
MED11;GTF2F1;Magnesium
MED11;POLR2H;Magnesium
MED11;CCNH;Magnesium
MED11;POLR2B;Magnesium
MED11;POLR2G;Magnesium
MED11;POLR2E;Magnesium
MED11;POLR2A;Magnesium
MED11;GTF2B;Magnesium
MED11;CDK19;Magnesium
MED11;CCNC;Magnesium
MED11;MED25;Magnesium
MED11;CDK8;Magnesium
MED11;MED23;Magnesium
MED11;MED24;Magnesium
MED11;MED1;Magnesium
MED11;MED16;Magnesium
MED11;MED19;Magnesium
MED11;MED30;Magnesium
MED11;MED14;Magnesium
MED11;MED6;Magnesium
MED11;MED22;Magnesium
MED11;MED29;Magnesium
MED11;MED18;Magnesium
POLR3K;GPN3;Magnesium
POLR3K;POLR2K;Magnesium
POLR3K;POLR2L;Magnesium
POLR3K;POLR2E;Magnesium
POLR3K;POLR1C;Magnesium
POLR3K;POLR2H;Magnesium
POLR3K;POLR2F;Magnesium
IWS1;POLR2E;Magnesium
IWS1;POLR1C;Magnesium
IWS1;EAF1;Magnesium
IWS1;CTDP1;Magnesium
IWS1;ELOF1;Magnesium
IWS1;RTF1;Magnesium
IWS1;CTR9;Magnesium
IWS1;POLR2B;Magnesium
IWS1;LEO1;Magnesium
IWS1;POLR2A;Magnesium
IWS1;TCEA1;Magnesium
IWS1;SUPT5H;Magnesium
IWS1;SUPT6H;Magnesium
H2AZ1;MED19;Magnesium
H2AZ1;GTF2H3;Magnesium
H2AZ1;MED6;Magnesium
H2AZ1;MED22;Magnesium
H2AZ1;TAF8;Magnesium
H2AZ1;MED16;Magnesium
H2AZ1;ERCC2;Magnesium
H2AZ1;GTF2E2;Magnesium
H2AZ1;GTF2F2;Magnesium
H2AZ1;MED25;Magnesium
H2AZ1;GTF2A1;Magnesium
H2AZ1;GTF2F1;Magnesium
H2AZ1;TAF11;Magnesium
H2AZ1;MED24;Magnesium
H2AZ1;MED29;Magnesium
H2AZ1;CCNH;Magnesium
H2AZ1;MED30;Magnesium
H2AZ1;TAF13;Magnesium
H2AZ1;MED18;Magnesium
H2AZ1;TAF6;Magnesium
H2AZ1;GTF2A2;Magnesium
H2AZ1;TAF3;Magnesium
H2AZ1;TAF2;Magnesium
H2AZ1;TAF9;Magnesium
H2AZ1;TAF10;Magnesium
H2AZ1;TAF5;Magnesium
H2AZ1;GTF2H5;Magnesium
H2AZ1;GTF2B;Magnesium
H2AZ1;H3C15;Magnesium
H2AZ1;H4C1;Magnesium
H2AZ1;H4C14;Magnesium
H2AZ1;H4-16;Magnesium
H2AZ1;H4C15;Magnesium
H2AZ1;POLR2H;Magnesium
H2AZ1;POLR2E;Magnesium
H2AZ1;POLR2L;Magnesium
H2AZ1;POLR2F;Magnesium
H2AZ1;H4C3;Magnesium
H2AZ1;POLR2B;Magnesium
H2AZ1;POLR2K;Magnesium
H2AZ1;POLR2G;Magnesium
H2AZ1;H4C12;Magnesium
H2AZ1;H4C9;Magnesium
H2AZ1;H4C5;Magnesium
H2AZ1;H4C8;Magnesium
H2AZ1;H4C4;Magnesium
H2AZ1;H4C11;Magnesium
H2AZ1;H4C2;Magnesium
H2AZ1;H4C13;Magnesium
H2AZ1;H3C14;Magnesium
H2AZ1;RUVBL2;Magnesium
FBXW12;GTF2E2;Magnesium
FBXW12;GTF2H3;Magnesium
FBXW12;CCNH;Magnesium
MED30;H4C9;Magnesium
MED30;H4C2;Magnesium
MED30;H4C12;Magnesium
MED30;H4C13;Magnesium
MED30;TAF13;Magnesium
MED30;H4-16;Magnesium
MED30;H3C14;Magnesium
MED30;TAF1;Magnesium
MED30;H4C1;Magnesium
MED30;TAF10;Magnesium
MED30;TAF7;Magnesium
MED30;H4C5;Magnesium
MED30;H4C14;Magnesium
MED30;H2BC11;Magnesium
MED30;TAF3;Magnesium
MED30;H4C11;Magnesium
MED30;H4C15;Magnesium
MED30;H4C8;Magnesium
MED30;H4C4;Magnesium
MED30;TAF11;Magnesium
MED30;TAF8;Magnesium
MED30;TAF5;Magnesium
MED30;TAF6;Magnesium
MED30;H4C3;Magnesium
MED30;H3C13;Magnesium
MED30;GTF2H5;Magnesium
MED30;ERCC2;Magnesium
MED30;GTF2H3;Magnesium
MED30;TAF9;Magnesium
MED30;H3C15;Magnesium
MED30;GTF2A2;Magnesium
MED30;GTF2F2;Magnesium
MED30;GTF2A1;Magnesium
MED30;POLR2K;Magnesium
MED30;TAF2;Magnesium
MED30;POLR2L;Magnesium
MED30;GTF2F1;Magnesium
MED30;CCNH;Magnesium
MED30;POLR2B;Magnesium
MED30;POLR2H;Magnesium
MED30;GTF2B;Magnesium
MED30;GTF2E2;Magnesium
MED30;POLR2E;Magnesium
MED30;POLR2F;Magnesium
MED30;POLR2G;Magnesium
MED30;POLR2A;Magnesium
MED30;CCNC;Magnesium
MED30;CDK19;Magnesium
MED30;MED25;Magnesium
MED30;MED24;Magnesium
MED30;CDK8;Magnesium
MED30;MED16;Magnesium
MED30;MED19;Magnesium
MED30;MED23;Magnesium
MED30;MED22;Magnesium
MED30;MED29;Magnesium
MED30;MED14;Magnesium
MED30;MED18;Magnesium
MED30;MED6;Magnesium
MED30;MED1;Magnesium
TAF10;MED24;Magnesium
TAF10;MED1;Magnesium
TAF10;MED16;Magnesium
TAF10;H4C5;Magnesium
TAF10;H4C11;Magnesium
TAF10;H4C8;Magnesium
TAF10;H4C9;Magnesium
TAF10;H4C2;Magnesium
TAF10;H4-16;Magnesium
TAF10;H4C14;Magnesium
TAF10;H4C15;Magnesium
TAF10;H4C4;Magnesium
TAF10;H4C12;Magnesium
TAF10;H4C13;Magnesium
TAF10;H4C1;Magnesium
TAF10;H4C3;Magnesium
TAF10;MED19;Magnesium
TAF10;H3C15;Magnesium
TAF10;H3C14;Magnesium
TAF10;MED23;Magnesium
TAF10;MED29;Magnesium
TAF10;MED25;Magnesium
TAF10;MED22;Magnesium
TAF10;MED14;Magnesium
TAF10;MED18;Magnesium
TAF10;MED6;Magnesium
TAF10;CCNH;Magnesium
TAF10;POLR2K;Magnesium
TAF10;POLR2F;Magnesium
TAF10;POLR2G;Magnesium
TAF10;H3C13;Magnesium
TAF10;POLR2B;Magnesium
TAF10;TCEA1;Magnesium
TAF10;POLR2H;Magnesium
TAF10;POLR2L;Magnesium
TAF10;GTF2F2;Magnesium
TAF10;POLR2E;Magnesium
TAF10;H2BC11;Magnesium
TAF10;TAF1L;Magnesium
TAF10;POLR2A;Magnesium
TAF10;ERCC2;Magnesium
TAF10;GTF2H3;Magnesium
TAF10;GTF2F1;Magnesium
TAF10;GTF2A1;Magnesium
TAF10;GTF2E2;Magnesium
TAF10;GTF2H5;Magnesium
TAF10;GTF2A2;Magnesium
TAF10;GTF2B;Magnesium
TAF10;TAF7;Magnesium
TAF10;TAF3;Magnesium
TAF10;TAF8;Magnesium
TAF10;TAF6;Magnesium
TAF10;TAF2;Magnesium
TAF10;TAF5;Magnesium
TAF10;TAF11;Magnesium
TAF10;TAF13;Magnesium
TAF10;TAF1;Magnesium
LEO1;CUL4A;Magnesium
LEO1;H2AC15;Magnesium
LEO1;H2AC11;Magnesium
LEO1;H2AC16;Magnesium
LEO1;UVSSA;Magnesium
LEO1;H2AC13;Magnesium
LEO1;DDB1;Magnesium
LEO1;H2AC17;Magnesium
LEO1;H2AC6;Magnesium
LEO1;H2AC4;Magnesium
LEO1;H4-16;Magnesium
LEO1;H4C3;Magnesium
LEO1;H4C2;Magnesium
LEO1;H4C9;Magnesium
LEO1;H4C5;Magnesium
LEO1;H4C8;Magnesium
LEO1;H4C11;Magnesium
LEO1;H4C12;Magnesium
LEO1;H4C13;Magnesium
LEO1;H4C1;Magnesium
LEO1;H4C14;Magnesium
LEO1;H4C15;Magnesium
LEO1;H4C4;Magnesium
LEO1;H2AC8;Magnesium
LEO1;H3C15;Magnesium
LEO1;H3C14;Magnesium
LEO1;TNKS1BP1;Magnesium
LEO1;POLR2L;Magnesium
LEO1;NELFCD;Magnesium
LEO1;NELFA;Magnesium
LEO1;POLR2K;Magnesium
LEO1;EAF1;Magnesium
LEO1;POLR2H;Magnesium
LEO1;POLR2F;Magnesium
LEO1;ELOC;Magnesium
LEO1;POLR2E;Magnesium
LEO1;ELOF1;Magnesium
LEO1;H2BC11;Magnesium
LEO1;H3C13;Magnesium
LEO1;POLR2G;Magnesium
LEO1;NELFE;Magnesium
LEO1;NELFB;Magnesium
LEO1;CDK9;Magnesium
LEO1;TCEA1;Magnesium
LEO1;POLR2B;Magnesium
LEO1;TCEA2;Magnesium
LEO1;SUPT6H;Magnesium
LEO1;ELOA;Magnesium
LEO1;ERCC6;Magnesium
LEO1;POLR2A;Magnesium
LEO1;RTF1;Magnesium
LEO1;CTR9;Magnesium
LEO1;SUPT5H;Magnesium
LEO1;CDC73;Magnesium
LEO1;WDR61;Magnesium
POLR2M;GPN3;Magnesium
POLR2M;RPRD1A;Magnesium
POLR2M;RECQL5;Magnesium
POLR2M;RPRD1B;Magnesium
POLR2M;RPAP2;Magnesium
POLR2M;POLR2H;Magnesium
POLR2M;POLR2K;Magnesium
POLR2M;POLR2F;Magnesium
POLR2M;POLR2L;Magnesium
POLR2M;POLR2G;Magnesium
POLR2M;POLR2E;Magnesium
POLR2M;POLR2A;Magnesium
POLR2M;POLR2B;Magnesium
MED1;TAF13;Magnesium
MED1;GTF2H5;Magnesium
MED1;H4C4;Magnesium
MED1;H4C3;Magnesium
MED1;H4-16;Magnesium
MED1;H4C1;Magnesium
MED1;H4C12;Magnesium
MED1;H4C13;Magnesium
MED1;H4C15;Magnesium
MED1;H4C14;Magnesium
MED1;H4C2;Magnesium
MED1;H4C9;Magnesium
MED1;H4C11;Magnesium
MED1;H4C8;Magnesium
MED1;H4C5;Magnesium
MED1;ERCC2;Magnesium
MED1;TAF6;Magnesium
MED1;H2BC11;Magnesium
MED1;TAF11;Magnesium
MED1;TAF8;Magnesium
MED1;TAF3;Magnesium
MED1;GTF2A2;Magnesium
MED1;POLR2K;Magnesium
MED1;H3C14;Magnesium
MED1;H3C15;Magnesium
MED1;TAF5;Magnesium
MED1;GTF2H3;Magnesium
MED1;TAF9;Magnesium
MED1;GTF2E2;Magnesium
MED1;POLR2H;Magnesium
MED1;GTF2F1;Magnesium
MED1;TAF2;Magnesium
MED1;POLR2G;Magnesium
MED1;GTF2F2;Magnesium
MED1;CCNH;Magnesium
MED1;POLR2L;Magnesium
MED1;GTF2B;Magnesium
MED1;GTF2A1;Magnesium
MED1;POLR2B;Magnesium
MED1;POLR2F;Magnesium
MED1;POLR2E;Magnesium
MED1;MED18;Magnesium
MED1;MED16;Magnesium
MED1;MED29;Magnesium
MED1;CCNC;Magnesium
MED1;MED22;Magnesium
MED1;MED6;Magnesium
MED1;MED24;Magnesium
MED1;CDK19;Magnesium
MED1;MED19;Magnesium
MED1;MED25;Magnesium
DDB1;H2AC4;Magnesium
DDB1;H4C3;Magnesium
DDB1;H4C14;Magnesium
DDB1;H4C4;Magnesium
DDB1;H4C5;Magnesium
DDB1;H4C15;Magnesium
DDB1;H4C13;Magnesium
DDB1;H4C12;Magnesium
DDB1;H4C1;Magnesium
DDB1;H4C8;Magnesium
DDB1;H4C11;Magnesium
DDB1;H4C9;Magnesium
DDB1;H4C2;Magnesium
DDB1;SUPT6H;Magnesium
DDB1;H4-16;Magnesium
DDB1;CDC73;Magnesium
DDB1;CTR9;Magnesium
DDB1;H2BC11;Magnesium
DDB1;WDR61;Magnesium
DDB1;H3C12;Magnesium
DDB1;POLR2K;Magnesium
DDB1;POLR2F;Magnesium
DDB1;POLR2L;Magnesium
DDB1;POLR2H;Magnesium
DDB1;POLR2G;Magnesium
DDB1;POLR2E;Magnesium
DDB1;POLR2A;Magnesium
DDB1;POLR2B;Magnesium
DDB1;UVSSA;Magnesium
DDB1;H2AC8;Magnesium
DDB1;ERCC6;Magnesium
POLR2G;TNKS1BP1;Magnesium
POLR2G;PPP2CA;Magnesium
POLR2G;INTS2;Magnesium
POLR2G;INTS7;Magnesium
POLR2G;UVSSA;Magnesium
POLR2G;INTS11;Magnesium
POLR2G;INTS1;Magnesium
POLR2G;INTS9;Magnesium
POLR2G;INTS4;Magnesium
POLR2G;INTS8;Magnesium
POLR2G;PPP2R1A;Magnesium
POLR2G;MED25;Magnesium
POLR2G;MED23;Magnesium
POLR2G;WDR61;Magnesium
POLR2G;MED24;Magnesium
POLR2G;MED16;Magnesium
POLR2G;H2AC15;Magnesium
POLR2G;H2AC4;Magnesium
POLR2G;H2AC13;Magnesium
POLR2G;H2AC11;Magnesium
POLR2G;H2AC16;Magnesium
POLR2G;H2AC17;Magnesium
POLR2G;H3C15;Magnesium
POLR2G;H3C14;Magnesium
POLR2G;H4C5;Magnesium
POLR2G;H4C11;Magnesium
POLR2G;H4C8;Magnesium
POLR2G;H4C9;Magnesium
POLR2G;H4-16;Magnesium
POLR2G;H4C14;Magnesium
POLR2G;H4C15;Magnesium
POLR2G;H4C4;Magnesium
POLR2G;H4C12;Magnesium
POLR2G;H4C1;Magnesium
POLR2G;POLR1B;Magnesium
POLR2G;H4C13;Magnesium
POLR2G;H4C2;Magnesium
POLR2G;H4C3;Magnesium
POLR2G;GPN3;Magnesium
POLR2G;ELOF1;Magnesium
POLR2G;TCEA3;Magnesium
POLR2G;TCEA2;Magnesium
POLR2G;MED29;Magnesium
POLR2G;RECQL5;Magnesium
POLR2G;TAF8;Magnesium
POLR2G;TAF2;Magnesium
POLR2G;CUL4A;Magnesium
POLR2G;TAF7;Magnesium
POLR2G;NELFCD;Magnesium
POLR2G;RTF1;Magnesium
POLR2G;NELFB;Magnesium
POLR2G;NELFA;Magnesium
POLR2G;TAF13;Magnesium
POLR2G;TAF9;Magnesium
POLR2G;TAF6;Magnesium
POLR2G;TAF5;Magnesium
POLR2G;TAF11;Magnesium
POLR2G;GTF2H5;Magnesium
POLR2G;TAF3;Magnesium
POLR2G;H2BC11;Magnesium
POLR2G;RPRD2;Magnesium
POLR2G;RPRD1A;Magnesium
POLR2G;H2AC8;Magnesium
POLR2G;H2AC6;Magnesium
POLR2G;RPRD1B;Magnesium
POLR2G;H3C13;Magnesium
POLR2G;CTR9;Magnesium
POLR2G;MED19;Magnesium
POLR2G;CCNH;Magnesium
POLR2G;TAF1;Magnesium
POLR2G;GTF2A1;Magnesium
POLR2G;CDC73;Magnesium
POLR2G;POLR1C;Magnesium
POLR2G;MED22;Magnesium
POLR2G;ERCC6;Magnesium
POLR2G;GTF2A2;Magnesium
POLR2G;GTF2H3;Magnesium
POLR2G;ERCC2;Magnesium
POLR2G;CTDP1;Magnesium
POLR2G;GTF2E2;Magnesium
POLR2G;MED18;Magnesium
POLR2G;POLR2J2;Magnesium
POLR2G;POLR2J3;Magnesium
POLR2G;SUPT6H;Magnesium
POLR2G;TCEA1;Magnesium
POLR2G;INTS3;Magnesium
POLR2G;MED6;Magnesium
POLR2G;MED14;Magnesium
POLR2G;RPAP2;Magnesium
POLR2G;GTF2B;Magnesium
POLR2G;INTS6;Magnesium
POLR2G;GTF2F2;Magnesium
POLR2G;INTS5;Magnesium
POLR2G;GTF2F1;Magnesium
POLR2G;POLR2H;Magnesium
POLR2G;SUPT5H;Magnesium
POLR2G;POLR2F;Magnesium
POLR2G;POLR2A;Magnesium
POLR2G;POLR2B;Magnesium
POLR2G;POLR2L;Magnesium
POLR2G;POLR2K;Magnesium
POLR2G;POLR2E;Magnesium
H2AC8;WDR61;Magnesium
H2AC8;TCEA1;Magnesium
H2AC8;CTR9;Magnesium
H2AC8;CDC73;Magnesium
H2AC8;RTF1;Magnesium
H2AC8;SUPT6H;Magnesium
H2AC8;SUPT5H;Magnesium
H2AC8;POLR2L;Magnesium
H2AC8;POLR2K;Magnesium
H2AC8;POLR2E;Magnesium
H2AC8;POLR2F;Magnesium
H2AC8;POLR2A;Magnesium
H2AC8;BRCA1;Magnesium
H2AC8;POLR2B;Magnesium
H2AC8;POLR2H;Magnesium
H2AC8;EZH2;Magnesium
MCM7;ELOC;Magnesium
INTS6;NELFCD;Magnesium
INTS6;NELFA;Magnesium
INTS6;POLR2F;Magnesium
INTS6;POLR2K;Magnesium
INTS6;NELFB;Magnesium
INTS6;SUPT5H;Magnesium
INTS6;POLR2E;Magnesium
INTS6;POLR2L;Magnesium
INTS6;POLR2B;Magnesium
INTS6;POLR2H;Magnesium
INTS6;INTS11;Magnesium
INTS6;INTS7;Magnesium
INTS6;INTS3;Magnesium
INTS6;POLR2A;Magnesium
INTS6;INTS9;Magnesium
INTS6;PPP2R1A;Magnesium
INTS6;INTS12;Magnesium
INTS6;INTS2;Magnesium
INTS6;INTS5;Magnesium
INTS6;INTS1;Magnesium
INTS6;INTS4;Magnesium
INTS6;INTS8;Magnesium
INTS6;INTS10;Magnesium
INTS6;PPP2CA;Magnesium
TAF7;MED24;Magnesium
TAF7;MED25;Magnesium
TAF7;MED19;Magnesium
TAF7;MED29;Magnesium
TAF7;MED22;Magnesium
TAF7;MED18;Magnesium
TAF7;MED16;Magnesium
TAF7;MED6;Magnesium
TAF7;POLR2F;Magnesium
TAF7;POLR2L;Magnesium
TAF7;POLR2H;Magnesium
TAF7;CCNH;Magnesium
TAF7;POLR2K;Magnesium
TAF7;POLR2B;Magnesium
TAF7;POLR2E;Magnesium
TAF7;TCEA1;Magnesium
TAF7;TAF1L;Magnesium
TAF7;ERCC2;Magnesium
TAF7;GTF2F2;Magnesium
TAF7;GTF2H3;Magnesium
TAF7;GTF2H5;Magnesium
TAF7;GTF2A1;Magnesium
TAF7;GTF2A2;Magnesium
TAF7;GTF2E2;Magnesium
TAF7;GTF2F1;Magnesium
TAF7;GTF2B;Magnesium
TAF7;TAF13;Magnesium
TAF7;TAF11;Magnesium
TAF7;TAF5;Magnesium
TAF7;TAF2;Magnesium
TAF7;TAF8;Magnesium
TAF7;TAF3;Magnesium
CSTF3;POLR2A;Magnesium
RECQL5;POLR2E;Magnesium
RECQL5;POLR2A;Magnesium
RECQL5;RPRD1B;Magnesium
INTS3;POLR2B;Magnesium
INTS3;POLR2E;Magnesium
INTS3;PPP2R1A;Magnesium
INTS3;POLR2H;Magnesium
INTS3;POLR2A;Magnesium
INTS3;INTS7;Magnesium
INTS3;INTS11;Magnesium
INTS3;INTS9;Magnesium
INTS3;INTS12;Magnesium
INTS3;INTS5;Magnesium
INTS3;INTS1;Magnesium
INTS3;INTS2;Magnesium
INTS3;INTS8;Magnesium
INTS3;INTS4;Magnesium
INTS3;INTS10;Magnesium
SUPT6H;EAF1;Magnesium
SUPT6H;CUL4A;Magnesium
SUPT6H;UVSSA;Magnesium
SUPT6H;H2AC11;Magnesium
SUPT6H;H2AC4;Magnesium
SUPT6H;H2AC15;Magnesium
SUPT6H;H2AC6;Magnesium
SUPT6H;H2AC17;Magnesium
SUPT6H;H2AC16;Magnesium
SUPT6H;H4C1;Magnesium
SUPT6H;H4C13;Magnesium
SUPT6H;H4C12;Magnesium
SUPT6H;H4C15;Magnesium
SUPT6H;H4C3;Magnesium
SUPT6H;H4C4;Magnesium
SUPT6H;H4C14;Magnesium
SUPT6H;H2AC13;Magnesium
SUPT6H;H4-16;Magnesium
SUPT6H;H4C9;Magnesium
SUPT6H;H4C2;Magnesium
SUPT6H;H4C8;Magnesium
SUPT6H;H4C11;Magnesium
SUPT6H;H4C5;Magnesium
SUPT6H;H3C15;Magnesium
SUPT6H;H2BC11;Magnesium
SUPT6H;TNKS1BP1;Magnesium
SUPT6H;H3C14;Magnesium
SUPT6H;CTDP1;Magnesium
SUPT6H;POLR2H;Magnesium
SUPT6H;ERCC6;Magnesium
SUPT6H;WDR61;Magnesium
SUPT6H;POLR2L;Magnesium
SUPT6H;POLR2K;Magnesium
SUPT6H;POLR2F;Magnesium
SUPT6H;POLR2E;Magnesium
SUPT6H;POLR2B;Magnesium
SUPT6H;H3C13;Magnesium
SUPT6H;CDC73;Magnesium
SUPT6H;RTF1;Magnesium
SUPT6H;CTR9;Magnesium
SUPT6H;TCEA1;Magnesium
SUPT6H;POLR2A;Magnesium
SUPT6H;SUPT5H;Magnesium
EZH2;H2AC15;Magnesium
EZH2;H2AC4;Magnesium
EZH2;H2AC16;Magnesium
EZH2;H2AC11;Magnesium
EZH2;H4C12;Magnesium
EZH2;H4C15;Magnesium
EZH2;H4C8;Magnesium
EZH2;H4C11;Magnesium
EZH2;H4C1;Magnesium
EZH2;H4C9;Magnesium
EZH2;H4C5;Magnesium
EZH2;H4C14;Magnesium
EZH2;H4C3;Magnesium
EZH2;H4C4;Magnesium
EZH2;H4C13;Magnesium
EZH2;H2AC17;Magnesium
EZH2;H4C2;Magnesium
EZH2;H4-16;Magnesium
EZH2;H2AC6;Magnesium
EZH2;H2BC11;Magnesium
EZH2;H3C15;Magnesium
EZH2;H2AC13;Magnesium
EZH2;H3C14;Magnesium
CDK20;GTF2E2;Magnesium
CDK20;GTF2H3;Magnesium
CDK20;CCNH;Magnesium
MED14;H2BC11;Magnesium
MED14;GTF2H5;Magnesium
MED14;H3C15;Magnesium
MED14;H3C14;Magnesium
MED14;POLR2J3;Magnesium
MED14;POLR2J2;Magnesium
MED14;H4C4;Magnesium
MED14;H4C3;Magnesium
MED14;H4-16;Magnesium
MED14;H4C13;Magnesium
MED14;H4C12;Magnesium
MED14;H4C1;Magnesium
MED14;H4C14;Magnesium
MED14;H4C15;Magnesium
MED14;H4C2;Magnesium
MED14;H4C9;Magnesium
MED14;H4C5;Magnesium
MED14;H4C11;Magnesium
MED14;H4C8;Magnesium
MED14;TAF5;Magnesium
MED14;TAF6;Magnesium
MED14;TAF3;Magnesium
MED14;TAF9;Magnesium
MED14;POLR1C;Magnesium
MED14;TAF13;Magnesium
MED14;TAF11;Magnesium
MED14;TAF8;Magnesium
MED14;CCNH;Magnesium
MED14;GTF2A2;Magnesium
MED14;GTF2H3;Magnesium
MED14;TAF2;Magnesium
MED14;GTF2F2;Magnesium
MED14;ERCC2;Magnesium
MED14;GTF2F1;Magnesium
MED14;GTF2A1;Magnesium
MED14;GTF2E2;Magnesium
MED14;POLR2L;Magnesium
MED14;POLR2F;Magnesium
MED14;POLR2K;Magnesium
MED14;POLR2H;Magnesium
MED14;POLR2E;Magnesium
MED14;CDK19;Magnesium
MED14;GTF2B;Magnesium
MED14;POLR2B;Magnesium
MED14;MED25;Magnesium
MED14;CCNC;Magnesium
MED14;MED22;Magnesium
MED14;MED16;Magnesium
MED14;MED18;Magnesium
MED14;MED29;Magnesium
MED14;MED6;Magnesium
MED14;MED24;Magnesium
MED14;MED19;Magnesium
POLR2L;TNKS1BP1;Magnesium
POLR2L;UVSSA;Magnesium
POLR2L;INTS2;Magnesium
POLR2L;INTS7;Magnesium
POLR2L;INTS4;Magnesium
POLR2L;INTS1;Magnesium
POLR2L;INTS8;Magnesium
POLR2L;INTS9;Magnesium
POLR2L;WDR61;Magnesium
POLR2L;MED23;Magnesium
POLR2L;INTS11;Magnesium
POLR2L;MED16;Magnesium
POLR2L;MED25;Magnesium
POLR2L;PPP2CA;Magnesium
POLR2L;MED24;Magnesium
POLR2L;PPP2R1A;Magnesium
POLR2L;H2AC16;Magnesium
POLR2L;H2AC11;Magnesium
POLR2L;H2AC15;Magnesium
POLR2L;H2AC17;Magnesium
POLR2L;H2AC13;Magnesium
POLR2L;H2AC4;Magnesium
POLR2L;H3C14;Magnesium
POLR2L;H3C15;Magnesium
POLR2L;MED29;Magnesium
POLR2L;TCEA3;Magnesium
POLR2L;H4C1;Magnesium
POLR2L;H4C12;Magnesium
POLR2L;H4C13;Magnesium
POLR2L;H4C15;Magnesium
POLR2L;H4C4;Magnesium
POLR2L;H4C14;Magnesium
POLR2L;H4-16;Magnesium
POLR2L;H4C9;Magnesium
POLR2L;H4C2;Magnesium
POLR2L;H4C11;Magnesium
POLR2L;H4C8;Magnesium
POLR2L;H4C5;Magnesium
POLR2L;H4C3;Magnesium
POLR2L;TCEA2;Magnesium
POLR2L;ELOF1;Magnesium
POLR2L;RPRD1B;Magnesium
POLR2L;TAF3;Magnesium
POLR2L;TAF1;Magnesium
POLR2L;TAF11;Magnesium
POLR2L;CUL4A;Magnesium
POLR2L;TAF5;Magnesium
POLR2L;NELFCD;Magnesium
POLR2L;NELFB;Magnesium
POLR2L;TAF13;Magnesium
POLR2L;TAF8;Magnesium
POLR2L;NELFA;Magnesium
POLR2L;TAF9;Magnesium
POLR2L;TAF2;Magnesium
POLR2L;TAF6;Magnesium
POLR2L;GPN3;Magnesium
POLR2L;CTR9;Magnesium
POLR2L;GTF2H5;Magnesium
POLR2L;CCNH;Magnesium
POLR2L;H2BC11;Magnesium
POLR2L;H2AC6;Magnesium
POLR2L;MED18;Magnesium
POLR2L;MED19;Magnesium
POLR2L;MED22;Magnesium
POLR2L;CDC73;Magnesium
POLR2L;H3C13;Magnesium
POLR2L;ERCC6;Magnesium
POLR2L;GTF2A1;Magnesium
POLR2L;RTF1;Magnesium
POLR2L;GTF2E2;Magnesium
POLR2L;GTF2A2;Magnesium
POLR2L;GTF2H3;Magnesium
POLR2L;RPAP2;Magnesium
POLR2L;ERCC2;Magnesium
POLR2L;POLR2J2;Magnesium
POLR2L;GTF2B;Magnesium
POLR2L;TCEA1;Magnesium
POLR2L;MED6;Magnesium
POLR2L;GTF2F2;Magnesium
POLR2L;POLR2J3;Magnesium
POLR2L;GTF2F1;Magnesium
POLR2L;SUPT5H;Magnesium
POLR2L;INTS5;Magnesium
POLR2L;POLR1B;Magnesium
POLR2L;POLR2B;Magnesium
POLR2L;POLR1C;Magnesium
POLR2L;POLR2K;Magnesium
POLR2L;POLR2E;Magnesium
POLR2L;POLR2F;Magnesium
POLR2L;POLR2A;Magnesium
POLR2L;POLR2H;Magnesium
PPP2R1A;POLR2F;Magnesium
PPP2R1A;NELFA;Magnesium
PPP2R1A;POLR2H;Magnesium
PPP2R1A;POLR2A;Magnesium
PPP2R1A;NELFB;Magnesium
PPP2R1A;NELFCD;Magnesium
PPP2R1A;POLR2K;Magnesium
PPP2R1A;POLR2B;Magnesium
PPP2R1A;POLR2E;Magnesium
PPP2R1A;INTS7;Magnesium
PPP2R1A;SUPT5H;Magnesium
PPP2R1A;INTS11;Magnesium
PPP2R1A;INTS9;Magnesium
PPP2R1A;INTS4;Magnesium
PPP2R1A;INTS8;Magnesium
PPP2R1A;INTS2;Magnesium
PPP2R1A;INTS1;Magnesium
PPP2R1A;INTS5;Magnesium
MED16;TAF3;Magnesium
MED16;H2BC11;Magnesium
MED16;H4C5;Magnesium
MED16;H4C8;Magnesium
MED16;H4C11;Magnesium
MED16;H4C2;Magnesium
MED16;H4C9;Magnesium
MED16;H4-16;Magnesium
MED16;H4C14;Magnesium
MED16;H4C4;Magnesium
MED16;H4C3;Magnesium
MED16;H4C15;Magnesium
MED16;H4C13;Magnesium
MED16;H3C15;Magnesium
MED16;H4C12;Magnesium
MED16;TAF11;Magnesium
MED16;H4C1;Magnesium
MED16;H3C14;Magnesium
MED16;TAF8;Magnesium
MED16;TAF13;Magnesium
MED16;H3C13;Magnesium
MED16;GTF2H5;Magnesium
MED16;TAF9;Magnesium
MED16;POLR2K;Magnesium
MED16;TAF1;Magnesium
MED16;TAF6;Magnesium
MED16;GTF2A2;Magnesium
MED16;GTF2A1;Magnesium
MED16;GTF2H3;Magnesium
MED16;POLR2H;Magnesium
MED16;GTF2F2;Magnesium
MED16;POLR2F;Magnesium
MED16;GTF2F1;Magnesium
MED16;TAF2;Magnesium
MED16;TAF5;Magnesium
MED16;ERCC2;Magnesium
MED16;POLR2A;Magnesium
MED16;GTF2E2;Magnesium
MED16;POLR2B;Magnesium
MED16;CCNH;Magnesium
MED16;GTF2B;Magnesium
MED16;POLR2E;Magnesium
MED16;CDK19;Magnesium
MED16;CCNC;Magnesium
MED16;MED25;Magnesium
MED16;CDK8;Magnesium
MED16;MED19;Magnesium
MED16;MED6;Magnesium
MED16;MED23;Magnesium
MED16;MED24;Magnesium
MED16;MED22;Magnesium
MED16;MED18;Magnesium
MED16;MED29;Magnesium
MED25;TAF3;Magnesium
MED25;TAF11;Magnesium
MED25;H2BC11;Magnesium
MED25;TAF8;Magnesium
MED25;TAF13;Magnesium
MED25;H4C5;Magnesium
MED25;H4C11;Magnesium
MED25;H4C8;Magnesium
MED25;H4C2;Magnesium
MED25;H4C9;Magnesium
MED25;H4-16;Magnesium
MED25;H4C14;Magnesium
MED25;H4C4;Magnesium
MED25;H4C15;Magnesium
MED25;H4C3;Magnesium
MED25;H4C12;Magnesium
MED25;H4C13;Magnesium
MED25;H4C1;Magnesium
MED25;H3C15;Magnesium
MED25;H3C14;Magnesium
MED25;TAF2;Magnesium
MED25;TAF1;Magnesium
MED25;H3C13;Magnesium
MED25;GTF2H5;Magnesium
MED25;POLR2K;Magnesium
MED25;GTF2A2;Magnesium
MED25;TAF6;Magnesium
MED25;GTF2H3;Magnesium
MED25;POLR2H;Magnesium
MED25;TAF5;Magnesium
MED25;ERCC2;Magnesium
MED25;POLR2E;Magnesium
MED25;POLR2B;Magnesium
MED25;POLR2F;Magnesium
MED25;GTF2A1;Magnesium
MED25;CCNH;Magnesium
MED25;GTF2F2;Magnesium
MED25;GTF2F1;Magnesium
MED25;TAF9;Magnesium
MED25;GTF2E2;Magnesium
MED25;POLR2A;Magnesium
MED25;GTF2B;Magnesium
MED25;CDK19;Magnesium
MED25;CCNC;Magnesium
MED25;CDK8;Magnesium
MED25;MED22;Magnesium
MED25;MED18;Magnesium
MED25;MED29;Magnesium
MED25;MED19;Magnesium
MED25;MED24;Magnesium
MED25;MED6;Magnesium
MED25;MED23;Magnesium
NCBP2;NELFE;Magnesium
INTS5;POLR2F;Magnesium
INTS5;NELFCD;Magnesium
INTS5;NELFA;Magnesium
INTS5;NELFB;Magnesium
INTS5;POLR2K;Magnesium
INTS5;SUPT5H;Magnesium
INTS5;PPP2CA;Magnesium
INTS5;POLR2H;Magnesium
INTS5;POLR2E;Magnesium
INTS5;POLR2B;Magnesium
INTS5;INTS10;Magnesium
INTS5;INTS4;Magnesium
INTS5;INTS8;Magnesium
INTS5;INTS2;Magnesium
INTS5;INTS1;Magnesium
INTS5;INTS12;Magnesium
INTS5;INTS9;Magnesium
INTS5;POLR2A;Magnesium
INTS5;INTS11;Magnesium
INTS5;INTS7;Magnesium
POLR2J2;GTF2F2;Magnesium
POLR2J2;SUPT5H;Magnesium
POLR2J2;MED6;Magnesium
POLR2J2;POLR2J3;Magnesium
POLR2J2;POLR2H;Magnesium
POLR2J2;POLR2K;Magnesium
POLR2J2;POLR2A;Magnesium
POLR2J2;POLR2B;Magnesium
POLR2J2;POLR2E;Magnesium
POLR2J2;POLR2F;Magnesium
H2AC20;H2AC15;Magnesium
H2AC20;H2AC16;Magnesium
H2AC20;H2AC17;Magnesium
H2AC20;H2AC6;Magnesium
H2AC20;H2AC11;Magnesium
H2AC20;H2AC13;Magnesium
H2AC20;H3C15;Magnesium
H2AC20;H4C12;Magnesium
H2AC20;H4C9;Magnesium
H2AC20;H4C13;Magnesium
H2AC20;H4C15;Magnesium
H2AC20;H4-16;Magnesium
H2AC20;H4C8;Magnesium
H2AC20;H4C3;Magnesium
H2AC20;H4C11;Magnesium
H2AC20;H4C5;Magnesium
H2AC20;H4C1;Magnesium
H2AC20;H4C4;Magnesium
H2AC20;H4C2;Magnesium
H2AC20;H3C14;Magnesium
H2AC20;H4C14;Magnesium
H2AC20;H3C12;Magnesium
H2AC20;H3C13;Magnesium
H3C13;MED29;Magnesium
H3C13;MED19;Magnesium
H3C13;MED24;Magnesium
H3C13;TAF13;Magnesium
H3C13;TAF8;Magnesium
H3C13;MED22;Magnesium
H3C13;GTF2A1;Magnesium
H3C13;MED18;Magnesium
H3C13;GTF2H5;Magnesium
H3C13;GTF2F2;Magnesium
H3C13;GTF2H3;Magnesium
H3C13;TAF11;Magnesium
H3C13;TAF2;Magnesium
H3C13;GTF2E2;Magnesium
H3C13;MED6;Magnesium
H3C13;CCNH;Magnesium
H3C13;GTF2F1;Magnesium
H3C13;TAF5;Magnesium
H3C13;GTF2A2;Magnesium
H3C13;TCEA1;Magnesium
H3C13;WDR61;Magnesium
H3C13;GTF2B;Magnesium
H3C13;CTR9;Magnesium
H3C13;SUPT5H;Magnesium
H3C13;POLR2K;Magnesium
H3C13;POLR2H;Magnesium
H3C13;POLR2E;Magnesium
H3C13;POLR2F;Magnesium
H3C13;POLR2B;Magnesium
H3C13;TAF3;Magnesium
H3C13;SETD2;Magnesium
H3C13;H2AC18;Magnesium
UXT;POLR2A;Magnesium
UXT;RPAP2;Magnesium
UXT;RUVBL2;Magnesium
UXT;URI1;Magnesium
UXT;POLR2E;Magnesium
NELFB;INTS2;Magnesium
NELFB;PPP2CA;Magnesium
NELFB;INTS8;Magnesium
NELFB;INTS4;Magnesium
NELFB;INTS7;Magnesium
NELFB;ERCC6;Magnesium
NELFB;EAF1;Magnesium
NELFB;ELOC;Magnesium
NELFB;INTS1;Magnesium
NELFB;WDR61;Magnesium
NELFB;ELOA;Magnesium
NELFB;POLR2K;Magnesium
NELFB;TCEA2;Magnesium
NELFB;POLR2F;Magnesium
NELFB;POLR2H;Magnesium
NELFB;POLR2B;Magnesium
NELFB;INTS11;Magnesium
NELFB;INTS9;Magnesium
NELFB;RTF1;Magnesium
NELFB;CDC73;Magnesium
NELFB;POLR2E;Magnesium
NELFB;POLR2A;Magnesium
NELFB;CTR9;Magnesium
NELFB;CDK9;Magnesium
NELFB;NELFE;Magnesium
NELFB;NELFA;Magnesium
NELFB;SUPT5H;Magnesium
NELFB;NELFCD;Magnesium
TAF3;MED22;Magnesium
TAF3;H4-16;Magnesium
TAF3;H4C1;Magnesium
TAF3;H4C9;Magnesium
TAF3;H4C12;Magnesium
TAF3;H4C11;Magnesium
TAF3;H4C8;Magnesium
TAF3;H4C15;Magnesium
TAF3;H4C3;Magnesium
TAF3;H4C4;Magnesium
TAF3;H4C5;Magnesium
TAF3;H4C14;Magnesium
TAF3;MED29;Magnesium
TAF3;H4C13;Magnesium
TAF3;MED24;Magnesium
TAF3;MED19;Magnesium
TAF3;H4C2;Magnesium
TAF3;MED6;Magnesium
TAF3;MED23;Magnesium
TAF3;H3C15;Magnesium
TAF3;H3C14;Magnesium
TAF3;H2BC11;Magnesium
TAF3;MED18;Magnesium
TAF3;POLR2B;Magnesium
TAF3;POLR2E;Magnesium
TAF3;GTF2F2;Magnesium
TAF3;CCNH;Magnesium
TAF3;POLR2F;Magnesium
TAF3;POLR2K;Magnesium
TAF3;TCEA1;Magnesium
TAF3;POLR2A;Magnesium
TAF3;POLR2H;Magnesium
TAF3;GTF2H3;Magnesium
TAF3;ERCC2;Magnesium
TAF3;GTF2A1;Magnesium
TAF3;GTF2H5;Magnesium
TAF3;GTF2A2;Magnesium
TAF3;GTF2E2;Magnesium
TAF3;GTF2F1;Magnesium
TAF3;GTF2B;Magnesium
TAF3;TAF2;Magnesium
TAF3;TAF8;Magnesium
TAF3;TAF9;Magnesium
TAF3;TAF13;Magnesium
TAF3;TAF1;Magnesium
TAF3;TAF11;Magnesium
TAF3;TAF6;Magnesium
TAF3;TAF5;Magnesium
GTF2F2;GTF2H2C;Magnesium
GTF2F2;POLR2J3;Magnesium
GTF2F2;H2BC11;Magnesium
GTF2F2;H3C15;Magnesium
GTF2F2;H3C14;Magnesium
GTF2F2;H4C5;Magnesium
GTF2F2;H4C8;Magnesium
GTF2F2;H4C11;Magnesium
GTF2F2;H4C9;Magnesium
GTF2F2;H4-16;Magnesium
GTF2F2;H4C14;Magnesium
GTF2F2;H4C4;Magnesium
GTF2F2;H4C3;Magnesium
GTF2F2;H4C15;Magnesium
GTF2F2;H4C12;Magnesium
GTF2F2;H4C1;Magnesium
GTF2F2;H4C13;Magnesium
GTF2F2;H4C2;Magnesium
GTF2F2;MED18;Magnesium
GTF2F2;MED22;Magnesium
GTF2F2;MED24;Magnesium
GTF2F2;MED19;Magnesium
GTF2F2;MED23;Magnesium
GTF2F2;POLR1C;Magnesium
GTF2F2;TAF8;Magnesium
GTF2F2;TAF13;Magnesium
GTF2F2;SUPT5H;Magnesium
GTF2F2;GTF2H5;Magnesium
GTF2F2;CCNH;Magnesium
GTF2F2;MED29;Magnesium
GTF2F2;TAF11;Magnesium
GTF2F2;TAF9;Magnesium
GTF2F2;TAF1;Magnesium
GTF2F2;TAF2;Magnesium
GTF2F2;MED6;Magnesium
GTF2F2;TAF6;Magnesium
GTF2F2;ERCC2;Magnesium
GTF2F2;TAF5;Magnesium
GTF2F2;GTF2A1;Magnesium
GTF2F2;POLR2K;Magnesium
GTF2F2;GTF2A2;Magnesium
GTF2F2;GTF2H3;Magnesium
GTF2F2;POLR2F;Magnesium
GTF2F2;POLR2H;Magnesium
GTF2F2;POLR2A;Magnesium
GTF2F2;POLR2E;Magnesium
GTF2F2;POLR2B;Magnesium
GTF2F2;GTF2E2;Magnesium
GTF2F2;GTF2B;Magnesium
GTF2F2;GTF2F1;Magnesium
SMARCB1;ACTB;Magnesium
SMARCB1;SMARCA2;Magnesium
POLR2K;TNKS1BP1;Magnesium
POLR2K;UVSSA;Magnesium
POLR2K;WDR61;Magnesium
POLR2K;MED23;Magnesium
POLR2K;MED24;Magnesium
POLR2K;INTS1;Magnesium
POLR2K;INTS4;Magnesium
POLR2K;INTS7;Magnesium
POLR2K;INTS2;Magnesium
POLR2K;INTS11;Magnesium
POLR2K;INTS9;Magnesium
POLR2K;PPP2CA;Magnesium
POLR2K;MED29;Magnesium
POLR2K;INTS8;Magnesium
POLR2K;H2AC17;Magnesium
POLR2K;H2AC16;Magnesium
POLR2K;H2AC11;Magnesium
POLR2K;H2AC13;Magnesium
POLR2K;H2AC4;Magnesium
POLR2K;H2AC15;Magnesium
POLR2K;H3C14;Magnesium
POLR2K;H3C15;Magnesium
POLR2K;H4-16;Magnesium
POLR2K;H4C9;Magnesium
POLR2K;H4C8;Magnesium
POLR2K;H4C1;Magnesium
POLR2K;H4C13;Magnesium
POLR2K;H4C12;Magnesium
POLR2K;H4C15;Magnesium
POLR2K;H4C14;Magnesium
POLR2K;H4C2;Magnesium
POLR2K;H4C5;Magnesium
POLR2K;H4C4;Magnesium
POLR2K;H4C3;Magnesium
POLR2K;H4C11;Magnesium
POLR2K;CUL4A;Magnesium
POLR2K;TAF1;Magnesium
POLR2K;CTR9;Magnesium
POLR2K;TCEA3;Magnesium
POLR2K;TCEA2;Magnesium
POLR2K;TAF11;Magnesium
POLR2K;TAF2;Magnesium
POLR2K;TAF6;Magnesium
POLR2K;TAF5;Magnesium
POLR2K;TAF8;Magnesium
POLR2K;TAF9;Magnesium
POLR2K;MED19;Magnesium
POLR2K;NELFA;Magnesium
POLR2K;CDC73;Magnesium
POLR2K;NELFCD;Magnesium
POLR2K;H2BC11;Magnesium
POLR2K;H2AC6;Magnesium
POLR2K;MED18;Magnesium
POLR2K;MED22;Magnesium
POLR2K;CCNH;Magnesium
POLR2K;GTF2H5;Magnesium
POLR2K;TAF13;Magnesium
POLR2K;POLR2J3;Magnesium
POLR2K;GTF2A1;Magnesium
POLR2K;RTF1;Magnesium
POLR2K;ERCC6;Magnesium
POLR2K;RPAP2;Magnesium
POLR2K;GTF2H3;Magnesium
POLR2K;GTF2A2;Magnesium
POLR2K;ERCC2;Magnesium
POLR2K;GTF2E2;Magnesium
POLR2K;GTF2F1;Magnesium
POLR2K;MED6;Magnesium
POLR2K;TCEA1;Magnesium
POLR2K;GTF2B;Magnesium
POLR2K;SUPT5H;Magnesium
POLR2K;POLR2E;Magnesium
POLR2K;POLR2B;Magnesium
POLR2K;POLR1C;Magnesium
POLR2K;POLR2A;Magnesium
POLR2K;POLR2F;Magnesium
POLR2K;POLR2H;Magnesium
POLR2K;POLR1B;Magnesium
TCEA2;POLR2H;Magnesium
TCEA2;POLR2F;Magnesium
TCEA2;ELOC;Magnesium
TCEA2;NELFCD;Magnesium
TCEA2;POLR2E;Magnesium
TCEA2;NELFE;Magnesium
TCEA2;POLR2A;Magnesium
TCEA2;WDR61;Magnesium
TCEA2;NELFA;Magnesium
TCEA2;EAF1;Magnesium
TCEA2;CDK9;Magnesium
TCEA2;ERCC6;Magnesium
TCEA2;POLR2B;Magnesium
TCEA2;CTR9;Magnesium
TCEA2;ELOA;Magnesium
TCEA2;CDC73;Magnesium
TCEA2;RTF1;Magnesium
TCEA2;SUPT5H;Magnesium
SMARCA4;H2AC6;Magnesium
SMARCA4;H4C8;Magnesium
SMARCA4;H4C11;Magnesium
SMARCA4;H4C5;Magnesium
SMARCA4;H4-16;Magnesium
SMARCA4;H4C9;Magnesium
SMARCA4;H4C15;Magnesium
SMARCA4;H4C4;Magnesium
SMARCA4;H4C14;Magnesium
SMARCA4;H4C1;Magnesium
SMARCA4;H4C12;Magnesium
SMARCA4;H4C2;Magnesium
SMARCA4;H4C3;Magnesium
SMARCA4;H4C13;Magnesium
SMARCA4;ACTB;Magnesium
H4C11;TAF11;Magnesium
H4C11;MED18;Magnesium
H4C11;MED29;Magnesium
H4C11;MED19;Magnesium
H4C11;WDR61;Magnesium
H4C11;TAF8;Magnesium
H4C11;MED23;Magnesium
H4C11;MED6;Magnesium
H4C11;TAF2;Magnesium
H4C11;MED24;Magnesium
H4C11;GTF2A1;Magnesium
H4C11;TAF13;Magnesium
H4C11;CCNH;Magnesium
H4C11;TAF5;Magnesium
H4C11;MED22;Magnesium
H4C11;GTF2H5;Magnesium
H4C11;TCEA1;Magnesium
H4C11;GTF2E2;Magnesium
H4C11;GTF2H3;Magnesium
H4C11;GTF2B;Magnesium
H4C11;GTF2F1;Magnesium
H4C11;GTF2A2;Magnesium
H4C11;RTF1;Magnesium
H4C11;CTR9;Magnesium
H4C11;CDC73;Magnesium
H4C11;SETD2;Magnesium
H4C11;POLR2E;Magnesium
H4C11;POLR2H;Magnesium
H4C11;POLR2F;Magnesium
H4C11;SUPT5H;Magnesium
H4C11;POLR2A;Magnesium
H4C11;POLR2B;Magnesium
H4C11;ACTB;Magnesium
H4C11;H2AX;Magnesium
H4C11;H2AC18;Magnesium
HTT;SETD2;Magnesium
ERCC6;EAF1;Magnesium
ERCC6;NELFA;Magnesium
ERCC6;NELFCD;Magnesium
ERCC6;NELFE;Magnesium
ERCC6;CDK9;Magnesium
ERCC6;RTF1;Magnesium
ERCC6;TCEA1;Magnesium
ERCC6;ELOC;Magnesium
ERCC6;SUPT5H;Magnesium
ERCC6;ELOA;Magnesium
ERCC6;POLR2H;Magnesium
ERCC6;CUL4A;Magnesium
ERCC6;POLR2E;Magnesium
ERCC6;POLR2F;Magnesium
ERCC6;UBC;Magnesium
ERCC6;WDR61;Magnesium
ERCC6;CDC73;Magnesium
ERCC6;CTR9;Magnesium
ERCC6;UVSSA;Magnesium
ERCC6;POLR2B;Magnesium
ERCC6;POLR2A;Magnesium
GTF2E2;MED29;Magnesium
GTF2E2;H2BC11;Magnesium
GTF2E2;MED18;Magnesium
GTF2E2;H3C15;Magnesium
GTF2E2;H3C14;Magnesium
GTF2E2;H4C13;Magnesium
GTF2E2;H4C12;Magnesium
GTF2E2;H4C1;Magnesium
GTF2E2;H4C14;Magnesium
GTF2E2;H4C3;Magnesium
GTF2E2;H4C15;Magnesium
GTF2E2;H4C4;Magnesium
GTF2E2;H4C9;Magnesium
GTF2E2;H4C2;Magnesium
GTF2E2;H4-16;Magnesium
GTF2E2;H4C5;Magnesium
GTF2E2;H4C8;Magnesium
GTF2E2;MED22;Magnesium
GTF2E2;MED19;Magnesium
GTF2E2;MED24;Magnesium
GTF2E2;MED23;Magnesium
GTF2E2;GTF2H2C;Magnesium
GTF2E2;TCEA1;Magnesium
GTF2E2;POLR2H;Magnesium
GTF2E2;MED6;Magnesium
GTF2E2;TAF11;Magnesium
GTF2E2;POLR2F;Magnesium
GTF2E2;TAF8;Magnesium
GTF2E2;TAF2;Magnesium
GTF2E2;POLR2A;Magnesium
GTF2E2;POLR2E;Magnesium
GTF2E2;GTF2H5;Magnesium
GTF2E2;TAF13;Magnesium
GTF2E2;POLR2B;Magnesium
GTF2E2;TAF1;Magnesium
GTF2E2;TAF6;Magnesium
GTF2E2;TAF9;Magnesium
GTF2E2;TAF5;Magnesium
GTF2E2;CCNH;Magnesium
GTF2E2;GTF2A1;Magnesium
GTF2E2;GTF2A2;Magnesium
GTF2E2;GTF2B;Magnesium
GTF2E2;GTF2F1;Magnesium
GTF2E2;ERCC2;Magnesium
GTF2E2;GTF2H3;Magnesium
CNOT3;POLR2A;Magnesium
CNOT3;DDX6;Magnesium
CNOT3;TNKS1BP1;Magnesium
CNOT3;CNOT8;Magnesium
CNOT3;CNOT7;Magnesium
H2AC13;WDR61;Magnesium
H2AC13;TCEA1;Magnesium
H2AC13;CTR9;Magnesium
H2AC13;CDC73;Magnesium
H2AC13;RTF1;Magnesium
H2AC13;POLR2H;Magnesium
H2AC13;POLR2E;Magnesium
H2AC13;POLR2F;Magnesium
H2AC13;SUPT5H;Magnesium
H2AC13;POLR2B;Magnesium
H2AC13;POLR2A;Magnesium
H2AC13;H2AC18;Magnesium
VCP;POLR2A;Magnesium
WWP2;POLR2A;Magnesium
WWP2;UBC;Magnesium
H2AC11;WDR61;Magnesium
H2AC11;TCEA1;Magnesium
H2AC11;CTR9;Magnesium
H2AC11;CDC73;Magnesium
H2AC11;RTF1;Magnesium
H2AC11;POLR2H;Magnesium
H2AC11;POLR2E;Magnesium
H2AC11;SUPT5H;Magnesium
H2AC11;POLR2F;Magnesium
H2AC11;POLR2B;Magnesium
H2AC11;POLR2A;Magnesium
H2AC11;H2AC18;Magnesium
H3C12;ACTB;Magnesium
H3C12;SETD2;Magnesium
H2AC17;WDR61;Magnesium
H2AC17;TCEA1;Magnesium
H2AC17;CTR9;Magnesium
H2AC17;CDC73;Magnesium
H2AC17;RTF1;Magnesium
H2AC17;POLR2F;Magnesium
H2AC17;POLR2H;Magnesium
H2AC17;POLR2E;Magnesium
H2AC17;POLR2B;Magnesium
H2AC17;POLR2A;Magnesium
H2AC17;SUPT5H;Magnesium
H2AC17;H2AC18;Magnesium
TAF11;H4C9;Magnesium
TAF11;H4C2;Magnesium
TAF11;H4-16;Magnesium
TAF11;H4C5;Magnesium
TAF11;H4C8;Magnesium
TAF11;H4C13;Magnesium
TAF11;H4C12;Magnesium
TAF11;H4C1;Magnesium
TAF11;H4C14;Magnesium
TAF11;H4C15;Magnesium
TAF11;H4C3;Magnesium
TAF11;H4C4;Magnesium
TAF11;H3C15;Magnesium
TAF11;H3C14;Magnesium
TAF11;MED24;Magnesium
TAF11;H2BC11;Magnesium
TAF11;MED23;Magnesium
TAF11;MED29;Magnesium
TAF11;MED19;Magnesium
TAF11;MED18;Magnesium
TAF11;MED22;Magnesium
TAF11;MED6;Magnesium
TAF11;POLR2F;Magnesium
TAF11;CCNH;Magnesium
TAF11;TCEA1;Magnesium
TAF11;POLR2E;Magnesium
TAF11;POLR2H;Magnesium
TAF11;POLR2B;Magnesium
TAF11;POLR2A;Magnesium
TAF11;GTF2H3;Magnesium
TAF11;ERCC2;Magnesium
TAF11;GTF2A1;Magnesium
TAF11;GTF2H5;Magnesium
TAF11;GTF2A2;Magnesium
TAF11;GTF2F1;Magnesium
TAF11;GTF2B;Magnesium
TAF11;TAF2;Magnesium
TAF11;TAF8;Magnesium
TAF11;TAF9;Magnesium
TAF11;TAF6;Magnesium
TAF11;TAF13;Magnesium
TAF11;TAF1;Magnesium
TAF11;TAF5;Magnesium
CTR9;H2AC4;Magnesium
CTR9;H2AC15;Magnesium
CTR9;H2AC16;Magnesium
CTR9;H2AC6;Magnesium
CTR9;UVSSA;Magnesium
CTR9;CUL4A;Magnesium
CTR9;H4C8;Magnesium
CTR9;H4C5;Magnesium
CTR9;H4-16;Magnesium
CTR9;H4C9;Magnesium
CTR9;H4C2;Magnesium
CTR9;H4C3;Magnesium
CTR9;H4C15;Magnesium
CTR9;H4C4;Magnesium
CTR9;H4C14;Magnesium
CTR9;H4C1;Magnesium
CTR9;H4C12;Magnesium
CTR9;H4C13;Magnesium
CTR9;H3C14;Magnesium
CTR9;H3C15;Magnesium
CTR9;TNKS1BP1;Magnesium
CTR9;EAF1;Magnesium
CTR9;NELFCD;Magnesium
CTR9;POLR2F;Magnesium
CTR9;ELOC;Magnesium
CTR9;NELFA;Magnesium
CTR9;NELFE;Magnesium
CTR9;H2BC11;Magnesium
CTR9;TCEA1;Magnesium
CTR9;POLR2H;Magnesium
CTR9;POLR2E;Magnesium
CTR9;CDK9;Magnesium
CTR9;POLR2B;Magnesium
CTR9;ELOA;Magnesium
CTR9;POLR2A;Magnesium
CTR9;WDR61;Magnesium
CTR9;SUPT5H;Magnesium
CTR9;CDC73;Magnesium
CTR9;RTF1;Magnesium
TAF13;MED24;Magnesium
TAF13;H2BC11;Magnesium
TAF13;H4-16;Magnesium
TAF13;H4C15;Magnesium
TAF13;H4C12;Magnesium
TAF13;H4C1;Magnesium
TAF13;MED19;Magnesium
TAF13;H4C9;Magnesium
TAF13;H4C14;Magnesium
TAF13;H4C3;Magnesium
TAF13;H4C4;Magnesium
TAF13;MED29;Magnesium
TAF13;H4C8;Magnesium
TAF13;H4C13;Magnesium
TAF13;MED23;Magnesium
TAF13;H4C5;Magnesium
TAF13;H3C15;Magnesium
TAF13;H3C14;Magnesium
TAF13;H4C2;Magnesium
TAF13;MED22;Magnesium
TAF13;MED18;Magnesium
TAF13;MED6;Magnesium
TAF13;POLR2B;Magnesium
TAF13;POLR2F;Magnesium
TAF13;POLR2A;Magnesium
TAF13;CCNH;Magnesium
TAF13;TCEA1;Magnesium
TAF13;POLR2E;Magnesium
TAF13;POLR2H;Magnesium
TAF13;TAF1L;Magnesium
TAF13;GTF2H3;Magnesium
TAF13;ERCC2;Magnesium
TAF13;GTF2H5;Magnesium
TAF13;GTF2F1;Magnesium
TAF13;GTF2A1;Magnesium
TAF13;GTF2A2;Magnesium
TAF13;GTF2B;Magnesium
TAF13;TAF6;Magnesium
TAF13;TAF8;Magnesium
TAF13;TAF9;Magnesium
TAF13;TAF2;Magnesium
TAF13;TAF5;Magnesium
TAF13;TAF1;Magnesium
CNOT7;POLR2A;Magnesium
CNOT7;DDX6;Magnesium
CNOT7;CNOT8;Magnesium
CNOT7;TNKS1BP1;Magnesium
H3-4;SETD2;Magnesium
INTS7;POLR2H;Magnesium
INTS7;NELFCD;Magnesium
INTS7;NELFA;Magnesium
INTS7;POLR2F;Magnesium
INTS7;POLR2E;Magnesium
INTS7;POLR2B;Magnesium
INTS7;PPP2CA;Magnesium
INTS7;POLR2A;Magnesium
INTS7;SUPT5H;Magnesium
INTS7;INTS12;Magnesium
INTS7;INTS10;Magnesium
INTS7;INTS9;Magnesium
INTS7;INTS4;Magnesium
INTS7;INTS2;Magnesium
INTS7;INTS11;Magnesium
INTS7;INTS8;Magnesium
INTS7;INTS1;Magnesium
CDC73;UVSSA;Magnesium
CDC73;CUL4A;Magnesium
CDC73;H2AC16;Magnesium
CDC73;H2AC15;Magnesium
CDC73;H2AC4;Magnesium
CDC73;H2AC6;Magnesium
CDC73;H3C15;Magnesium
CDC73;H3C14;Magnesium
CDC73;H4C12;Magnesium
CDC73;H4C13;Magnesium
CDC73;H4C1;Magnesium
CDC73;H4C14;Magnesium
CDC73;H4C3;Magnesium
CDC73;H4C15;Magnesium
CDC73;H4C9;Magnesium
CDC73;H4C2;Magnesium
CDC73;H4-16;Magnesium
CDC73;H4C5;Magnesium
CDC73;H4C8;Magnesium
CDC73;H4C4;Magnesium
CDC73;TNKS1BP1;Magnesium
CDC73;EAF1;Magnesium
CDC73;NELFCD;Magnesium
CDC73;ELOC;Magnesium
CDC73;NELFE;Magnesium
CDC73;NELFA;Magnesium
CDC73;POLR2F;Magnesium
CDC73;ELOF1;Magnesium
CDC73;ELOA;Magnesium
CDC73;POLR2E;Magnesium
CDC73;TCEA1;Magnesium
CDC73;H2BC11;Magnesium
CDC73;POLR2H;Magnesium
CDC73;CDK9;Magnesium
CDC73;POLR2B;Magnesium
CDC73;RTF1;Magnesium
CDC73;SUPT5H;Magnesium
CDC73;WDR61;Magnesium
CDC73;POLR2A;Magnesium
DHX9;POLR2A;Magnesium
DHX9;HTATSF1;Magnesium
DHX9;DDX6;Magnesium
DHX9;HNRNPU;Magnesium
MED23;H4C14;Magnesium
MED23;H4C4;Magnesium
MED23;H4C3;Magnesium
MED23;H4C15;Magnesium
MED23;H4C13;Magnesium
MED23;H4C12;Magnesium
MED23;H3C15;Magnesium
MED23;H4C1;Magnesium
MED23;H3C14;Magnesium
MED23;H4C5;Magnesium
MED23;H4C8;Magnesium
MED23;H4C2;Magnesium
MED23;H4C9;Magnesium
MED23;H4-16;Magnesium
MED23;GTF2H5;Magnesium
MED23;GTF2H3;Magnesium
MED23;H2BC11;Magnesium
MED23;TAF5;Magnesium
MED23;ERCC2;Magnesium
MED23;GTF2A2;Magnesium
MED23;POLR2E;Magnesium
MED23;TAF6;Magnesium
MED23;POLR2F;Magnesium
MED23;TAF2;Magnesium
MED23;POLR2H;Magnesium
MED23;POLR2B;Magnesium
MED23;TAF9;Magnesium
MED23;TAF8;Magnesium
MED23;CCNH;Magnesium
MED23;GTF2F1;Magnesium
MED23;GTF2B;Magnesium
MED23;GTF2A1;Magnesium
MED23;CDK19;Magnesium
MED23;CCNC;Magnesium
MED23;MED29;Magnesium
MED23;MED22;Magnesium
MED23;MED19;Magnesium
MED23;MED6;Magnesium
MED23;MED18;Magnesium
MED23;MED24;Magnesium
CDK19;POLR2A;Magnesium
CDK19;MED24;Magnesium
CDK19;MED22;Magnesium
CDK19;MED29;Magnesium
CDK19;MED18;Magnesium
CDK19;MED6;Magnesium
CDK19;MED19;Magnesium
CDK19;CDK8;Magnesium
CDK19;CCNC;Magnesium
RPRD2;RPRD1B;Magnesium
RPRD2;RPAP2;Magnesium
H2BC21;SETD2;Magnesium
H3C14;MED29;Magnesium
H3C14;TAF8;Magnesium
H3C14;MED19;Magnesium
H3C14;MED22;Magnesium
H3C14;MED18;Magnesium
H3C14;GTF2A1;Magnesium
H3C14;MED24;Magnesium
H3C14;CCNH;Magnesium
H3C14;TAF2;Magnesium
H3C14;WDR61;Magnesium
H3C14;MED6;Magnesium
H3C14;TAF5;Magnesium
H3C14;GTF2H5;Magnesium
H3C14;GTF2H3;Magnesium
H3C14;GTF2F1;Magnesium
H3C14;TCEA1;Magnesium
H3C14;GTF2B;Magnesium
H3C14;GTF2A2;Magnesium
H3C14;POLR2H;Magnesium
H3C14;POLR2E;Magnesium
H3C14;RTF1;Magnesium
H3C14;POLR2F;Magnesium
H3C14;POLR2B;Magnesium
H3C14;SUPT5H;Magnesium
H3C14;POLR2A;Magnesium
H3C14;SETD2;Magnesium
H3C14;H2AC18;Magnesium
H2AC18;H2AC16;Magnesium
H2AC18;H2AC15;Magnesium
H2AC18;H3C15;Magnesium
H2AC18;H4C9;Magnesium
H2AC18;H4C13;Magnesium
H2AC18;H4C12;Magnesium
H2AC18;H2AC6;Magnesium
H2AC18;H4-16;Magnesium
H2AC18;H4C2;Magnesium
H2AC18;H4C15;Magnesium
H2AC18;H4C3;Magnesium
H2AC18;H4C1;Magnesium
H2AC18;H4C4;Magnesium
H2AC18;H4C5;Magnesium
H2AC18;H4C14;Magnesium
H2AC18;H4C8;Magnesium
RNGTT;POLR2A;Magnesium
RNGTT;SUPT5H;Magnesium
TAF5;MED24;Magnesium
TAF5;H4-16;Magnesium
TAF5;H4C2;Magnesium
TAF5;H4C9;Magnesium
TAF5;H4C8;Magnesium
TAF5;H4C5;Magnesium
TAF5;H4C1;Magnesium
TAF5;H4C12;Magnesium
TAF5;H4C13;Magnesium
TAF5;H4C4;Magnesium
TAF5;H4C3;Magnesium
TAF5;H4C15;Magnesium
TAF5;H4C14;Magnesium
TAF5;H3C15;Magnesium
TAF5;MED29;Magnesium
TAF5;MED22;Magnesium
TAF5;MED19;Magnesium
TAF5;H2BC11;Magnesium
TAF5;MED18;Magnesium
TAF5;MED6;Magnesium
TAF5;POLR2F;Magnesium
TAF5;POLR2H;Magnesium
TAF5;CCNH;Magnesium
TAF5;TCEA1;Magnesium
TAF5;POLR2A;Magnesium
TAF5;POLR2E;Magnesium
TAF5;POLR2B;Magnesium
TAF5;TAF1L;Magnesium
TAF5;ERCC2;Magnesium
TAF5;GTF2H3;Magnesium
TAF5;GTF2H5;Magnesium
TAF5;GTF2F1;Magnesium
TAF5;GTF2B;Magnesium
TAF5;GTF2A2;Magnesium
TAF5;GTF2A1;Magnesium
TAF5;TAF2;Magnesium
TAF5;TAF6;Magnesium
TAF5;TAF9;Magnesium
TAF5;TAF8;Magnesium
TAF5;TAF1;Magnesium
GTF2B;H2BC11;Magnesium
GTF2B;H4C5;Magnesium
GTF2B;H4-16;Magnesium
GTF2B;H4C2;Magnesium
GTF2B;H4C9;Magnesium
GTF2B;H4C4;Magnesium
GTF2B;H4C15;Magnesium
GTF2B;H4C3;Magnesium
GTF2B;H4C14;Magnesium
GTF2B;H4C1;Magnesium
GTF2B;H4C13;Magnesium
GTF2B;H4C12;Magnesium
GTF2B;H4C8;Magnesium
GTF2B;H3C15;Magnesium
GTF2B;MED29;Magnesium
GTF2B;MED22;Magnesium
GTF2B;MED19;Magnesium
GTF2B;MED24;Magnesium
GTF2B;CCNH;Magnesium
GTF2B;MED18;Magnesium
GTF2B;MED6;Magnesium
GTF2B;GTF2H5;Magnesium
GTF2B;TAF8;Magnesium
GTF2B;TAF2;Magnesium
GTF2B;TAF6;Magnesium
GTF2B;POLR2F;Magnesium
GTF2B;POLR2H;Magnesium
GTF2B;GTF2H3;Magnesium
GTF2B;TAF9;Magnesium
GTF2B;TCEA1;Magnesium
GTF2B;ERCC2;Magnesium
GTF2B;POLR2A;Magnesium
GTF2B;GTF2A1;Magnesium
GTF2B;POLR2E;Magnesium
GTF2B;POLR2B;Magnesium
GTF2B;GTF2A2;Magnesium
GTF2B;TAF1;Magnesium
GTF2B;GTF2F1;Magnesium
TAF8;H4C14;Magnesium
TAF8;H4C3;Magnesium
TAF8;H4C15;Magnesium
TAF8;H4C12;Magnesium
TAF8;H3C15;Magnesium
TAF8;H4C1;Magnesium
TAF8;H4C5;Magnesium
TAF8;H4C8;Magnesium
TAF8;H4C9;Magnesium
TAF8;H4C2;Magnesium
TAF8;H4-16;Magnesium
TAF8;H4C4;Magnesium
TAF8;H4C13;Magnesium
TAF8;MED24;Magnesium
TAF8;CCNH;Magnesium
TAF8;MED19;Magnesium
TAF8;MED29;Magnesium
TAF8;H2BC11;Magnesium
TAF8;MED18;Magnesium
TAF8;MED22;Magnesium
TAF8;MED6;Magnesium
TAF8;POLR2F;Magnesium
TAF8;POLR2H;Magnesium
TAF8;TCEA1;Magnesium
TAF8;POLR2B;Magnesium
TAF8;POLR2A;Magnesium
TAF8;POLR2E;Magnesium
TAF8;TAF1L;Magnesium
TAF8;ERCC2;Magnesium
TAF8;GTF2A1;Magnesium
TAF8;GTF2F1;Magnesium
TAF8;GTF2H5;Magnesium
TAF8;GTF2H3;Magnesium
TAF8;GTF2A2;Magnesium
TAF8;TAF1;Magnesium
TAF8;TAF6;Magnesium
TAF8;TAF9;Magnesium
TAF8;TAF2;Magnesium
AGO1;DDX6;Magnesium
PSMB2;POLR2A;Magnesium
PSMB2;UBC;Magnesium
CDK9;CDK12;Magnesium
CDK9;NELFCD;Magnesium
CDK9;GTF2H3;Magnesium
CDK9;ERCC2;Magnesium
CDK9;NELFA;Magnesium
CDK9;WDR61;Magnesium
CDK9;ELOA;Magnesium
CDK9;EAF1;Magnesium
CDK9;NELFE;Magnesium
CDK9;CCNH;Magnesium
CDK9;SUPT5H;Magnesium
RPRD1B;GPN3;Magnesium
RPRD1B;CTDP1;Magnesium
RPRD1B;XRN2;Magnesium
RPRD1B;POLR2E;Magnesium
RPRD1B;POLR2F;Magnesium
RPRD1B;RPRD1A;Magnesium
RPRD1B;POLR2B;Magnesium
RPRD1B;RPAP2;Magnesium
RPRD1B;POLR2A;Magnesium
MED18;H4C14;Magnesium
MED18;H4C4;Magnesium
MED18;H4C3;Magnesium
MED18;H4C15;Magnesium
MED18;H4C12;Magnesium
MED18;H4C13;Magnesium
MED18;H4C1;Magnesium
MED18;H4C5;Magnesium
MED18;H4C8;Magnesium
MED18;H4C2;Magnesium
MED18;H4C9;Magnesium
MED18;H4-16;Magnesium
MED18;H3C15;Magnesium
MED18;GTF2A2;Magnesium
MED18;GTF2H5;Magnesium
MED18;H2BC11;Magnesium
MED18;TAF6;Magnesium
MED18;TAF1;Magnesium
MED18;TAF9;Magnesium
MED18;TAF2;Magnesium
MED18;GTF2A1;Magnesium
MED18;ERCC2;Magnesium
MED18;GTF2F1;Magnesium
MED18;GTF2H3;Magnesium
MED18;CCNH;Magnesium
MED18;POLR2F;Magnesium
MED18;POLR2H;Magnesium
MED18;POLR2B;Magnesium
MED18;POLR2E;Magnesium
MED18;POLR2A;Magnesium
MED18;CDK8;Magnesium
MED18;CCNC;Magnesium
MED18;MED22;Magnesium
MED18;MED29;Magnesium
MED18;MED19;Magnesium
MED18;MED6;Magnesium
MED18;MED24;Magnesium
NELFE;EAF1;Magnesium
NELFE;ELOC;Magnesium
NELFE;ELOA;Magnesium
NELFE;RTF1;Magnesium
NELFE;WDR61;Magnesium
NELFE;POLR2A;Magnesium
NELFE;SUPT5H;Magnesium
NELFE;NELFA;Magnesium
NELFE;NELFCD;Magnesium
CUL4A;WDR61;Magnesium
CUL4A;POLR2F;Magnesium
CUL4A;POLR2E;Magnesium
CUL4A;POLR2H;Magnesium
CUL4A;UVSSA;Magnesium
CUL4A;POLR2A;Magnesium
CUL4A;POLR2B;Magnesium
XRN2;FBF1;Magnesium
XRN2;RPRD1A;Magnesium
H4C2;MED29;Magnesium
H4C2;MED6;Magnesium
H4C2;TAF2;Magnesium
H4C2;MED19;Magnesium
H4C2;WDR61;Magnesium
H4C2;MED24;Magnesium
H4C2;CCNH;Magnesium
H4C2;GTF2A1;Magnesium
H4C2;MED22;Magnesium
H4C2;GTF2H5;Magnesium
H4C2;TCEA1;Magnesium
H4C2;GTF2H3;Magnesium
H4C2;GTF2F1;Magnesium
H4C2;GTF2A2;Magnesium
H4C2;RTF1;Magnesium
H4C2;POLR2E;Magnesium
H4C2;SETD2;Magnesium
H4C2;POLR2H;Magnesium
H4C2;POLR2F;Magnesium
H4C2;POLR2B;Magnesium
H4C2;SUPT5H;Magnesium
H4C2;POLR2A;Magnesium
H4C2;ACTB;Magnesium
H4C2;H2AX;Magnesium
H2AC6;WDR61;Magnesium
H2AC6;TCEA1;Magnesium
H2AC6;RTF1;Magnesium
H2AC6;SUPT5H;Magnesium
H2AC6;ACTB;Magnesium
H2AC6;POLR2H;Magnesium
H2AC6;POLR2F;Magnesium
H2AC6;POLR2E;Magnesium
H2AC6;POLR2A;Magnesium
H2AC6;POLR2B;Magnesium
H4C3;MED29;Magnesium
H4C3;WDR61;Magnesium
H4C3;TAF2;Magnesium
H4C3;MED6;Magnesium
H4C3;MED24;Magnesium
H4C3;MED19;Magnesium
H4C3;GTF2A1;Magnesium
H4C3;CCNH;Magnesium
H4C3;MED22;Magnesium
H4C3;GTF2H5;Magnesium
H4C3;TCEA1;Magnesium
H4C3;GTF2H3;Magnesium
H4C3;GTF2F1;Magnesium
H4C3;GTF2A2;Magnesium
H4C3;RTF1;Magnesium
H4C3;SETD2;Magnesium
H4C3;POLR2E;Magnesium
H4C3;POLR2H;Magnesium
H4C3;SUPT5H;Magnesium
H4C3;POLR2A;Magnesium
H4C3;POLR2B;Magnesium
H4C3;POLR2F;Magnesium
H4C3;ACTB;Magnesium
H4C3;H2AX;Magnesium
TAF2;H4C13;Magnesium
TAF2;H4C12;Magnesium
TAF2;H4C1;Magnesium
TAF2;H4C14;Magnesium
TAF2;H4C15;Magnesium
TAF2;H4C4;Magnesium
TAF2;H4C9;Magnesium
TAF2;H4-16;Magnesium
TAF2;H4C5;Magnesium
TAF2;H4C8;Magnesium
TAF2;H3C15;Magnesium
TAF2;MED19;Magnesium
TAF2;H2BC11;Magnesium
TAF2;MED22;Magnesium
TAF2;MED24;Magnesium
TAF2;MED29;Magnesium
TAF2;MED6;Magnesium
TAF2;POLR2F;Magnesium
TAF2;CCNH;Magnesium
TAF2;TCEA1;Magnesium
TAF2;POLR2A;Magnesium
TAF2;POLR2E;Magnesium
TAF2;POLR2H;Magnesium
TAF2;TAF1L;Magnesium
TAF2;POLR2B;Magnesium
TAF2;ERCC2;Magnesium
TAF2;GTF2H5;Magnesium
TAF2;GTF2A2;Magnesium
TAF2;GTF2H3;Magnesium
TAF2;GTF2A1;Magnesium
TAF2;GTF2F1;Magnesium
TAF2;TAF1;Magnesium
TAF2;TAF6;Magnesium
TAF2;TAF9;Magnesium
TAF9;MED29;Magnesium
TAF9;MED19;Magnesium
TAF9;MED22;Magnesium
TAF9;MED24;Magnesium
TAF9;MED6;Magnesium
TAF9;POLR2F;Magnesium
TAF9;POLR2H;Magnesium
TAF9;POLR2B;Magnesium
TAF9;TCEA1;Magnesium
TAF9;POLR2E;Magnesium
TAF9;POLR2A;Magnesium
TAF9;CCNH;Magnesium
TAF9;TAF1L;Magnesium
TAF9;ERCC2;Magnesium
TAF9;GTF2H3;Magnesium
TAF9;GTF2H5;Magnesium
TAF9;GTF2F1;Magnesium
TAF9;GTF2A1;Magnesium
TAF9;GTF2A2;Magnesium
POLR2B;FBF1;Magnesium
POLR2B;TNKS1BP1;Magnesium
POLR2B;UVSSA;Magnesium
POLR2B;WDR61;Magnesium
POLR2B;PPP2CA;Magnesium
POLR2B;H2AC4;Magnesium
POLR2B;H2AC15;Magnesium
POLR2B;H2AC16;Magnesium
POLR2B;INTS11;Magnesium
POLR2B;INTS4;Magnesium
POLR2B;MED24;Magnesium
POLR2B;H3C15;Magnesium
POLR2B;INTS2;Magnesium
POLR2B;H4-16;Magnesium
POLR2B;H4C9;Magnesium
POLR2B;H4C8;Magnesium
POLR2B;H4C5;Magnesium
POLR2B;H4C13;Magnesium
POLR2B;H4C12;Magnesium
POLR2B;H4C15;Magnesium
POLR2B;H4C4;Magnesium
POLR2B;H4C14;Magnesium
POLR2B;H4C1;Magnesium
POLR2B;MED29;Magnesium
POLR2B;EAF1;Magnesium
POLR2B;GPN3;Magnesium
POLR2B;GTF2H5;Magnesium
POLR2B;SETD2;Magnesium
POLR2B;INTS9;Magnesium
POLR2B;H2BC11;Magnesium
POLR2B;NELFCD;Magnesium
POLR2B;TAF6;Magnesium
POLR2B;INTS8;Magnesium
POLR2B;MED19;Magnesium
POLR2B;MED22;Magnesium
POLR2B;GTF2A1;Magnesium
POLR2B;CCNH;Magnesium
POLR2B;TAF1;Magnesium
POLR2B;ELOF1;Magnesium
POLR2B;TCEA3;Magnesium
POLR2B;NELFA;Magnesium
POLR2B;POLR2J3;Magnesium
POLR2B;RPRD1A;Magnesium
POLR2B;GTF2H3;Magnesium
POLR2B;GTF2A2;Magnesium
POLR2B;ERCC2;Magnesium
POLR2B;RTF1;Magnesium
POLR2B;RPAP2;Magnesium
POLR2B;MED6;Magnesium
POLR2B;TCEA1;Magnesium
POLR2B;INTS1;Magnesium
POLR2B;POLR2E;Magnesium
POLR2B;POLR2F;Magnesium
POLR2B;POLR2A;Magnesium
POLR2B;POLR2H;Magnesium
POLR2B;SUPT5H;Magnesium
POLR2B;GTF2F1;Magnesium
CDK8;MED24;Magnesium
CDK8;MED22;Magnesium
CDK8;MED29;Magnesium
CDK8;MED19;Magnesium
CDK8;MED6;Magnesium
CDK8;CCNC;Magnesium
SMARCA2;ELOC;Magnesium
SMARCA2;POLR2A;Magnesium
RTF1;H2AC16;Magnesium
RTF1;H2AC4;Magnesium
RTF1;H2AC15;Magnesium
RTF1;H4C4;Magnesium
RTF1;H4C15;Magnesium
RTF1;H4C14;Magnesium
RTF1;H4C1;Magnesium
RTF1;H4C13;Magnesium
RTF1;H4C12;Magnesium
RTF1;H4C8;Magnesium
RTF1;H4C5;Magnesium
RTF1;H4-16;Magnesium
RTF1;H4C9;Magnesium
RTF1;H3C15;Magnesium
RTF1;ELOF1;Magnesium
RTF1;TNKS1BP1;Magnesium
RTF1;POLR2H;Magnesium
RTF1;POLR2E;Magnesium
RTF1;NELFCD;Magnesium
RTF1;EAF1;Magnesium
RTF1;POLR2F;Magnesium
RTF1;ELOA;Magnesium
RTF1;NELFA;Magnesium
RTF1;H2BC11;Magnesium
RTF1;TCEA1;Magnesium
RTF1;WDR61;Magnesium
RTF1;SUPT5H;Magnesium
CCNK;CDK12;Magnesium
ERCC2;H2BC11;Magnesium
ERCC2;MED29;Magnesium
ERCC2;MED22;Magnesium
ERCC2;MED19;Magnesium
ERCC2;MED24;Magnesium
ERCC2;MED6;Magnesium
ERCC2;POLR2H;Magnesium
ERCC2;POLR2F;Magnesium
ERCC2;GTF2H2C;Magnesium
ERCC2;POLR2A;Magnesium
ERCC2;TAF1;Magnesium
ERCC2;TAF6;Magnesium
ERCC2;POLR2E;Magnesium
ERCC2;TCEA1;Magnesium
ERCC2;GTF2A1;Magnesium
ERCC2;GTF2A2;Magnesium
ERCC2;GTF2F1;Magnesium
ERCC2;CCNH;Magnesium
ERCC2;GTF2H5;Magnesium
ERCC2;GTF2H3;Magnesium
URI1;POLR2A;Magnesium
URI1;RUVBL2;Magnesium
URI1;POLR2E;Magnesium
GTF2F1;H2BC11;Magnesium
GTF2F1;MED22;Magnesium
GTF2F1;H3C15;Magnesium
GTF2F1;POLR1C;Magnesium
GTF2F1;H4C12;Magnesium
GTF2F1;H4C13;Magnesium
GTF2F1;H4C4;Magnesium
GTF2F1;H4C14;Magnesium
GTF2F1;H4-16;Magnesium
GTF2F1;H4C9;Magnesium
GTF2F1;H4C1;Magnesium
GTF2F1;H4C15;Magnesium
GTF2F1;H4C8;Magnesium
GTF2F1;H4C5;Magnesium
GTF2F1;MED29;Magnesium
GTF2F1;MED24;Magnesium
GTF2F1;MED19;Magnesium
GTF2F1;CCNH;Magnesium
GTF2F1;MED6;Magnesium
GTF2F1;POLR2H;Magnesium
GTF2F1;GTF2H5;Magnesium
GTF2F1;TCEA1;Magnesium
GTF2F1;TAF6;Magnesium
GTF2F1;POLR2F;Magnesium
GTF2F1;GTF2A1;Magnesium
GTF2F1;GTF2A2;Magnesium
GTF2F1;TAF1;Magnesium
GTF2F1;POLR2E;Magnesium
GTF2F1;POLR2A;Magnesium
GTF2F1;GTF2H3;Magnesium
GTF2F1;CTDP1;Magnesium
GTF2A2;H2BC11;Magnesium
GTF2A2;MED22;Magnesium
GTF2A2;MED29;Magnesium
GTF2A2;MED24;Magnesium
GTF2A2;MED19;Magnesium
GTF2A2;H4C8;Magnesium
GTF2A2;H4C5;Magnesium
GTF2A2;H4-16;Magnesium
GTF2A2;H4C9;Magnesium
GTF2A2;H4C4;Magnesium
GTF2A2;H4C15;Magnesium
GTF2A2;H4C14;Magnesium
GTF2A2;H4C1;Magnesium
GTF2A2;H4C12;Magnesium
GTF2A2;H3C15;Magnesium
GTF2A2;H4C13;Magnesium
GTF2A2;CCNH;Magnesium
GTF2A2;MED6;Magnesium
GTF2A2;POLR2F;Magnesium
GTF2A2;TCEA1;Magnesium
GTF2A2;POLR2E;Magnesium
GTF2A2;POLR2H;Magnesium
GTF2A2;GTF2H5;Magnesium
GTF2A2;TAF6;Magnesium
GTF2A2;TAF1;Magnesium
GTF2A2;POLR2A;Magnesium
GTF2A2;GTF2H3;Magnesium
GTF2A2;GTF2A1;Magnesium
EAF1;CTDP1;Magnesium
EAF1;TCEA1;Magnesium
EAF1;NELFCD;Magnesium
EAF1;NELFA;Magnesium
EAF1;WDR61;Magnesium
EAF1;ELOC;Magnesium
EAF1;ELOA;Magnesium
EAF1;SUPT5H;Magnesium
INTS10;INTS2;Magnesium
INTS10;INTS12;Magnesium
INTS10;INTS8;Magnesium
INTS10;INTS4;Magnesium
INTS10;INTS9;Magnesium
INTS10;INTS11;Magnesium
INTS10;INTS1;Magnesium
RPRD1A;POLR2A;Magnesium
H3C15;MED29;Magnesium
H3C15;MED19;Magnesium
H3C15;GTF2A1;Magnesium
H3C15;MED22;Magnesium
H3C15;MED24;Magnesium
H3C15;CCNH;Magnesium
H3C15;WDR61;Magnesium
H3C15;MED6;Magnesium
H3C15;GTF2H5;Magnesium
H3C15;GTF2H3;Magnesium
H3C15;TCEA1;Magnesium
H3C15;POLR2H;Magnesium
H3C15;POLR2E;Magnesium
H3C15;POLR2F;Magnesium
H3C15;SUPT5H;Magnesium
H3C15;POLR2A;Magnesium
H3C15;SETD2;Magnesium
INTS1;NELFCD;Magnesium
INTS1;NELFA;Magnesium
INTS1;POLR2F;Magnesium
INTS1;POLR2E;Magnesium
INTS1;SUPT5H;Magnesium
INTS1;POLR2H;Magnesium
INTS1;PPP2CA;Magnesium
INTS1;INTS11;Magnesium
INTS1;INTS9;Magnesium
INTS1;POLR2A;Magnesium
INTS1;INTS2;Magnesium
INTS1;INTS12;Magnesium
INTS1;INTS8;Magnesium
INTS1;INTS4;Magnesium
POLR2F;TNKS1BP1;Magnesium
POLR2F;MED24;Magnesium
POLR2F;INTS8;Magnesium
POLR2F;INTS4;Magnesium
POLR2F;INTS2;Magnesium
POLR2F;INTS11;Magnesium
POLR2F;INTS9;Magnesium
POLR2F;WDR61;Magnesium
POLR2F;PPP2CA;Magnesium
POLR2F;UVSSA;Magnesium
POLR2F;H2AC4;Magnesium
POLR2F;H2AC16;Magnesium
POLR2F;H2AC15;Magnesium
POLR2F;ELOF1;Magnesium
POLR2F;H4C4;Magnesium
POLR2F;H4C15;Magnesium
POLR2F;H4C14;Magnesium
POLR2F;H4C1;Magnesium
POLR2F;H4C12;Magnesium
POLR2F;H4C8;Magnesium
POLR2F;H4C5;Magnesium
POLR2F;H4-16;Magnesium
POLR2F;H4C9;Magnesium
POLR2F;H4C13;Magnesium
POLR2F;TCEA3;Magnesium
POLR2F;MED29;Magnesium
POLR2F;TAF1;Magnesium
POLR2F;TAF6;Magnesium
POLR2F;GPN3;Magnesium
POLR2F;GTF2H5;Magnesium
POLR2F;H2BC11;Magnesium
POLR2F;NELFA;Magnesium
POLR2F;MED22;Magnesium
POLR2F;NELFCD;Magnesium
POLR2F;CCNH;Magnesium
POLR2F;MED19;Magnesium
POLR2F;GTF2A1;Magnesium
POLR2F;GTF2H3;Magnesium
POLR2F;POLR2J3;Magnesium
POLR2F;RPAP2;Magnesium
POLR2F;MED6;Magnesium
POLR2F;TCEA1;Magnesium
POLR2F;SUPT5H;Magnesium
POLR2F;POLR1B;Magnesium
POLR2F;POLR2A;Magnesium
POLR2F;POLR2H;Magnesium
POLR2F;POLR2E;Magnesium
POLR2F;POLR1C;Magnesium
SETD2;H4C8;Magnesium
SETD2;H4C9;Magnesium
SETD2;H4C15;Magnesium
SETD2;H4C4;Magnesium
SETD2;H4C14;Magnesium
SETD2;H4C1;Magnesium
SETD2;H4C12;Magnesium
SETD2;H4C13;Magnesium
SETD2;H4C5;Magnesium
SETD2;H4-16;Magnesium
SETD2;H3-2;Magnesium
SETD2;POLR2A;Magnesium
ELOA;NELFCD;Magnesium
ELOA;NELFA;Magnesium
ELOA;SUPT5H;Magnesium
ELOA;WDR61;Magnesium
ELOA;ELOC;Magnesium
CDK12;CCNH;Magnesium
CDK12;POLR2A;Magnesium
TAF6;MED19;Magnesium
TAF6;MED24;Magnesium
TAF6;MED29;Magnesium
TAF6;MED22;Magnesium
TAF6;MED6;Magnesium
TAF6;TCEA1;Magnesium
TAF6;POLR2H;Magnesium
TAF6;CCNH;Magnesium
TAF6;POLR2A;Magnesium
TAF6;POLR2E;Magnesium
TAF6;TAF1L;Magnesium
TAF6;GTF2H3;Magnesium
TAF6;GTF2H5;Magnesium
TAF6;GTF2A1;Magnesium
TCEA3;POLR2H;Magnesium
TCEA3;POLR2E;Magnesium
TCEA3;POLR2A;Magnesium
TAF1;MED19;Magnesium
TAF1;MED24;Magnesium
TAF1;MED29;Magnesium
TAF1;MED22;Magnesium
TAF1;MED6;Magnesium
TAF1;CCNH;Magnesium
TAF1;POLR2H;Magnesium
TAF1;TCEA1;Magnesium
TAF1;TAF1L;Magnesium
TAF1;POLR2E;Magnesium
TAF1;GTF2H5;Magnesium
TAF1;GTF2H3;Magnesium
TAF1;GTF2A1;Magnesium
SCAF8;POLR2A;Magnesium
INTS2;POLR2H;Magnesium
INTS2;NELFA;Magnesium
INTS2;NELFCD;Magnesium
INTS2;POLR2E;Magnesium
INTS2;POLR2A;Magnesium
INTS2;PPP2CA;Magnesium
INTS2;SUPT5H;Magnesium
INTS2;INTS12;Magnesium
INTS2;INTS9;Magnesium
INTS2;INTS4;Magnesium
INTS2;INTS11;Magnesium
INTS2;INTS8;Magnesium
INTS12;INTS8;Magnesium
INTS12;INTS4;Magnesium
INTS12;INTS9;Magnesium
INTS12;INTS11;Magnesium
POLR2H;UVSSA;Magnesium
POLR2H;INTS4;Magnesium
POLR2H;INTS8;Magnesium
POLR2H;INTS11;Magnesium
POLR2H;PPP2CA;Magnesium
POLR2H;TNKS1BP1;Magnesium
POLR2H;WDR61;Magnesium
POLR2H;INTS9;Magnesium
POLR2H;MED24;Magnesium
POLR2H;H2AC4;Magnesium
POLR2H;H2AC16;Magnesium
POLR2H;H2AC15;Magnesium
POLR2H;MED29;Magnesium
POLR2H;H4C5;Magnesium
POLR2H;H4-16;Magnesium
POLR2H;H4C9;Magnesium
POLR2H;H4C4;Magnesium
POLR2H;H4C15;Magnesium
POLR2H;H4C14;Magnesium
POLR2H;H4C1;Magnesium
POLR2H;H4C12;Magnesium
POLR2H;H4C8;Magnesium
POLR2H;H4C13;Magnesium
POLR2H;ELOF1;Magnesium
POLR2H;NELFCD;Magnesium
POLR2H;GTF2H5;Magnesium
POLR2H;H2BC11;Magnesium
POLR2H;CCNH;Magnesium
POLR2H;MED19;Magnesium
POLR2H;POLR2J3;Magnesium
POLR2H;MED22;Magnesium
POLR2H;NELFA;Magnesium
POLR2H;GTF2A1;Magnesium
POLR2H;GTF2H3;Magnesium
POLR2H;RPAP2;Magnesium
POLR2H;TCEA1;Magnesium
POLR2H;MED6;Magnesium
POLR2H;SUPT5H;Magnesium
POLR2H;POLR2A;Magnesium
POLR2H;POLR2E;Magnesium
POLR2H;POLR1C;Magnesium
POLR2H;POLR1B;Magnesium
PPP2CA;NELFA;Magnesium
PPP2CA;POLR2E;Magnesium
PPP2CA;POLR2A;Magnesium
PPP2CA;NELFCD;Magnesium
PPP2CA;SUPT5H;Magnesium
PPP2CA;INTS4;Magnesium
PPP2CA;INTS9;Magnesium
PPP2CA;INTS11;Magnesium
PPP2CA;INTS8;Magnesium
GTF2H2C;GTF2H5;Magnesium
GTF2H2C;GTF2H3;Magnesium
NEDD4;POLR2A;Magnesium
NEDD4;UBC;Magnesium
UVSSA;POLR2E;Magnesium
UVSSA;WDR61;Magnesium
UVSSA;POLR2A;Magnesium
TCEA1;H2AC16;Magnesium
TCEA1;H2AC4;Magnesium
TCEA1;H2AC15;Magnesium
TCEA1;H4C1;Magnesium
TCEA1;H4C13;Magnesium
TCEA1;H4C12;Magnesium
TCEA1;H4C4;Magnesium
TCEA1;H4C15;Magnesium
TCEA1;H4C14;Magnesium
TCEA1;H4-16;Magnesium
TCEA1;H4C9;Magnesium
TCEA1;H4C8;Magnesium
TCEA1;H4C5;Magnesium
TCEA1;H2BC11;Magnesium
TCEA1;WDR61;Magnesium
TCEA1;CTDP1;Magnesium
TCEA1;GTF2A1;Magnesium
TCEA1;GTF2H3;Magnesium
TCEA1;GTF2H5;Magnesium
TCEA1;SUPT5H;Magnesium
TCEA1;POLR2E;Magnesium
TCEA1;POLR2A;Magnesium
CCNC;MED24;Magnesium
CCNC;MED29;Magnesium
CCNC;MED22;Magnesium
CCNC;MED19;Magnesium
CCNC;MED6;Magnesium
INTS9;NELFCD;Magnesium
INTS9;NELFA;Magnesium
INTS9;POLR2E;Magnesium
INTS9;SUPT5H;Magnesium
INTS9;POLR2A;Magnesium
INTS9;INTS8;Magnesium
INTS9;INTS4;Magnesium
INTS9;INTS11;Magnesium
INTS8;NELFCD;Magnesium
INTS8;NELFA;Magnesium
INTS8;POLR2E;Magnesium
INTS8;POLR2A;Magnesium
INTS8;SUPT5H;Magnesium
INTS8;INTS4;Magnesium
INTS8;INTS11;Magnesium
CNOT8;POLR2A;Magnesium
CNOT8;DDX6;Magnesium
CNOT8;TNKS1BP1;Magnesium
H2AX;H4C8;Magnesium
H2AX;H4C1;Magnesium
H2AX;H4C5;Magnesium
H2AX;H4C15;Magnesium
H2AX;H4C12;Magnesium
H2AX;H4-16;Magnesium
H2AX;H4C4;Magnesium
H2AX;H4C13;Magnesium
H2AX;H4C14;Magnesium
H2AX;H4C9;Magnesium
INTS4;NELFA;Magnesium
INTS4;NELFCD;Magnesium
INTS4;POLR2E;Magnesium
INTS4;POLR2A;Magnesium
INTS4;SUPT5H;Magnesium
INTS4;INTS11;Magnesium
TNKS1BP1;POLR2E;Magnesium
TNKS1BP1;POLR2A;Magnesium
TNKS1BP1;SUPT5H;Magnesium
MED24;H2BC11;Magnesium
MED24;H4C9;Magnesium
MED24;H4-16;Magnesium
MED24;H4C5;Magnesium
MED24;H4C8;Magnesium
MED24;H4C12;Magnesium
MED24;H4C13;Magnesium
MED24;H4C1;Magnesium
MED24;H4C14;Magnesium
MED24;H4C4;Magnesium
MED24;H4C15;Magnesium
MED24;GTF2H5;Magnesium
MED24;GTF2H3;Magnesium
MED24;POLR2E;Magnesium
MED24;CCNH;Magnesium
MED24;POLR2A;Magnesium
MED24;GTF2A1;Magnesium
MED24;MED22;Magnesium
MED24;MED6;Magnesium
MED24;MED19;Magnesium
MED24;MED29;Magnesium
UBC;ITCH;Magnesium
GPN3;POLR2E;Magnesium
GPN3;POLR2A;Magnesium
GPN3;POLR1C;Magnesium
GPN3;RPAP2;Magnesium
H4-16;GTF2A1;Magnesium
H4-16;MED19;Magnesium
H4-16;WDR61;Magnesium
H4-16;MED6;Magnesium
H4-16;CCNH;Magnesium
H4-16;MED29;Magnesium
H4-16;MED22;Magnesium
H4-16;GTF2H5;Magnesium
H4-16;GTF2H3;Magnesium
H4-16;POLR2E;Magnesium
H4-16;SUPT5H;Magnesium
H4-16;POLR2A;Magnesium
H4-16;ACTB;Magnesium
POLR1B;ELOF1;Magnesium
POLR1B;POLR2E;Magnesium
POLR1B;POLR1C;Magnesium
INTS11;NELFCD;Magnesium
INTS11;NELFA;Magnesium
INTS11;POLR2E;Magnesium
INTS11;SUPT5H;Magnesium
INTS11;POLR2A;Magnesium
GTF2H3;H2BC11;Magnesium
GTF2H3;MED29;Magnesium
GTF2H3;MED19;Magnesium
GTF2H3;H4C8;Magnesium
GTF2H3;H4C5;Magnesium
GTF2H3;H4C9;Magnesium
GTF2H3;H4C4;Magnesium
GTF2H3;H4C15;Magnesium
GTF2H3;H4C14;Magnesium
GTF2H3;H4C1;Magnesium
GTF2H3;H4C13;Magnesium
GTF2H3;H4C12;Magnesium
GTF2H3;MED22;Magnesium
GTF2H3;MED6;Magnesium
GTF2H3;POLR2E;Magnesium
GTF2H3;GTF2A1;Magnesium
GTF2H3;POLR2A;Magnesium
GTF2H3;GTF2H5;Magnesium
GTF2H3;CCNH;Magnesium
NELFA;WDR61;Magnesium
NELFA;ELOC;Magnesium
NELFA;POLR2E;Magnesium
NELFA;POLR2A;Magnesium
NELFA;SUPT5H;Magnesium
NELFA;NELFCD;Magnesium
GTF2A1;H4C1;Magnesium
GTF2A1;H4C12;Magnesium
GTF2A1;H4C15;Magnesium
GTF2A1;H4C14;Magnesium
GTF2A1;H4C8;Magnesium
GTF2A1;H4C5;Magnesium
GTF2A1;H4C4;Magnesium
GTF2A1;H4C9;Magnesium
GTF2A1;H4C13;Magnesium
GTF2A1;MED19;Magnesium
GTF2A1;H2BC11;Magnesium
GTF2A1;MED29;Magnesium
GTF2A1;MED22;Magnesium
GTF2A1;MED6;Magnesium
GTF2A1;CCNH;Magnesium
GTF2A1;POLR2E;Magnesium
GTF2A1;GTF2H5;Magnesium
GTF2A1;POLR2A;Magnesium
WDR61;H4C4;Magnesium
WDR61;H2AC16;Magnesium
WDR61;H4C15;Magnesium
WDR61;H4C14;Magnesium
WDR61;H4C1;Magnesium
WDR61;H4C13;Magnesium
WDR61;H2AC4;Magnesium
WDR61;H4C8;Magnesium
WDR61;H4C5;Magnesium
WDR61;H2AC15;Magnesium
WDR61;H4C9;Magnesium
WDR61;H4C12;Magnesium
WDR61;POLR2E;Magnesium
WDR61;POLR2A;Magnesium
WDR61;NELFCD;Magnesium
WDR61;H2BC11;Magnesium
WDR61;ELOC;Magnesium
WDR61;SUPT5H;Magnesium
POLR2A;HNRNPU;Magnesium
POLR2A;FBF1;Magnesium
POLR2A;H2AC4;Magnesium
POLR2A;H2AC16;Magnesium
POLR2A;H2AC15;Magnesium
POLR2A;H4C14;Magnesium
POLR2A;H4C4;Magnesium
POLR2A;H4C15;Magnesium
POLR2A;H4C13;Magnesium
POLR2A;H4C12;Magnesium
POLR2A;H4C1;Magnesium
POLR2A;H4C5;Magnesium
POLR2A;H4C8;Magnesium
POLR2A;H4C9;Magnesium
POLR2A;MED29;Magnesium
POLR2A;H2BC11;Magnesium
POLR2A;MED22;Magnesium
POLR2A;POLR2J3;Magnesium
POLR2A;NELFCD;Magnesium
POLR2A;GTF2H5;Magnesium
POLR2A;ELOF1;Magnesium
POLR2A;DDX6;Magnesium
POLR2A;MED19;Magnesium
POLR2A;RPAP2;Magnesium
POLR2A;MED6;Magnesium
POLR2A;CTDP1;Magnesium
POLR2A;SUPT5H;Magnesium
POLR2A;POLR2E;Magnesium
H4C15;MED19;Magnesium
H4C15;MED6;Magnesium
H4C15;MED29;Magnesium
H4C15;CCNH;Magnesium
H4C15;MED22;Magnesium
H4C15;GTF2H5;Magnesium
H4C15;POLR2E;Magnesium
H4C15;SUPT5H;Magnesium
H4C15;ACTB;Magnesium
H4C14;MED6;Magnesium
H4C14;MED19;Magnesium
H4C14;MED29;Magnesium
H4C14;CCNH;Magnesium
H4C14;MED22;Magnesium
H4C14;GTF2H5;Magnesium
H4C14;POLR2E;Magnesium
H4C14;SUPT5H;Magnesium
H4C14;ACTB;Magnesium
ELOF1;POLR1C;Magnesium
ELOF1;POLR2E;Magnesium
ELOF1;SUPT5H;Magnesium
SUPT5H;POLR2J3;Magnesium
SUPT5H;POLR1C;Magnesium
SUPT5H;H2AC4;Magnesium
SUPT5H;H2AC15;Magnesium
SUPT5H;H2AC16;Magnesium
SUPT5H;H4C9;Magnesium
SUPT5H;H4C8;Magnesium
SUPT5H;H4C5;Magnesium
SUPT5H;H4C1;Magnesium
SUPT5H;H4C13;Magnesium
SUPT5H;H4C12;Magnesium
SUPT5H;H4C4;Magnesium
SUPT5H;H2BC11;Magnesium
SUPT5H;ELOC;Magnesium
SUPT5H;POLR2E;Magnesium
SUPT5H;NELFCD;Magnesium
RUVBL2;MYC;Magnesium
RUVBL2;ACTB;Magnesium
NELFCD;ELOC;Magnesium
NELFCD;POLR2E;Magnesium
GTF2H5;MED22;Magnesium
GTF2H5;H4C9;Magnesium
GTF2H5;H4C5;Magnesium
GTF2H5;H4C8;Magnesium
GTF2H5;H4C13;Magnesium
GTF2H5;H4C12;Magnesium
GTF2H5;H4C1;Magnesium
GTF2H5;H4C4;Magnesium
GTF2H5;MED6;Magnesium
GTF2H5;MED29;Magnesium
GTF2H5;MED19;Magnesium
GTF2H5;H2BC11;Magnesium
GTF2H5;POLR2E;Magnesium
GTF2H5;CCNH;Magnesium
H2BC11;MED6;Magnesium
H2BC11;MED19;Magnesium
H2BC11;MED29;Magnesium
H2BC11;MED22;Magnesium
H2BC11;CCNH;Magnesium
H2BC11;POLR2E;Magnesium
RPAP2;POLR2J3;Magnesium
RPAP2;POLR2E;Magnesium
POLR2E;H2AC4;Magnesium
POLR2E;H2AC15;Magnesium
POLR2E;H2AC16;Magnesium
POLR2E;H4C8;Magnesium
POLR2E;H4C5;Magnesium
POLR2E;H4C9;Magnesium
POLR2E;H4C4;Magnesium
POLR2E;H4C1;Magnesium
POLR2E;H4C12;Magnesium
POLR2E;H4C13;Magnesium
POLR2E;MED29;Magnesium
POLR2E;MED19;Magnesium
POLR2E;CCNH;Magnesium
POLR2E;MED22;Magnesium
POLR2E;POLR2J3;Magnesium
POLR2E;MED6;Magnesium
POLR2E;POLR1C;Magnesium
H4C1;MED29;Magnesium
H4C1;MED19;Magnesium
H4C1;MED6;Magnesium
H4C1;CCNH;Magnesium
H4C1;MED22;Magnesium
H4C1;ACTB;Magnesium
H4C4;MED29;Magnesium
H4C4;MED6;Magnesium
H4C4;MED19;Magnesium
H4C4;CCNH;Magnesium
H4C4;MED22;Magnesium
H4C4;ACTB;Magnesium
H4C12;MED29;Magnesium
H4C12;MED6;Magnesium
H4C12;MED19;Magnesium
H4C12;CCNH;Magnesium
H4C12;MED22;Magnesium
H4C12;ACTB;Magnesium
H4C13;MED29;Magnesium
H4C13;MED19;Magnesium
H4C13;MED6;Magnesium
H4C13;CCNH;Magnesium
H4C13;MED22;Magnesium
H4C13;ACTB;Magnesium
H4C9;MED6;Magnesium
H4C9;MED19;Magnesium
H4C9;MED29;Magnesium
H4C9;CCNH;Magnesium
H4C9;MED22;Magnesium
H4C9;ACTB;Magnesium
MED29;H4C8;Magnesium
MED29;H4C5;Magnesium
MED29;CCNH;Magnesium
MED29;MED19;Magnesium
MED29;MED6;Magnesium
MED29;MED22;Magnesium
MED6;H4C8;Magnesium
MED6;H4C5;Magnesium
MED6;POLR2J3;Magnesium
MED6;POLR1C;Magnesium
MED6;CCNH;Magnesium
MED6;MED22;Magnesium
MED6;MED19;Magnesium
MED22;H4C5;Magnesium
MED22;H4C8;Magnesium
MED22;CCNH;Magnesium
MED22;MED19;Magnesium
H4C5;MED19;Magnesium
H4C5;CCNH;Magnesium
H4C5;ACTB;Magnesium
H4C8;MED19;Magnesium
H4C8;CCNH;Magnesium
H4C8;ACTB;Magnesium
CCNH;MED19;Magnesium
ERCC1;ZSWIM7;Magnesium
ERCC1;RCOR1;Magnesium
ERCC1;KDM1A;Magnesium
ERCC1;ATP23;Magnesium
ERCC1;PAXX;Magnesium
ERCC1;PHF21A;Magnesium
ERCC1;DCLRE1C;Magnesium
ERCC1;NHEJ1;Magnesium
ERCC1;CETN2;Magnesium
ERCC1;ERCC8;Magnesium
ERCC1;XPC;Magnesium
ERCC1;RAD23B;Magnesium
RPA3;PRIM1;Magnesium
MLH1;PMS1;Magnesium
MSH2;RCOR1;Magnesium
MSH2;ZSWIM7;Magnesium
MSH2;PHF21A;Magnesium
MSH2;ATP23;Magnesium
MSH2;CETN2;Magnesium
MSH2;PAXX;Magnesium
MSH2;ERCC8;Magnesium
MSH2;KDM1A;Magnesium
MSH2;NHEJ1;Magnesium
MSH2;MCM9;Magnesium
MSH2;DCLRE1C;Magnesium
MSH2;SMARCAD1;Magnesium
MSH2;XPC;Magnesium
MSH2;RAD23B;Magnesium
MSH6;ZSWIM7;Magnesium
MSH6;ATP23;Magnesium
MSH6;RCOR1;Magnesium
MSH6;PHF21A;Magnesium
MSH6;PAXX;Magnesium
MSH6;CETN2;Magnesium
MSH6;ERCC8;Magnesium
MSH6;NHEJ1;Magnesium
MSH6;KDM1A;Magnesium
MSH6;XPC;Magnesium
MSH6;DCLRE1C;Magnesium
MSH6;RAD23B;Magnesium
UNG;RPA2;Magnesium
RPA1;PRIM1;Magnesium
KRAS;NF1;Magnesium
RCOR1;MSH3;Magnesium
RCOR1;DCLRE1C;Magnesium
RCOR1;CETN2;Magnesium
RCOR1;ATP23;Magnesium
RCOR1;SWSAP1;Magnesium
RCOR1;NHEJ1;Magnesium
RCOR1;ERCC8;Magnesium
RCOR1;ZSWIM7;Magnesium
RCOR1;PAXX;Magnesium
RCOR1;ERCC5;Magnesium
RCOR1;XPC;Magnesium
RCOR1;ERCC4;Magnesium
RCOR1;XRCC4;Magnesium
RCOR1;RAD23B;Magnesium
RCOR1;LIG4;Magnesium
RCOR1;POLD1;Magnesium
RCOR1;XRCC5;Magnesium
RCOR1;PRKDC;Magnesium
RCOR1;XRCC6;Magnesium
RCOR1;ATM;Magnesium
RCOR1;PHF21A;Magnesium
RCOR1;KDM1A;Magnesium
ERCC8;MSH3;Magnesium
ERCC8;SWSAP1;Magnesium
ERCC8;ZSWIM7;Magnesium
ERCC8;KDM1A;Magnesium
ERCC8;PAXX;Magnesium
ERCC8;PHF21A;Magnesium
ERCC8;ATP23;Magnesium
ERCC8;NHEJ1;Magnesium
ERCC8;DCLRE1C;Magnesium
ERCC8;PRKDC;Magnesium
ERCC8;XRCC6;Magnesium
ERCC8;XRCC5;Magnesium
ERCC8;XRCC4;Magnesium
ERCC8;LIG4;Magnesium
ERCC8;POLD1;Magnesium
ERCC8;CETN2;Magnesium
ERCC8;XPC;Magnesium
ERCC8;RAD23B;Magnesium
ERCC8;ERCC4;Magnesium
ERCC8;ERCC5;Magnesium
MSH3;ATP23;Magnesium
MSH3;PHF21A;Magnesium
MSH3;PAXX;Magnesium
MSH3;ZSWIM7;Magnesium
MSH3;KDM1A;Magnesium
MSH3;CETN2;Magnesium
MSH3;DCLRE1C;Magnesium
MSH3;NHEJ1;Magnesium
MSH3;XPC;Magnesium
MSH3;RAD23B;Magnesium
ATM;ATP23;Magnesium
ATM;PHF21A;Magnesium
ATM;ZSWIM7;Magnesium
ATM;CETN2;Magnesium
ATM;KDM1A;Magnesium
ATM;RAD23B;Magnesium
ATM;PAXX;Magnesium
ATM;DCLRE1C;Magnesium
ATM;XPC;Magnesium
ATM;NHEJ1;Magnesium
XPC;SWSAP1;Magnesium
XPC;ATP23;Magnesium
XPC;RPA2;Magnesium
XPC;ZSWIM7;Magnesium
XPC;KDM1A;Magnesium
XPC;DCLRE1C;Magnesium
XPC;PAXX;Magnesium
XPC;PHF21A;Magnesium
XPC;NHEJ1;Magnesium
XPC;XRCC4;Magnesium
XPC;PRKDC;Magnesium
XPC;LIG4;Magnesium
XPC;ERCC5;Magnesium
XPC;ERCC3;Magnesium
XPC;ERCC4;Magnesium
XPC;CETN2;Magnesium
XPC;RAD23B;Magnesium
ERCC3;XPA;Magnesium
ERCC3;ERCC5;Magnesium
ATP23;ZSWIM7;Magnesium
ATP23;SWSAP1;Magnesium
ATP23;POLD1;Magnesium
ATP23;PAXX;Magnesium
ATP23;PHF21A;Magnesium
ATP23;CETN2;Magnesium
ATP23;KDM1A;Magnesium
ATP23;NHEJ1;Magnesium
ATP23;RAD23B;Magnesium
ATP23;LIG4;Magnesium
ATP23;ERCC4;Magnesium
ATP23;PRKDC;Magnesium
ATP23;ERCC5;Magnesium
ATP23;XRCC5;Magnesium
ATP23;XRCC4;Magnesium
ATP23;DCLRE1C;Magnesium
ATP23;XRCC6;Magnesium
MCM7;POLE;Magnesium
MCM7;MCM9;Magnesium
SWSAP1;KDM1A;Magnesium
SWSAP1;NHEJ1;Magnesium
SWSAP1;PHF21A;Magnesium
SWSAP1;CETN2;Magnesium
SWSAP1;RAD23B;Magnesium
SWSAP1;DCLRE1C;Magnesium
SWSAP1;PAXX;Magnesium
SWSAP1;ZSWIM7;Magnesium
ERCC4;ZSWIM7;Magnesium
ERCC4;PAXX;Magnesium
ERCC4;KDM1A;Magnesium
ERCC4;PHF21A;Magnesium
ERCC4;NHEJ1;Magnesium
ERCC4;DCLRE1C;Magnesium
ERCC4;CETN2;Magnesium
ERCC4;RAD23B;Magnesium
PRKDC;ZSWIM7;Magnesium
PRKDC;PHF21A;Magnesium
PRKDC;KDM1A;Magnesium
PRKDC;CETN2;Magnesium
PRKDC;RAD23B;Magnesium
PRKDC;PAXX;Magnesium
PRKDC;DCLRE1C;Magnesium
PRKDC;NHEJ1;Magnesium
MCM9;CDC7;Magnesium
MCM9;POLE;Magnesium
POLE;PRIM1;Magnesium
NHEJ1;ZSWIM7;Magnesium
NHEJ1;KDM1A;Magnesium
NHEJ1;PHF21A;Magnesium
NHEJ1;POLD1;Magnesium
NHEJ1;CETN2;Magnesium
NHEJ1;ERCC5;Magnesium
NHEJ1;RAD23B;Magnesium
NHEJ1;DCLRE1C;Magnesium
NHEJ1;XRCC6;Magnesium
NHEJ1;XRCC5;Magnesium
NHEJ1;XRCC4;Magnesium
NHEJ1;LIG4;Magnesium
NHEJ1;PAXX;Magnesium
PRIM1;RPA2;Magnesium
PRIM1;POLD1;Magnesium
RAD23B;ZSWIM7;Magnesium
RAD23B;PAXX;Magnesium
RAD23B;PHF21A;Magnesium
RAD23B;KDM1A;Magnesium
RAD23B;DCLRE1C;Magnesium
RAD23B;POLD1;Magnesium
RAD23B;XRCC4;Magnesium
RAD23B;XRCC6;Magnesium
RAD23B;XRCC5;Magnesium
RAD23B;LIG4;Magnesium
RAD23B;ERCC5;Magnesium
RAD23B;CETN2;Magnesium
XRCC6;ZSWIM7;Magnesium
XRCC6;PHF21A;Magnesium
XRCC6;KDM1A;Magnesium
XRCC6;CETN2;Magnesium
XRCC6;DCLRE1C;Magnesium
XRCC6;PAXX;Magnesium
DNMT1;PCNA;Magnesium
CETN2;ZSWIM7;Magnesium
CETN2;DCLRE1C;Magnesium
CETN2;PAXX;Magnesium
CETN2;PHF21A;Magnesium
CETN2;KDM1A;Magnesium
CETN2;POLD1;Magnesium
CETN2;LIG4;Magnesium
CETN2;XRCC4;Magnesium
CETN2;XRCC5;Magnesium
CETN2;ERCC5;Magnesium
PAXX;PHF21A;Magnesium
PAXX;KDM1A;Magnesium
PAXX;ZSWIM7;Magnesium
PAXX;POLD1;Magnesium
PAXX;ERCC5;Magnesium
PAXX;DCLRE1C;Magnesium
PAXX;LIG4;Magnesium
PAXX;XRCC5;Magnesium
PAXX;XRCC4;Magnesium
DCLRE1C;ZSWIM7;Magnesium
DCLRE1C;KDM1A;Magnesium
DCLRE1C;PHF21A;Magnesium
DCLRE1C;POLD1;Magnesium
DCLRE1C;ERCC5;Magnesium
DCLRE1C;XRCC4;Magnesium
DCLRE1C;LIG4;Magnesium
DCLRE1C;XRCC5;Magnesium
PCNA;RFC1;Magnesium
CHEK2;CDC7;Magnesium
XRCC5;ZSWIM7;Magnesium
XRCC5;PHF21A;Magnesium
XRCC5;KDM1A;Magnesium
ZSWIM7;ERCC5;Magnesium
ZSWIM7;PHF21A;Magnesium
ZSWIM7;LIG4;Magnesium
ZSWIM7;KDM1A;Magnesium
ZSWIM7;XRCC4;Magnesium
ZSWIM7;POLD1;Magnesium
KDM1A;ERCC5;Magnesium
KDM1A;POLD1;Magnesium
KDM1A;LIG4;Magnesium
KDM1A;XRCC4;Magnesium
KDM1A;PHF21A;Magnesium
PHF21A;XRCC4;Magnesium
PHF21A;LIG4;Magnesium
PHF21A;ERCC5;Magnesium
PHF21A;POLD1;Magnesium
DLD;GLUD1;Magnesium
DLD;SUCLG1;Magnesium
DLD;DHTKD1;Magnesium
DLD;OGDHL;Magnesium
DLD;BCKDHA;Magnesium
DLD;DLST;Magnesium
DLD;DBT;Magnesium
DLD;BCKDHB;Magnesium
ACO2;ACO1;Magnesium
ACO2;IDH3G;Magnesium
ACO2;IDH3B;Magnesium
ACO2;IDH2;Magnesium
ACO2;IDH3A;Magnesium
ACO2;IDH1;Magnesium
ACO2;CS;Magnesium
IDH3G;IL4I1;Magnesium
IDH3G;NIT2;Magnesium
IDH3G;ADSL;Magnesium
IDH3G;RIMKLB;Magnesium
IDH3G;ALDH5A1;Magnesium
IDH3G;ASL;Magnesium
IDH3G;ACO1;Magnesium
GOT2;NIT2;Magnesium
GOT2;IL4I1;Magnesium
GOT2;CS;Magnesium
GOT2;MDH2;Magnesium
DHTKD1;DLST;Magnesium
ILVBL;CS;Magnesium
SDHA;ASL;Magnesium
SDHA;SUCLG2;Magnesium
SDHA;SUCLA2;Magnesium
SDHA;SUCLG1;Magnesium
BCKDHA;OGDH;Magnesium
BCKDHA;CS;Magnesium
BCKDHA;IL4I1;Magnesium
BCKDHA;DLST;Magnesium
BCKDHA;BCKDHB;Magnesium
BCKDHA;PDHB;Magnesium
BCKDHA;DBT;Magnesium
GLUD1;MDH2;Magnesium
GLUD1;CS;Magnesium
GLUD1;NIT2;Magnesium
DLAT;HMGCLL1;Magnesium
DLAT;HMGCL;Magnesium
DLAT;SUCLG2;Magnesium
DLAT;SUCLA2;Magnesium
DLAT;OGDH;Magnesium
DLAT;SUCLG1;Magnesium
DLAT;CS;Magnesium
IDH3A;IL4I1;Magnesium
IDH3A;ADSL;Magnesium
IDH3A;RIMKLB;Magnesium
IDH3A;NIT2;Magnesium
IDH3A;ASL;Magnesium
IDH3A;ALDH5A1;Magnesium
IDH3A;SUCLA2;Magnesium
IDH3A;ACO1;Magnesium
GOT1L1;CS;Magnesium
GOT1L1;NIT2;Magnesium
GOT1L1;IL4I1;Magnesium
GOT1L1;MDH2;Magnesium
ASL;OGDHL;Magnesium
ASL;OGDH;Magnesium
ASL;IDH3B;Magnesium
ASL;SDHB;Magnesium
ASL;IDH1;Magnesium
ASL;IDH2;Magnesium
ASL;CS;Magnesium
ASL;FH;Magnesium
ASL;MDH2;Magnesium
ASL;ADSL;Magnesium
PDHB;CS;Magnesium
ACO1;IDH3B;Magnesium
ACO1;IDH2;Magnesium
ACO1;IDH1;Magnesium
ACO1;CS;Magnesium
ALDH5A1;IDH3B;Magnesium
ALDH5A1;OGDHL;Magnesium
ALDH5A1;IDH1;Magnesium
ALDH5A1;IDH2;Magnesium
ALDH5A1;MDH2;Magnesium
ALDH5A1;OGDH;Magnesium
ALDH5A1;CS;Magnesium
BCKDHB;CS;Magnesium
BCKDHB;IL4I1;Magnesium
BCKDHB;DLST;Magnesium
BCKDHB;DBT;Magnesium
HACL1;CS;Magnesium
MDH2;RIMKLB;Magnesium
MDH2;IL4I1;Magnesium
MDH2;GLUD2;Magnesium
MDH2;NIT2;Magnesium
MDH2;GOT1;Magnesium
MDH2;FH;Magnesium
MDH2;CS;Magnesium
GLUD2;CS;Magnesium
GLUD2;NIT2;Magnesium
IDH2;IL4I1;Magnesium
IDH2;RIMKLB;Magnesium
IDH2;NIT2;Magnesium
DLST;HMGCLL1;Magnesium
DLST;HMGCL;Magnesium
DLST;SUCLG2;Magnesium
DLST;SUCLA2;Magnesium
DLST;SUCLG1;Magnesium
DLST;OGDH;Magnesium
DLST;OGDHL;Magnesium
CS;NIT2;Magnesium
CS;IL4I1;Magnesium
CS;RIMKLB;Magnesium
CS;ADSL;Magnesium
CS;HMGCLL1;Magnesium
CS;GOT1;Magnesium
CS;HMGCL;Magnesium
CS;FH;Magnesium
CS;SDHB;Magnesium
RIMKLB;IDH1;Magnesium
RIMKLB;OGDHL;Magnesium
RIMKLB;OGDH;Magnesium
RIMKLB;IDH3B;Magnesium
DBT;SUCLG1;Magnesium
GOT1;NIT2;Magnesium
GOT1;IL4I1;Magnesium
OGDHL;IL4I1;Magnesium
OGDHL;NIT2;Magnesium
OGDHL;ADSL;Magnesium
OGDHL;SUCLG2;Magnesium
OGDHL;SUCLA2;Magnesium
OGDHL;SUCLG1;Magnesium
HMGCL;SUCLA2;Magnesium
HMGCL;SUCLG2;Magnesium
HMGCL;SUCLG1;Magnesium
HMGCL;HMGCLL1;Magnesium
SDHB;SUCLG2;Magnesium
SDHB;SUCLA2;Magnesium
SDHB;SUCLG1;Magnesium
SUCLG1;HMGCLL1;Magnesium
SUCLG1;OGDH;Magnesium
SUCLG1;SUCLG2;Magnesium
SUCLG1;SUCLA2;Magnesium
NIT2;OGDH;Magnesium
NIT2;IDH1;Magnesium
NIT2;IDH3B;Magnesium
NIT2;IL4I1;Magnesium
HMGCLL1;SUCLA2;Magnesium
HMGCLL1;SUCLG2;Magnesium
OGDH;IL4I1;Magnesium
OGDH;ADSL;Magnesium
OGDH;SUCLG2;Magnesium
OGDH;SUCLA2;Magnesium
IDH1;IL4I1;Magnesium
IDH1;ADSL;Magnesium
SUCLG2;SUCLA2;Magnesium
IL4I1;IDH3B;Magnesium
IDH3B;ADSL;Magnesium
CENPM;CENPS;Magnesium
CENPM;CENPU;Magnesium
CENPM;CENPA;Magnesium
CENPM;CENPO;Magnesium
CENPM;CENPK;Magnesium
CENPM;CENPT;Magnesium
CENPM;CENPQ;Magnesium
CENPM;CENPH;Magnesium
CENPM;CENPN;Magnesium
CENPM;CENPI;Magnesium
MCM5;TOPBP1;Magnesium
STAG2;CDCA5;Magnesium
STAG2;SGO2;Magnesium
STAG2;ESPL1;Magnesium
STAG2;REC8;Magnesium
STAG2;STAG1;Magnesium
STAG2;WAPL;Magnesium
STAG2;SMC3;Magnesium
STAG2;RAD21;Magnesium
STAG2;PDS5A;Magnesium
STAG2;SMC1A;Magnesium
PPP2CB;CDC27;Magnesium
PPP2CB;ANAPC1;Magnesium
PPP2CB;CDC16;Magnesium
PPP2CB;PPP4C;Magnesium
PPP2CB;FBXO43;Magnesium
PPP2CB;REC8;Magnesium
PPP2CB;SGO1;Magnesium
PPP2CB;FGFR1OP;Magnesium
CEP41;PLK1;Magnesium
FBXO5;FBXW11;Magnesium
FBXO5;ANAPC1;Magnesium
FBXO5;PLK1;Magnesium
FBXO5;CDC27;Magnesium
FBXO5;CDC16;Magnesium
FBXO5;CDC23;Magnesium
FBXO5;CUL1;Magnesium
FBXO5;BTRC;Magnesium
FBXO5;SKP1;Magnesium
FBXO5;FZR1;Magnesium
FBXO5;CDC20;Magnesium
SKP1;PPP2R2A;Magnesium
SKP1;FBXO43;Magnesium
NEK9;PLK1;Magnesium
NCAPH;NCAPD3;Magnesium
NCAPH;SMC4;Magnesium
B9D2;CEP290;Magnesium
CDC25B;FBXW11;Magnesium
CDC25B;BTRC;Magnesium
CDC25B;YWHAG;Magnesium
CDC25B;YWHAE;Magnesium
PIN1;TP53;Magnesium
TUBA4A;PLK1;Magnesium
TUBA4A;TUBA1A;Magnesium
TUBA4A;TUBB4A;Magnesium
TUBA4A;TUBB4B;Magnesium
TUBA4A;TUBB;Magnesium
TUBG1;NEDD1;Magnesium
H3-3B;ASF1B;Magnesium
CCNB1;BOD1;Magnesium
CCNB1;SKA2;Magnesium
CCNB1;SPDL1;Magnesium
CCNB1;NUMA1;Magnesium
CCNB1;SKA1;Magnesium
CCNB1;SKA3;Magnesium
CCNB1;XPO1;Magnesium
CCNB1;FBXO43;Magnesium
CCNB1;PKMYT1;Magnesium
CEP135;PLK1;Magnesium
TROAP;MAPRE1;Magnesium
ESPL1;PPP2R2A;Magnesium
ESPL1;SMC1A;Magnesium
ESPL1;STAG1;Magnesium
ESPL1;REC8;Magnesium
ESPL1;SMC3;Magnesium
ESPL1;RAD21;Magnesium
ESPL1;PTTG2;Magnesium
MDM2;CHEK2;Magnesium
DCTN3;HSP90AA1;Magnesium
DCTN3;PLK1;Magnesium
DCTN3;PAFAH1B1;Magnesium
DCTN3;DYNLL1;Magnesium
DCTN3;DYNC1H1;Magnesium
DCTN3;DYNC1I2;Magnesium
DCTN3;ACTR1A;Magnesium
DCTN3;DCTN2;Magnesium
DCTN3;DCTN1;Magnesium
KIF23;YWHAG;Magnesium
TOPBP1;CLSPN;Magnesium
NDC80;BOD1;Magnesium
NDC80;SPDL1;Magnesium
NDC80;SKA2;Magnesium
NDC80;TUBA1A;Magnesium
NDC80;SKA3;Magnesium
NDC80;SKA1;Magnesium
NDC80;DSN1;Magnesium
NDC80;KNL1;Magnesium
NDC80;SPC24;Magnesium
NDC80;SPC25;Magnesium
CEP76;PLK1;Magnesium
CEP76;CEP290;Magnesium
CEP76;CCP110;Magnesium
PKMYT1;CKAP5;Magnesium
PKMYT1;CHEK2;Magnesium
PKMYT1;CCNA2;Magnesium
PKMYT1;CCNB2;Magnesium
PKMYT1;PLK1;Magnesium
PKMYT1;CDK1;Magnesium
KIF18A;TUBA1A;Magnesium
ASF1B;CHEK2;Magnesium
ASF1B;H3C12;Magnesium
ASF1B;H3C13;Magnesium
CLASP1;CDK1;Magnesium
SGO1;PPP2R5D;Magnesium
SGO1;PPP2R1A;Magnesium
SGO1;PPP2CA;Magnesium
TUBB4A;PLK1;Magnesium
TUBB4A;TUBB4B;Magnesium
TUBB4A;TUBA1A;Magnesium
YWHAE;CDC25A;Magnesium
YWHAE;FOXO3;Magnesium
YWHAE;CDC25C;Magnesium
CEP72;PLK1;Magnesium
CEP72;PCM1;Magnesium
CEP70;PLK1;Magnesium
FBXW11;CLSPN;Magnesium
FBXW11;WEE1;Magnesium
FBXW11;FBXO43;Magnesium
FBXW11;CDC25A;Magnesium
SPDL1;BOD1;Magnesium
SPDL1;SKA3;Magnesium
SPDL1;BUB1B;Magnesium
PRKAR2B;PLK1;Magnesium
PRKAR2B;AKAP9;Magnesium
PRKAR2B;PRKACA;Magnesium
TP53;GTSE1;Magnesium
TP53;TOPORS;Magnesium
CEP131;PLK1;Magnesium
CEP131;PCM1;Magnesium
PLK4;BTRC;Magnesium
PLK4;PLK1;Magnesium
PLK4;CEP192;Magnesium
PLK4;CEP152;Magnesium
NUF2;TUBA1A;Magnesium
NUF2;DSN1;Magnesium
NUF2;KNL1;Magnesium
NUF2;SPC25;Magnesium
NUF2;SPC24;Magnesium
CDCA5;SMC1A;Magnesium
CDCA5;STAG1;Magnesium
CDCA5;RAD21;Magnesium
CDCA5;SMC3;Magnesium
CDCA5;WAPL;Magnesium
CDCA5;PDS5A;Magnesium
NINL;DCTN1;Magnesium
NINL;PLK1;Magnesium
CEP164;PLK1;Magnesium
PPP4C;PLK1;Magnesium
PPP4C;PPP2R5D;Magnesium
PPP4C;PPP2R1A;Magnesium
CENPU;CENPS;Magnesium
CENPU;CENPT;Magnesium
CENPU;CENPI;Magnesium
CENPU;CENPN;Magnesium
CENPU;CENPO;Magnesium
CENPU;CENPQ;Magnesium
CENPU;CENPH;Magnesium
CENPU;CENPK;Magnesium
SPC25;CENPT;Magnesium
SPC25;KNL1;Magnesium
SPC25;DSN1;Magnesium
SPC25;BUB1;Magnesium
SPC25;ZWINT;Magnesium
SPC25;SPC24;Magnesium
CENPH;CENPS;Magnesium
CENPH;CENPQ;Magnesium
CENPH;CENPK;Magnesium
CENPH;CENPT;Magnesium
CENPH;CENPI;Magnesium
CENPH;CENPN;Magnesium
CENPH;CENPO;Magnesium
CENPH;CENPA;Magnesium
RANBP2;NUSAP1;Magnesium
RANBP2;CETN2;Magnesium
RANBP2;MAD2L1;Magnesium
SKA1;BOD1;Magnesium
SKA1;BUB1B;Magnesium
SKA1;SKA3;Magnesium
SMC2;NCAPG2;Magnesium
SMC2;NCAPD3;Magnesium
SMC2;SMC4;Magnesium
BUB1B;BOD1;Magnesium
BUB1B;PPP2R5D;Magnesium
BUB1B;SKA2;Magnesium
BUB1B;SKA3;Magnesium
BUB1B;MAD1L1;Magnesium
BUB1B;PPP2CA;Magnesium
BUB1B;BUB3;Magnesium
BUB1B;KNL1;Magnesium
CCNB2;SLK;Magnesium
MAD2L1;CETN2;Magnesium
MAD2L1;MAD1L1;Magnesium
MAD2L1;BUB3;Magnesium
RAD21;REC8;Magnesium
RAD21;SGO2;Magnesium
RAD21;STAG1;Magnesium
RAD21;WAPL;Magnesium
RAD21;SMC1A;Magnesium
RAD21;SMC3;Magnesium
RAD21;PDS5A;Magnesium
WAPL;SMC1A;Magnesium
WAPL;PDS5A;Magnesium
WAPL;SMC3;Magnesium
WAPL;STAG1;Magnesium
PLK1;BOD1;Magnesium
PLK1;DYNC1I2;Magnesium
PLK1;SSNA1;Magnesium
PLK1;RAB8A;Magnesium
PLK1;ALMS1;Magnesium
PLK1;CEP78;Magnesium
PLK1;OPTN;Magnesium
PLK1;ACTR1A;Magnesium
PLK1;CEP57;Magnesium
PLK1;DCTN2;Magnesium
PLK1;FGFR1OP;Magnesium
PLK1;GOLGA2;Magnesium
PLK1;SFI1;Magnesium
PLK1;TUBB4B;Magnesium
PLK1;SDCCAG8;Magnesium
PLK1;CEP290;Magnesium
PLK1;TUBB;Magnesium
PLK1;CEP63;Magnesium
PLK1;CETN2;Magnesium
PLK1;CEP152;Magnesium
PLK1;CNTRL;Magnesium
PLK1;TUBA1A;Magnesium
PLK1;CEP250;Magnesium
PLK1;PPP2R1A;Magnesium
PLK1;CCP110;Magnesium
PLK1;SLK;Magnesium
PLK1;CDK5RAP2;Magnesium
PLK1;SMC1A;Magnesium
PLK1;ODF2;Magnesium
PLK1;SKA3;Magnesium
PLK1;GORASP1;Magnesium
PLK1;PCM1;Magnesium
PLK1;PCNT;Magnesium
PLK1;NEDD1;Magnesium
PLK1;GTSE1;Magnesium
PLK1;FBXO43;Magnesium
RAB8A;OPTN;Magnesium
CDT1;CDC5L;Magnesium
BUB1;SPC24;Magnesium
BUB1;DSN1;Magnesium
BUB1;KNL1;Magnesium
BUB1;BUB3;Magnesium
PDS5A;SMC1A;Magnesium
PDS5A;STAG1;Magnesium
PDS5A;SMC3;Magnesium
CDC25A;BTRC;Magnesium
CDC25A;CHEK2;Magnesium
YWHAG;FOXO3;Magnesium
YWHAG;CDC25C;Magnesium
CENPS;CENPA;Magnesium
CENPS;CENPI;Magnesium
CENPS;CENPN;Magnesium
CENPS;CENPO;Magnesium
CENPS;CENPQ;Magnesium
CENPS;CENPK;Magnesium
CENPS;CENPT;Magnesium
PRKACA;CDC25C;Magnesium
BOD1;CENPF;Magnesium
BOD1;SKA2;Magnesium
BOD1;SKA3;Magnesium
ZWILCH;KNTC1;Magnesium
CLSPN;BTRC;Magnesium
GORASP1;GOLGA2;Magnesium
AURKB;HSP90AB1;Magnesium
CEP57;CEP63;Magnesium
SKA3;CENPF;Magnesium
SKA3;SKA2;Magnesium
CDC25C;PPP1CC;Magnesium
CDC25C;CHEK2;Magnesium
SMC1A;SGO2;Magnesium
SMC1A;REC8;Magnesium
SMC1A;STAG1;Magnesium
SMC1A;SMC3;Magnesium
PPP2R1A;CDK1;Magnesium
PPP2R1A;FBXO43;Magnesium
PPP2R1A;REC8;Magnesium
PPP2R2A;CHEK2;Magnesium
CUL1;FBXO43;Magnesium
PCM1;OFD1;Magnesium
PCM1;PCNT;Magnesium
CDCA2;PPP1CC;Magnesium
H3C13;H2BC14;Magnesium
HSP90AA1;DYNC1I2;Magnesium
HSP90AA1;PCNT;Magnesium
HSP90AA1;ACTR1A;Magnesium
HSP90AA1;DCTN2;Magnesium
KNL1;PPP1CC;Magnesium
KNL1;SPC24;Magnesium
KNL1;DSN1;Magnesium
KNL1;ZWINT;Magnesium
CEP63;CEP152;Magnesium
CENPA;H2BC14;Magnesium
CENPA;CENPO;Magnesium
CENPA;CENPQ;Magnesium
CENPA;CENPT;Magnesium
CENPA;CENPK;Magnesium
CENPA;CENPN;Magnesium
CENPA;CENPI;Magnesium
CENPQ;CENPT;Magnesium
CENPQ;CENPO;Magnesium
CENPQ;CENPK;Magnesium
CENPQ;CENPN;Magnesium
CENPQ;CENPI;Magnesium
TUBB;DYNC1H1;Magnesium
TUBB;TUBB4B;Magnesium
TUBB;TUBA1A;Magnesium
ANAPC1;BUB3;Magnesium
ANAPC1;NEK2;Magnesium
ANAPC1;PPP2CA;Magnesium
TUBB4B;DYNC1H1;Magnesium
TUBB4B;TUBA1A;Magnesium
SMC4;NCAPG2;Magnesium
SMC4;NCAPD3;Magnesium
PPP1CC;MKI67;Magnesium
CDK5RAP2;AKAP9;Magnesium
CDK5RAP2;PCNT;Magnesium
CDC16;PPP2CA;Magnesium
CDC16;BUB3;Magnesium
CDC16;NEK2;Magnesium
AKAP9;MAPRE1;Magnesium
DYNC1H1;CDK1;Magnesium
DYNC1H1;PCNT;Magnesium
DYNC1H1;TUBA1A;Magnesium
DYNC1H1;ACTR1A;Magnesium
DYNC1H1;DCTN2;Magnesium
DYNC1H1;DCTN1;Magnesium
DYNC1H1;DYNC1I2;Magnesium
DYNC1H1;BICD2;Magnesium
BICD2;DCTN1;Magnesium
BICD2;DCTN2;Magnesium
SGO2;STAG1;Magnesium
SGO2;SMC3;Magnesium
PCNT;DYNC1I2;Magnesium
PCNT;DYNLL1;Magnesium
TOPORS;CENPJ;Magnesium
TOPORS;BRCA1;Magnesium
SMC3;REC8;Magnesium
SMC3;STAG1;Magnesium
DCTN1;CNTRL;Magnesium
DCTN1;ODF2;Magnesium
DCTN1;CEP170;Magnesium
DCTN1;MAPRE1;Magnesium
DCTN1;DYNC1I2;Magnesium
DCTN1;DCTN2;Magnesium
DCTN1;CLIP1;Magnesium
DCTN1;ACTR1A;Magnesium
CDC14A;FZR1;Magnesium
CEP170;ODF2;Magnesium
CEP170;KIF2A;Magnesium
CEP170;CNTRL;Magnesium
FGFR1OP;CNTRL;Magnesium
FGFR1OP;PPP2CA;Magnesium
NEK2;CDC23;Magnesium
BUB3;CDC23;Magnesium
BUB3;MAD1L1;Magnesium
BUB3;CDC20;Magnesium
BUB3;CDC27;Magnesium
H2BC21;CENPN;Magnesium
SLK;CDK1;Magnesium
ACTR1A;PAFAH1B1;Magnesium
ACTR1A;DYNLL1;Magnesium
ACTR1A;DYNC1I2;Magnesium
ACTR1A;DCTN2;Magnesium
BTRC;FBXO43;Magnesium
CETN2;MAD1L1;Magnesium
CETN2;SFI1;Magnesium
KIF2C;TUBA1A;Magnesium
CDC20;FBXO43;Magnesium
CDC20;PPP2CA;Magnesium
CENPI;CENPT;Magnesium
CENPI;CENPN;Magnesium
CENPI;CENPO;Magnesium
CENPI;CENPK;Magnesium
CNTRL;KIF2A;Magnesium
CNTRL;ODF2;Magnesium
ZWINT;SPC24;Magnesium
ZWINT;DSN1;Magnesium
MAPRE1;GTSE1;Magnesium
CENPO;CENPK;Magnesium
CENPO;CENPT;Magnesium
CENPO;CENPN;Magnesium
CCP110;CCNF;Magnesium
CCP110;CEP290;Magnesium
CENPJ;BRCA1;Magnesium
CHEK2;PPP2CA;Magnesium
CHEK2;WEE1;Magnesium
STAG1;REC8;Magnesium
DYNLL1;DCTN2;Magnesium
DYNLL1;DYNC1I2;Magnesium
CENPN;H2BC14;Magnesium
CENPN;CENPT;Magnesium
CENPN;CENPK;Magnesium
NUMA1;CDK1;Magnesium
PTTG1;PTTG2;Magnesium
FZR1;MAD1L1;Magnesium
CDK1;DYNC1I2;Magnesium
CDK1;XPO1;Magnesium
CDK1;FBXO43;Magnesium
CENPK;CENPT;Magnesium
DYNC1I2;PAFAH1B1;Magnesium
DYNC1I2;DCTN2;Magnesium
PAFAH1B1;DCTN2;Magnesium
XPO1;CTNNB1;Magnesium
KIF2A;ODF2;Magnesium
NCAPG2;NCAPD3;Magnesium
DSN1;SPC24;Magnesium
WEE1;CKAP5;Magnesium
FBXO43;PPP2CA;Magnesium
PPP2R5D;REC8;Magnesium
PPP2CA;CDC27;Magnesium
PPP2CA;REC8;Magnesium
TUBA1A;CLIP1;Magnesium
CENPT;SPC24;Magnesium
ADAM22;DLG4;Magnesium
ADAM22;LGI1;Magnesium
KCNA6;FAU;Magnesium
KCNA4;FAU;Magnesium
KCNA4;DLG4;Magnesium
CNTN2;CNTNAP2;Magnesium
KCNA3;FAU;Magnesium
KCNA3;KCNAB2;Magnesium
KCNA10;FAU;Magnesium
KCNAB2;KCNA2;Magnesium
KCNA1;FAU;Magnesium
RPL23A;FAU;Magnesium
FAU;KCNA2;Magnesium
CACNB4;CACNA1A;Magnesium
RPAP3;POLR1D;Magnesium
RPAP3;POLR3E;Magnesium
RPAP3;POLR3B;Magnesium
RPAP3;POLR1A;Magnesium
RPAP3;POLR1C;Magnesium
RPAP3;POLR3A;Magnesium
RPAP3;POLR2E;Magnesium
RPAP3;UXT;Magnesium
RPAP3;PIH1D1;Magnesium
CD74;WDR36;Magnesium
CD74;TBL3;Magnesium
CD74;HEATR1;Magnesium
CD74;NOL6;Magnesium
CD74;NAT10;Magnesium
CD74;WDR3;Magnesium
CD74;BMS1;Magnesium
CD74;EIF5B;Magnesium
CD74;RSAD1;Magnesium
CD74;RPL10;Magnesium
CD74;RPL10L;Magnesium
CD74;FANCE;Magnesium
CD74;RPL7L1;Magnesium
CD74;RPL3L;Magnesium
CD74;RPL10A;Magnesium
CD74;RPL17;Magnesium
CD74;RPL17-C18orf32;Magnesium
CD74;RPL7;Magnesium
CD74;RPL26L1;Magnesium
CD74;MED1;Magnesium
CD74;RPL26;Magnesium
CD74;RPL3;Magnesium
CD74;IMP3;Magnesium
CD74;EEF2;Magnesium
CD74;PDCD11;Magnesium
CD74;MRPL9;Magnesium
CD74;MRPS16;Magnesium
CD74;MRPL12;Magnesium
CD74;MRPL17;Magnesium
CD74;TUFM;Magnesium
CD74;RPS23;Magnesium
CD74;RPL8;Magnesium
CD74;RPL9;Magnesium
CD74;RPL35;Magnesium
CD74;RPS29;Magnesium
CD74;RPS5;Magnesium
CD74;RPS20;Magnesium
CD74;RPL23A;Magnesium
CD74;RPS15;Magnesium
CD74;RPS2;Magnesium
CD74;RPL11;Magnesium
CD74;RPL23;Magnesium
CD74;RPS16;Magnesium
CD74;RPS11;Magnesium
CD74;RPL4;Magnesium
CD74;RPL5;Magnesium
CD74;RPS18;Magnesium
CD74;RPS9;Magnesium
CD74;RPLP0;Magnesium
CD74;RPS3;Magnesium
MRPS10;GUF1;Magnesium
MRPS10;EIF5B;Magnesium
MRPS10;CCDC105;Magnesium
MRPS10;POLR1C;Magnesium
MRPS10;RPS23;Magnesium
MRPS10;RPLP0;Magnesium
MRPS10;POLR2C;Magnesium
MRPS10;IMP3;Magnesium
MRPS10;MED1;Magnesium
MRPS10;MRTO4;Magnesium
MRPS10;RPS5;Magnesium
MRPS10;CUL7;Magnesium
MRPS10;RPL9;Magnesium
MRPS10;RPS2;Magnesium
MRPS10;GFM1;Magnesium
MRPS10;PDCD11;Magnesium
MRPS10;RPS9;Magnesium
MRPS10;RPL23;Magnesium
MRPS10;RPS11;Magnesium
MRPS10;RPS15;Magnesium
MRPS10;RPL5;Magnesium
MRPS10;RPS3;Magnesium
MRPS10;MRPL1;Magnesium
MRPS10;RPL11;Magnesium
MRPS10;RPL23A;Magnesium
MRPS10;MRPL11;Magnesium
MRPS10;RPS18;Magnesium
MRPS10;RPL35;Magnesium
MRPS10;MTIF2;Magnesium
MRPS10;MRPL24;Magnesium
MRPS10;MRPL2;Magnesium
MRPS10;MRPL12;Magnesium
MRPS10;MRPL3;Magnesium
MRPS10;MRPL4;Magnesium
MRPS10;MRPL16;Magnesium
MRPS10;MRPL22;Magnesium
MRPS10;MRPL9;Magnesium
MRPS10;MRPL17;Magnesium
MRPS10;TUFM;Magnesium
MRPS10;MRPS16;Magnesium
MRPS10;MRPS11;Magnesium
MRPS10;MRPS12;Magnesium
MRPS10;MRPS5;Magnesium
MRPS10;MRPS7;Magnesium
MRPS10;MRPS14;Magnesium
RRN3;POLR2H;Magnesium
RRN3;POLR2K;Magnesium
RRN3;POLR2E;Magnesium
RRN3;POLR2L;Magnesium
RRN3;POLR2F;Magnesium
RRN3;ZNRD1;Magnesium
RRN3;CD3EAP;Magnesium
RRN3;POLR1E;Magnesium
RRN3;POLR1D;Magnesium
RRN3;POLR1C;Magnesium
RRN3;POLR1A;Magnesium
RRN3;POLR1B;Magnesium
RRN3;TWISTNB;Magnesium
POLR2C;CRCP;Magnesium
POLR2C;POLR3F;Magnesium
POLR2C;TWISTNB;Magnesium
POLR2C;POLR3H;Magnesium
POLR2C;RPS9;Magnesium
POLR2C;RPS20;Magnesium
POLR2C;POLR1A;Magnesium
POLR2C;POLR3A;Magnesium
POLR2C;MRPS16;Magnesium
POLR2C;RPS15;Magnesium
POLR2C;RPS18;Magnesium
POLR2C;RPS11;Magnesium
POLR2C;RPS3;Magnesium
POLR2C;POLR1D;Magnesium
BRF2;GTF3C4;Magnesium
BRF2;GTF3C2;Magnesium
BRF2;GTF3C1;Magnesium
BRF2;GTF3C5;Magnesium
BRF2;POLR3B;Magnesium
BRF2;POLR3A;Magnesium
BRF2;POLR3F;Magnesium
BRF2;GTF3C3;Magnesium
BRF2;TBP;Magnesium
BRF2;BDP1;Magnesium
POLR2I;POLR3A;Magnesium
TWISTNB;POLR3B;Magnesium
TWISTNB;POLR2B;Magnesium
TWISTNB;POLR3A;Magnesium
TWISTNB;POLR1B;Magnesium
TWISTNB;POLR1D;Magnesium
TWISTNB;ZNRD1;Magnesium
TWISTNB;POLR1C;Magnesium
TWISTNB;POLR2L;Magnesium
TWISTNB;POLR1E;Magnesium
TWISTNB;POLR2E;Magnesium
TWISTNB;POLR2K;Magnesium
TWISTNB;POLR2H;Magnesium
TWISTNB;CD3EAP;Magnesium
TWISTNB;POLR2F;Magnesium
TWISTNB;POLR1A;Magnesium
POLR3B;ENSP00000487094;Magnesium
POLR3B;MAF1;Magnesium
POLR3B;BDP1;Magnesium
POLR3B;BRF1;Magnesium
POLR3B;POLR1A;Magnesium
POLR3B;POLR3GL;Magnesium
POLR3B;CRCP;Magnesium
POLR3B;POLR3G;Magnesium
POLR3B;POLR3H;Magnesium
POLR3B;POLR3E;Magnesium
POLR3B;POLR3D;Magnesium
POLR3B;POLR3C;Magnesium
POLR3B;POLR1D;Magnesium
POLR3B;POLR3F;Magnesium
POLR3B;POLR3A;Magnesium
FANCE;RSAD1;Magnesium
FANCE;RPL3L;Magnesium
FANCE;RPL3;Magnesium
FANCE;RPL7;Magnesium
FANCE;RPS14;Magnesium
FANCE;RPL10L;Magnesium
FANCE;EEF2;Magnesium
FANCE;MED1;Magnesium
FANCE;RPL10;Magnesium
FANCE;RPL7L1;Magnesium
FANCE;RPL17-C18orf32;Magnesium
FANCE;RPL17;Magnesium
FANCE;RPL26L1;Magnesium
FANCE;RPL26;Magnesium
FANCE;MRPS16;Magnesium
FANCE;MRPL9;Magnesium
FANCE;RPS29;Magnesium
FANCE;MRPL17;Magnesium
FANCE;TUFM;Magnesium
FANCE;RPS16;Magnesium
FANCE;RPS23;Magnesium
FANCE;RPL8;Magnesium
FANCE;RPS2;Magnesium
FANCE;RPL9;Magnesium
FANCE;RPL35;Magnesium
FANCE;RPLP0;Magnesium
FANCE;RPS9;Magnesium
FANCE;RPL23A;Magnesium
FANCE;RPS20;Magnesium
FANCE;RPS3;Magnesium
FANCE;RPS5;Magnesium
FANCE;RPL4;Magnesium
FANCE;RPL23;Magnesium
FANCE;RPS18;Magnesium
FANCE;RPS11;Magnesium
FANCE;RPL11;Magnesium
FANCE;RPS15;Magnesium
FANCE;RPL5;Magnesium
TBP;BRF1;Magnesium
TBP;BDP1;Magnesium
SEC61A1;SEC61A2;Magnesium
SEC61A1;RPL10L;Magnesium
SEC61A1;RPL10;Magnesium
SEC61A1;RPL7;Magnesium
SEC61A1;RPS29;Magnesium
SEC61A1;RPLP0;Magnesium
SEC61A1;RPL8;Magnesium
SEC61A1;RPS20;Magnesium
SEC61A1;RPS14;Magnesium
SEC61A1;RPL17-C18orf32;Magnesium
SEC61A1;RPS5;Magnesium
SEC61A1;RPL26L1;Magnesium
SEC61A1;RPS9;Magnesium
SEC61A1;RPS2;Magnesium
SEC61A1;RPS23;Magnesium
SEC61A1;RPL17;Magnesium
SEC61A1;RPS16;Magnesium
SEC61A1;RPL3;Magnesium
SEC61A1;RPL4;Magnesium
SEC61A1;RPL9;Magnesium
SEC61A1;RPL26;Magnesium
SEC61A1;RPS18;Magnesium
SEC61A1;RPS3;Magnesium
SEC61A1;RPS11;Magnesium
SEC61A1;RPS15;Magnesium
SEC61A1;RPL11;Magnesium
SEC61A1;RPL5;Magnesium
SEC61A1;RPL23A;Magnesium
SEC61A1;RPL35;Magnesium
SEC61A1;RPL23;Magnesium
MRPS7;NOL6;Magnesium
MRPS7;BMS1;Magnesium
MRPS7;EEF2;Magnesium
MRPS7;RPL4;Magnesium
MRPS7;RPS23;Magnesium
MRPS7;RPS16;Magnesium
MRPS7;RPS2;Magnesium
MRPS7;RPS9;Magnesium
MRPS7;RPLP0;Magnesium
MRPS7;RPL8;Magnesium
MRPS7;RPS20;Magnesium
MRPS7;PDCD11;Magnesium
MRPS7;RPS15;Magnesium
MRPS7;RPS18;Magnesium
MRPS7;RPL23;Magnesium
MRPS7;RPS11;Magnesium
MRPS7;RPL5;Magnesium
MRPS7;RPS3;Magnesium
MRPS7;RPL23A;Magnesium
MRPS7;RPL35;Magnesium
MRPS7;RPL11;Magnesium
MRPS7;MRPL24;Magnesium
MRPS7;MRPL1;Magnesium
MRPS7;MTIF2;Magnesium
MRPS7;MRPL22;Magnesium
MRPS7;GFM1;Magnesium
MRPS7;MRPL11;Magnesium
MRPS7;MRPL9;Magnesium
MRPS7;MRPL3;Magnesium
MRPS7;MRPL16;Magnesium
MRPS7;MRPL12;Magnesium
MRPS7;MRPL4;Magnesium
MRPS7;MRPL2;Magnesium
MRPS7;MRPL17;Magnesium
MRPS7;MRPS11;Magnesium
MRPS7;MRPS12;Magnesium
MRPS7;TUFM;Magnesium
MRPS7;MRPS16;Magnesium
MRPS7;MRPS5;Magnesium
MRPS7;MRPS14;Magnesium
NAT10;MRPS12;Magnesium
NAT10;RPS14;Magnesium
NAT10;RPS16;Magnesium
NAT10;RPS18;Magnesium
NAT10;RPS11;Magnesium
NAT10;LOC102724159;Magnesium
NAT10;RPS9;Magnesium
NAT10;IMP3;Magnesium
NAT10;RPS5;Magnesium
NAT10;RPS23;Magnesium
NAT10;PWP2;Magnesium
NAT10;WDR3;Magnesium
NAT10;HEATR1;Magnesium
NAT10;NOL6;Magnesium
NAT10;TBL3;Magnesium
NAT10;WDR36;Magnesium
NAT10;PDCD11;Magnesium
NAT10;BMS1;Magnesium
RSAD1;EIF5B;Magnesium
RSAD1;RPL10;Magnesium
RSAD1;RPL10L;Magnesium
RSAD1;RPL3L;Magnesium
RSAD1;RPL17-C18orf32;Magnesium
RSAD1;RPL17;Magnesium
RSAD1;RPL10A;Magnesium
RSAD1;RPL3;Magnesium
RSAD1;RPS14;Magnesium
RSAD1;MED1;Magnesium
RSAD1;RPL9;Magnesium
RSAD1;RPL26;Magnesium
RSAD1;RPL26L1;Magnesium
RSAD1;EEF2;Magnesium
RSAD1;RPL4;Magnesium
RSAD1;TUFM;Magnesium
RSAD1;RPLP0;Magnesium
RSAD1;RPS23;Magnesium
RSAD1;MRPS16;Magnesium
RSAD1;MRPL9;Magnesium
RSAD1;RPS2;Magnesium
RSAD1;MRPL17;Magnesium
RSAD1;MRPL12;Magnesium
RSAD1;RPS9;Magnesium
RSAD1;RPS20;Magnesium
RSAD1;RPS3;Magnesium
RSAD1;RPL5;Magnesium
RSAD1;RPL8;Magnesium
RSAD1;RPS16;Magnesium
RSAD1;RPS15;Magnesium
RSAD1;RPL23A;Magnesium
RSAD1;RPS18;Magnesium
RSAD1;RPL35;Magnesium
RSAD1;RPL23;Magnesium
RSAD1;RPL11;Magnesium
RSAD1;RPS11;Magnesium
RPL35;GUF1;Magnesium
RPL35;MTIF2;Magnesium
RPL35;PES1;Magnesium
RPL35;HMGN4;Magnesium
RPL35;EFL1;Magnesium
RPL35;GFM1;Magnesium
RPL35;TEX48;Magnesium
RPL35;BOP1;Magnesium
RPL35;EFTUD2;Magnesium
RPL35;NPSR1;Magnesium
RPL35;CCDC105;Magnesium
RPL35;MRPS11;Magnesium
RPL35;MRPL22;Magnesium
RPL35;EIF5B;Magnesium
RPL35;MRPL1;Magnesium
RPL35;MRPL2;Magnesium
RPL35;MRPL3;Magnesium
RPL35;MRPS14;Magnesium
RPL35;MRPL4;Magnesium
RPL35;CUL7;Magnesium
RPL35;MRPL24;Magnesium
RPL35;SEC61A2;Magnesium
RPL35;PDCD11;Magnesium
RPL35;RPL3L;Magnesium
RPL35;MED1;Magnesium
RPL35;MRPS12;Magnesium
RPL35;IMP3;Magnesium
RPL35;MRPS5;Magnesium
RPL35;RPL7L1;Magnesium
RPL35;MRTO4;Magnesium
RPL35;GTPBP4;Magnesium
RPL35;RPL17-C18orf32;Magnesium
RPL35;RPL10L;Magnesium
RPL35;RPL26L1;Magnesium
RPL35;TUFM;Magnesium
RPL35;MRPS16;Magnesium
RPL35;MRPL9;Magnesium
RPL35;RPL4;Magnesium
RPL35;RPS5;Magnesium
RPL35;MRPL17;Magnesium
RPL35;RPS2;Magnesium
RPL35;RPS15;Magnesium
RPL35;RPL26;Magnesium
RPL35;RPL10A;Magnesium
RPL35;MRPL12;Magnesium
RPL35;RPL23A;Magnesium
RPL35;RPL17;Magnesium
RPL35;RPL8;Magnesium
RPL35;RPS20;Magnesium
RPL35;RPL11;Magnesium
RPL35;RPL7;Magnesium
RPL35;RPL9;Magnesium
RPL35;RPS18;Magnesium
RPL35;RPL10;Magnesium
RPL35;RPS16;Magnesium
RPL35;RPL5;Magnesium
RPL35;RPL23;Magnesium
RPL35;RPS9;Magnesium
RPL35;RPS23;Magnesium
RPL35;RPS14;Magnesium
RPL35;RPS3;Magnesium
RPL35;RPLP0;Magnesium
RPL35;RPL3;Magnesium
RPL35;RPS11;Magnesium
RPL35;RPS29;Magnesium
RPL35;EEF2;Magnesium
PIH1D1;POLR1A;Magnesium
PIH1D1;POLR3D;Magnesium
PIH1D1;POLR3A;Magnesium
PIH1D1;POLR3E;Magnesium
RPL8;HMGN4;Magnesium
RPL8;CCDC105;Magnesium
RPL8;NPSR1;Magnesium
RPL8;GTPBP4;Magnesium
RPL8;PES1;Magnesium
RPL8;MRPL9;Magnesium
RPL8;MRPS16;Magnesium
RPL8;MRPL17;Magnesium
RPL8;MRPL12;Magnesium
RPL8;MED1;Magnesium
RPL8;TUFM;Magnesium
RPL8;RPL7L1;Magnesium
RPL8;EIF5B;Magnesium
RPL8;RPL3L;Magnesium
RPL8;RPL17-C18orf32;Magnesium
RPL8;RPL10L;Magnesium
RPL8;RPL26L1;Magnesium
RPL8;RPL4;Magnesium
RPL8;RPS5;Magnesium
RPL8;RPS2;Magnesium
RPL8;RPS15;Magnesium
RPL8;RPL26;Magnesium
RPL8;RPL10A;Magnesium
RPL8;RPS20;Magnesium
RPL8;RPL17;Magnesium
RPL8;RPL23A;Magnesium
RPL8;RPL11;Magnesium
RPL8;RPL9;Magnesium
RPL8;RPL7;Magnesium
RPL8;RPS16;Magnesium
RPL8;RPL5;Magnesium
RPL8;RPS18;Magnesium
RPL8;RPL10;Magnesium
RPL8;RPL23;Magnesium
RPL8;RPS9;Magnesium
RPL8;RPS23;Magnesium
RPL8;RPS14;Magnesium
RPL8;RPS3;Magnesium
RPL8;RPLP0;Magnesium
RPL8;RPL3;Magnesium
RPL8;RPS11;Magnesium
RPL8;RPS29;Magnesium
RPL8;EEF2;Magnesium
MTIF2;RPS23;Magnesium
MTIF2;RPS20;Magnesium
MTIF2;RPS2;Magnesium
MTIF2;RPS18;Magnesium
MTIF2;RPL9;Magnesium
MTIF2;MED1;Magnesium
MTIF2;RPL23;Magnesium
MTIF2;IMP3;Magnesium
MTIF2;RPS9;Magnesium
MTIF2;RPL11;Magnesium
MTIF2;RPS11;Magnesium
MTIF2;RPL23A;Magnesium
MTIF2;RPL5;Magnesium
MTIF2;RPS15;Magnesium
MTIF2;MRPL12;Magnesium
MTIF2;MRPL24;Magnesium
MTIF2;MRPL11;Magnesium
MTIF2;MRPL16;Magnesium
MTIF2;RPS3;Magnesium
MTIF2;MRPL22;Magnesium
MTIF2;MRPS14;Magnesium
MTIF2;MRPL3;Magnesium
MTIF2;MRPL17;Magnesium
MTIF2;MRPL4;Magnesium
MTIF2;MRPL2;Magnesium
MTIF2;MRPS12;Magnesium
MTIF2;MRPL9;Magnesium
MTIF2;MRPS11;Magnesium
MTIF2;MRPS5;Magnesium
MTIF2;MRPS16;Magnesium
POLR1A;UXT;Magnesium
POLR1A;OAT;Magnesium
POLR1A;POLR3F;Magnesium
POLR1A;CRCP;Magnesium
POLR1A;POLR3E;Magnesium
POLR1A;POLR3D;Magnesium
POLR1A;POLR3H;Magnesium
POLR1A;POLR3C;Magnesium
POLR1A;POLR2B;Magnesium
POLR1A;POLR3A;Magnesium
POLR1A;POLR2H;Magnesium
POLR1A;CD3EAP;Magnesium
POLR1A;POLR2F;Magnesium
POLR1A;POLR1C;Magnesium
POLR1A;POLR2L;Magnesium
POLR1A;POLR1E;Magnesium
POLR1A;POLR2E;Magnesium
POLR1A;POLR2K;Magnesium
POLR1A;ZNRD1;Magnesium
POLR1A;POLR1B;Magnesium
POLR1A;POLR1D;Magnesium
GTF3C3;POLR3D;Magnesium
GTF3C3;GTF3C2;Magnesium
GTF3C3;GTF3C1;Magnesium
GTF3C3;BRF1;Magnesium
GTF3C3;GTF3C4;Magnesium
GTF3C3;GTF3C5;Magnesium
GFM1;MRPL16;Magnesium
GFM1;RPS15;Magnesium
GFM1;RPS11;Magnesium
GFM1;RPS18;Magnesium
GFM1;RPL23;Magnesium
GFM1;MRPL11;Magnesium
GFM1;RPL5;Magnesium
GFM1;RPS3;Magnesium
GFM1;RPL23A;Magnesium
GFM1;RPL11;Magnesium
GFM1;MRPS14;Magnesium
GFM1;MRPL2;Magnesium
GFM1;MRPL22;Magnesium
GFM1;MRPL24;Magnesium
GFM1;MRPL1;Magnesium
GFM1;MRPS11;Magnesium
GFM1;MRPL3;Magnesium
GFM1;MRPS5;Magnesium
GFM1;MRPL4;Magnesium
GFM1;MRPS12;Magnesium
GFM1;MRPL17;Magnesium
GFM1;MRPL9;Magnesium
GFM1;MRPL12;Magnesium
GFM1;MRPS16;Magnesium
MRPL3;PES1;Magnesium
MRPL3;GTPBP4;Magnesium
MRPL3;CCDC105;Magnesium
MRPL3;RPS5;Magnesium
MRPL3;CUL7;Magnesium
MRPL3;PDCD11;Magnesium
MRPL3;RPS11;Magnesium
MRPL3;RPL23A;Magnesium
MRPL3;RPL11;Magnesium
MRPL3;RPS3;Magnesium
MRPL3;RPL5;Magnesium
MRPL3;RPS15;Magnesium
MRPL3;RPS9;Magnesium
MRPL3;MRPL1;Magnesium
MRPL3;RPL23;Magnesium
MRPL3;RPS18;Magnesium
MRPL3;MRPS14;Magnesium
MRPL3;MRPL24;Magnesium
MRPL3;MRPL16;Magnesium
MRPL3;MRPL2;Magnesium
MRPL3;MRPS11;Magnesium
MRPL3;TUFM;Magnesium
MRPL3;MRPL11;Magnesium
MRPL3;MRPL12;Magnesium
MRPL3;MRPS5;Magnesium
MRPL3;MRPL22;Magnesium
MRPL3;MRPS12;Magnesium
MRPL3;MRPL9;Magnesium
MRPL3;MRPL4;Magnesium
MRPL3;MRPS16;Magnesium
MRPL3;MRPL17;Magnesium
EFL1;MRPS16;Magnesium
EFL1;MRPL17;Magnesium
EFL1;MRPL9;Magnesium
EFL1;MRPL12;Magnesium
EFL1;RPL23A;Magnesium
EFL1;RPL23;Magnesium
EFL1;RPS18;Magnesium
EFL1;RPS11;Magnesium
EFL1;RPS15;Magnesium
EFL1;RPS3;Magnesium
EFL1;RPL5;Magnesium
EFL1;RPL11;Magnesium
RPL3L;LOC102724159;Magnesium
RPL3L;PWP2;Magnesium
RPL3L;BMS1;Magnesium
RPL3L;GTPBP4;Magnesium
RPL3L;RPL3;Magnesium
RPL3L;BOP1;Magnesium
RPL3L;MED1;Magnesium
RPL3L;RPL10A;Magnesium
RPL3L;EIF5B;Magnesium
RPL3L;RPL17;Magnesium
RPL3L;RPL17-C18orf32;Magnesium
RPL3L;RPL7L1;Magnesium
RPL3L;RPL26L1;Magnesium
RPL3L;PES1;Magnesium
RPL3L;RPS14;Magnesium
RPL3L;MRTO4;Magnesium
RPL3L;RPL10;Magnesium
RPL3L;RPL26;Magnesium
RPL3L;RPL7;Magnesium
RPL3L;PDCD11;Magnesium
RPL3L;RPS29;Magnesium
RPL3L;MRPS16;Magnesium
RPL3L;MRPL9;Magnesium
RPL3L;TUFM;Magnesium
RPL3L;MRPL17;Magnesium
RPL3L;MRPL12;Magnesium
RPL3L;EEF2;Magnesium
RPL3L;RPL10L;Magnesium
RPL3L;RPS16;Magnesium
RPL3L;RPS5;Magnesium
RPL3L;RPS11;Magnesium
RPL3L;RPLP0;Magnesium
RPL3L;RPS15;Magnesium
RPL3L;RPS3;Magnesium
RPL3L;RPL9;Magnesium
RPL3L;RPL23;Magnesium
RPL3L;RPL4;Magnesium
RPL3L;RPL11;Magnesium
RPL3L;RPS18;Magnesium
RPL3L;RPL5;Magnesium
RPL3L;RPS20;Magnesium
RPL3L;RPS23;Magnesium
RPL3L;RPS9;Magnesium
RPL3L;RPS2;Magnesium
RPL3L;RPL23A;Magnesium
RPS11;LOC102724159;Magnesium
RPS11;RRP12;Magnesium
RPS11;GUF1;Magnesium
RPS11;HMGN4;Magnesium
RPS11;TEX48;Magnesium
RPS11;EFTUD2;Magnesium
RPS11;NPSR1;Magnesium
RPS11;MRPL2;Magnesium
RPS11;CCDC105;Magnesium
RPS11;MRPS14;Magnesium
RPS11;MRPL1;Magnesium
RPS11;CUL7;Magnesium
RPS11;MRPL22;Magnesium
RPS11;MRPL4;Magnesium
RPS11;MRPL24;Magnesium
RPS11;POLR1C;Magnesium
RPS11;RPL7L1;Magnesium
RPS11;WDR3;Magnesium
RPS11;PWP2;Magnesium
RPS11;TBL3;Magnesium
RPS11;MRTO4;Magnesium
RPS11;MED1;Magnesium
RPS11;MRPS5;Magnesium
RPS11;WDR36;Magnesium
RPS11;MRPS12;Magnesium
RPS11;HEATR1;Magnesium
RPS11;MRPS11;Magnesium
RPS11;EIF5B;Magnesium
RPS11;BMS1;Magnesium
RPS11;NOL6;Magnesium
RPS11;RPL10L;Magnesium
RPS11;RPL17-C18orf32;Magnesium
RPS11;RPL26L1;Magnesium
RPS11;PDCD11;Magnesium
RPS11;IMP3;Magnesium
RPS11;MRPS16;Magnesium
RPS11;TUFM;Magnesium
RPS11;RPL11;Magnesium
RPS11;RPL7;Magnesium
RPS11;RPL9;Magnesium
RPS11;RPL10;Magnesium
RPS11;RPL5;Magnesium
RPS11;RPL23;Magnesium
RPS11;RPL4;Magnesium
RPS11;MRPL17;Magnesium
RPS11;RPL26;Magnesium
RPS11;RPL10A;Magnesium
RPS11;MRPL12;Magnesium
RPS11;RPL17;Magnesium
RPS11;RPL23A;Magnesium
RPS11;RPL3;Magnesium
RPS11;MRPL9;Magnesium
RPS11;EEF2;Magnesium
RPS11;RPLP0;Magnesium
MRPS5;GUF1;Magnesium
MRPS5;EIF5B;Magnesium
MRPS5;CCDC105;Magnesium
MRPS5;RPS5;Magnesium
MRPS5;RPS23;Magnesium
MRPS5;IMP3;Magnesium
MRPS5;MED1;Magnesium
MRPS5;RPLP0;Magnesium
MRPS5;MRTO4;Magnesium
MRPS5;RPL9;Magnesium
MRPS5;RPS20;Magnesium
MRPS5;CUL7;Magnesium
MRPS5;PDCD11;Magnesium
MRPS5;RPS3;Magnesium
MRPS5;RPL23A;Magnesium
MRPS5;RPL11;Magnesium
MRPS5;RPS15;Magnesium
MRPS5;RPL5;Magnesium
MRPS5;MRPL1;Magnesium
MRPS5;MRPL24;Magnesium
MRPS5;RPS9;Magnesium
MRPS5;RPS18;Magnesium
MRPS5;RPL23;Magnesium
MRPS5;MRPL9;Magnesium
MRPS5;MRPL22;Magnesium
MRPS5;MRPL2;Magnesium
MRPS5;MRPL11;Magnesium
MRPS5;MRPL12;Magnesium
MRPS5;MRPL16;Magnesium
MRPS5;MRPL4;Magnesium
MRPS5;TUFM;Magnesium
MRPS5;MRPS14;Magnesium
MRPS5;MRPS16;Magnesium
MRPS5;MRPS11;Magnesium
MRPS5;MRPS12;Magnesium
MRPS5;MRPL17;Magnesium
RPS3;GUF1;Magnesium
RPS3;HMGN4;Magnesium
RPS3;TEX48;Magnesium
RPS3;EFTUD2;Magnesium
RPS3;NPSR1;Magnesium
RPS3;CCDC105;Magnesium
RPS3;MRPL4;Magnesium
RPS3;MRPL24;Magnesium
RPS3;MRPL22;Magnesium
RPS3;MRPS14;Magnesium
RPS3;MRPL1;Magnesium
RPS3;MRPL2;Magnesium
RPS3;EPRS1;Magnesium
RPS3;CUL7;Magnesium
RPS3;MED1;Magnesium
RPS3;POLR1C;Magnesium
RPS3;RPL7L1;Magnesium
RPS3;IMP3;Magnesium
RPS3;MRTO4;Magnesium
RPS3;MRPS12;Magnesium
RPS3;MRPS11;Magnesium
RPS3;PDCD11;Magnesium
RPS3;RPL17-C18orf32;Magnesium
RPS3;RPL26L1;Magnesium
RPS3;RPL10L;Magnesium
RPS3;EIF5B;Magnesium
RPS3;RPL26;Magnesium
RPS3;MRPL17;Magnesium
RPS3;RPL23A;Magnesium
RPS3;RPL17;Magnesium
RPS3;RPL10A;Magnesium
RPS3;MRPL12;Magnesium
RPS3;RPL4;Magnesium
RPS3;RPL10;Magnesium
RPS3;RPL5;Magnesium
RPS3;MRPS16;Magnesium
RPS3;RPL23;Magnesium
RPS3;RPL7;Magnesium
RPS3;RPL9;Magnesium
RPS3;TUFM;Magnesium
RPS3;RPL11;Magnesium
RPS3;RPLP0;Magnesium
RPS3;EEF2;Magnesium
RPS3;MRPL9;Magnesium
RPS3;RPL3;Magnesium
GUF1;RPS20;Magnesium
GUF1;RPL9;Magnesium
GUF1;RPS23;Magnesium
GUF1;MED1;Magnesium
GUF1;RPS2;Magnesium
GUF1;RPS9;Magnesium
GUF1;IMP3;Magnesium
GUF1;MRPL9;Magnesium
GUF1;RPS15;Magnesium
GUF1;RPL23A;Magnesium
GUF1;MRPS12;Magnesium
GUF1;MRPL17;Magnesium
GUF1;MRPS16;Magnesium
GUF1;RPS18;Magnesium
GUF1;RPL23;Magnesium
GUF1;RPL11;Magnesium
GUF1;RPL5;Magnesium
GTF2E1;POLR3H;Magnesium
MRPL17;EEF2;Magnesium
MRPL17;EFTUD2;Magnesium
MRPL17;TEX48;Magnesium
MRPL17;NPSR1;Magnesium
MRPL17;RPL7;Magnesium
MRPL17;RPL7L1;Magnesium
MRPL17;CCDC105;Magnesium
MRPL17;RPL17-C18orf32;Magnesium
MRPL17;RPS29;Magnesium
MRPL17;RPS5;Magnesium
MRPL17;RPL4;Magnesium
MRPL17;RPL26;Magnesium
MRPL17;RPL3;Magnesium
MRPL17;RPS16;Magnesium
MRPL17;RPS14;Magnesium
MRPL17;RPL10A;Magnesium
MRPL17;RPL17;Magnesium
MRPL17;CUL7;Magnesium
MRPL17;RPL26L1;Magnesium
MRPL17;RPS20;Magnesium
MRPL17;MED1;Magnesium
MRPL17;RPS2;Magnesium
MRPL17;RPL9;Magnesium
MRPL17;RPLP0;Magnesium
MRPL17;IMP3;Magnesium
MRPL17;MRTO4;Magnesium
MRPL17;RPS23;Magnesium
MRPL17;RPS9;Magnesium
MRPL17;PDCD11;Magnesium
MRPL17;MRPL1;Magnesium
MRPL17;RPL23A;Magnesium
MRPL17;MRPL12;Magnesium
MRPL17;RPS15;Magnesium
MRPL17;RPL11;Magnesium
MRPL17;TUFM;Magnesium
MRPL17;MRPS12;Magnesium
MRPL17;MRPL11;Magnesium
MRPL17;MRPL2;Magnesium
MRPL17;MRPL4;Magnesium
MRPL17;MRPS11;Magnesium
MRPL17;RPL23;Magnesium
MRPL17;MRPS16;Magnesium
MRPL17;RPL5;Magnesium
MRPL17;RPS18;Magnesium
MRPL17;MRPL22;Magnesium
MRPL17;MRPL24;Magnesium
MRPL17;MRPL16;Magnesium
MRPL17;MRPL9;Magnesium
MRPL17;MRPS14;Magnesium
EIF5B;MRPS12;Magnesium
EIF5B;NPSR1;Magnesium
EIF5B;RPL26L1;Magnesium
EIF5B;RPL7L1;Magnesium
EIF5B;MRPS16;Magnesium
EIF5B;RPL17-C18orf32;Magnesium
EIF5B;RPL26;Magnesium
EIF5B;RPL7;Magnesium
EIF5B;RPL17;Magnesium
EIF5B;IMP3;Magnesium
EIF5B;MED1;Magnesium
EIF5B;RPL10L;Magnesium
EIF5B;RPLP0;Magnesium
EIF5B;RPL23;Magnesium
EIF5B;RPL4;Magnesium
EIF5B;RPS29;Magnesium
EIF5B;RPL23A;Magnesium
EIF5B;RPL3;Magnesium
EIF5B;RPS14;Magnesium
EIF5B;RPL11;Magnesium
EIF5B;RPS18;Magnesium
EIF5B;RPL5;Magnesium
EIF5B;RPS16;Magnesium
EIF5B;RPL10;Magnesium
EIF5B;RPS5;Magnesium
EIF5B;RPS20;Magnesium
EIF5B;RPL9;Magnesium
EIF5B;RPS2;Magnesium
EIF5B;RPS9;Magnesium
EIF5B;RPS23;Magnesium
EIF5B;RPS15;Magnesium
PWP2;RPL4;Magnesium
PWP2;RPL3;Magnesium
PWP2;RPS18;Magnesium
PWP2;RPS14;Magnesium
PWP2;RPS16;Magnesium
PWP2;RPS23;Magnesium
PWP2;RPS5;Magnesium
PWP2;RRP12;Magnesium
PWP2;RPS9;Magnesium
PWP2;IMP3;Magnesium
PWP2;PDCD11;Magnesium
PWP2;BMS1;Magnesium
PWP2;HEATR1;Magnesium
PWP2;TBL3;Magnesium
PWP2;WDR36;Magnesium
PWP2;NOL6;Magnesium
PWP2;WDR3;Magnesium
CCDC105;BMS1;Magnesium
CCDC105;NOL6;Magnesium
CCDC105;MRPL11;Magnesium
CCDC105;EEF2;Magnesium
CCDC105;MRPL16;Magnesium
CCDC105;MRPL4;Magnesium
CCDC105;MRPL22;Magnesium
CCDC105;MRPS11;Magnesium
CCDC105;MRPS14;Magnesium
CCDC105;RPL4;Magnesium
CCDC105;RPS9;Magnesium
CCDC105;RPS23;Magnesium
CCDC105;RPS16;Magnesium
CCDC105;RPLP0;Magnesium
CCDC105;MRPS12;Magnesium
CCDC105;RPS2;Magnesium
CCDC105;RPS20;Magnesium
CCDC105;MRPL9;Magnesium
CCDC105;PDCD11;Magnesium
CCDC105;MRPS16;Magnesium
CCDC105;RPL11;Magnesium
CCDC105;RPL23;Magnesium
CCDC105;RPL5;Magnesium
CCDC105;RPS18;Magnesium
CCDC105;TUFM;Magnesium
CCDC105;MRPL12;Magnesium
CCDC105;RPL23A;Magnesium
CCDC105;RPS15;Magnesium
POLR3K;POLR3GL;Magnesium
POLR3K;POLR3G;Magnesium
POLR3K;POLR3H;Magnesium
POLR3K;POLR1D;Magnesium
POLR3K;POLR3C;Magnesium
POLR3K;CRCP;Magnesium
POLR3K;POLR3F;Magnesium
POLR3K;POLR3A;Magnesium
POLR3K;POLR3E;Magnesium
POLR3K;POLR3D;Magnesium
RPS23;LOC102724159;Magnesium
RPS23;RRP12;Magnesium
RPS23;HMGN4;Magnesium
RPS23;MRTO4;Magnesium
RPS23;NPSR1;Magnesium
RPS23;MRPL9;Magnesium
RPS23;MED1;Magnesium
RPS23;MRPS16;Magnesium
RPS23;RPL7L1;Magnesium
RPS23;MRPL12;Magnesium
RPS23;NOL6;Magnesium
RPS23;TUFM;Magnesium
RPS23;PDCD11;Magnesium
RPS23;HEATR1;Magnesium
RPS23;WDR3;Magnesium
RPS23;WDR36;Magnesium
RPS23;TBL3;Magnesium
RPS23;BMS1;Magnesium
RPS23;RPL17-C18orf32;Magnesium
RPS23;RPL10L;Magnesium
RPS23;RPL26L1;Magnesium
RPS23;IMP3;Magnesium
RPS23;RPL23;Magnesium
RPS23;RPL10;Magnesium
RPS23;RPL5;Magnesium
RPS23;RPL11;Magnesium
RPS23;RPL7;Magnesium
RPS23;RPL9;Magnesium
RPS23;RPL10A;Magnesium
RPS23;RPL23A;Magnesium
RPS23;RPL17;Magnesium
RPS23;RPL26;Magnesium
RPS23;RPL4;Magnesium
RPS23;EEF2;Magnesium
RPS23;RPL3;Magnesium
RPS23;RPLP0;Magnesium
NOL6;MRPS12;Magnesium
NOL6;RPS18;Magnesium
NOL6;RPS14;Magnesium
NOL6;RPS16;Magnesium
NOL6;LOC102724159;Magnesium
NOL6;RPS5;Magnesium
NOL6;RPS9;Magnesium
NOL6;IMP3;Magnesium
NOL6;HEATR1;Magnesium
NOL6;WDR3;Magnesium
NOL6;WDR36;Magnesium
NOL6;TBL3;Magnesium
NOL6;PDCD11;Magnesium
NOL6;BMS1;Magnesium
RPL10L;HEATR1;Magnesium
RPL10L;RPL7L1;Magnesium
RPL10L;RPL10;Magnesium
RPL10L;RPL26L1;Magnesium
RPL10L;RPL17-C18orf32;Magnesium
RPL10L;RPL26;Magnesium
RPL10L;RPL17;Magnesium
RPL10L;RPS14;Magnesium
RPL10L;RPL7;Magnesium
RPL10L;RPS29;Magnesium
RPL10L;EEF2;Magnesium
RPL10L;RPL23A;Magnesium
RPL10L;RPS20;Magnesium
RPL10L;RPL10A;Magnesium
RPL10L;RPS5;Magnesium
RPL10L;RPL4;Magnesium
RPL10L;RPS18;Magnesium
RPL10L;RPS16;Magnesium
RPL10L;RPS9;Magnesium
RPL10L;RPS15;Magnesium
RPL10L;RPL23;Magnesium
RPL10L;RPL3;Magnesium
RPL10L;RPS2;Magnesium
RPL10L;RPL5;Magnesium
RPL10L;RPL9;Magnesium
RPL10L;RPL11;Magnesium
RPL10L;RPLP0;Magnesium
SEC61A2;RPL5;Magnesium
SEC61A2;RPL11;Magnesium
SEC61A2;RPL23;Magnesium
SEC61A2;RPL23A;Magnesium
POLR3E;UXT;Magnesium
POLR3E;GPN3;Magnesium
POLR3E;MAF1;Magnesium
POLR3E;BDP1;Magnesium
POLR3E;POLR2H;Magnesium
POLR3E;POLR2F;Magnesium
POLR3E;POLR2K;Magnesium
POLR3E;POLR1D;Magnesium
POLR3E;POLR3GL;Magnesium
POLR3E;POLR2L;Magnesium
POLR3E;POLR3D;Magnesium
POLR3E;POLR1C;Magnesium
POLR3E;POLR3G;Magnesium
POLR3E;POLR3H;Magnesium
POLR3E;CRCP;Magnesium
POLR3E;POLR2E;Magnesium
POLR3E;POLR3A;Magnesium
POLR3E;POLR3F;Magnesium
POLR3E;POLR3C;Magnesium
MRPL16;RPS5;Magnesium
MRPL16;CUL7;Magnesium
MRPL16;MRPL1;Magnesium
MRPL16;RPS9;Magnesium
MRPL16;RPS18;Magnesium
MRPL16;MRPL12;Magnesium
MRPL16;RPL23;Magnesium
MRPL16;MRPL24;Magnesium
MRPL16;TUFM;Magnesium
MRPL16;MRPS12;Magnesium
MRPL16;MRPS14;Magnesium
MRPL16;MRPL2;Magnesium
MRPL16;MRPS11;Magnesium
MRPL16;MRPL11;Magnesium
MRPL16;MRPS16;Magnesium
MRPL16;MRPL22;Magnesium
MRPL16;MRPL9;Magnesium
MRPL16;MRPL4;Magnesium
MED1;BOP1;Magnesium
MED1;PES1;Magnesium
MED1;RPL3;Magnesium
MED1;RPL17-C18orf32;Magnesium
MED1;RPL17;Magnesium
MED1;RPL10A;Magnesium
MED1;RPS29;Magnesium
MED1;RPL26;Magnesium
MED1;RPL26L1;Magnesium
MED1;RPS14;Magnesium
MED1;IMP3;Magnesium
MED1;MRPS12;Magnesium
MED1;EEF2;Magnesium
MED1;MRTO4;Magnesium
MED1;RPS9;Magnesium
MED1;PDCD11;Magnesium
MED1;RPL4;Magnesium
MED1;RPS16;Magnesium
MED1;RPLP0;Magnesium
MED1;RPS20;Magnesium
MED1;MRPL9;Magnesium
MED1;MRPS16;Magnesium
MED1;RPL23A;Magnesium
MED1;MRPL12;Magnesium
MED1;RPL23;Magnesium
MED1;RPS18;Magnesium
MED1;RPL5;Magnesium
MED1;TUFM;Magnesium
MED1;RPS15;Magnesium
MED1;RPL11;Magnesium
TSR1;RRP12;Magnesium
POLR1D;GPN3;Magnesium
POLR1D;POLR2B;Magnesium
POLR1D;POLR3GL;Magnesium
POLR1D;POLR3G;Magnesium
POLR1D;POLR3A;Magnesium
POLR1D;ZNRD1;Magnesium
POLR1D;POLR3C;Magnesium
POLR1D;POLR1B;Magnesium
POLR1D;POLR3F;Magnesium
POLR1D;POLR2H;Magnesium
POLR1D;POLR3D;Magnesium
POLR1D;CD3EAP;Magnesium
POLR1D;POLR2F;Magnesium
POLR1D;POLR2L;Magnesium
POLR1D;POLR1E;Magnesium
POLR1D;CRCP;Magnesium
POLR1D;POLR1C;Magnesium
POLR1D;POLR3H;Magnesium
POLR1D;POLR2K;Magnesium
POLR1D;POLR2E;Magnesium
MRPL4;RPS5;Magnesium
MRPL4;CUL7;Magnesium
MRPL4;RPL5;Magnesium
MRPL4;RPL11;Magnesium
MRPL4;RPL23A;Magnesium
MRPL4;RPS15;Magnesium
MRPL4;PDCD11;Magnesium
MRPL4;RPS9;Magnesium
MRPL4;RPL23;Magnesium
MRPL4;RPS18;Magnesium
MRPL4;MRPS11;Magnesium
MRPL4;MRPS14;Magnesium
MRPL4;MRPL12;Magnesium
MRPL4;MRPS12;Magnesium
MRPL4;TUFM;Magnesium
MRPL4;MRPL1;Magnesium
MRPL4;MRPL24;Magnesium
MRPL4;MRPL11;Magnesium
MRPL4;MRPL2;Magnesium
MRPL4;MRPS16;Magnesium
MRPL4;MRPL22;Magnesium
MRPL4;MRPL9;Magnesium
EEF2;HMGN4;Magnesium
EEF2;NPSR1;Magnesium
EEF2;MRPS16;Magnesium
EEF2;RPL7L1;Magnesium
EEF2;MRPL9;Magnesium
EEF2;MRPL12;Magnesium
EEF2;RPL17-C18orf32;Magnesium
EEF2;RPL26L1;Magnesium
EEF2;RPL17;Magnesium
EEF2;RPL26;Magnesium
EEF2;RPL10;Magnesium
EEF2;RPS14;Magnesium
EEF2;RPL10A;Magnesium
EEF2;RPL7;Magnesium
EEF2;RPS29;Magnesium
EEF2;RPL23A;Magnesium
EEF2;RPS20;Magnesium
EEF2;RPS15;Magnesium
EEF2;RPS2;Magnesium
EEF2;RPS5;Magnesium
EEF2;RPL4;Magnesium
EEF2;RPL23;Magnesium
EEF2;RPS18;Magnesium
EEF2;RPL5;Magnesium
EEF2;RPS16;Magnesium
EEF2;RPL9;Magnesium
EEF2;RPL11;Magnesium
EEF2;RPLP0;Magnesium
EEF2;RPS9;Magnesium
EEF2;RPL3;Magnesium
WDR3;MRPS12;Magnesium
WDR3;RPS18;Magnesium
WDR3;RPS14;Magnesium
WDR3;RPS16;Magnesium
WDR3;RPS9;Magnesium
WDR3;RPS5;Magnesium
WDR3;LOC102724159;Magnesium
WDR3;IMP3;Magnesium
WDR3;PDCD11;Magnesium
WDR3;TBL3;Magnesium
WDR3;WDR36;Magnesium
WDR3;BMS1;Magnesium
WDR3;HEATR1;Magnesium
MRPL11;CUL7;Magnesium
MRPL11;POLR2B;Magnesium
MRPL11;RPS5;Magnesium
MRPL11;RPS9;Magnesium
MRPL11;RPS18;Magnesium
MRPL11;RPL23;Magnesium
MRPL11;TUFM;Magnesium
MRPL11;MRPL12;Magnesium
MRPL11;MRPL2;Magnesium
MRPL11;MRPS11;Magnesium
MRPL11;MRPS12;Magnesium
MRPL11;MRPL22;Magnesium
MRPL11;MRPS14;Magnesium
MRPL11;MRPS16;Magnesium
MRPL11;MRPL24;Magnesium
MRPL11;MRPL1;Magnesium
MRPL11;MRPL9;Magnesium
RPL4;LOC102724159;Magnesium
RPL4;HEATR1;Magnesium
RPL4;BMS1;Magnesium
RPL4;HMGN4;Magnesium
RPL4;BOP1;Magnesium
RPL4;NPSR1;Magnesium
RPL4;PES1;Magnesium
RPL4;MRTO4;Magnesium
RPL4;MRPL9;Magnesium
RPL4;MRPS16;Magnesium
RPL4;MRPL12;Magnesium
RPL4;TUFM;Magnesium
RPL4;PDCD11;Magnesium
RPL4;RPL7L1;Magnesium
RPL4;GTPBP4;Magnesium
RPL4;RPL17-C18orf32;Magnesium
RPL4;RPL26L1;Magnesium
RPL4;RPL3;Magnesium
RPL4;RPS29;Magnesium
RPL4;RPS14;Magnesium
RPL4;RPS9;Magnesium
RPL4;RPLP0;Magnesium
RPL4;RPL11;Magnesium
RPL4;RPL9;Magnesium
RPL4;RPL7;Magnesium
RPL4;RPL23;Magnesium
RPL4;RPS16;Magnesium
RPL4;RPL5;Magnesium
RPL4;RPS18;Magnesium
RPL4;RPL10;Magnesium
RPL4;RPS5;Magnesium
RPL4;RPL10A;Magnesium
RPL4;RPS20;Magnesium
RPL4;RPL23A;Magnesium
RPL4;RPL17;Magnesium
RPL4;RPS2;Magnesium
RPL4;RPS15;Magnesium
RPL4;RPL26;Magnesium
MRPL1;RPS15;Magnesium
MRPL1;RPL11;Magnesium
MRPL1;RPL23A;Magnesium
MRPL1;RPL5;Magnesium
MRPL1;RPS18;Magnesium
MRPL1;RPL23;Magnesium
MRPL1;MRPL22;Magnesium
MRPL1;MRPS11;Magnesium
MRPL1;MRPS12;Magnesium
MRPL1;MRPS14;Magnesium
MRPL1;MRPL24;Magnesium
MRPL1;TUFM;Magnesium
MRPL1;MRPL2;Magnesium
MRPL1;MRPS16;Magnesium
MRPL1;MRPL9;Magnesium
MRPL1;MRPL12;Magnesium
MRPS11;BMS1;Magnesium
MRPS11;CUL7;Magnesium
MRPS11;PDCD11;Magnesium
MRPS11;RPL23A;Magnesium
MRPS11;RPL5;Magnesium
MRPS11;RPS5;Magnesium
MRPS11;RPL11;Magnesium
MRPS11;RPS15;Magnesium
MRPS11;MRPL24;Magnesium
MRPS11;MRPL2;Magnesium
MRPS11;RPS9;Magnesium
MRPS11;RPL23;Magnesium
MRPS11;MRPL12;Magnesium
MRPS11;MRPL9;Magnesium
MRPS11;RPS18;Magnesium
MRPS11;TUFM;Magnesium
MRPS11;MRPL22;Magnesium
MRPS11;MRPS12;Magnesium
MRPS11;MRPS16;Magnesium
MRPS11;MRPS14;Magnesium
MAF1;POLR1C;Magnesium
MAF1;POLR3C;Magnesium
MAF1;POLR3F;Magnesium
MAF1;POLR3A;Magnesium
TUFM;TEX48;Magnesium
TUFM;NPSR1;Magnesium
TUFM;RPL7L1;Magnesium
TUFM;RPL26;Magnesium
TUFM;RPL26L1;Magnesium
TUFM;RPS29;Magnesium
TUFM;RPL7;Magnesium
TUFM;RPL17-C18orf32;Magnesium
TUFM;RPS14;Magnesium
TUFM;RPL10A;Magnesium
TUFM;RPS16;Magnesium
TUFM;RPL17;Magnesium
TUFM;RPL3;Magnesium
TUFM;CUL7;Magnesium
TUFM;MRTO4;Magnesium
TUFM;RPS5;Magnesium
TUFM;RPLP0;Magnesium
TUFM;RPS9;Magnesium
TUFM;IMP3;Magnesium
TUFM;RPL9;Magnesium
TUFM;RPS2;Magnesium
TUFM;RPS20;Magnesium
TUFM;MRPS14;Magnesium
TUFM;MRPL24;Magnesium
TUFM;MRPL22;Magnesium
TUFM;RPL23;Magnesium
TUFM;MRPL2;Magnesium
TUFM;MRPS12;Magnesium
TUFM;MRPL9;Magnesium
TUFM;RPS18;Magnesium
TUFM;RPL5;Magnesium
TUFM;MRPS16;Magnesium
TUFM;RPL11;Magnesium
TUFM;RPS15;Magnesium
TUFM;MRPL12;Magnesium
TUFM;RPL23A;Magnesium
POLR2L;POLR3GL;Magnesium
POLR2L;POLR3G;Magnesium
POLR2L;POLR3F;Magnesium
POLR2L;POLR3C;Magnesium
POLR2L;POLR1E;Magnesium
POLR2L;POLR3A;Magnesium
POLR2L;CRCP;Magnesium
POLR2L;POLR3D;Magnesium
POLR2L;ZNRD1;Magnesium
POLR2L;POLR3H;Magnesium
POLR2L;CD3EAP;Magnesium
IMP3;EPRS1;Magnesium
IMP3;BOP1;Magnesium
IMP3;RPS20;Magnesium
IMP3;PES1;Magnesium
IMP3;MRPS12;Magnesium
IMP3;RPL9;Magnesium
IMP3;RPLP0;Magnesium
IMP3;LOC102724159;Magnesium
IMP3;MRTO4;Magnesium
IMP3;RPS2;Magnesium
IMP3;MRPL12;Magnesium
IMP3;RPS15;Magnesium
IMP3;MRPS16;Magnesium
IMP3;RPL23;Magnesium
IMP3;RPL5;Magnesium
IMP3;RPL23A;Magnesium
IMP3;RPS9;Magnesium
IMP3;RPL11;Magnesium
IMP3;MRPL9;Magnesium
IMP3;RPS14;Magnesium
IMP3;RPS16;Magnesium
IMP3;RPS5;Magnesium
IMP3;HEATR1;Magnesium
IMP3;RPS18;Magnesium
IMP3;TBL3;Magnesium
IMP3;PDCD11;Magnesium
IMP3;WDR36;Magnesium
IMP3;BMS1;Magnesium
ZNRD1;POLR1B;Magnesium
ZNRD1;CD3EAP;Magnesium
ZNRD1;POLR2F;Magnesium
ZNRD1;POLR2H;Magnesium
ZNRD1;POLR1E;Magnesium
ZNRD1;POLR1C;Magnesium
ZNRD1;POLR2K;Magnesium
ZNRD1;POLR2E;Magnesium
MRPL12;TEX48;Magnesium
MRPL12;NPSR1;Magnesium
MRPL12;RPL7L1;Magnesium
MRPL12;RPL7;Magnesium
MRPL12;EFTUD2;Magnesium
MRPL12;RPL17-C18orf32;Magnesium
MRPL12;CUL7;Magnesium
MRPL12;RPS14;Magnesium
MRPL12;RPS29;Magnesium
MRPL12;RPL26;Magnesium
MRPL12;RPL3;Magnesium
MRPL12;RPS5;Magnesium
MRPL12;RPS16;Magnesium
MRPL12;RPL26L1;Magnesium
MRPL12;RPL17;Magnesium
MRPL12;RPS9;Magnesium
MRPL12;RPLP0;Magnesium
MRPL12;RPS20;Magnesium
MRPL12;RPL9;Magnesium
MRPL12;MRTO4;Magnesium
MRPL12;RPS2;Magnesium
MRPL12;MRPS14;Magnesium
MRPL12;MRPL2;Magnesium
MRPL12;MRPL24;Magnesium
MRPL12;MRPL22;Magnesium
MRPL12;MRPS12;Magnesium
MRPL12;MRPL9;Magnesium
MRPL12;RPL23A;Magnesium
MRPL12;RPS15;Magnesium
MRPL12;RPL11;Magnesium
MRPL12;MRPS16;Magnesium
MRPL12;RPL23;Magnesium
MRPL12;RPS18;Magnesium
MRPL12;RPL5;Magnesium
POLR3C;ENSP00000487094;Magnesium
POLR3C;BRF1;Magnesium
POLR3C;BDP1;Magnesium
POLR3C;POLR2K;Magnesium
POLR3C;POLR2F;Magnesium
POLR3C;POLR2E;Magnesium
POLR3C;CRCP;Magnesium
POLR3C;POLR3H;Magnesium
POLR3C;POLR1C;Magnesium
POLR3C;POLR3G;Magnesium
POLR3C;POLR3GL;Magnesium
POLR3C;POLR3D;Magnesium
POLR3C;POLR2H;Magnesium
POLR3C;POLR3F;Magnesium
POLR3C;POLR3A;Magnesium
UXT;POLR3D;Magnesium
UXT;POLR3A;Magnesium
RPL7;MRTO4;Magnesium
RPL7;MRPL9;Magnesium
RPL7;MRPS16;Magnesium
RPL7;PES1;Magnesium
RPL7;BOP1;Magnesium
RPL7;GTPBP4;Magnesium
RPL7;RPL17-C18orf32;Magnesium
RPL7;RPL26L1;Magnesium
RPL7;RPLP0;Magnesium
RPL7;RPS9;Magnesium
RPL7;RPS14;Magnesium
RPL7;RPS29;Magnesium
RPL7;RPL3;Magnesium
RPL7;RPS15;Magnesium
RPL7;RPS2;Magnesium
RPL7;RPL26;Magnesium
RPL7;RPL10A;Magnesium
RPL7;RPS20;Magnesium
RPL7;RPL17;Magnesium
RPL7;RPL23A;Magnesium
RPL7;RPS5;Magnesium
RPL7;RPL5;Magnesium
RPL7;RPS16;Magnesium
RPL7;RPL10;Magnesium
RPL7;RPS18;Magnesium
RPL7;RPL23;Magnesium
RPL7;RPL11;Magnesium
RPL7;RPL9;Magnesium
RPS2;RRP12;Magnesium
RPS2;HMGN4;Magnesium
RPS2;NPSR1;Magnesium
RPS2;MRPS12;Magnesium
RPS2;MRTO4;Magnesium
RPS2;MRPL9;Magnesium
RPS2;MRPS16;Magnesium
RPS2;RPL7L1;Magnesium
RPS2;PDCD11;Magnesium
RPS2;RPL17-C18orf32;Magnesium
RPS2;RPL26L1;Magnesium
RPS2;RPL3;Magnesium
RPS2;RPLP0;Magnesium
RPS2;RPL10;Magnesium
RPS2;RPL5;Magnesium
RPS2;RPL23;Magnesium
RPS2;RPL9;Magnesium
RPS2;RPL11;Magnesium
RPS2;RPL26;Magnesium
RPS2;RPL17;Magnesium
RPS2;RPL23A;Magnesium
RPS2;RPL10A;Magnesium
POLR2K;BRF1;Magnesium
POLR2K;POLR3G;Magnesium
POLR2K;POLR3F;Magnesium
POLR2K;CRCP;Magnesium
POLR2K;POLR3D;Magnesium
POLR2K;CD3EAP;Magnesium
POLR2K;POLR1E;Magnesium
POLR2K;POLR3A;Magnesium
POLR2K;POLR3H;Magnesium
RPL3;LOC102724159;Magnesium
RPL3;BMS1;Magnesium
RPL3;BOP1;Magnesium
RPL3;RPL7L1;Magnesium
RPL3;PES1;Magnesium
RPL3;MRPS16;Magnesium
RPL3;MRPL9;Magnesium
RPL3;MRTO4;Magnesium
RPL3;PDCD11;Magnesium
RPL3;GTPBP4;Magnesium
RPL3;RPL17-C18orf32;Magnesium
RPL3;RPL26L1;Magnesium
RPL3;RPS29;Magnesium
RPL3;RPLP0;Magnesium
RPL3;RPS14;Magnesium
RPL3;RPS9;Magnesium
RPL3;RPL23;Magnesium
RPL3;RPL10;Magnesium
RPL3;RPS18;Magnesium
RPL3;RPL5;Magnesium
RPL3;RPS16;Magnesium
RPL3;RPL11;Magnesium
RPL3;RPL9;Magnesium
RPL3;RPL10A;Magnesium
RPL3;RPL23A;Magnesium
RPL3;RPL17;Magnesium
RPL3;RPS20;Magnesium
RPL3;RPS15;Magnesium
RPL3;RPL26;Magnesium
RPL3;RPS5;Magnesium
PES1;CUL7;Magnesium
PES1;RPL17-C18orf32;Magnesium
PES1;NPSR1;Magnesium
PES1;RPL26L1;Magnesium
PES1;RPL17;Magnesium
PES1;RPL26;Magnesium
PES1;RPL9;Magnesium
PES1;RPL11;Magnesium
PES1;RPL23;Magnesium
PES1;RPLP0;Magnesium
PES1;RPL7L1;Magnesium
PES1;RPL5;Magnesium
PES1;RPL23A;Magnesium
PES1;GTPBP4;Magnesium
PES1;MRTO4;Magnesium
PES1;BOP1;Magnesium
POLR3H;POLR2B;Magnesium
POLR3H;POLR1B;Magnesium
POLR3H;BRF1;Magnesium
POLR3H;BDP1;Magnesium
POLR3H;ENSP00000487094;Magnesium
POLR3H;POLR3GL;Magnesium
POLR3H;POLR3F;Magnesium
POLR3H;POLR3A;Magnesium
POLR3H;POLR2E;Magnesium
POLR3H;POLR1C;Magnesium
POLR3H;POLR3G;Magnesium
POLR3H;CRCP;Magnesium
POLR3H;POLR2H;Magnesium
POLR3H;POLR3D;Magnesium
POLR3H;POLR2F;Magnesium
GTF3C1;GTF3C5;Magnesium
GTF3C1;GTF3C4;Magnesium
GTF3C1;GTF3C2;Magnesium
BDP1;POLR1C;Magnesium
BDP1;CRCP;Magnesium
BDP1;POLR3D;Magnesium
BDP1;POLR3F;Magnesium
BDP1;POLR3A;Magnesium
BDP1;BRF1;Magnesium
GTF3C2;GTF3C4;Magnesium
GTF3C2;GTF3C5;Magnesium
GTPBP4;RPL17-C18orf32;Magnesium
GTPBP4;RPL26L1;Magnesium
GTPBP4;RPL7L1;Magnesium
GTPBP4;RPL11;Magnesium
GTPBP4;RPL10A;Magnesium
GTPBP4;RPLP0;Magnesium
GTPBP4;RPL26;Magnesium
GTPBP4;RPL17;Magnesium
GTPBP4;RPL23;Magnesium
GTPBP4;RPL9;Magnesium
GTPBP4;RPL5;Magnesium
GTPBP4;RPL23A;Magnesium
GTPBP4;BOP1;Magnesium
GTPBP4;MRTO4;Magnesium
MRPL24;EPRS1;Magnesium
MRPL24;CUL7;Magnesium
MRPL24;PDCD11;Magnesium
MRPL24;RPL5;Magnesium
MRPL24;RPL11;Magnesium
MRPL24;RPL23A;Magnesium
MRPL24;RPS18;Magnesium
MRPL24;RPS15;Magnesium
MRPL24;MRPS12;Magnesium
MRPL24;MRPL22;Magnesium
MRPL24;RPL23;Magnesium
MRPL24;MRPS14;Magnesium
MRPL24;MRPS16;Magnesium
MRPL24;MRPL2;Magnesium
MRPL24;MRPL9;Magnesium
HEATR1;MRPS12;Magnesium
HEATR1;RPL10;Magnesium
HEATR1;RPS18;Magnesium
HEATR1;RPS14;Magnesium
HEATR1;RPS16;Magnesium
HEATR1;RPS5;Magnesium
HEATR1;RPS9;Magnesium
HEATR1;LOC102724159;Magnesium
HEATR1;WDR36;Magnesium
HEATR1;TBL3;Magnesium
HEATR1;BMS1;Magnesium
HEATR1;PDCD11;Magnesium
EPRS1;RPL26L1;Magnesium
EPRS1;RPL26;Magnesium
EPRS1;RPS9;Magnesium
EPRS1;RPS18;Magnesium
EPRS1;RPS15;Magnesium
EPRS1;RPL23A;Magnesium
MRPL9;NPSR1;Magnesium
MRPL9;TEX48;Magnesium
MRPL9;RPL7L1;Magnesium
MRPL9;EFTUD2;Magnesium
MRPL9;RPL26;Magnesium
MRPL9;RPL26L1;Magnesium
MRPL9;RPS29;Magnesium
MRPL9;RPS5;Magnesium
MRPL9;RPS14;Magnesium
MRPL9;RPL17-C18orf32;Magnesium
MRPL9;RPS16;Magnesium
MRPL9;CUL7;Magnesium
MRPL9;RPL10A;Magnesium
MRPL9;RPL17;Magnesium
MRPL9;PDCD11;Magnesium
MRPL9;RPS20;Magnesium
MRPL9;RPL9;Magnesium
MRPL9;MRTO4;Magnesium
MRPL9;RPS9;Magnesium
MRPL9;RPLP0;Magnesium
MRPL9;MRPS14;Magnesium
MRPL9;MRPS12;Magnesium
MRPL9;RPL23;Magnesium
MRPL9;RPS18;Magnesium
MRPL9;MRPL22;Magnesium
MRPL9;RPL5;Magnesium
MRPL9;RPL23A;Magnesium
MRPL9;RPS15;Magnesium
MRPL9;RPL11;Magnesium
MRPL9;MRPL2;Magnesium
MRPL9;MRPS16;Magnesium
OAT;POLR3A;Magnesium
POLR3GL;POLR3G;Magnesium
POLR3GL;POLR2F;Magnesium
POLR3GL;POLR2E;Magnesium
POLR3GL;CRCP;Magnesium
POLR3GL;POLR1C;Magnesium
POLR3GL;POLR3A;Magnesium
POLR3GL;POLR3D;Magnesium
POLR3GL;POLR3F;Magnesium
PDCD11;RPL17-C18orf32;Magnesium
PDCD11;MRPL22;Magnesium
PDCD11;RPL17;Magnesium
PDCD11;CUL7;Magnesium
PDCD11;RPL26;Magnesium
PDCD11;RPL26L1;Magnesium
PDCD11;RPL9;Magnesium
PDCD11;MRPS12;Magnesium
PDCD11;RPS20;Magnesium
PDCD11;RPLP0;Magnesium
PDCD11;RPS15;Magnesium
PDCD11;RPS16;Magnesium
PDCD11;MRTO4;Magnesium
PDCD11;RPS5;Magnesium
PDCD11;LOC102724159;Magnesium
PDCD11;MRPS16;Magnesium
PDCD11;RPL23;Magnesium
PDCD11;RPS14;Magnesium
PDCD11;TBL3;Magnesium
PDCD11;RPS9;Magnesium
PDCD11;RPS18;Magnesium
PDCD11;WDR36;Magnesium
PDCD11;RPL11;Magnesium
PDCD11;RPL23A;Magnesium
PDCD11;BMS1;Magnesium
RPL5;HMGN4;Magnesium
RPL5;TEX48;Magnesium
RPL5;EFTUD2;Magnesium
RPL5;NPSR1;Magnesium
RPL5;MRPS14;Magnesium
RPL5;MRPL2;Magnesium
RPL5;CUL7;Magnesium
RPL5;MRPL22;Magnesium
RPL5;RPL7L1;Magnesium
RPL5;MRPS12;Magnesium
RPL5;MRTO4;Magnesium
RPL5;RPL17-C18orf32;Magnesium
RPL5;RPL26L1;Magnesium
RPL5;MRPS16;Magnesium
RPL5;RPS29;Magnesium
RPL5;RPLP0;Magnesium
RPL5;RPS14;Magnesium
RPL5;RPS9;Magnesium
RPL5;RPL23;Magnesium
RPL5;RPL10;Magnesium
RPL5;RPS18;Magnesium
RPL5;RPS16;Magnesium
RPL5;RPL11;Magnesium
RPL5;RPL9;Magnesium
RPL5;RPL10A;Magnesium
RPL5;RPL23A;Magnesium
RPL5;RPL17;Magnesium
RPL5;RPS20;Magnesium
RPL5;RPS15;Magnesium
RPL5;RPL26;Magnesium
RPL5;RPS5;Magnesium
GTF3C5;GTF3C4;Magnesium
POLR3A;GPN3;Magnesium
POLR3A;CD3EAP;Magnesium
POLR3A;POLR1E;Magnesium
POLR3A;POLR2B;Magnesium
POLR3A;BRF1;Magnesium
POLR3A;POLR1B;Magnesium
POLR3A;POLR3F;Magnesium
POLR3A;POLR3D;Magnesium
POLR3A;POLR2H;Magnesium
POLR3A;POLR2F;Magnesium
POLR3A;CRCP;Magnesium
POLR3A;POLR1C;Magnesium
POLR3A;POLR3G;Magnesium
POLR3A;POLR2E;Magnesium
MRPS16;NPSR1;Magnesium
MRPS16;TEX48;Magnesium
MRPS16;EFTUD2;Magnesium
MRPS16;RPS29;Magnesium
MRPS16;RPL7L1;Magnesium
MRPS16;RPL26L1;Magnesium
MRPS16;RPL26;Magnesium
MRPS16;RPL17-C18orf32;Magnesium
MRPS16;RPL17;Magnesium
MRPS16;RPS16;Magnesium
MRPS16;RPL10A;Magnesium
MRPS16;RPS14;Magnesium
MRPS16;RPS5;Magnesium
MRPS16;POLR1C;Magnesium
MRPS16;CUL7;Magnesium
MRPS16;RPLP0;Magnesium
MRPS16;RPL9;Magnesium
MRPS16;RPS20;Magnesium
MRPS16;MRTO4;Magnesium
MRPS16;RPS9;Magnesium
MRPS16;MRPL22;Magnesium
MRPS16;MRPL2;Magnesium
MRPS16;RPS18;Magnesium
MRPS16;RPS15;Magnesium
MRPS16;MRPS14;Magnesium
MRPS16;RPL11;Magnesium
MRPS16;MRPS12;Magnesium
MRPS16;RPL23;Magnesium
MRPS16;RPL23A;Magnesium
RPL10A;RPL7L1;Magnesium
RPL10A;RPL17-C18orf32;Magnesium
RPL10A;RPL26L1;Magnesium
RPL10A;RPL26;Magnesium
RPL10A;RPL17;Magnesium
RPL10A;RPL10;Magnesium
RPL10A;RPS14;Magnesium
RPL10A;RPS5;Magnesium
RPL10A;RPS15;Magnesium
RPL10A;RPS20;Magnesium
RPL10A;RPL23A;Magnesium
RPL10A;RPL11;Magnesium
RPL10A;RPL9;Magnesium
RPL10A;RPS16;Magnesium
RPL10A;RPS18;Magnesium
RPL10A;RPL23;Magnesium
RPL10A;RPS9;Magnesium
RPL10A;RPLP0;Magnesium
RPL10A;RPS29;Magnesium
BMS1;MRPS12;Magnesium
BMS1;LOC102724159;Magnesium
BMS1;RPS18;Magnesium
BMS1;RPS14;Magnesium
BMS1;RPS9;Magnesium
BMS1;RPS5;Magnesium
BMS1;RPS16;Magnesium
BMS1;TBL3;Magnesium
BMS1;WDR36;Magnesium
MRTO4;RPL7L1;Magnesium
MRTO4;RPL17-C18orf32;Magnesium
MRTO4;RPL17;Magnesium
MRTO4;RPL26;Magnesium
MRTO4;RPL26L1;Magnesium
MRTO4;RPS20;Magnesium
MRTO4;MRPS12;Magnesium
MRTO4;RPS9;Magnesium
MRTO4;RPL9;Magnesium
MRTO4;RPL23;Magnesium
MRTO4;RPS18;Magnesium
MRTO4;RPS15;Magnesium
MRTO4;RPL11;Magnesium
MRTO4;RPL23A;Magnesium
MRTO4;BOP1;Magnesium
HMGN4;RPS16;Magnesium
HMGN4;RPS9;Magnesium
HMGN4;RPS20;Magnesium
HMGN4;RPLP0;Magnesium
HMGN4;RPL23A;Magnesium
HMGN4;RPS18;Magnesium
HMGN4;RPL23;Magnesium
HMGN4;RPS15;Magnesium
HMGN4;RPL11;Magnesium
POLR3F;POLR2B;Magnesium
POLR3F;ENSP00000487094;Magnesium
POLR3F;BRF1;Magnesium
POLR3F;POLR2F;Magnesium
POLR3F;POLR2E;Magnesium
POLR3F;CRCP;Magnesium
POLR3F;POLR1C;Magnesium
POLR3F;POLR3G;Magnesium
POLR3F;POLR2H;Magnesium
POLR3F;POLR3D;Magnesium
POLR1E;POLR2H;Magnesium
POLR1E;POLR1B;Magnesium
POLR1E;POLR2F;Magnesium
POLR1E;CD3EAP;Magnesium
POLR1E;POLR1C;Magnesium
POLR1E;POLR2E;Magnesium
RPS16;LOC102724159;Magnesium
RPS16;RRP12;Magnesium
RPS16;NPSR1;Magnesium
RPS16;RPL7L1;Magnesium
RPS16;WDR36;Magnesium
RPS16;TBL3;Magnesium
RPS16;RPL17-C18orf32;Magnesium
RPS16;RPL26L1;Magnesium
RPS16;RPLP0;Magnesium
RPS16;RPL11;Magnesium
RPS16;RPL9;Magnesium
RPS16;RPL23;Magnesium
RPS16;RPL10;Magnesium
RPS16;RPL23A;Magnesium
RPS16;RPL17;Magnesium
RPS16;RPL26;Magnesium
NPSR1;BOP1;Magnesium
NPSR1;RPS20;Magnesium
NPSR1;RPLP0;Magnesium
NPSR1;RPS9;Magnesium
NPSR1;RPL23;Magnesium
NPSR1;RPL23A;Magnesium
NPSR1;RPS15;Magnesium
NPSR1;RPS18;Magnesium
NPSR1;RPL11;Magnesium
MRPL2;RPS9;Magnesium
MRPL2;RPL11;Magnesium
MRPL2;RPL23A;Magnesium
MRPL2;RPS15;Magnesium
MRPL2;RPL23;Magnesium
MRPL2;RPS18;Magnesium
MRPL2;MRPS14;Magnesium
MRPL2;MRPL22;Magnesium
MRPL2;MRPS12;Magnesium
RPS9;RRP12;Magnesium
RPS9;LOC102724159;Magnesium
RPS9;CUL7;Magnesium
RPS9;RPL7L1;Magnesium
RPS9;MRPS14;Magnesium
RPS9;MRPL22;Magnesium
RPS9;MRPS12;Magnesium
RPS9;TBL3;Magnesium
RPS9;WDR36;Magnesium
RPS9;RPL17-C18orf32;Magnesium
RPS9;RPL26L1;Magnesium
RPS9;RPL23A;Magnesium
RPS9;RPL17;Magnesium
RPS9;RPL26;Magnesium
RPS9;RPL23;Magnesium
RPS9;RPL10;Magnesium
RPS9;RPL9;Magnesium
RPS9;RPL11;Magnesium
RPS9;RPLP0;Magnesium
CRCP;ENSP00000487094;Magnesium
CRCP;BRF1;Magnesium
CRCP;POLR2F;Magnesium
CRCP;POLR3G;Magnesium
CRCP;POLR1C;Magnesium
CRCP;POLR2E;Magnesium
CRCP;POLR2H;Magnesium
CRCP;POLR3D;Magnesium
RPS29;RPL7L1;Magnesium
RPS29;RPL17-C18orf32;Magnesium
RPS29;RPL26L1;Magnesium
RPS29;RPL10;Magnesium
RPS29;RPL17;Magnesium
RPS29;RPLP0;Magnesium
RPS29;RPL23;Magnesium
RPS29;RPL9;Magnesium
RPS29;RPL11;Magnesium
RPS29;RPL23A;Magnesium
RPS29;RPL26;Magnesium
POLR3D;GPN3;Magnesium
POLR3D;ENSP00000487094;Magnesium
POLR3D;POLR1C;Magnesium
POLR3D;POLR3G;Magnesium
POLR3D;POLR2E;Magnesium
POLR3D;POLR2F;Magnesium
POLR3D;POLR2H;Magnesium
MRPS12;WDR36;Magnesium
MRPS12;TBL3;Magnesium
MRPS12;RPS20;Magnesium
MRPS12;RPLP0;Magnesium
MRPS12;RPL9;Magnesium
MRPS12;RPS5;Magnesium
MRPS12;CUL7;Magnesium
MRPS12;RPL23A;Magnesium
MRPS12;RPS15;Magnesium
MRPS12;RPL11;Magnesium
MRPS12;RPL23;Magnesium
MRPS12;RPS18;Magnesium
MRPS12;MRPL22;Magnesium
MRPS12;MRPS14;Magnesium
POLR2F;POLR3G;Magnesium
POLR2F;CD3EAP;Magnesium
RPS14;RRP12;Magnesium
RPS14;RPL7L1;Magnesium
RPS14;TBL3;Magnesium
RPS14;WDR36;Magnesium
RPS14;RPL17-C18orf32;Magnesium
RPS14;RPL26L1;Magnesium
RPS14;RPL17;Magnesium
RPS14;RPL23;Magnesium
RPS14;RPL10;Magnesium
RPS14;RPL11;Magnesium
RPS14;RPL9;Magnesium
RPS14;RPL23A;Magnesium
RPS14;RPL26;Magnesium
RPS14;RPLP0;Magnesium
RPL23A;TEX48;Magnesium
RPL23A;EFTUD2;Magnesium
RPL23A;BOP1;Magnesium
RPL23A;MRPL22;Magnesium
RPL23A;MRPS14;Magnesium
RPL23A;CUL7;Magnesium
RPL23A;RPL7L1;Magnesium
RPL23A;RPL17-C18orf32;Magnesium
RPL23A;RPL26L1;Magnesium
RPL23A;RPS5;Magnesium
RPL23A;RPS20;Magnesium
RPL23A;RPL17;Magnesium
RPL23A;RPS15;Magnesium
RPL23A;RPL26;Magnesium
RPL23A;RPL11;Magnesium
RPL23A;RPL9;Magnesium
RPL23A;RPL23;Magnesium
RPL23A;RPL10;Magnesium
RPL23A;RPS18;Magnesium
RPL23A;RPLP0;Magnesium
EFTUD2;RPS18;Magnesium
EFTUD2;RPL23;Magnesium
EFTUD2;RPS15;Magnesium
EFTUD2;RPL11;Magnesium
RPS18;LOC102724159;Magnesium
RPS18;RRP12;Magnesium
RPS18;TEX48;Magnesium
RPS18;TBL3;Magnesium
RPS18;WDR36;Magnesium
RPS18;POLR1C;Magnesium
RPS18;RPL7L1;Magnesium
RPS18;CUL7;Magnesium
RPS18;MRPS14;Magnesium
RPS18;MRPL22;Magnesium
RPS18;RPL17-C18orf32;Magnesium
RPS18;RPL26L1;Magnesium
RPS18;RPL26;Magnesium
RPS18;RPL17;Magnesium
RPS18;RPL9;Magnesium
RPS18;RPL11;Magnesium
RPS18;RPL10;Magnesium
RPS18;RPL23;Magnesium
RPS18;RPLP0;Magnesium
RPL10;RPL7L1;Magnesium
RPL10;RPL17-C18orf32;Magnesium
RPL10;RPL26L1;Magnesium
RPL10;RPL17;Magnesium
RPL10;RPL26;Magnesium
RPL10;RPLP0;Magnesium
RPL10;RPL9;Magnesium
RPL10;RPL11;Magnesium
RPL10;RPL23;Magnesium
RPL10;RPS5;Magnesium
RPL10;RPS20;Magnesium
RPL10;RPS15;Magnesium
POLR2H;POLR3G;Magnesium
POLR2H;CD3EAP;Magnesium
RPL7L1;RPL17-C18orf32;Magnesium
RPL7L1;RPL17;Magnesium
RPL7L1;RPL26L1;Magnesium
RPL7L1;RPL26;Magnesium
RPL7L1;BOP1;Magnesium
RPL7L1;RPS5;Magnesium
RPL7L1;RPS15;Magnesium
RPL7L1;RPL9;Magnesium
RPL7L1;RPLP0;Magnesium
RPL7L1;RPS20;Magnesium
RPL7L1;RPL11;Magnesium
RPL7L1;RPL23;Magnesium
RPL23;BOP1;Magnesium
RPL23;TEX48;Magnesium
RPL23;CUL7;Magnesium
RPL23;MRPS14;Magnesium
RPL23;MRPL22;Magnesium
RPL23;RPL17-C18orf32;Magnesium
RPL23;RPL26L1;Magnesium
RPL23;RPL11;Magnesium
RPL23;RPL9;Magnesium
RPL23;RPS5;Magnesium
RPL23;RPS20;Magnesium
RPL23;RPL17;Magnesium
RPL23;RPS15;Magnesium
RPL23;RPL26;Magnesium
RPL23;RPLP0;Magnesium
MRPS14;RPS5;Magnesium
MRPS14;RPS20;Magnesium
MRPS14;CUL7;Magnesium
MRPS14;RPS15;Magnesium
MRPS14;RPL11;Magnesium
MRPS14;MRPL22;Magnesium
WDR36;RPS5;Magnesium
WDR36;LOC102724159;Magnesium
WDR36;TBL3;Magnesium
RPL26L1;BOP1;Magnesium
RPL26L1;RPL17-C18orf32;Magnesium
RPL26L1;RPL26;Magnesium
RPL26L1;RPL17;Magnesium
RPL26L1;RPL9;Magnesium
RPL26L1;RPLP0;Magnesium
RPL26L1;RPS5;Magnesium
RPL26L1;RPL11;Magnesium
RPL26L1;RPS15;Magnesium
RPL26L1;RPS20;Magnesium
RPS20;POLR1C;Magnesium
RPS20;RPL17-C18orf32;Magnesium
RPS20;RPL17;Magnesium
RPS20;RPL26;Magnesium
RPS20;RPL9;Magnesium
RPS20;RPL11;Magnesium
RPS20;RPLP0;Magnesium
MRPL22;RPS5;Magnesium
MRPL22;CUL7;Magnesium
MRPL22;RPL11;Magnesium
MRPL22;RPS15;Magnesium
CUL7;RPS15;Magnesium
CUL7;RPL11;Magnesium
POLR1B;CD3EAP;Magnesium
RRP12;RPS5;Magnesium
RRP12;RPS15;Magnesium
RRP12;LOC102724159;Magnesium
BRF1;POLR1C;Magnesium
RPLP0;BOP1;Magnesium
RPLP0;RPL17-C18orf32;Magnesium
RPLP0;RPS5;Magnesium
RPLP0;RPL17;Magnesium
RPLP0;RPS15;Magnesium
RPLP0;RPL26;Magnesium
RPLP0;RPL11;Magnesium
RPLP0;RPL9;Magnesium
TBL3;RPS5;Magnesium
TBL3;LOC102724159;Magnesium
BOP1;RPL17-C18orf32;Magnesium
BOP1;RPL17;Magnesium
BOP1;RPL9;Magnesium
BOP1;RPL26;Magnesium
RPL17-C18orf32;RPL17;Magnesium
RPL17-C18orf32;RPL26;Magnesium
RPL17-C18orf32;RPL9;Magnesium
RPL17-C18orf32;RPS15;Magnesium
RPL17-C18orf32;RPS5;Magnesium
RPL17-C18orf32;RPL11;Magnesium
RPL26;RPS15;Magnesium
RPL26;RPL17;Magnesium
RPL26;RPS5;Magnesium
RPL26;RPL11;Magnesium
RPL26;RPL9;Magnesium
RPL17;RPL11;Magnesium
RPL17;RPL9;Magnesium
RPL17;RPS5;Magnesium
RPL17;RPS15;Magnesium
CD3EAP;POLR2E;Magnesium
CD3EAP;POLR1C;Magnesium
RPS15;TEX48;Magnesium
RPS15;POLR1C;Magnesium
RPS15;RPL9;Magnesium
RPS15;RPL11;Magnesium
RPS5;LOC102724159;Magnesium
RPS5;RPL9;Magnesium
RPS5;RPL11;Magnesium
POLR2E;ENSP00000487094;Magnesium
POLR2E;POLR3G;Magnesium
TEX48;RPL11;Magnesium
RPL9;RPL11;Magnesium
POLR1C;POLR3G;Magnesium
XBP1;ATF6;Magnesium
HSPA5;ATF6;Magnesium
ATF6;ATF6B;Magnesium
SEC61B;OXSR1;Magnesium
SEC61B;SEC62;Magnesium
SEC61B;SEC61A2;Magnesium
SEC61B;SEC63;Magnesium
SEC61B;SEC61G;Magnesium
SEC61B;SEC61A1;Magnesium
SEC61A1;SEC61G;Magnesium
SEC61A1;SEC62;Magnesium
SEC61A1;SEC63;Magnesium
RELL2;OXSR1;Magnesium
WNK2;WNK1;Magnesium
SEC61A2;SEC62;Magnesium
SEC61A2;SEC63;Magnesium
SEC61A2;SEC61G;Magnesium
OXSR1;SEC63;Magnesium
OXSR1;SEC62;Magnesium
OXSR1;SEC61G;Magnesium
OXSR1;WNK1;Magnesium
SEC62;SEC61G;Magnesium
SEC62;SEC63;Magnesium
SEC63;SEC61G;Magnesium
MAP2K3;MAP3K6;Magnesium
MAP3K6;MAP2K6;Magnesium
NUDT9;ADPRM;Magnesium
NUDT9;PGM2;Magnesium
NUDT9;PRPS1;Magnesium
NUDT9;PRPS1L1;Magnesium
NUDT9;PRPS2;Magnesium
NUDT9;NUDT5;Magnesium
PYCR2;NUDT5;Magnesium
PYCR2;PYCR1;Magnesium
PRPS1;ADPRM;Magnesium
PRPS1;NUDT5;Magnesium
PRPS1;PGM2;Magnesium
PRPS1;PRPS1L1;Magnesium
PRPS1;PRPS2;Magnesium
ADPRM;NUDT5;Magnesium
ADPRM;PGM2;Magnesium
ADPRM;PRPS1L1;Magnesium
ADPRM;PRPS2;Magnesium
PGM2;NUDT5;Magnesium
PGM2;PRPS1L1;Magnesium
PGM2;PRPS2;Magnesium
PRPS2;NUDT5;Magnesium
PRPS2;PRPS1L1;Magnesium
PYCR1;NUDT5;Magnesium
NUDT5;PRPS1L1;Magnesium
PDHX;OGDH;Magnesium
SDHA;NDUFV1;Magnesium
UQCRC2;NDUFV1;Magnesium
ASL;SDHD;Magnesium
SDHB;NDUFV1;Magnesium
SDHD;SUCLG2;Magnesium
SDHD;SUCLA2;Magnesium
SDHD;SUCLG1;Magnesium
PDHA1;OGDH;Magnesium
USP5;UBC;Magnesium
UBA2;KCTD2;Magnesium
UBA2;SUMO3;Magnesium
UBA2;SUMO2;Magnesium
UBA2;SAE1;Magnesium
UBA2;SUMO1;Magnesium
UBA2;UBE2I;Magnesium
PIAS4;SUMO4;Magnesium
PIAS4;SUMO1;Magnesium
PIAS4;UBE2I;Magnesium
PIAS4;SUMO2;Magnesium
SAE1;SUMO3;Magnesium
SAE1;SUMO2;Magnesium
SAE1;UBE2I;Magnesium
SAE1;SUMO1;Magnesium
RANBP2;SUMO4;Magnesium
RANBP2;SUMO2;Magnesium
RANBP2;UBE2I;Magnesium
RANBP2;SUMO1;Magnesium
UBQLN2;RAD23A;Magnesium
UBQLN2;UBC;Magnesium
UBE2I;PIAS2;Magnesium
UBE2I;SUMO3;Magnesium
UBE2I;PIAS1;Magnesium
UBE2I;RANGAP1;Magnesium
SUMO1;PIAS3;Magnesium
SUMO1;PIAS1;Magnesium
SUMO1;SENP1;Magnesium
SUMO1;PIAS2;Magnesium
SUMO1;RANGAP1;Magnesium
SENP1;SUMO3;Magnesium
SENP1;RANGAP1;Magnesium
SENP1;SUMO2;Magnesium
RANGAP1;SUMO2;Magnesium
SENP6;SUMO2;Magnesium
SUMO2;PIAS2;Magnesium
SUMO2;PIAS1;Magnesium
UBC;RAD23A;Magnesium
TOP2B;TOP2A;Magnesium
TOP2B;TOP1;Magnesium
RPS27A;TDP2;Magnesium
TDP2;UBC;Magnesium
TDP2;UBB;Magnesium
TDP2;UBA52;Magnesium
PPP5C;MAP3K5;Magnesium
XBP1;ERN1;Magnesium
TXN2;TXN;Magnesium
TXN2;TXNIP;Magnesium
MAPK14;MAP3K5;Magnesium
MAPK14;MAP2K7;Magnesium
MAPK14;CDC42;Magnesium
MAPK14;MAP2K4;Magnesium
TRAF2;MAP2K6;Magnesium
TRAF2;MAP2K3;Magnesium
TRAF2;MAP2K7;Magnesium
TRAF2;TNFAIP3;Magnesium
TRAF2;DAB2IP;Magnesium
TRAF2;MAP3K7;Magnesium
TRAF2;CASP8;Magnesium
TRAF2;TRAF6;Magnesium
TRAF2;TRAF5;Magnesium
TRAF2;TRAF1;Magnesium
TRAF2;ERN1;Magnesium
TRAF2;FADD;Magnesium
TRAF2;MAP3K5;Magnesium
DAB2IP;MAP3K5;Magnesium
TRAF5;MAP2K6;Magnesium
TRAF5;MAP2K3;Magnesium
TRAF5;MAP2K7;Magnesium
TRAF5;MAP3K7;Magnesium
TRAF5;TRAF6;Magnesium
PRDX1;TXN;Magnesium
DAXX;MAPK9;Magnesium
DAXX;MAPK8;Magnesium
DAXX;PARK7;Magnesium
DAXX;FAS;Magnesium
DAXX;MAP3K5;Magnesium
SOD1;HSPA5;Magnesium
SOD1;PARK7;Magnesium
SOD1;BCL2;Magnesium
FADD;CASP8;Magnesium
FADD;FAS;Magnesium
PRKACA;MAP3K5;Magnesium
HSPA5;ERN1;Magnesium
PARK7;MAP3K5;Magnesium
CASP8;TRAF1;Magnesium
CASP8;TRAF6;Magnesium
CASP8;FAS;Magnesium
MAP3K5;PRKACG;Magnesium
MAP3K5;PRKACB;Magnesium
MAP3K5;YWHAZ;Magnesium
MAP3K5;TRAF6;Magnesium
MAP3K5;CDKN1A;Magnesium
MAP3K5;ERN1;Magnesium
MAP3K5;TXN;Magnesium
TXN;TXNIP;Magnesium
MAPK8;FAS;Magnesium
MAPK8;TRAF6;Magnesium
MAPK8;MAPK8IP3;Magnesium
MAP2K7;MAPK8IP3;Magnesium
BCL2;MAPK9;Magnesium
MAPK9;TRAF6;Magnesium
MAPK9;MAPK8IP3;Magnesium
ARRB2;MAP2K4;Magnesium
ARRB1;MAP2K4;Magnesium
MAP2K4;MAPK8IP3;Magnesium
TRPM6;TRPM7;Magnesium
STK38;STK38L;Magnesium
STK38;MOB1B;Magnesium
STK38;MOB2;Magnesium
STK38;MOB1A;Magnesium
MOB2;STK38L;Magnesium
STK38L;MOB1B;Magnesium
STK38L;MOB1A;Magnesium
MOB1A;MOB1B;Magnesium
EXOSC5;SUPV3L1;Magnesium
EXOSC5;DIS3L2;Magnesium
EXOSC5;PNPT1;Magnesium
EXOSC5;HBS1L;Magnesium
EXOSC5;EXOSC1;Magnesium
EXOSC5;C1D;Magnesium
EXOSC5;EXOSC9;Magnesium
EXOSC5;EXOSC10;Magnesium
EXOSC5;EXOSC3;Magnesium
EXOSC5;EXOSC2;Magnesium
EXOSC5;EXOSC7;Magnesium
EXOSC5;EXOSC4;Magnesium
EXOSC5;EXOSC6;Magnesium
EXOSC5;EXOSC8;Magnesium
EXOSC5;MTREX;Magnesium
MTREX;EXOSC6;Magnesium
MTREX;EXOSC1;Magnesium
MTREX;EXOSC8;Magnesium
MTREX;EXOSC3;Magnesium
MTREX;EXOSC7;Magnesium
MTREX;EXOSC4;Magnesium
MTREX;C1D;Magnesium
MTREX;EXOSC9;Magnesium
MTREX;EXOSC2;Magnesium
EXOSC7;SUPV3L1;Magnesium
EXOSC7;DIS3L2;Magnesium
EXOSC7;PNPT1;Magnesium
EXOSC7;HBS1L;Magnesium
EXOSC7;C1D;Magnesium
EXOSC7;EXOSC4;Magnesium
EXOSC7;EXOSC8;Magnesium
EXOSC7;EXOSC6;Magnesium
EXOSC7;EXOSC10;Magnesium
EXOSC7;EXOSC9;Magnesium
EXOSC7;EXOSC1;Magnesium
EXOSC7;EXOSC3;Magnesium
EXOSC7;EXOSC2;Magnesium
EXOSC4;SUPV3L1;Magnesium
EXOSC4;DIS3L2;Magnesium
EXOSC4;HBS1L;Magnesium
EXOSC4;PNPT1;Magnesium
EXOSC4;C1D;Magnesium
EXOSC4;EXOSC3;Magnesium
EXOSC4;EXOSC2;Magnesium
EXOSC4;EXOSC1;Magnesium
EXOSC4;EXOSC10;Magnesium
EXOSC4;EXOSC9;Magnesium
EXOSC4;EXOSC6;Magnesium
EXOSC4;EXOSC8;Magnesium
DIS3L2;HBS1L;Magnesium
DIS3L2;PNPT1;Magnesium
DIS3L2;EXOSC2;Magnesium
DIS3L2;C1D;Magnesium
DIS3L2;EXOSC8;Magnesium
DIS3L2;EXOSC9;Magnesium
DIS3L2;EXOSC1;Magnesium
DIS3L2;EXOSC3;Magnesium
DIS3L2;EXOSC10;Magnesium
EXOSC3;SUPV3L1;Magnesium
EXOSC3;PNPT1;Magnesium
EXOSC3;HBS1L;Magnesium
EXOSC3;EXOSC9;Magnesium
EXOSC3;EXOSC10;Magnesium
EXOSC3;EXOSC1;Magnesium
EXOSC3;C1D;Magnesium
EXOSC3;EXOSC2;Magnesium
EXOSC3;EXOSC8;Magnesium
EXOSC3;EXOSC6;Magnesium
C1D;SUPV3L1;Magnesium
C1D;PNPT1;Magnesium
C1D;EXOSC6;Magnesium
C1D;EXOSC10;Magnesium
C1D;EXOSC9;Magnesium
C1D;EXOSC1;Magnesium
C1D;EXOSC2;Magnesium
C1D;EXOSC8;Magnesium
SUPV3L1;EXOSC9;Magnesium
SUPV3L1;EXOSC6;Magnesium
SUPV3L1;EXOSC1;Magnesium
SUPV3L1;EXOSC2;Magnesium
SUPV3L1;EXOSC8;Magnesium
SUPV3L1;EXOSC10;Magnesium
SUPV3L1;PNPT1;Magnesium
HBS1L;EXOSC6;Magnesium
HBS1L;EXOSC10;Magnesium
HBS1L;EXOSC2;Magnesium
HBS1L;EXOSC9;Magnesium
HBS1L;EXOSC1;Magnesium
HBS1L;EXOSC8;Magnesium
EXOSC1;PNPT1;Magnesium
EXOSC1;EXOSC2;Magnesium
EXOSC1;EXOSC9;Magnesium
EXOSC1;EXOSC10;Magnesium
EXOSC1;EXOSC6;Magnesium
EXOSC1;EXOSC8;Magnesium
EXOSC2;PNPT1;Magnesium
EXOSC2;EXOSC9;Magnesium
EXOSC2;EXOSC10;Magnesium
EXOSC2;EXOSC8;Magnesium
EXOSC2;EXOSC6;Magnesium
EXOSC10;PNPT1;Magnesium
EXOSC10;EXOSC6;Magnesium
EXOSC10;EXOSC8;Magnesium
EXOSC10;EXOSC9;Magnesium
EXOSC9;PNPT1;Magnesium
EXOSC9;EXOSC6;Magnesium
EXOSC9;EXOSC8;Magnesium
EXOSC8;PNPT1;Magnesium
EXOSC8;EXOSC6;Magnesium
EXOSC6;PNPT1;Magnesium
EYA2;SIX1;Magnesium
DACH2;DACH1;Magnesium
GUCY2F;ITPA;Magnesium
GUCY2F;ENPP1;Magnesium
GUCY2F;ENPP3;Magnesium
GUCY2F;GUCY2D;Magnesium
PDE1B;DCK;Magnesium
GUCY2D;ITPA;Magnesium
GUCY2D;ENPP3;Magnesium
GUCY2D;ENPP1;Magnesium
GMPR;CANT1;Magnesium
GMPR;ENPP3;Magnesium
GMPR;ENPP1;Magnesium
GMPR;ENTPD6;Magnesium
GMPR;AMPD1;Magnesium
GMPR;AMPD2;Magnesium
GMPR;AMPD3;Magnesium
GUCY2C;ITPA;Magnesium
GUCY2C;ENPP1;Magnesium
GUCY2C;ENPP3;Magnesium
GUCY1A2;ENPP1;Magnesium
GUCY1A2;ENPP3;Magnesium
GUCY1A2;ITPA;Magnesium
GUCY1A2;GUCY1A1;Magnesium
GUCY1A2;GUCY1B1;Magnesium
ADCY8;ITPA;Magnesium
ADCY8;ADCY6;Magnesium
ADCY8;ADCY3;Magnesium
ADCY8;ADCY1;Magnesium
ADCY8;ADCY4;Magnesium
DCK;PDE4A;Magnesium
DCK;ENPP3;Magnesium
DCK;PDE2A;Magnesium
DCK;ENPP1;Magnesium
DCK;AK8;Magnesium
DCK;AK2;Magnesium
DCK;AMPD3;Magnesium
DCK;AK3;Magnesium
DCK;ADSL;Magnesium
DCK;AMPD1;Magnesium
DCK;AMPD2;Magnesium
DCK;APRT;Magnesium
ADCY9;ITPA;Magnesium
ADCY9;ADCY3;Magnesium
ADCY9;ADCY6;Magnesium
GUCY1A1;ENPP3;Magnesium
GUCY1A1;ENPP1;Magnesium
GUCY1A1;ITPA;Magnesium
GUCY1A1;GUCY1B1;Magnesium
ADCY1;ITPA;Magnesium
ADCY1;ADCY3;Magnesium
HPRT1;ENTPD6;Magnesium
HPRT1;CANT1;Magnesium
CANT1;GMPS;Magnesium
CANT1;APRT;Magnesium
CANT1;ENPP3;Magnesium
CANT1;ENPP1;Magnesium
CANT1;AMPD3;Magnesium
CANT1;AMPD1;Magnesium
CANT1;AMPD2;Magnesium
CANT1;ITPA;Magnesium
CANT1;ENTPD6;Magnesium
ADCY6;ITPA;Magnesium
ADCY6;ADCY3;Magnesium
ADCY6;ADCY4;Magnesium
ADCY6;ADCY5;Magnesium
ADCY4;ITPA;Magnesium
NPR2;ITPA;Magnesium
NPR2;ENPP3;Magnesium
NPR2;ENPP1;Magnesium
NPR2;NPR1;Magnesium
ADCY2;ITPA;Magnesium
ADCY10;ITPA;Magnesium
NPR1;ENPP3;Magnesium
NPR1;ENPP1;Magnesium
NPR1;ITPA;Magnesium
ENTPD6;AMPD3;Magnesium
ENTPD6;APRT;Magnesium
ENTPD6;GMPS;Magnesium
ENTPD6;AMPD1;Magnesium
ENTPD6;AMPD2;Magnesium
ENTPD6;ENPP1;Magnesium
ENTPD6;ITPA;Magnesium
ENTPD6;ENPP3;Magnesium
ITPA;ADCY5;Magnesium
ITPA;ADCY7;Magnesium
ITPA;ADCY3;Magnesium
ITPA;ENPP1;Magnesium
ITPA;GUCY1B1;Magnesium
ITPA;ENPP3;Magnesium
ITPA;AMPD2;Magnesium
ITPA;AMPD3;Magnesium
ITPA;AMPD1;Magnesium
ENPP3;GMPS;Magnesium
ENPP3;GUCY1B1;Magnesium
GMPS;ENPP1;Magnesium
GUCY1B1;ENPP1;Magnesium
CERK;GBA;Magnesium
CERK;ENPP7;Magnesium
CERK;GALC;Magnesium
CERK;GBA2;Magnesium
CERK;SMPD4;Magnesium
CERK;SMPD3;Magnesium
CERK;UGT8;Magnesium
CERK;DEGS2;Magnesium
CERK;SGMS2;Magnesium
CERK;CERS3;Magnesium
CERK;DEGS1;Magnesium
CERK;CERS5;Magnesium
CERK;SMPD2;Magnesium
CERK;CERS4;Magnesium
CERK;CERS2;Magnesium
CERK;SGMS1;Magnesium
CERK;SMPD1;Magnesium
CERK;CERS6;Magnesium
CERK;ACER1;Magnesium
CERK;ACER2;Magnesium
CERK;ASAH2;Magnesium
CERK;UGCG;Magnesium
CERK;ASAH1;Magnesium
SPTLC2;KDSR;Magnesium
SMPD3;GBA;Magnesium
SMPD3;GALC;Magnesium
SMPD3;UGT8;Magnesium
SMPD3;GBA2;Magnesium
SMPD3;DEGS2;Magnesium
SMPD3;CERS3;Magnesium
SMPD3;DEGS1;Magnesium
SMPD3;CERS5;Magnesium
SMPD3;CERS6;Magnesium
SMPD3;ENPP7;Magnesium
SMPD3;CERS4;Magnesium
SMPD3;UGCG;Magnesium
SMPD3;CERS2;Magnesium
SMPD3;SGMS1;Magnesium
SMPD3;SGMS2;Magnesium
SMPD3;SMPD1;Magnesium
SMPD3;SMPD4;Magnesium
SMPD3;SMPD2;Magnesium
CERS4;CERS3;Magnesium
CERS4;GBA2;Magnesium
CERS4;CERS6;Magnesium
CERS4;GBA;Magnesium
CERS4;GALC;Magnesium
CERS4;CERS5;Magnesium
CERS4;UGT8;Magnesium
CERS4;CERS2;Magnesium
CERS4;ENPP7;Magnesium
CERS4;SMPD4;Magnesium
CERS4;SGMS2;Magnesium
CERS4;SGMS1;Magnesium
CERS4;SMPD1;Magnesium
CERS4;ASAH2;Magnesium
CERS4;ASAH1;Magnesium
CERS4;ACER2;Magnesium
CERS4;UGCG;Magnesium
CERS4;KDSR;Magnesium
CERS4;ACER1;Magnesium
CERS4;SMPD2;Magnesium
CERS4;DEGS1;Magnesium
CERS4;DEGS2;Magnesium
SMPD2;GALC;Magnesium
SMPD2;GBA;Magnesium
SMPD2;UGT8;Magnesium
SMPD2;GBA2;Magnesium
SMPD2;DEGS2;Magnesium
SMPD2;CERS3;Magnesium
SMPD2;DEGS1;Magnesium
SMPD2;ENPP7;Magnesium
SMPD2;CERS5;Magnesium
SMPD2;CERS2;Magnesium
SMPD2;CERS6;Magnesium
SMPD2;SGMS1;Magnesium
SMPD2;SGMS2;Magnesium
SMPD2;UGCG;Magnesium
SMPD2;SMPD4;Magnesium
SMPD2;SMPD1;Magnesium
GALC;ENPP7;Magnesium
GALC;DEGS2;Magnesium
GALC;DEGS1;Magnesium
GALC;CERS5;Magnesium
GALC;ACER1;Magnesium
GALC;SGMS2;Magnesium
GALC;SMPD4;Magnesium
GALC;ACER2;Magnesium
GALC;CERS6;Magnesium
GALC;ASAH2;Magnesium
GALC;CERS3;Magnesium
GALC;CERS2;Magnesium
GALC;SGMS1;Magnesium
GALC;GBA2;Magnesium
GALC;UGCG;Magnesium
GALC;UGT8;Magnesium
GALC;SMPD1;Magnesium
GALC;GBA;Magnesium
GALC;ASAH1;Magnesium
SPTLC1;KDSR;Magnesium
CERS2;CERS3;Magnesium
CERS2;ENPP7;Magnesium
CERS2;GBA2;Magnesium
CERS2;GBA;Magnesium
CERS2;CERS5;Magnesium
CERS2;UGT8;Magnesium
CERS2;CERS6;Magnesium
CERS2;SMPD4;Magnesium
CERS2;ACER1;Magnesium
CERS2;SGMS2;Magnesium
CERS2;ASAH2;Magnesium
CERS2;SGMS1;Magnesium
CERS2;DEGS2;Magnesium
CERS2;ACER2;Magnesium
CERS2;SMPD1;Magnesium
CERS2;UGCG;Magnesium
CERS2;KDSR;Magnesium
CERS2;DEGS1;Magnesium
CERS2;ASAH1;Magnesium
CERS3;ENPP7;Magnesium
CERS3;CERS5;Magnesium
CERS3;CERS6;Magnesium
CERS3;GBA2;Magnesium
CERS3;UGT8;Magnesium
CERS3;SMPD4;Magnesium
CERS3;GBA;Magnesium
CERS3;SGMS2;Magnesium
CERS3;ASAH2;Magnesium
CERS3;ACER2;Magnesium
CERS3;SMPD1;Magnesium
CERS3;ASAH1;Magnesium
CERS3;DEGS2;Magnesium
CERS3;UGCG;Magnesium
CERS3;ACER1;Magnesium
CERS3;DEGS1;Magnesium
CERS3;KDSR;Magnesium
CERS3;SGMS1;Magnesium
ACER1;ACER2;Magnesium
ACER1;GBA;Magnesium
ACER1;UGT8;Magnesium
ACER1;GBA2;Magnesium
ACER1;DEGS1;Magnesium
ACER1;CERS5;Magnesium
ACER1;SGMS2;Magnesium
ACER1;DEGS2;Magnesium
ACER1;SGMS1;Magnesium
ACER1;UGCG;Magnesium
ACER1;CERS6;Magnesium
ACER1;ASAH1;Magnesium
ACER1;ASAH2;Magnesium
DEGS2;DEGS1;Magnesium
DEGS2;GBA;Magnesium
DEGS2;GBA2;Magnesium
DEGS2;UGT8;Magnesium
DEGS2;ENPP7;Magnesium
DEGS2;SMPD1;Magnesium
DEGS2;SGMS1;Magnesium
DEGS2;ASAH1;Magnesium
DEGS2;ASAH2;Magnesium
DEGS2;SGMS2;Magnesium
DEGS2;SMPD4;Magnesium
DEGS2;ACER2;Magnesium
DEGS2;UGCG;Magnesium
DEGS2;CERS5;Magnesium
DEGS2;KDSR;Magnesium
DEGS2;CERS6;Magnesium
UGT8;ENPP7;Magnesium
UGT8;ASAH2;Magnesium
UGT8;ACER2;Magnesium
UGT8;SGMS2;Magnesium
UGT8;GBA;Magnesium
UGT8;CERS5;Magnesium
UGT8;DEGS1;Magnesium
UGT8;SMPD4;Magnesium
UGT8;SGMS1;Magnesium
UGT8;CERS6;Magnesium
UGT8;SMPD1;Magnesium
UGT8;GBA2;Magnesium
UGT8;ASAH1;Magnesium
UGT8;UGCG;Magnesium
GBA;ENPP7;Magnesium
GBA;SMPD4;Magnesium
GBA;ACER2;Magnesium
GBA;SGMS1;Magnesium
GBA;ASAH2;Magnesium
GBA;DEGS1;Magnesium
GBA;SGMS2;Magnesium
GBA;CERS5;Magnesium
GBA;CERS6;Magnesium
GBA;ASAH1;Magnesium
GBA;SMPD1;Magnesium
GBA;GBA2;Magnesium
GBA;UGCG;Magnesium
DEGS1;GBA2;Magnesium
DEGS1;ENPP7;Magnesium
DEGS1;ASAH2;Magnesium
DEGS1;ACER2;Magnesium
DEGS1;SMPD4;Magnesium
DEGS1;SMPD1;Magnesium
DEGS1;SGMS2;Magnesium
DEGS1;ASAH1;Magnesium
DEGS1;SGMS1;Magnesium
DEGS1;CERS5;Magnesium
DEGS1;UGCG;Magnesium
DEGS1;KDSR;Magnesium
DEGS1;CERS6;Magnesium
CERS5;GBA2;Magnesium
CERS5;CERS6;Magnesium
CERS5;ENPP7;Magnesium
CERS5;SMPD4;Magnesium
CERS5;SGMS2;Magnesium
CERS5;SGMS1;Magnesium
CERS5;ACER2;Magnesium
CERS5;ASAH2;Magnesium
CERS5;ASAH1;Magnesium
CERS5;UGCG;Magnesium
CERS5;SMPD1;Magnesium
CERS5;KDSR;Magnesium
ENPP7;GBA2;Magnesium
ENPP7;SGMS2;Magnesium
ENPP7;UGCG;Magnesium
ENPP7;SGMS1;Magnesium
ENPP7;CERS6;Magnesium
ENPP7;SMPD4;Magnesium
ENPP7;SMPD1;Magnesium
SMPD1;GBA2;Magnesium
SMPD1;CERS6;Magnesium
SMPD1;UGCG;Magnesium
SMPD1;SMPD4;Magnesium
SMPD1;SGMS2;Magnesium
SMPD1;SGMS1;Magnesium
ACER2;GBA2;Magnesium
ACER2;SGMS2;Magnesium
ACER2;UGCG;Magnesium
ACER2;SGMS1;Magnesium
ACER2;CERS6;Magnesium
ACER2;ASAH1;Magnesium
ACER2;ASAH2;Magnesium
SGMS1;SGMS2;Magnesium
SGMS1;GBA2;Magnesium
SGMS1;CERS6;Magnesium
SGMS1;ASAH1;Magnesium
SGMS1;UGCG;Magnesium
SGMS1;ASAH2;Magnesium
SGMS1;SMPD4;Magnesium
UGCG;SMPD4;Magnesium
UGCG;SGMS2;Magnesium
UGCG;ASAH2;Magnesium
UGCG;ASAH1;Magnesium
UGCG;CERS6;Magnesium
UGCG;GBA2;Magnesium
GBA2;CERS6;Magnesium
GBA2;SGMS2;Magnesium
GBA2;SMPD4;Magnesium
GBA2;ASAH2;Magnesium
GBA2;ASAH1;Magnesium
ASAH1;SGMS2;Magnesium
ASAH1;KDSR;Magnesium
ASAH1;CERS6;Magnesium
ASAH1;ASAH2;Magnesium
CERS6;SMPD4;Magnesium
CERS6;SGMS2;Magnesium
CERS6;ASAH2;Magnesium
CERS6;KDSR;Magnesium
SGMS2;ASAH2;Magnesium
SGMS2;SMPD4;Magnesium
ASAH2;KDSR;Magnesium
SPTLC3;KDSR;Magnesium
TP53;DYRK2;Magnesium
ATM;DYRK2;Magnesium
DDB1;DCAF7;Magnesium
DYRK2;DCAF1;Magnesium
DCAF1;DCAF7;Magnesium
DCTN6;CAPZA2;Magnesium
DCTN6;CAPZA1;Magnesium
DCTN6;DCTN1;Magnesium
DCTN6;ACTR10;Magnesium
DCTN6;DCTN2;Magnesium
DCTN6;DCTN4;Magnesium
ACTR10;DCTN1;Magnesium
ACTR10;DCTN4;Magnesium
CAPZA1;DCTN4;Magnesium
CAPZA1;DCTN1;Magnesium
CAPZA1;CAPZA2;Magnesium
DCTN1;CAPZA2;Magnesium
DCTN1;DCTN4;Magnesium
CAPZA2;DCTN4;Magnesium
CAPZA2;DCTN2;Magnesium
DCTN2;DCTN4;Magnesium
RB1CC1;SESN2;Magnesium
RB1CC1;AKT1S1;Magnesium
RB1CC1;RPTOR;Magnesium
RB1CC1;MTOR;Magnesium
RB1CC1;PIK3C3;Magnesium
RB1CC1;ULK1;Magnesium
RB1CC1;ATG101;Magnesium
RB1CC1;ATG13;Magnesium
TSC2;PRKAA2;Magnesium
TSC2;DDIT4;Magnesium
TSC2;RHEB;Magnesium
RPS6KB1;FKBP1A;Magnesium
RPS6KB1;RICTOR;Magnesium
RPS6KB1;AKT1S1;Magnesium
RPS6KB1;DEPTOR;Magnesium
RPS6KB1;MLST8;Magnesium
RPS6KB1;RPS6;Magnesium
RPS6KB1;RPTOR;Magnesium
RPS6KB1;MTOR;Magnesium
NPRL2;LAMTOR1;Magnesium
NPRL2;LAMTOR5;Magnesium
NPRL2;LAMTOR3;Magnesium
NPRL2;LAMTOR4;Magnesium
NPRL2;LAMTOR2;Magnesium
NPRL2;RRAGC;Magnesium
NPRL2;RRAGB;Magnesium
NPRL2;RRAGA;Magnesium
NPRL2;NPRL3;Magnesium
NPRL2;WDR59;Magnesium
NPRL2;WDR24;Magnesium
NPRL2;DEPDC5;Magnesium
NPRL2;MIOS;Magnesium
SESN2;ATG13;Magnesium
SESN2;ULK1;Magnesium
SESN2;WDR59;Magnesium
SESN2;MIOS;Magnesium
SESN2;WDR24;Magnesium
SESN2;DEPDC5;Magnesium
LAMTOR5;MLST8;Magnesium
LAMTOR5;DEPDC5;Magnesium
LAMTOR5;NPRL3;Magnesium
LAMTOR5;MTOR;Magnesium
LAMTOR5;RRAGC;Magnesium
LAMTOR5;RRAGB;Magnesium
LAMTOR5;LAMTOR2;Magnesium
LAMTOR5;RPTOR;Magnesium
LAMTOR5;RRAGA;Magnesium
LAMTOR5;LAMTOR4;Magnesium
LAMTOR5;SLC38A9;Magnesium
LAMTOR5;LAMTOR3;Magnesium
LAMTOR5;RRAGD;Magnesium
LAMTOR5;LAMTOR1;Magnesium
PIK3C3;PTEN;Magnesium
PIK3C3;ATG101;Magnesium
PIK3C3;ULK1;Magnesium
WDR59;CASTOR1;Magnesium
WDR59;MIOS;Magnesium
WDR59;DEPDC5;Magnesium
WDR59;NPRL3;Magnesium
WDR59;WDR24;Magnesium
RHEB;RAF1;Magnesium
RHEB;EIF4EBP1;Magnesium
RHEB;PDE6D;Magnesium
RHEB;TBC1D7;Magnesium
RHEB;DEPTOR;Magnesium
RHEB;AKT1S1;Magnesium
RHEB;BNIP3;Magnesium
RHEB;RPTOR;Magnesium
RHEB;MTOR;Magnesium
RHEB;MLST8;Magnesium
RHEB;TSC1;Magnesium
RRAGB;AKT1S1;Magnesium
RRAGB;NPRL3;Magnesium
RRAGB;DEPDC5;Magnesium
RRAGB;RRAGA;Magnesium
RRAGB;RPTOR;Magnesium
RRAGB;LAMTOR4;Magnesium
RRAGB;RRAGC;Magnesium
RRAGB;MTOR;Magnesium
RRAGB;LAMTOR2;Magnesium
RRAGB;WDR24;Magnesium
RRAGB;RRAGD;Magnesium
RRAGB;LAMTOR1;Magnesium
RRAGB;SLC38A9;Magnesium
RRAGB;LAMTOR3;Magnesium
MAPKAP1;AKT1;Magnesium
MAPKAP1;AKT1S1;Magnesium
MAPKAP1;MLST8;Magnesium
MAPKAP1;DEPTOR;Magnesium
MAPKAP1;RICTOR;Magnesium
MAPKAP1;MTOR;Magnesium
LAMTOR1;DEPDC5;Magnesium
LAMTOR1;NPRL3;Magnesium
LAMTOR1;MLST8;Magnesium
LAMTOR1;MTOR;Magnesium
LAMTOR1;RRAGD;Magnesium
LAMTOR1;SLC38A9;Magnesium
LAMTOR1;LAMTOR3;Magnesium
LAMTOR1;RRAGA;Magnesium
LAMTOR1;RPTOR;Magnesium
LAMTOR1;LAMTOR4;Magnesium
LAMTOR1;RRAGC;Magnesium
LAMTOR1;LAMTOR2;Magnesium
DEPTOR;ULK1;Magnesium
DEPTOR;RPS6KB2;Magnesium
DEPTOR;AKT1S1;Magnesium
DEPTOR;RPTOR;Magnesium
DEPTOR;MTOR;Magnesium
DEPTOR;RICTOR;Magnesium
DEPTOR;MLST8;Magnesium
WDR24;CASTOR1;Magnesium
WDR24;NPRL3;Magnesium
WDR24;DEPDC5;Magnesium
WDR24;MIOS;Magnesium
WDR24;RRAGC;Magnesium
RICTOR;MLST8;Magnesium
RICTOR;RPTOR;Magnesium
TSC1;PRKAA2;Magnesium
TSC1;DDIT4;Magnesium
RPTOR;ATG101;Magnesium
RPTOR;PRKAA2;Magnesium
RPTOR;LAMTOR2;Magnesium
RPTOR;RPS6KB2;Magnesium
RPTOR;AKT1;Magnesium
RPTOR;ULK1;Magnesium
RPTOR;LAMTOR4;Magnesium
RPTOR;AKT1S1;Magnesium
RPTOR;RRAGA;Magnesium
RPTOR;MTOR;Magnesium
RPTOR;FKBP1A;Magnesium
RPTOR;RRAGC;Magnesium
RPTOR;RRAGD;Magnesium
RPTOR;LAMTOR3;Magnesium
RPTOR;MLST8;Magnesium
RPTOR;EIF4EBP1;Magnesium
DDIT4;TBC1D7;Magnesium
RPS6KB2;AKT1S1;Magnesium
RPS6KB2;MLST8;Magnesium
RPS6KB2;MTOR;Magnesium
RPS6KB2;RPS6;Magnesium
ULK1;AKT1S1;Magnesium
ULK1;MLST8;Magnesium
ULK1;MTOR;Magnesium
ULK1;ATG101;Magnesium
ULK1;ATG13;Magnesium
ATG101;MLST8;Magnesium
ATG101;AKT1S1;Magnesium
ATG101;MTOR;Magnesium
ATG101;ATG13;Magnesium
MIOS;CASTOR1;Magnesium
MIOS;RRAGA;Magnesium
MIOS;RRAGC;Magnesium
MIOS;NPRL3;Magnesium
MIOS;DEPDC5;Magnesium
EIF4EBP1;FKBP1A;Magnesium
EIF4EBP1;AKT1S1;Magnesium
EIF4EBP1;MLST8;Magnesium
EIF4EBP1;EIF4E;Magnesium
EIF4EBP1;MTOR;Magnesium
LAMTOR4;MLST8;Magnesium
LAMTOR4;DEPDC5;Magnesium
LAMTOR4;NPRL3;Magnesium
LAMTOR4;MTOR;Magnesium
LAMTOR4;LAMTOR3;Magnesium
LAMTOR4;LAMTOR2;Magnesium
LAMTOR4;SLC38A9;Magnesium
LAMTOR4;RRAGC;Magnesium
LAMTOR4;RRAGA;Magnesium
LAMTOR4;RRAGD;Magnesium
MTOR;LAMTOR3;Magnesium
MTOR;LAMTOR2;Magnesium
MTOR;PRKAA2;Magnesium
MTOR;RRAGD;Magnesium
MTOR;RRAGA;Magnesium
MTOR;AKT1S1;Magnesium
MTOR;FKBP1A;Magnesium
MTOR;RRAGC;Magnesium
MTOR;MLST8;Magnesium
LAMTOR2;MLST8;Magnesium
LAMTOR2;DEPDC5;Magnesium
LAMTOR2;NPRL3;Magnesium
LAMTOR2;RRAGD;Magnesium
LAMTOR2;LAMTOR3;Magnesium
LAMTOR2;SLC38A9;Magnesium
LAMTOR2;RRAGC;Magnesium
LAMTOR2;RRAGA;Magnesium
BNIP3;BNIP3L;Magnesium
RRAGD;AKT1S1;Magnesium
RRAGD;SLC38A9;Magnesium
RRAGD;RRAGC;Magnesium
RRAGD;LAMTOR3;Magnesium
RRAGD;RRAGA;Magnesium
PRKAA2;TBC1D7;Magnesium
RRAGC;MLST8;Magnesium
RRAGC;AKT1S1;Magnesium
RRAGC;RRAGA;Magnesium
RRAGC;NPRL3;Magnesium
RRAGC;DEPDC5;Magnesium
RRAGC;LAMTOR3;Magnesium
RRAGA;MLST8;Magnesium
RRAGA;AKT1S1;Magnesium
RRAGA;LAMTOR3;Magnesium
RRAGA;SLC38A9;Magnesium
RRAGA;DEPDC5;Magnesium
RRAGA;NPRL3;Magnesium
AKT1S1;AKT1;Magnesium
AKT1S1;MLST8;Magnesium
SLC38A9;LAMTOR3;Magnesium
FKBP1A;EIF4E;Magnesium
FKBP1A;MLST8;Magnesium
LAMTOR3;MLST8;Magnesium
LAMTOR3;DEPDC5;Magnesium
LAMTOR3;NPRL3;Magnesium
NPRL3;DEPDC5;Magnesium
REXO1;REXO5;Magnesium
REXO1;REXO2;Magnesium
REXO5;REXO2;Magnesium
CRTC3;CRTC1;Magnesium
CRTC3;CRTC2;Magnesium
SIK2;PRKACG;Magnesium
SIK2;PRKACB;Magnesium
SIK2;PRKACA;Magnesium
SIK2;CRTC2;Magnesium
CRTC1;CRTC2;Magnesium
CRTC1;CREB1;Magnesium
CRTC2;CREB1;Magnesium
TAB1;TRAF5;Magnesium
TAB1;TRADD;Magnesium
TAB1;TRAF2;Magnesium
TAB1;RIPK1;Magnesium
TAB1;TAB3;Magnesium
TAB1;MAPK14;Magnesium
MAPK8IP1;MAP3K11;Magnesium
MAPK8IP1;MAPK9;Magnesium
MAPK8IP1;MAPK8IP2;Magnesium
MAPK8IP1;MAPK8;Magnesium
MAPK8IP1;MAP2K7;Magnesium
TRAF2;BCL10;Magnesium
TRAF2;TAB3;Magnesium
TRAF2;MAP3K1;Magnesium
TRAF2;TAB2;Magnesium
TRAF2;TRADD;Magnesium
TRAF2;RIPK1;Magnesium
RAC2;MAP2K4;Magnesium
RAC2;MAP2K7;Magnesium
RAC2;MAPK9;Magnesium
MAP3K10;MAP2K7;Magnesium
RIPK1;MAP2K7;Magnesium
RIPK1;TAB3;Magnesium
RIPK1;MAP3K7;Magnesium
RIPK1;CFLAR;Magnesium
RIPK1;TRAF5;Magnesium
RIPK1;TAB2;Magnesium
RIPK1;TRADD;Magnesium
TRAF5;TAB3;Magnesium
TRAF5;TAB2;Magnesium
TRAF5;TRADD;Magnesium
MAP3K8;MAP2K7;Magnesium
MAP3K8;MAP2K4;Magnesium
MAP3K13;MAP2K7;Magnesium
RAC3;MAP2K4;Magnesium
RAC3;MAP2K7;Magnesium
RAC3;MAPK8;Magnesium
RAC3;MAPK9;Magnesium
RAC3;MAP3K1;Magnesium
MAP3K11;MAPK8IP3;Magnesium
MAP3K11;MAP2K7;Magnesium
MAP3K11;MAPK8IP2;Magnesium
CFLAR;TRADD;Magnesium
PPM1A;MAP2K7;Magnesium
PPM1A;MAP2K4;Magnesium
MAPK8IP2;MAPK8IP3;Magnesium
MAPK8IP2;MAPK8;Magnesium
MAPK8IP2;MAPK9;Magnesium
MAPK8IP2;MAP2K7;Magnesium
TRADD;MAP2K7;Magnesium
TRADD;TAB3;Magnesium
TRADD;TAB2;Magnesium
TRADD;MAP3K7;Magnesium
TAB2;MAP2K4;Magnesium
TAB2;TAB3;Magnesium
MAP3K7;TAB3;Magnesium
MAP3K20;MAP2K7;Magnesium
TAB3;MAP2K4;Magnesium
TAB3;MAP2K7;Magnesium
MAPK8;WDR62;Magnesium
MAP2K7;PRKCA;Magnesium
MAP2K7;MAP3K12;Magnesium
MAP2K7;MAP3K1;Magnesium
MAP3K1;MAPK9;Magnesium
MAP3K1;MAPK8IP3;Magnesium
MAP3K1;MAP2K4;Magnesium
WDR62;MAPK9;Magnesium
PRKCA;MAP2K4;Magnesium
SIK1;PER1;Magnesium
SIK1;SIK1B;Magnesium
SIK1;CRTC2;Magnesium
PER1;CREB1;Magnesium
CRTC2;SIK1B;Magnesium
ASF1A;ASF1B;Magnesium
ORC5;PIF1;Magnesium
ORC5;CDC45;Magnesium
TERT;XRCC6;Magnesium
PRH2;PRH1;Magnesium
FIBP;TMEM94;Magnesium
FIBP;CDK5;Magnesium
NGFR;IRAK4;Magnesium
NGFR;IRAK3;Magnesium
NGFR;IRAK2;Magnesium
NGFR;IRAK1;Magnesium
NGFR;TRAF6;Magnesium
IRAK2;IRAK1;Magnesium
IRAK2;IRAK4;Magnesium
IRAK2;TRAF6;Magnesium
IRAK2;MYD88;Magnesium
TLR2;TLR5;Magnesium
TLR2;TOLLIP;Magnesium
IRAK3;TRAF6;Magnesium
IRAK3;IRAK1;Magnesium
IL1A;IL1R1;Magnesium
IL1B;IL1R1;Magnesium
TLR8;MYD88;Magnesium
TOLLIP;IRAK4;Magnesium
TOLLIP;MYD88;Magnesium
TOLLIP;IRAK1;Magnesium
IRAK1;IRAK4;Magnesium
IRAK1;TRAF6;Magnesium
IRAK1;MYD88;Magnesium
IRAK1;IL1R1;Magnesium
TLR4;TLR5;Magnesium
TLR4;TRAF6;Magnesium
TLR4;IRAK4;Magnesium
IL1R1;IRAK4;Magnesium
IL1R1;TRAF6;Magnesium
IL1R1;MYD88;Magnesium
TRAF6;TLR5;Magnesium
TRAF6;MYD88;Magnesium
TRAF6;IRAK4;Magnesium
IRAK4;MYD88;Magnesium
TLR5;MYD88;Magnesium
RPAP3;URI1;Magnesium
CD74;WDR75;Magnesium
CD74;WDR46;Magnesium
CD74;NOL10;Magnesium
CD74;UTP3;Magnesium
CD74;NOP14;Magnesium
CD74;UTP4;Magnesium
CD74;RRP9;Magnesium
CD74;UTP20;Magnesium
CD74;UTP18;Magnesium
CD74;NOP58;Magnesium
CD74;WDR43;Magnesium
CD74;NOP56;Magnesium
CD74;BYSL;Magnesium
MRPS10;BYSL;Magnesium
ESF1;DDX18;Magnesium
ESF1;NAT10;Magnesium
ESF1;NOL6;Magnesium
ESF1;UTP18;Magnesium
ESF1;DDX10;Magnesium
ESF1;UTP3;Magnesium
FBL;RPL3L;Magnesium
FBL;FBLL1;Magnesium
FBL;LOC102724159;Magnesium
FBL;RPL3;Magnesium
FBL;NOP14;Magnesium
FBL;RPS18;Magnesium
FBL;RPS14;Magnesium
FBL;NOL10;Magnesium
FBL;IMP3;Magnesium
FBL;PDCD11;Magnesium
FBL;RPS23;Magnesium
FBL;RPS9;Magnesium
FBL;RPS11;Magnesium
FBL;RPS16;Magnesium
FBL;BMS1;Magnesium
FBL;NAT10;Magnesium
FBL;UTP18;Magnesium
FBL;RPS5;Magnesium
FBL;UTP20;Magnesium
FBL;WDR3;Magnesium
FBL;WDR75;Magnesium
FBL;BYSL;Magnesium
FBL;TBL3;Magnesium
FBL;PWP2;Magnesium
FBL;UTP4;Magnesium
FBL;HEATR1;Magnesium
FBL;WDR46;Magnesium
FBL;UTP3;Magnesium
FBL;WDR43;Magnesium
FBL;WDR36;Magnesium
FBL;NOL6;Magnesium
FBL;RRP9;Magnesium
FBL;DKC1;Magnesium
FBL;NOP56;Magnesium
FBL;NOP58;Magnesium
RBM28;NIP7;Magnesium
RBM28;DKC1;Magnesium
RBM28;DDX18;Magnesium
RBM28;PUM3;Magnesium
RBM28;GTPBP4;Magnesium
RBM28;RRP12;Magnesium
RBM28;CEBPZ;Magnesium
RBM28;DDX27;Magnesium
RBM28;NOP2;Magnesium
UTP18;MRPS12;Magnesium
UTP18;FBLL1;Magnesium
UTP18;RPS18;Magnesium
UTP18;DDX10;Magnesium
UTP18;RPS16;Magnesium
UTP18;RPS14;Magnesium
UTP18;LOC102724159;Magnesium
UTP18;RPS5;Magnesium
UTP18;RPS11;Magnesium
UTP18;RPS9;Magnesium
UTP18;PDCD11;Magnesium
UTP18;RPS23;Magnesium
UTP18;IMP3;Magnesium
UTP18;UTP20;Magnesium
UTP18;NOP14;Magnesium
UTP18;NOP58;Magnesium
UTP18;RRP9;Magnesium
UTP18;NAT10;Magnesium
UTP18;NOL10;Magnesium
UTP18;HEATR1;Magnesium
UTP18;UTP4;Magnesium
UTP18;WDR75;Magnesium
UTP18;NOP56;Magnesium
UTP18;WDR46;Magnesium
UTP18;BYSL;Magnesium
UTP18;TBL3;Magnesium
UTP18;WDR36;Magnesium
UTP18;BMS1;Magnesium
UTP18;PWP2;Magnesium
UTP18;UTP3;Magnesium
UTP18;WDR3;Magnesium
UTP18;NOL6;Magnesium
UTP18;WDR43;Magnesium
GAR1;RRP9;Magnesium
GAR1;NAT10;Magnesium
GAR1;GNL3L;Magnesium
GAR1;NVL;Magnesium
GAR1;NOP56;Magnesium
GAR1;NOP58;Magnesium
GAR1;DKC1;Magnesium
BYSL;MRPS11;Magnesium
BYSL;MRPS12;Magnesium
BYSL;CCDC105;Magnesium
BYSL;MRPS5;Magnesium
BYSL;MRPS7;Magnesium
BYSL;RPL10L;Magnesium
BYSL;RPL10;Magnesium
BYSL;RPL4;Magnesium
BYSL;RPL11;Magnesium
BYSL;FBLL1;Magnesium
BYSL;LOC102724159;Magnesium
BYSL;MTREX;Magnesium
BYSL;IMP3;Magnesium
BYSL;HEATR1;Magnesium
BYSL;WDR75;Magnesium
BYSL;NOP56;Magnesium
BYSL;NOP58;Magnesium
BYSL;PDCD11;Magnesium
BYSL;TBL3;Magnesium
BYSL;UTP20;Magnesium
BYSL;PWP2;Magnesium
BYSL;WDR43;Magnesium
BYSL;UTP4;Magnesium
BYSL;RRP12;Magnesium
BYSL;WDR46;Magnesium
BYSL;BMS1;Magnesium
BYSL;WDR36;Magnesium
BYSL;UTP3;Magnesium
BYSL;RRP9;Magnesium
BYSL;NOP14;Magnesium
BYSL;WDR3;Magnesium
BYSL;NAT10;Magnesium
BYSL;NOL6;Magnesium
BYSL;NOL10;Magnesium
TBP;TAF1D;Magnesium
TBP;TAF1B;Magnesium
TBP;TAF1C;Magnesium
TBP;TAF1A;Magnesium
MTREX;GTPBP4;Magnesium
MTREX;RPF2;Magnesium
MTREX;NVL;Magnesium
MTREX;WDR3;Magnesium
RRP9;CCDC105;Magnesium
RRP9;MRPS7;Magnesium
RRP9;MRPS12;Magnesium
RRP9;RPL4;Magnesium
RRP9;DKC1;Magnesium
RRP9;FBLL1;Magnesium
RRP9;RPS18;Magnesium
RRP9;RPS14;Magnesium
RRP9;RPS11;Magnesium
RRP9;RPS16;Magnesium
RRP9;LOC102724159;Magnesium
RRP9;RPS23;Magnesium
RRP9;RPS9;Magnesium
RRP9;RPS5;Magnesium
RRP9;PDCD11;Magnesium
RRP9;NOL10;Magnesium
RRP9;IMP3;Magnesium
RRP9;UTP3;Magnesium
RRP9;UTP20;Magnesium
RRP9;BMS1;Magnesium
RRP9;NAT10;Magnesium
RRP9;NOP14;Magnesium
RRP9;WDR3;Magnesium
RRP9;NOP56;Magnesium
RRP9;WDR75;Magnesium
RRP9;HEATR1;Magnesium
RRP9;UTP4;Magnesium
RRP9;NOP58;Magnesium
RRP9;WDR46;Magnesium
RRP9;PWP2;Magnesium
RRP9;TBL3;Magnesium
RRP9;WDR36;Magnesium
RRP9;NOL6;Magnesium
RRP9;WDR43;Magnesium
CEBPZ;NOP2;Magnesium
CEBPZ;PES1;Magnesium
CEBPZ;NOC2L;Magnesium
CEBPZ;PDCD11;Magnesium
MRPS7;WDR43;Magnesium
UTP3;MRPS12;Magnesium
UTP3;RPS2;Magnesium
UTP3;DQX1;Magnesium
UTP3;DHX32;Magnesium
UTP3;FBLL1;Magnesium
UTP3;LOC102724159;Magnesium
UTP3;DDX18;Magnesium
UTP3;RPS18;Magnesium
UTP3;RPS11;Magnesium
UTP3;RPS16;Magnesium
UTP3;DDX10;Magnesium
UTP3;DHX15;Magnesium
UTP3;RPS5;Magnesium
UTP3;RPS14;Magnesium
UTP3;RPS23;Magnesium
UTP3;NAT10;Magnesium
UTP3;PDCD11;Magnesium
UTP3;RPS9;Magnesium
UTP3;PWP2;Magnesium
UTP3;TBL3;Magnesium
UTP3;NOP56;Magnesium
UTP3;WDR75;Magnesium
UTP3;HEATR1;Magnesium
UTP3;NOL10;Magnesium
UTP3;WDR43;Magnesium
UTP3;UTP20;Magnesium
UTP3;NOP58;Magnesium
UTP3;IMP3;Magnesium
UTP3;WDR46;Magnesium
UTP3;UTP4;Magnesium
UTP3;NOL6;Magnesium
UTP3;WDR3;Magnesium
UTP3;NOP14;Magnesium
UTP3;WDR36;Magnesium
UTP3;BMS1;Magnesium
NIP7;RPL17-C18orf32;Magnesium
NIP7;RPL17;Magnesium
NIP7;RPL26L1;Magnesium
NIP7;MED1;Magnesium
NIP7;RPL26;Magnesium
NIP7;RPL3L;Magnesium
NIP7;RPL9;Magnesium
NIP7;RPL7L1;Magnesium
NIP7;RPL3;Magnesium
NIP7;RPL7;Magnesium
NIP7;RPL4;Magnesium
NIP7;RPL23;Magnesium
NIP7;RPL23A;Magnesium
NIP7;RPL35;Magnesium
NIP7;RPLP0;Magnesium
NIP7;GNL3L;Magnesium
NIP7;NSUN6;Magnesium
NIP7;GNL3;Magnesium
NIP7;NOC3L;Magnesium
NIP7;DDX18;Magnesium
NIP7;PES1;Magnesium
NIP7;BOP1;Magnesium
NIP7;GTPBP4;Magnesium
NIP7;NOC2L;Magnesium
NIP7;RPF2;Magnesium
NIP7;NOP2;Magnesium
NIP7;BRIX1;Magnesium
NIP7;MRTO4;Magnesium
NAT10;NVL;Magnesium
NAT10;FBLL1;Magnesium
NAT10;GNL3L;Magnesium
NAT10;DKC1;Magnesium
NAT10;WDR75;Magnesium
NAT10;WDR43;Magnesium
NAT10;WDR46;Magnesium
NAT10;NOP58;Magnesium
NAT10;UTP4;Magnesium
NAT10;NOP56;Magnesium
NAT10;NOP14;Magnesium
NAT10;NOL10;Magnesium
NAT10;UTP20;Magnesium
TTC5;RPL26;Magnesium
TTC5;RPL35;Magnesium
TTC5;RPL10;Magnesium
TTC5;RPL7;Magnesium
TTC5;RPL17;Magnesium
TTC5;RPL8;Magnesium
TTC5;RPL3;Magnesium
TTC5;RPL4;Magnesium
TTC5;RPL23;Magnesium
TTC5;RPL5;Magnesium
TTC5;RPL11;Magnesium
TTC5;RPL23A;Magnesium
TTC5;RPL9;Magnesium
TTC5;RPLP0;Magnesium
RPL35;NSUN6;Magnesium
RPL35;GNL3L;Magnesium
RPL35;GNL3;Magnesium
RPL35;NOP2;Magnesium
RPL35;BRIX1;Magnesium
RPL35;NOC2L;Magnesium
RPL35;NOC3L;Magnesium
RPL35;DDX18;Magnesium
RPL35;PA2G4;Magnesium
UTP20;MRPS12;Magnesium
UTP20;PES1;Magnesium
UTP20;RPS2;Magnesium
UTP20;BOP1;Magnesium
UTP20;FBLL1;Magnesium
UTP20;RPS18;Magnesium
UTP20;RPS11;Magnesium
UTP20;RPS16;Magnesium
UTP20;RPS23;Magnesium
UTP20;LOC102724159;Magnesium
UTP20;RPS5;Magnesium
UTP20;RPS14;Magnesium
UTP20;IMP3;Magnesium
UTP20;RPS9;Magnesium
UTP20;NOL10;Magnesium
UTP20;NOP56;Magnesium
UTP20;WDR43;Magnesium
UTP20;PWP2;Magnesium
UTP20;WDR46;Magnesium
UTP20;NOP58;Magnesium
UTP20;UTP4;Magnesium
UTP20;HEATR1;Magnesium
UTP20;WDR75;Magnesium
UTP20;NOP14;Magnesium
UTP20;WDR3;Magnesium
UTP20;NOL6;Magnesium
UTP20;BMS1;Magnesium
UTP20;PDCD11;Magnesium
UTP20;WDR36;Magnesium
UTP20;TBL3;Magnesium
PIH1D1;NOP56;Magnesium
PIH1D1;NOP58;Magnesium
RPL8;RPF2;Magnesium
RPL8;PA2G4;Magnesium
DDX18;RPL17-C18orf32;Magnesium
DDX18;RPL26L1;Magnesium
DDX18;RPL26;Magnesium
DDX18;RPL17;Magnesium
DDX18;RPL3L;Magnesium
DDX18;RPL3;Magnesium
DDX18;RPL23;Magnesium
DDX18;RPL9;Magnesium
DDX18;RPL4;Magnesium
DDX18;RPL7L1;Magnesium
DDX18;RPL23A;Magnesium
DDX18;LOC102724159;Magnesium
DDX18;GNL3L;Magnesium
DDX18;PWP2;Magnesium
DDX18;NSUN6;Magnesium
DDX18;NOP2;Magnesium
DDX18;GNL3;Magnesium
DDX18;NOC3L;Magnesium
DDX18;RPF2;Magnesium
DDX18;NOP58;Magnesium
DDX18;DDX10;Magnesium
DDX18;MRTO4;Magnesium
DDX18;BMS1;Magnesium
DDX18;NOC2L;Magnesium
DDX18;PES1;Magnesium
DDX18;BRIX1;Magnesium
DDX18;BOP1;Magnesium
TAF1B;CD3EAP;Magnesium
TAF1B;TAF1A;Magnesium
TAF1B;TAF1C;Magnesium
TAF1B;TAF1D;Magnesium
POLR1A;NDUFA5;Magnesium
NOP58;MRPS12;Magnesium
NOP58;RPL4;Magnesium
NOP58;NOP2;Magnesium
NOP58;LOC102724159;Magnesium
NOP58;DHX15;Magnesium
NOP58;RPS18;Magnesium
NOP58;RPL5;Magnesium
NOP58;NOLC1;Magnesium
NOP58;RPS16;Magnesium
NOP58;RPS14;Magnesium
NOP58;RPS5;Magnesium
NOP58;RPS11;Magnesium
NOP58;BOP1;Magnesium
NOP58;RRP12;Magnesium
NOP58;RPS23;Magnesium
NOP58;FBLL1;Magnesium
NOP58;RPS9;Magnesium
NOP58;IMP3;Magnesium
NOP58;WDR46;Magnesium
NOP58;PDCD11;Magnesium
NOP58;PWP2;Magnesium
NOP58;NOP14;Magnesium
NOP58;HEATR1;Magnesium
NOP58;UTP4;Magnesium
NOP58;DKC1;Magnesium
NOP58;WDR75;Magnesium
NOP58;NOP56;Magnesium
NOP58;BMS1;Magnesium
NOP58;TBL3;Magnesium
NOP58;WDR36;Magnesium
NOP58;WDR3;Magnesium
NOP58;WDR43;Magnesium
NOP58;NOL6;Magnesium
NOP58;NOL10;Magnesium
RPL3L;NOC3L;Magnesium
RPL3L;RPF2;Magnesium
RPL3L;NOC2L;Magnesium
RPL3L;FBLL1;Magnesium
RPL3L;BRIX1;Magnesium
RPL3L;PA2G4;Magnesium
NOB1;RRP12;Magnesium
RPS11;FBLL1;Magnesium
RPS11;PA2G4;Magnesium
RPS11;NOL10;Magnesium
RPS11;NOP14;Magnesium
RPS11;WDR46;Magnesium
RPS11;WDR75;Magnesium
RPS11;UTP4;Magnesium
RPS11;NOP56;Magnesium
RPS11;WDR43;Magnesium
RPS3;NOP14;Magnesium
RPS3;PA2G4;Magnesium
NVL;DKC1;Magnesium
NVL;GNL3L;Magnesium
SMARCA5;ERCC6;Magnesium
SMARCA5;DDX21;Magnesium
SMARCA5;MYBBP1A;Magnesium
DHX32;EFTUD2;Magnesium
PWP2;FBLL1;Magnesium
PWP2;NOP14;Magnesium
PWP2;NOL10;Magnesium
PWP2;NOP56;Magnesium
PWP2;WDR75;Magnesium
PWP2;WDR46;Magnesium
PWP2;UTP4;Magnesium
PWP2;WDR43;Magnesium
CCDC105;WDR43;Magnesium
RPS23;FBLL1;Magnesium
RPS23;PA2G4;Magnesium
RPS23;NOP14;Magnesium
RPS23;NOL10;Magnesium
RPS23;WDR43;Magnesium
RPS23;WDR46;Magnesium
RPS23;WDR75;Magnesium
RPS23;UTP4;Magnesium
RPS23;NOP56;Magnesium
NOL6;FBLL1;Magnesium
NOL6;DDX10;Magnesium
NOL6;NOP56;Magnesium
NOL6;WDR46;Magnesium
NOL6;WDR75;Magnesium
NOL6;UTP4;Magnesium
NOL6;NOL10;Magnesium
NOL6;WDR43;Magnesium
NOL6;NOP14;Magnesium
RPL10L;PA2G4;Magnesium
POLR3E;URI1;Magnesium
MED1;NOC3L;Magnesium
MED1;NOC2L;Magnesium
MED1;BRIX1;Magnesium
POLR1D;URI1;Magnesium
UBTF;SIRT7;Magnesium
PA2G4;RPL26L1;Magnesium
PA2G4;RPL10;Magnesium
PA2G4;RPS29;Magnesium
PA2G4;RPS14;Magnesium
PA2G4;RPS5;Magnesium
PA2G4;RPL10A;Magnesium
PA2G4;EEF2;Magnesium
PA2G4;GNL3L;Magnesium
PA2G4;GNL3;Magnesium
PA2G4;RPS20;Magnesium
PA2G4;RPS15;Magnesium
PA2G4;RPS9;Magnesium
PA2G4;RPS18;Magnesium
PA2G4;RPS2;Magnesium
PA2G4;RPS16;Magnesium
PA2G4;NLE1;Magnesium
PA2G4;SDAD1;Magnesium
PA2G4;RPF2;Magnesium
PA2G4;MRTO4;Magnesium
PA2G4;RPL17;Magnesium
PA2G4;RPL7;Magnesium
PA2G4;PES1;Magnesium
PA2G4;RPL3;Magnesium
PA2G4;RPL9;Magnesium
PA2G4;RPL23;Magnesium
PA2G4;GTPBP4;Magnesium
PA2G4;RPL11;Magnesium
PA2G4;RPL26;Magnesium
PA2G4;RPLP0;Magnesium
PA2G4;RPL5;Magnesium
PA2G4;RPL4;Magnesium
PA2G4;RPL23A;Magnesium
WDR3;FBLL1;Magnesium
WDR3;NOP14;Magnesium
WDR3;NOL10;Magnesium
WDR3;WDR43;Magnesium
WDR3;WDR46;Magnesium
WDR3;WDR75;Magnesium
WDR3;UTP4;Magnesium
WDR3;NOP56;Magnesium
RPL4;NSUN6;Magnesium
RPL4;GNL3L;Magnesium
RPL4;NOP56;Magnesium
RPL4;WDR46;Magnesium
RPL4;NOP2;Magnesium
RPL4;NOP14;Magnesium
RPL4;GNL3;Magnesium
RPL4;NOC2L;Magnesium
RPL4;NOC3L;Magnesium
RPL4;RPF2;Magnesium
RPL4;BRIX1;Magnesium
WDR75;MRPS12;Magnesium
WDR75;FBLL1;Magnesium
WDR75;LOC102724159;Magnesium
WDR75;RPS14;Magnesium
WDR75;RPS18;Magnesium
WDR75;RPS16;Magnesium
WDR75;RPS5;Magnesium
WDR75;RPS9;Magnesium
WDR75;NOP14;Magnesium
WDR75;NOL10;Magnesium
WDR75;IMP3;Magnesium
WDR75;PDCD11;Magnesium
WDR75;NOP56;Magnesium
WDR75;WDR36;Magnesium
WDR75;TBL3;Magnesium
WDR75;BMS1;Magnesium
WDR75;WDR43;Magnesium
WDR75;UTP4;Magnesium
WDR75;HEATR1;Magnesium
WDR75;WDR46;Magnesium
NOC2L;RPL17-C18orf32;Magnesium
NOC2L;RPL26;Magnesium
NOC2L;RPL17;Magnesium
NOC2L;RPL26L1;Magnesium
NOC2L;RPL3;Magnesium
NOC2L;RPL9;Magnesium
NOC2L;RPL7;Magnesium
NOC2L;RPL23;Magnesium
NOC2L;RPL7L1;Magnesium
NOC2L;RPLP0;Magnesium
NOC2L;RPL23A;Magnesium
NOC2L;NSUN6;Magnesium
NOC2L;GNL3L;Magnesium
NOC2L;GNL3;Magnesium
NOC2L;PDCD11;Magnesium
NOC2L;NOP2;Magnesium
NOC2L;BRIX1;Magnesium
NOC2L;RPF2;Magnesium
NOC2L;GTPBP4;Magnesium
NOC2L;MRTO4;Magnesium
NOC2L;BOP1;Magnesium
NOC2L;NOC3L;Magnesium
NOC2L;PES1;Magnesium
IMP3;FBLL1;Magnesium
IMP3;NOP56;Magnesium
IMP3;NOP14;Magnesium
IMP3;NOL10;Magnesium
IMP3;UTP4;Magnesium
IMP3;WDR43;Magnesium
IMP3;WDR46;Magnesium
UTP4;MRPS12;Magnesium
UTP4;FBLL1;Magnesium
UTP4;RPS18;Magnesium
UTP4;RPS14;Magnesium
UTP4;RPS16;Magnesium
UTP4;RPS5;Magnesium
UTP4;RPS9;Magnesium
UTP4;LOC102724159;Magnesium
UTP4;NOP14;Magnesium
UTP4;NOP56;Magnesium
UTP4;HEATR1;Magnesium
UTP4;WDR46;Magnesium
UTP4;WDR36;Magnesium
UTP4;TBL3;Magnesium
UTP4;BMS1;Magnesium
UTP4;PDCD11;Magnesium
UTP4;NOL10;Magnesium
UTP4;WDR43;Magnesium
DHX15;EFTUD2;Magnesium
BRIX1;RPL17-C18orf32;Magnesium
BRIX1;RPL17;Magnesium
BRIX1;RPL26;Magnesium
BRIX1;RPL26L1;Magnesium
BRIX1;RPL9;Magnesium
BRIX1;RPL3;Magnesium
BRIX1;RPL7L1;Magnesium
BRIX1;RPL7;Magnesium
BRIX1;RPL23;Magnesium
BRIX1;RPLP0;Magnesium
BRIX1;RPL23A;Magnesium
BRIX1;GNL3L;Magnesium
BRIX1;NSUN6;Magnesium
BRIX1;GNL3;Magnesium
BRIX1;NOP2;Magnesium
BRIX1;PUM3;Magnesium
BRIX1;PES1;Magnesium
BRIX1;BOP1;Magnesium
BRIX1;MRTO4;Magnesium
BRIX1;NOC3L;Magnesium
BRIX1;GTPBP4;Magnesium
RPL7;NOP2;Magnesium
RPL7;NOC3L;Magnesium
TAF1A;TAF1C;Magnesium
TAF1A;TAF1D;Magnesium
RPS2;WDR46;Magnesium
RPS2;NOP14;Magnesium
RPL3;NOC3L;Magnesium
RPL3;FBLL1;Magnesium
RPL3;RPF2;Magnesium
DDX21;ERCC6;Magnesium
DDX21;GNL3;Magnesium
DDX21;MYBBP1A;Magnesium
DDX21;PES1;Magnesium
PES1;NLE1;Magnesium
PES1;NSUN6;Magnesium
PES1;NOP14;Magnesium
PES1;DDX27;Magnesium
PES1;NOP2;Magnesium
PES1;GNL3L;Magnesium
PES1;NOC3L;Magnesium
PES1;RPF2;Magnesium
PES1;GNL3;Magnesium
ERCC6;MYBBP1A;Magnesium
SDAD1;RPL23A;Magnesium
SDAD1;RPL5;Magnesium
SDAD1;GNL3;Magnesium
SDAD1;GNL3L;Magnesium
SDAD1;MRTO4;Magnesium
SDAD1;NLE1;Magnesium
SDAD1;GTPBP4;Magnesium
GTPBP4;NSUN6;Magnesium
GTPBP4;NLE1;Magnesium
GTPBP4;PUM3;Magnesium
GTPBP4;GNL3L;Magnesium
GTPBP4;GNL3;Magnesium
GTPBP4;NOP2;Magnesium
GTPBP4;NOC3L;Magnesium
GTPBP4;RPF2;Magnesium
GNL3L;RPL23;Magnesium
GNL3L;RPL9;Magnesium
GNL3L;RPL23A;Magnesium
GNL3L;GNL3;Magnesium
GNL3L;NSUN6;Magnesium
GNL3L;NOP2;Magnesium
GNL3L;NLE1;Magnesium
GNL3L;NOC3L;Magnesium
GNL3L;DKC1;Magnesium
GNL3L;RPF2;Magnesium
GNL3L;BOP1;Magnesium
GNL3L;MRTO4;Magnesium
HEATR1;FBLL1;Magnesium
HEATR1;NOP14;Magnesium
HEATR1;NOL10;Magnesium
HEATR1;WDR43;Magnesium
HEATR1;NOP56;Magnesium
HEATR1;WDR46;Magnesium
DKC1;PUM3;Magnesium
DKC1;FBLL1;Magnesium
DKC1;NOP56;Magnesium
PDCD11;FBLL1;Magnesium
PDCD11;WDR43;Magnesium
PDCD11;NOL10;Magnesium
PDCD11;NOP56;Magnesium
PDCD11;NOP14;Magnesium
PDCD11;WDR46;Magnesium
RPL5;GNL3;Magnesium
RPL5;NLE1;Magnesium
RPL5;RPF2;Magnesium
NOC3L;RPL17-C18orf32;Magnesium
NOC3L;RPL26;Magnesium
NOC3L;RPL26L1;Magnesium
NOC3L;RPL17;Magnesium
NOC3L;RPL23;Magnesium
NOC3L;RPL9;Magnesium
NOC3L;RPL7L1;Magnesium
NOC3L;RPLP0;Magnesium
NOC3L;RPL23A;Magnesium
NOC3L;NSUN6;Magnesium
NOC3L;GNL3;Magnesium
NOC3L;NOP2;Magnesium
NOC3L;MRTO4;Magnesium
NOC3L;BOP1;Magnesium
BMS1;FBLL1;Magnesium
BMS1;NOP56;Magnesium
BMS1;WDR46;Magnesium
BMS1;NOP14;Magnesium
BMS1;NOL10;Magnesium
BMS1;WDR43;Magnesium
WDR46;MRPS12;Magnesium
WDR46;MRTO4;Magnesium
WDR46;FBLL1;Magnesium
WDR46;RPLP0;Magnesium
WDR46;RPS16;Magnesium
WDR46;RPS5;Magnesium
WDR46;LOC102724159;Magnesium
WDR46;RPS14;Magnesium
WDR46;RPS18;Magnesium
WDR46;RPS9;Magnesium
WDR46;WDR36;Magnesium
WDR46;TBL3;Magnesium
WDR46;NOL10;Magnesium
WDR46;WDR43;Magnesium
WDR46;NOP14;Magnesium
WDR46;NOP56;Magnesium
MRTO4;NSUN6;Magnesium
MRTO4;NLE1;Magnesium
MRTO4;GNL3;Magnesium
MRTO4;NOP2;Magnesium
MRTO4;RPF2;Magnesium
NSUN6;RPL9;Magnesium
NSUN6;RPL23;Magnesium
NSUN6;RPL23A;Magnesium
NSUN6;GNL3;Magnesium
NSUN6;BOP1;Magnesium
POLR1E;NDUFA5;Magnesium
RPS16;FBLL1;Magnesium
RPS16;NOP14;Magnesium
RPS16;NOL10;Magnesium
RPS16;WDR43;Magnesium
RPS16;NOP56;Magnesium
NOP56;MRPS12;Magnesium
NOP56;GNL3;Magnesium
NOP56;LOC102724159;Magnesium
NOP56;RPS18;Magnesium
NOP56;RPS14;Magnesium
NOP56;RPS9;Magnesium
NOP56;RPS5;Magnesium
NOP56;FBLL1;Magnesium
NOP56;NOLC1;Magnesium
NOP56;NOP14;Magnesium
NOP56;NOL10;Magnesium
NOP56;TBL3;Magnesium
NOP56;WDR36;Magnesium
NOP56;WDR43;Magnesium
NOL10;MRPS12;Magnesium
NOL10;FBLL1;Magnesium
NOL10;RPS14;Magnesium
NOL10;RPS18;Magnesium
NOL10;RPS5;Magnesium
NOL10;LOC102724159;Magnesium
NOL10;RPS9;Magnesium
NOL10;NOP14;Magnesium
NOL10;TBL3;Magnesium
NOL10;WDR43;Magnesium
NOL10;WDR36;Magnesium
NOP2;RPL9;Magnesium
NOP2;RPL23;Magnesium
NOP2;RPL23A;Magnesium
NOP2;GNL3;Magnesium
NOP2;PUM3;Magnesium
NOP2;RPF2;Magnesium
NOP2;BOP1;Magnesium
RPS9;FBLL1;Magnesium
RPS9;NOP14;Magnesium
RPS9;WDR43;Magnesium
PUM3;RPF2;Magnesium
WDR43;MRPS12;Magnesium
WDR43;FBLL1;Magnesium
WDR43;RPS18;Magnesium
WDR43;RRP12;Magnesium
WDR43;RPS14;Magnesium
WDR43;LOC102724159;Magnesium
WDR43;RPS5;Magnesium
WDR43;NOP14;Magnesium
WDR43;WDR36;Magnesium
WDR43;TBL3;Magnesium
DQX1;EFTUD2;Magnesium
MRPS12;NOP14;Magnesium
RPS14;NOP14;Magnesium
RPL23A;GNL3;Magnesium
RPL23A;RPF2;Magnesium
RPS18;FBLL1;Magnesium
RPS18;NOP14;Magnesium
GNL3;RPL9;Magnesium
GNL3;RPL23;Magnesium
GNL3;NLE1;Magnesium
GNL3;RPF2;Magnesium
GNL3;BOP1;Magnesium
CTPS2;CTPS1;Magnesium
RPF2;NLE1;Magnesium
RPF2;BOP1;Magnesium
RPF2;RPL11;Magnesium
NOP14;FBLL1;Magnesium
NOP14;RPS5;Magnesium
NOP14;BOP1;Magnesium
NOP14;LOC102724159;Magnesium
NOP14;WDR36;Magnesium
NOP14;RRP12;Magnesium
NOP14;TBL3;Magnesium
TAF1D;TAF1C;Magnesium
NDUFA5;POLR1B;Magnesium
WDR36;FBLL1;Magnesium
TBL3;FBLL1;Magnesium
RPS5;FBLL1;Magnesium
FBLL1;LOC102724159;Magnesium
RAPGEF2;RAPGEF6;Magnesium
RAPGEF4;RASSF5;Magnesium
RAPGEF3;RASSF5;Magnesium
MORC1;MORC2;Magnesium
DHX9;DHX36;Magnesium
DHX9;MYD88;Magnesium
IRF7;DHX36;Magnesium
IRF7;MYD88;Magnesium
DHX36;MYD88;Magnesium
XBP1;RACK1;Magnesium
XBP1;SYVN1;Magnesium
XBP1;PDIA6;Magnesium
XBP1;DNAJC3;Magnesium
XBP1;DNAJB9;Magnesium
XBP1;EDEM1;Magnesium
XBP1;DDIT3;Magnesium
AGO2;HSP90AA1;Magnesium
CANX;EDEM1;Magnesium
TRAF2;SQSTM1;Magnesium
TRAF2;TNF;Magnesium
EIF2S1;ATF4;Magnesium
EIF2S1;RACK1;Magnesium
EDEM1;SEL1L;Magnesium
BAX;TMBIM6;Magnesium
BAX;CYCS;Magnesium
BAX;BAK1;Magnesium
BAX;BCL2L11;Magnesium
BAX;BCL2;Magnesium
HSP90B1;HSP90AA1;Magnesium
HSP90B1;HSP90AB1;Magnesium
HSP90B1;ATF6;Magnesium
HSP90B1;HSPA5;Magnesium
ITPR1;PSEN1;Magnesium
ITPR1;PSEN2;Magnesium
ITPR1;ITPR3;Magnesium
CYCS;BAK1;Magnesium
HSPA5;ATF4;Magnesium
PSEN1;ITPR3;Magnesium
PSEN1;ERN1;Magnesium
HSP90AA1;HSPA1B;Magnesium
ATF4;ATF6B;Magnesium
ATF4;DDIT3;Magnesium
SEL1L;SYVN1;Magnesium
PSEN2;ERN1;Magnesium
PSEN2;ITPR3;Magnesium
ATF6;DDIT3;Magnesium
BAK1;TMBIM6;Magnesium
BAK1;BCL2L11;Magnesium
BAK1;BCL2;Magnesium
ATF6B;DDIT3;Magnesium
SYVN1;ERN1;Magnesium
SYVN1;DERL3;Magnesium
BCL2L11;DDIT3;Magnesium
ERO1A;PDIA6;Magnesium
BCL2;DDIT3;Magnesium
ERN1;RACK1;Magnesium
ATP5F1D;HPRT1;Magnesium
NT5C1A;NUDT16;Magnesium
NT5C1A;ADSS2;Magnesium
NT5C1A;IMPDH1;Magnesium
NT5C1A;IMPDH2;Magnesium
NT5C1A;ADSS1;Magnesium
ATIC;NUDT16;Magnesium
ATIC;ENTPD6;Magnesium
ATIC;ENTPD5;Magnesium
ATIC;ENTPD4;Magnesium
ATIC;CANT1;Magnesium
ATIC;AMPD3;Magnesium
ATIC;AMPD2;Magnesium
ATIC;HPRT1;Magnesium
ATIC;AMPD1;Magnesium
ATIC;GMPR;Magnesium
ATIC;IMPDH1;Magnesium
ATIC;APRT;Magnesium
ATIC;IMPDH2;Magnesium
GDA;NT5E;Magnesium
GDA;HPRT1;Magnesium
GDA;APRT;Magnesium
GDA;XDH;Magnesium
GDA;PNP;Magnesium
NT5C;ADSS1;Magnesium
NT5C;ADSS2;Magnesium
NT5C;NUDT16;Magnesium
NT5C;IMPDH1;Magnesium
NT5C;IMPDH2;Magnesium
NT5E;MTAP;Magnesium
NT5E;NUDT16;Magnesium
NT5E;ADSS1;Magnesium
NT5E;ADSS2;Magnesium
NT5E;IMPDH1;Magnesium
NT5E;IMPDH2;Magnesium
GMPR;ENTPD4;Magnesium
GMPR;NUDT16;Magnesium
GMPR;ENTPD5;Magnesium
GMPR;IMPDH2;Magnesium
GMPR;IMPDH1;Magnesium
GMPR;ADSS1;Magnesium
GMPR;ADSS2;Magnesium
PPAT;PRPS1;Magnesium
WDR90;HPRT1;Magnesium
WDR90;PRTFDC1;Magnesium
HPRT1;MT-ATP6;Magnesium
HPRT1;PRTFDC1;Magnesium
HPRT1;ATP5F1A;Magnesium
HPRT1;ATP5F1C;Magnesium
HPRT1;ENTPD4;Magnesium
HPRT1;NUDT16;Magnesium
HPRT1;ENTPD5;Magnesium
HPRT1;XDH;Magnesium
HPRT1;TPMT;Magnesium
HPRT1;IMPDH1;Magnesium
HPRT1;ADSS1;Magnesium
HPRT1;ADSS2;Magnesium
HPRT1;IMPDH2;Magnesium
RRM1;PRTFDC1;Magnesium
RRM1;ENTPD6;Magnesium
RRM1;ENTPD5;Magnesium
RRM1;ENTPD4;Magnesium
RRM1;CANT1;Magnesium
ENTPD3;IMPDH2;Magnesium
ENTPD3;NUDT16;Magnesium
ENTPD3;IMPDH1;Magnesium
ENTPD3;ADSS1;Magnesium
ENTPD3;ADSS2;Magnesium
ENTPD3;ENTPD4;Magnesium
ENTPD3;CANT1;Magnesium
ENTPD3;ENTPD5;Magnesium
ENTPD3;ENTPD6;Magnesium
CANT1;IMPDH2;Magnesium
CANT1;ADSS1;Magnesium
CANT1;ENTPD4;Magnesium
CANT1;IMPDH1;Magnesium
CANT1;ADSS2;Magnesium
CANT1;ENTPD1;Magnesium
CANT1;ENTPD5;Magnesium
CANT1;ENTPD8;Magnesium
TPMT;IMPDH1;Magnesium
TPMT;GMPS;Magnesium
TPMT;IMPDH2;Magnesium
TPMT;XDH;Magnesium
TPMT;ITPA;Magnesium
PRTFDC1;MT-ATP6;Magnesium
PRTFDC1;ATP5F1A;Magnesium
PRTFDC1;ATP5F1C;Magnesium
PRTFDC1;ADSL;Magnesium
IMPDH2;ENTPD4;Magnesium
IMPDH2;ENTPD8;Magnesium
IMPDH2;NT5C3A;Magnesium
IMPDH2;NUDT16;Magnesium
IMPDH2;NT5C3B;Magnesium
IMPDH2;ENTPD5;Magnesium
IMPDH2;ENTPD6;Magnesium
IMPDH2;ENTPD1;Magnesium
IMPDH2;NT5C1B;Magnesium
IMPDH2;NT5C1B-RDH14;Magnesium
IMPDH2;NT5M;Magnesium
IMPDH2;NT5C2;Magnesium
IMPDH2;AMPD1;Magnesium
IMPDH2;AMPD2;Magnesium
IMPDH2;AMPD3;Magnesium
IMPDH2;ITPA;Magnesium
IMPDH2;ADSS1;Magnesium
IMPDH2;IMPDH1;Magnesium
IMPDH2;ADSS2;Magnesium
IMPDH2;GMPS;Magnesium
ADSS1;NUDT16;Magnesium
ADSS1;NT5C3B;Magnesium
ADSS1;NT5C3A;Magnesium
ADSS1;NT5M;Magnesium
ADSS1;ENTPD8;Magnesium
ADSS1;ENTPD1;Magnesium
ADSS1;ENTPD6;Magnesium
ADSS1;NT5C2;Magnesium
ADSS1;ENTPD4;Magnesium
ADSS1;ENTPD5;Magnesium
ADSS1;NT5C1B;Magnesium
ADSS1;NT5C1B-RDH14;Magnesium
ADSS1;AMPD2;Magnesium
ADSS1;ITPA;Magnesium
ADSS1;AMPD3;Magnesium
ADSS1;AMPD1;Magnesium
ADSS1;IMPDH1;Magnesium
ENTPD5;IMPDH1;Magnesium
ENTPD5;APRT;Magnesium
ENTPD5;ENTPD6;Magnesium
ENTPD5;AMPD2;Magnesium
ENTPD5;GMPS;Magnesium
ENTPD5;AMPD1;Magnesium
ENTPD5;AMPD3;Magnesium
ENTPD5;ADSS2;Magnesium
ENTPD5;ITPA;Magnesium
ENTPD5;ENTPD8;Magnesium
ENTPD5;ENPP1;Magnesium
ENTPD5;ENPP3;Magnesium
ENTPD5;ENTPD4;Magnesium
ENTPD5;ENTPD1;Magnesium
NT5C2;NUDT16;Magnesium
NT5C2;ADSS2;Magnesium
NT5C2;IMPDH1;Magnesium
IMPDH1;ENTPD1;Magnesium
IMPDH1;ENTPD4;Magnesium
IMPDH1;ENTPD8;Magnesium
IMPDH1;NT5C3B;Magnesium
IMPDH1;NUDT16;Magnesium
IMPDH1;NT5C3A;Magnesium
IMPDH1;ENTPD6;Magnesium
IMPDH1;NT5C1B-RDH14;Magnesium
IMPDH1;NT5C1B;Magnesium
IMPDH1;NT5M;Magnesium
IMPDH1;ITPA;Magnesium
IMPDH1;AMPD1;Magnesium
IMPDH1;AMPD3;Magnesium
IMPDH1;AMPD2;Magnesium
IMPDH1;ADSS2;Magnesium
IMPDH1;GMPS;Magnesium
ENTPD4;GMPS;Magnesium
ENTPD4;APRT;Magnesium
ENTPD4;ADSS2;Magnesium
ENTPD4;AMPD2;Magnesium
ENTPD4;ENPP1;Magnesium
ENTPD4;AMPD1;Magnesium
ENTPD4;ITPA;Magnesium
ENTPD4;ENPP3;Magnesium
ENTPD4;AMPD3;Magnesium
ENTPD4;ENTPD1;Magnesium
ENTPD4;ENTPD8;Magnesium
ENTPD4;ENTPD6;Magnesium
NT5C1B;NUDT16;Magnesium
NT5C1B;ADSS2;Magnesium
PNP;XDH;Magnesium
ADSS2;NT5C3B;Magnesium
ADSS2;ENTPD8;Magnesium
ADSS2;NT5M;Magnesium
ADSS2;ENTPD1;Magnesium
ADSS2;NT5C1B-RDH14;Magnesium
ADSS2;NUDT16;Magnesium
ADSS2;NT5C3A;Magnesium
ADSS2;ENTPD6;Magnesium
ADSS2;ITPA;Magnesium
ADSS2;AMPD1;Magnesium
ADSS2;AMPD2;Magnesium
ADSS2;AMPD3;Magnesium
ENTPD1;NUDT16;Magnesium
ENTPD1;ENTPD6;Magnesium
ENTPD8;NUDT16;Magnesium
ENTPD8;ENTPD6;Magnesium
PGK1;GAPDH;Magnesium
APRT;MTAP;Magnesium
ITPA;NUDT16;Magnesium
NT5M;NUDT16;Magnesium
AMPD3;NUDT16;Magnesium
NT5C3B;NUDT16;Magnesium
NUDT16;NT5C1B-RDH14;Magnesium
NUDT16;AMPD1;Magnesium
NUDT16;AMPD2;Magnesium
NUDT16;NT5C3A;Magnesium
POLE;POLG;Magnesium
REV3L;POLG;Magnesium
POLG;POLD1;Magnesium
SEC61B;TUSC3;Magnesium
SEC61B;MAGT1;Magnesium
SEC61B;OST4;Magnesium
SEC61B;STT3B;Magnesium
SEC61B;TMEM258;Magnesium
SEC61B;OSTC;Magnesium
SEC61B;RPN2;Magnesium
SEC61B;STT3A;Magnesium
SEC61B;DAD1;Magnesium
SEC61B;RPN1;Magnesium
SEC61B;SSR3;Magnesium
SEC61B;DDOST;Magnesium
MLEC;MAGT1;Magnesium
MLEC;OST4;Magnesium
MLEC;DAD1;Magnesium
MLEC;TMEM258;Magnesium
MLEC;STT3B;Magnesium
MLEC;DDOST;Magnesium
MLEC;RPN2;Magnesium
MLEC;RPN1;Magnesium
RPN2;SSR3;Magnesium
RPN2;KRTCAP2;Magnesium
RPN2;OSTC;Magnesium
RPN2;SEC61A1;Magnesium
RPN2;TMEM258;Magnesium
RPN2;TUSC3;Magnesium
RPN2;STT3A;Magnesium
RPN2;DAD1;Magnesium
RPN2;STT3B;Magnesium
RPN2;OST4;Magnesium
RPN2;DDOST;Magnesium
RPN2;RPN1;Magnesium
RPN2;MAGT1;Magnesium
SEC61A1;TMEM258;Magnesium
SEC61A1;OST4;Magnesium
SEC61A1;OSTC;Magnesium
SEC61A1;STT3B;Magnesium
SEC61A1;DAD1;Magnesium
SEC61A1;SSR3;Magnesium
SEC61A1;STT3A;Magnesium
SEC61A1;DDOST;Magnesium
SEC61A1;RPN1;Magnesium
DAD1;SSR3;Magnesium
DAD1;KRTCAP2;Magnesium
DAD1;OSTC;Magnesium
DAD1;TUSC3;Magnesium
DAD1;OST4;Magnesium
DAD1;STT3B;Magnesium
DAD1;RPN1;Magnesium
DAD1;MAGT1;Magnesium
DAD1;DDOST;Magnesium
DAD1;TMEM258;Magnesium
DAD1;STT3A;Magnesium
KRTCAP2;MAGT1;Magnesium
KRTCAP2;TUSC3;Magnesium
KRTCAP2;RPN1;Magnesium
KRTCAP2;OST4;Magnesium
KRTCAP2;STT3B;Magnesium
KRTCAP2;DDOST;Magnesium
KRTCAP2;TMEM258;Magnesium
KRTCAP2;STT3A;Magnesium
KRTCAP2;OSTC;Magnesium
STT3B;OSTC;Magnesium
STT3B;STT3A;Magnesium
STT3B;TUSC3;Magnesium
STT3B;TMEM258;Magnesium
STT3B;DDOST;Magnesium
STT3B;MAGT1;Magnesium
STT3B;RPN1;Magnesium
STT3B;OST4;Magnesium
RPN1;SSR3;Magnesium
RPN1;OSTC;Magnesium
RPN1;TUSC3;Magnesium
RPN1;TMEM258;Magnesium
RPN1;OST4;Magnesium
RPN1;MAGT1;Magnesium
RPN1;DDOST;Magnesium
RPN1;STT3A;Magnesium
MAGT1;TUSC3;Magnesium
MAGT1;OSTC;Magnesium
MAGT1;OST4;Magnesium
MAGT1;TMEM258;Magnesium
MAGT1;STT3A;Magnesium
MAGT1;DDOST;Magnesium
STT3A;SSR3;Magnesium
STT3A;TUSC3;Magnesium
STT3A;OSTC;Magnesium
STT3A;OST4;Magnesium
STT3A;DDOST;Magnesium
STT3A;TMEM258;Magnesium
DDOST;SSR3;Magnesium
DDOST;OSTC;Magnesium
DDOST;TUSC3;Magnesium
DDOST;TMEM258;Magnesium
DDOST;OST4;Magnesium
SSR3;TMEM258;Magnesium
SSR3;OST4;Magnesium
SSR3;OSTC;Magnesium
TUSC3;OSTC;Magnesium
TUSC3;TMEM258;Magnesium
TUSC3;OST4;Magnesium
OSTC;TMEM258;Magnesium
OSTC;OST4;Magnesium
TMEM258;OST4;Magnesium
RIDA;HACL1;Magnesium
BCKDHA;F5H5P2_HUMAN;Magnesium
BCKDHA;BCAT1;Magnesium
BCKDHA;BCAT2;Magnesium
ACOX1;SCP2;Magnesium
ACOX1;HSD17B4;Magnesium
PDHB;F5H5P2_HUMAN;Magnesium
BCKDHB;BCAT1;Magnesium
BCKDHB;BCAT2;Magnesium
BCKDHB;F5H5P2_HUMAN;Magnesium
HACL1;MT-CO3;Magnesium
HACL1;MT-CO2;Magnesium
HACL1;MT-CO1;Magnesium
HACL1;HDDC3;Magnesium
HACL1;MRTFA;Magnesium
CS;F5H5P2_HUMAN;Magnesium
MT-CO1;MT-CO2;Magnesium
MT-CO1;MT-CO3;Magnesium
MT-CO2;MT-CO3;Magnesium
SCP2;HSD17B4;Magnesium
SCP2;PEX5;Magnesium
ADHFE1;MRTFA;Magnesium
PEX5;PEX5L;Magnesium
ENSP00000428055;MRTFA;Magnesium
PSMC4;UBB;Magnesium
PSMC4;UBC;Magnesium
PSMC4;PSMD9;Magnesium
PSMC4;PSMA3;Magnesium
PSMC4;PSMD14;Magnesium
PSMC4;PSMC1;Magnesium
PSMC4;ADRM1;Magnesium
PSMC4;PSMD11;Magnesium
PSMC4;PSMC3;Magnesium
PSMC4;PSMD4;Magnesium
PSMA3;UBB;Magnesium
PSMA3;UBC;Magnesium
PSMA3;ADRM1;Magnesium
PSMA3;PSMD14;Magnesium
PSMA3;PSMC1;Magnesium
PSMA3;PSMD4;Magnesium
PSMA3;PSMC3;Magnesium
PSMA3;PSMD11;Magnesium
STUB1;PSMD4;Magnesium
STUB1;HSPA1B;Magnesium
RAB3A;SLC18A2;Magnesium
RAB3A;HSPA8;Magnesium
RAB3A;SYN1;Magnesium
RAB3A;VAMP2;Magnesium
CTSD;INS;Magnesium
CTSD;BCL2L1;Magnesium
TTR;APP;Magnesium
HSPB1;CRYAB;Magnesium
HSPB1;HSPA8;Magnesium
YWHAH;LRRK2;Magnesium
APOE;SNCA;Magnesium
DNAJB1;HSPA1B;Magnesium
DNAJB1;HSPA8;Magnesium
DNAJB1;HSPA4;Magnesium
SNAP25;VAMP2;Magnesium
HTRA2;PINK1;Magnesium
KLC4;SNCA;Magnesium
TLR2;HSPA9;Magnesium
TLR2;HSPA8;Magnesium
TLR2;HSPA1B;Magnesium
PSMC1;PSMD9;Magnesium
PSMC1;UBB;Magnesium
PSMC1;UBC;Magnesium
PSMC1;PSMD14;Magnesium
PSMC1;ADRM1;Magnesium
PSMC1;PSMC3;Magnesium
PSMC1;PSMD11;Magnesium
PSMC1;PSMD4;Magnesium
SNCAIP;SIAH2;Magnesium
SNCAIP;SIAH1;Magnesium
SNCAIP;PRKN;Magnesium
SNCAIP;SNCA;Magnesium
PSMD11;UBB;Magnesium
PSMD11;UBC;Magnesium
PSMD11;PSMD9;Magnesium
PSMD11;PSMD14;Magnesium
PSMD11;ADRM1;Magnesium
PSMD11;PSMD4;Magnesium
PSMD11;PSMC3;Magnesium
SLC4A1;EPB42;Magnesium
NDUFS3;NDUFS4;Magnesium
NDUFS3;NDUFB6;Magnesium
NDUFS3;NDUFS2;Magnesium
NDUFS3;NDUFV2;Magnesium
SOD1;VDAC1;Magnesium
SLC6A3;SNCA;Magnesium
EGFR;CALM1;Magnesium
EGFR;HSPA1B;Magnesium
EGFR;INS;Magnesium
NRGN;CALM1;Magnesium
UCHL1;UBB;Magnesium
UCHL1;UBC;Magnesium
APP;CRYAB;Magnesium
APP;KLK6;Magnesium
APP;SNCA;Magnesium
UBE2L6;SNCA;Magnesium
UBE2L6;SIAH1;Magnesium
UBE2L6;UBB;Magnesium
UBE2L6;UBC;Magnesium
UBE2L6;PRKN;Magnesium
CALM3;SNCA;Magnesium
SYN1;VAMP2;Magnesium
NDUFS4;NDUFV2;Magnesium
NDUFS4;NDUFB6;Magnesium
NDUFS4;NDUFS2;Magnesium
HSPA9;TLR4;Magnesium
LRRK2;HSPA8;Magnesium
RAB8A;RAB1A;Magnesium
RAB8A;SQSTM1;Magnesium
HSPB2;CRYAB;Magnesium
GPR37;PRKN;Magnesium
KIF5B;SNCA;Magnesium
USP9X;SNCA;Magnesium
SIAH2;SNCA;Magnesium
SIAH2;SIAH1;Magnesium
HSPA5;PRNP;Magnesium
NDUFV2;NDUFB6;Magnesium
NDUFV2;NDUFS2;Magnesium
HSP90AA1;LAMP2;Magnesium
HSP90AA1;PINK1;Magnesium
PARK7;BCL2L1;Magnesium
MAOA;PRKN;Magnesium
MAPT;HSPA1B;Magnesium
SIAH1;SNCA;Magnesium
PRKN;PSMD4;Magnesium
PRKN;MAOB;Magnesium
PRKN;VDAC1;Magnesium
PRKN;UBE2L3;Magnesium
PRKN;PINK1;Magnesium
NDUFS2;NDUFB6;Magnesium
PSMD4;NEDD4;Magnesium
PSMD4;PSMD9;Magnesium
PSMD4;UBB;Magnesium
PSMD4;PSMD14;Magnesium
PSMD4;UBC;Magnesium
PSMD4;PSMC3;Magnesium
PSMD4;ADRM1;Magnesium
PINK1;UBB;Magnesium
PINK1;BCL2L1;Magnesium
PINK1;UBC;Magnesium
HSPA1B;PSMD14;Magnesium
HSPA1B;HSPA8;Magnesium
BCL2L1;VDAC1;Magnesium
TH;SNCA;Magnesium
SQSTM1;NEDD4;Magnesium
SQSTM1;VDAC1;Magnesium
SQSTM1;MAP1LC3B;Magnesium
KLC3;SNCA;Magnesium
INS;VAMP2;Magnesium
PSMD14;PSMD9;Magnesium
PSMD14;UBB;Magnesium
PSMD14;UBC;Magnesium
PSMD14;PSMC3;Magnesium
PSMD14;ADRM1;Magnesium
SLC18A1;SLC18A2;Magnesium
SLC18A1;SNCA;Magnesium
KIF5C;SNCA;Magnesium
KLC2;SNCA;Magnesium
UBE2L3;NEDD4;Magnesium
KIF5A;SNCA;Magnesium
KLC1;SNCA;Magnesium
VAMP2;HSPA8;Magnesium
VAMP2;SLC18A2;Magnesium
NEDD4;MAP1LC3B;Magnesium
NEDD4;UBB;Magnesium
CRYAB;SNCA;Magnesium
PSMD9;PSMC3;Magnesium
UBC;PSMC3;Magnesium
UBC;ADRM1;Magnesium
UBB;PSMC3;Magnesium
UBB;ADRM1;Magnesium
ADRM1;PSMC3;Magnesium
SLC18A2;SNCA;Magnesium
CALM1;SNCA;Magnesium
CALM2;SNCA;Magnesium
ACO2;ACLY;Magnesium
GSR;NFE2L2;Magnesium
TPI1;G6PD;Magnesium
TPI1;H6PD;Magnesium
TPI1;ENO1;Magnesium
FLT3;PIK3CA;Magnesium
FLT3;CEBPA;Magnesium
GOT2;ACLY;Magnesium
GOT2;PC;Magnesium
GOT2;LDHA;Magnesium
KRAS;PDGFRA;Magnesium
PDGFRA;NRAS;Magnesium
PDGFRA;EGFR;Magnesium
PDGFRA;PIK3CA;Magnesium
PIK3CA;PTEN;Magnesium
SDHA;NDUFS8;Magnesium
L2HGDH;GLUD2;Magnesium
L2HGDH;GLUD1;Magnesium
L2HGDH;FH;Magnesium
L2HGDH;CS;Magnesium
TP53;G6PD;Magnesium
PGD;H6PD;Magnesium
GLUD1;GLDC;Magnesium
GLUD1;ACLY;Magnesium
GLUD1;PC;Magnesium
DLAT;PC;Magnesium
DLAT;ACLY;Magnesium
U2AF1;SRSF2;Magnesium
RUNX1;CEBPA;Magnesium
GOT1L1;ACLY;Magnesium
GOT1L1;PC;Magnesium
GOT1L1;LDHA;Magnesium
ASL;ACLY;Magnesium
ASL;PC;Magnesium
ACO1;ACLY;Magnesium
ALDH5A1;PC;Magnesium
ALDH5A1;ACLY;Magnesium
EZH2;ASXL1;Magnesium
TALDO1;NFE2L2;Magnesium
TALDO1;ENO2;Magnesium
TALDO1;LDHA;Magnesium
TALDO1;ENO1;Magnesium
TALDO1;GAPDH;Magnesium
MDH2;ME1;Magnesium
MDH2;ACLY;Magnesium
GLUD2;ACLY;Magnesium
GLUD2;PC;Magnesium
IDH2;NADK;Magnesium
CS;ME1;Magnesium
CS;PC;Magnesium
CS;ACLY;Magnesium
RIMKLB;PC;Magnesium
RIMKLB;ACLY;Magnesium
NF1;NRAS;Magnesium
FH;ME1;Magnesium
H3-3A;ATRX;Magnesium
ME1;NFE2L2;Magnesium
ME1;LDHA;Magnesium
ME1;PC;Magnesium
GOT1;ACLY;Magnesium
GOT1;PC;Magnesium
GOT1;LDHA;Magnesium
NADK;IDH1;Magnesium
NADK;G6PD;Magnesium
NADK;H6PD;Magnesium
G6PD;ENO2;Magnesium
G6PD;ENO1;Magnesium
G6PD;LDHA;Magnesium
G6PD;GAPDH;Magnesium
G6PD;H6PD;Magnesium
G6PD;GPI;Magnesium
SUCLG1;ACLY;Magnesium
NIT2;PC;Magnesium
NIT2;ACLY;Magnesium
GAPDH;H6PD;Magnesium
GAPDH;GPI;Magnesium
GAPDH;ENO1;Magnesium
NFE2L2;IDH1;Magnesium
GPI;ENO2;Magnesium
GPI;LDHA;Magnesium
GPI;ENO1;Magnesium
GPI;H6PD;Magnesium
ENO2;H6PD;Magnesium
ENO2;ENO1;Magnesium
BCAT1;LDHA;Magnesium
BCAT1;IL4I1;Magnesium
LDHA;H6PD;Magnesium
LDHA;PC;Magnesium
ACLY;IL4I1;Magnesium
ACLY;ADSL;Magnesium
ACLY;PC;Magnesium
IL4I1;PC;Magnesium
H6PD;ENO1;Magnesium
ADSL;PC;Magnesium
USH1C;MYO7A;Magnesium
USH1C;CDH23;Magnesium
USH1C;USH1G;Magnesium
CDH23;PCDH15;Magnesium
CIB2;TMIE;Magnesium
CIB2;LHFPL5;Magnesium
USH2A;PDZD7;Magnesium
USH2A;ADGRV1;Magnesium
USH2A;WHRN;Magnesium
WHRN;PDZD7;Magnesium
WHRN;ADGRV1;Magnesium
WHRN;MYO15A;Magnesium
PCDH15;LHFPL5;Magnesium
ADGRV1;PDZD7;Magnesium
MYO7A;USH1G;Magnesium
TMIE;LHFPL5;Magnesium
MTHFS;ST20-MTHFS;Magnesium
MTHFSD;FTCD;Magnesium
ALDH18A1;GMPS;Magnesium
GART;ST20-MTHFS;Magnesium
MTHFD2;ST20-MTHFS;Magnesium
MTHFD2L;ST20-MTHFS;Magnesium
FTCD;ST20-MTHFS;Magnesium
ST20-MTHFS;MTHFD1;Magnesium
SRSF9;SRPK1;Magnesium
SRSF6;LUC7L2;Magnesium
SRSF6;CDC5L;Magnesium
SRSF6;ZRSR2;Magnesium
SRSF6;SRPK2;Magnesium
SRSF6;RNPS1;Magnesium
SRSF6;TRA2B;Magnesium
SRSF6;SRPK1;Magnesium
SNRNP27;SRPK2;Magnesium
SNRNP27;DDX23;Magnesium
SNRNP27;SNRNP70;Magnesium
RBM39;SRPK2;Magnesium
RBM39;SRRM1;Magnesium
RBM39;CDC5L;Magnesium
RBM39;LUC7L3;Magnesium
RBM39;U2AF2;Magnesium
PRPF38A;SRPK2;Magnesium
PRPF38A;SRSF1;Magnesium
PRPF38A;SRPK1;Magnesium
PRPF38A;CDC5L;Magnesium
PRPF38A;SRRM1;Magnesium
SRSF1;ZRSR2;Magnesium
SRSF1;CLK1;Magnesium
SRSF1;RNPS1;Magnesium
SRSF1;CDC5L;Magnesium
SRSF1;SRRM1;Magnesium
SRSF1;SRPK2;Magnesium
SRSF1;U2AF1;Magnesium
SRSF1;SRPK1;Magnesium
ACIN1;SRPK2;Magnesium
ACIN1;RNPS1;Magnesium
U2AF1;SRPK2;Magnesium
U2AF1;SRPK1;Magnesium
U2AF1;U2AF2;Magnesium
LUC7L;SRPK2;Magnesium
LUC7L;LUC7L2;Magnesium
LUC7L;SNRNP70;Magnesium
ZRSR2;SRPK2;Magnesium
ZRSR2;SRSF2;Magnesium
U2AF2;SRPK1;Magnesium
U2AF2;SRPK2;Magnesium
U2AF2;CDC5L;Magnesium
DDX23;SNRNP70;Magnesium
SRRM1;CDC5L;Magnesium
SRRM1;RNPS1;Magnesium
LUC7L2;SRPK2;Magnesium
LUC7L2;SRSF8;Magnesium
LUC7L2;SNRNP70;Magnesium
RBM23;CDC5L;Magnesium
CDC5L;SRPK2;Magnesium
CDC5L;SRPK1;Magnesium
CDC5L;SRSF5;Magnesium
CDC5L;SRSF4;Magnesium
SRSF3;SRPK1;Magnesium
SRSF4;TRA2B;Magnesium
SRSF4;RNPS1;Magnesium
SRSF4;SRPK1;Magnesium
SRPK1;SRPK2;Magnesium
SRPK1;SRSF8;Magnesium
SRPK1;SNRNP70;Magnesium
SRPK1;SRSF5;Magnesium
SRPK1;SRSF2;Magnesium
SRSF2;TRA2B;Magnesium
SRPK2;ARGLU1;Magnesium
SRPK2;SRSF8;Magnesium
SRPK2;RNPS1;Magnesium
SRPK2;DDX46;Magnesium
SRPK2;SRSF5;Magnesium
SRPK2;SNRNP70;Magnesium
CLK3;SRSF8;Magnesium
CLK3;TRA2B;Magnesium
RNPS1;SNRNP70;Magnesium
CDIPT;PSPH;Magnesium
NUDT12;PSPH;Magnesium
GPAM;GPAT2;Magnesium
IDI2;PSPH;Magnesium
IDI2;IDI1;Magnesium
THNSL2;PSPH;Magnesium
NUDT13;PSPH;Magnesium
CRLS1;PSPH;Magnesium
IDI1;PSPH;Magnesium
PSPH;THNSL1;Magnesium
AASDH;FASN;Magnesium
AASDH;AASDHPPT;Magnesium
AASDH;NDUFAB1;Magnesium
H4C6;HAT1;Magnesium
USP22;AASDHPPT;Magnesium
HAT1;H4C7;Magnesium
AASDHPPT;COASY;Magnesium
AASDHPPT;FASN;Magnesium
OXSM;FASN;Magnesium
OXSM;MCAT;Magnesium
OXSM;NDUFAB1;Magnesium
MCAT;FASN;Magnesium
MCAT;NDUFAB1;Magnesium
FASN;NDUFAB1;Magnesium
NEK9;NEK6;Magnesium
NEK9;NEK7;Magnesium
ANKS6;NEK7;Magnesium
ANKS6;ANKS3;Magnesium
ANKS3;NEK7;Magnesium
NEK7;NEK6;Magnesium
EIF2S3;CDC123;Magnesium
EIF2S3;EIF2S2;Magnesium
CDC123;EIF2S2;Magnesium
EIF2S3B;EIF2S2;Magnesium
RP2;UNC119B;Magnesium
RP2;ARL3;Magnesium
ARL3;UNC119B;Magnesium
NME3;NUDT16;Magnesium
NME4;NUDT16;Magnesium
NME1;NUDT16;Magnesium
NME7;NUDT16;Magnesium
TP53BP1;NUDT16;Magnesium
NME2;NUDT16;Magnesium
NME1-NME2;NUDT16;Magnesium
AK9;NUDT16;Magnesium
NME6;NUDT16;Magnesium
NME3;AK6;Magnesium
NME3;AK7;Magnesium
NME3;AK8;Magnesium
NME3;AK4;Magnesium
NME3;MOCS1;Magnesium
NME3;AK1;Magnesium
NME3;GCH1;Magnesium
NME3;AK5;Magnesium
NME3;DCTPP1;Magnesium
NME3;ENTPD2;Magnesium
NME3;NUDT2;Magnesium
NME3;ENPP1;Magnesium
NME3;ENPP3;Magnesium
NME3;AK3;Magnesium
NME3;CTPS2;Magnesium
NME3;CTPS1;Magnesium
NME3;CMPK2;Magnesium
NME3;NTPCR;Magnesium
NME4;AK6;Magnesium
NME4;AK7;Magnesium
NME4;AK8;Magnesium
NME4;AK5;Magnesium
NME4;MOCS1;Magnesium
NME4;AK1;Magnesium
NME4;GCH1;Magnesium
NME4;ENTPD2;Magnesium
NME4;NUDT2;Magnesium
NME4;DCTPP1;Magnesium
NME4;ENPP1;Magnesium
NME4;ENPP3;Magnesium
NME4;AK4;Magnesium
NME4;CTPS1;Magnesium
NME4;CTPS2;Magnesium
NME4;NTPCR;Magnesium
NME4;CMPK2;Magnesium
NME4;AK3;Magnesium
AK1;RRM2;Magnesium
AK1;NME1-NME2;Magnesium
AK1;NME7;Magnesium
AK1;NME6;Magnesium
AK1;NME1;Magnesium
AK1;RRM2B;Magnesium
AK1;NME2;Magnesium
AK1;RRM1;Magnesium
AK1;NTPCR;Magnesium
AK1;ENTPD2;Magnesium
AK1;PKLR;Magnesium
AK1;PKM;Magnesium
RRM2B;AK5;Magnesium
RRM2B;AK8;Magnesium
RRM2B;AK7;Magnesium
RRM2B;AK4;Magnesium
RRM2B;NTPCR;Magnesium
RRM2B;ENTPD2;Magnesium
RRM2B;ENTPD5;Magnesium
RRM2B;DCTPP1;Magnesium
RRM2B;CANT1;Magnesium
RRM2B;AK3;Magnesium
CMPK2;DCTPP1;Magnesium
CMPK2;ENPP1;Magnesium
CMPK2;ENPP3;Magnesium
CMPK2;NME6;Magnesium
CMPK2;NME1-NME2;Magnesium
CMPK2;NME1;Magnesium
CMPK2;NME2;Magnesium
CMPK2;NME7;Magnesium
CMPK2;AK9;Magnesium
GUCY2C;GCH1;Magnesium
GUCY2C;MOCS1;Magnesium
GUCY2C;PKLR;Magnesium
GUCY2C;PKM;Magnesium
GUCY2C;NUDT2;Magnesium
AK7;RRM2;Magnesium
AK7;NME1-NME2;Magnesium
AK7;NME6;Magnesium
AK7;NME2;Magnesium
AK7;NME1;Magnesium
AK7;NME7;Magnesium
AK7;RRM1;Magnesium
AK7;NTPCR;Magnesium
AK7;ENTPD2;Magnesium
AK7;PKLR;Magnesium
AK7;PKM;Magnesium
PRUNE1;HDDC3;Magnesium
AK8;RRM2;Magnesium
AK8;NME6;Magnesium
AK8;NME1-NME2;Magnesium
AK8;NME1;Magnesium
AK8;NME2;Magnesium
AK8;NME7;Magnesium
AK8;RRM1;Magnesium
AK8;ENTPD2;Magnesium
AK8;PKLR;Magnesium
AK8;PKM;Magnesium
AK8;NTPCR;Magnesium
RRM1;AK5;Magnesium
RRM1;AK4;Magnesium
RRM1;DCTPP1;Magnesium
RRM1;ENTPD2;Magnesium
RRM1;AK6;Magnesium
RRM1;AK3;Magnesium
RRM1;NTPCR;Magnesium
CANT1;HDDC3;Magnesium
CANT1;PKM;Magnesium
CANT1;PKLR;Magnesium
CANT1;RRM2;Magnesium
PKM;MOCS1;Magnesium
PKM;GCH1;Magnesium
PKM;NTPCR;Magnesium
PKM;AK6;Magnesium
PKM;ENPP3;Magnesium
PKM;NUDT2;Magnesium
PKM;ENPP1;Magnesium
PKM;ENTPD2;Magnesium
PKM;ENTPD5;Magnesium
PKM;AK5;Magnesium
PKM;AK4;Magnesium
PKM;AK3;Magnesium
DCTPP1;NME7;Magnesium
DCTPP1;NME6;Magnesium
DCTPP1;NME1-NME2;Magnesium
DCTPP1;NME2;Magnesium
DCTPP1;RRM2;Magnesium
DCTPP1;AK9;Magnesium
DCTPP1;NME1;Magnesium
ENTPD5;HDDC3;Magnesium
ENTPD5;PKLR;Magnesium
ENTPD5;RRM2;Magnesium
NME1;AK6;Magnesium
NME1;AK5;Magnesium
NME1;AK4;Magnesium
NME1;MOCS1;Magnesium
NME1;GCH1;Magnesium
NME1;ENTPD2;Magnesium
NME1;NUDT2;Magnesium
NME1;ENPP3;Magnesium
NME1;AK3;Magnesium
NME1;ENPP1;Magnesium
NME1;CTPS2;Magnesium
NME1;NTPCR;Magnesium
NME1;CTPS1;Magnesium
PKLR;MOCS1;Magnesium
PKLR;GCH1;Magnesium
PKLR;NTPCR;Magnesium
PKLR;ENTPD2;Magnesium
PKLR;NUDT2;Magnesium
PKLR;AK6;Magnesium
PKLR;ENPP1;Magnesium
PKLR;ENPP3;Magnesium
PKLR;AK3;Magnesium
PKLR;AK5;Magnesium
PKLR;AK4;Magnesium
MOCS1;NME2;Magnesium
MOCS1;AK9;Magnesium
MOCS1;NME1-NME2;Magnesium
MOCS1;NME6;Magnesium
MOCS1;NME7;Magnesium
MOCS1;ENPP3;Magnesium
MOCS1;ENPP1;Magnesium
MOCS1;ADCY3;Magnesium
MOCS1;NUDT2;Magnesium
MOCS1;ITPA;Magnesium
MOCS1;GCH1;Magnesium
AK5;RRM2;Magnesium
AK5;NME1-NME2;Magnesium
AK5;NME2;Magnesium
AK5;NME6;Magnesium
AK5;NME7;Magnesium
AK5;NTPCR;Magnesium
AK5;ENTPD2;Magnesium
ENTPD2;ADCY3;Magnesium
ENTPD2;NME2;Magnesium
ENTPD2;AK6;Magnesium
ENTPD2;AK2;Magnesium
ENTPD2;AK3;Magnesium
ENTPD2;AK4;Magnesium
ENTPD2;AK9;Magnesium
ENTPD2;NME6;Magnesium
ENTPD2;NME1-NME2;Magnesium
ENTPD2;NME7;Magnesium
ENTPD2;RRM2;Magnesium
ENTPD2;NTPCR;Magnesium
RRM2;AK4;Magnesium
RRM2;NTPCR;Magnesium
RRM2;AK3;Magnesium
NTPCR;ADCY3;Magnesium
NTPCR;AK9;Magnesium
NTPCR;AK6;Magnesium
NTPCR;AK3;Magnesium
NTPCR;AK4;Magnesium
NTPCR;AK2;Magnesium
NTPCR;NME1-NME2;Magnesium
NTPCR;NME2;Magnesium
NTPCR;NME7;Magnesium
NTPCR;NME6;Magnesium
NME7;AK6;Magnesium
NME7;AK4;Magnesium
NME7;GCH1;Magnesium
NME7;NUDT2;Magnesium
NME7;ENPP1;Magnesium
NME7;ENPP3;Magnesium
NME7;AK3;Magnesium
NME7;CTPS2;Magnesium
NME7;CTPS1;Magnesium
NUDT2;GCH1;Magnesium
NUDT2;ADCY3;Magnesium
NUDT2;NME1-NME2;Magnesium
NUDT2;AK9;Magnesium
NUDT2;ENPP3;Magnesium
NUDT2;NME2;Magnesium
NUDT2;ENPP1;Magnesium
NUDT2;NME6;Magnesium
NUDT2;CTPS1;Magnesium
NUDT2;CTPS2;Magnesium
NUDT2;ITPA;Magnesium
ITPA;GCH1;Magnesium
AK6;NME6;Magnesium
AK6;NME1-NME2;Magnesium
AK6;NME2;Magnesium
AK3;NME1-NME2;Magnesium
AK3;NME2;Magnesium
AK3;NME6;Magnesium
NME2;AK4;Magnesium
NME2;GCH1;Magnesium
NME2;ENPP1;Magnesium
NME2;ENPP3;Magnesium
NME2;CTPS2;Magnesium
NME2;CTPS1;Magnesium
NME1-NME2;AK4;Magnesium
NME1-NME2;GCH1;Magnesium
NME1-NME2;ENPP3;Magnesium
NME1-NME2;ENPP1;Magnesium
NME1-NME2;CTPS2;Magnesium
NME1-NME2;CTPS1;Magnesium
AK4;NME6;Magnesium
ADCY3;GCH1;Magnesium
CTPS2;ENPP1;Magnesium
CTPS2;ENPP3;Magnesium
CTPS2;NME6;Magnesium
CTPS2;AK9;Magnesium
ENPP3;GCH1;Magnesium
ENPP3;CTPS1;Magnesium
ENPP3;NME6;Magnesium
AK9;GCH1;Magnesium
AK9;CTPS1;Magnesium
NME6;GCH1;Magnesium
NME6;ENPP1;Magnesium
NME6;CTPS1;Magnesium
GCH1;ENPP1;Magnesium
CTPS1;ENPP1;Magnesium
OXCT1;ACAA1;Magnesium
OXCT1;HADHB;Magnesium
OXCT1;HMGCS1;Magnesium
OXCT1;AACS;Magnesium
OXCT1;ACAA2;Magnesium
OXCT1;OXCT2;Magnesium
OXCT1;HMGCLL1;Magnesium
OXCT1;BDH2;Magnesium
OXCT1;HMGCS2;Magnesium
OXCT1;ACAT2;Magnesium
OXCT1;HMGCL;Magnesium
OXCT1;BDH1;Magnesium
OXCT1;ACAT1;Magnesium
MVK;HMGCLL1;Magnesium
MVK;HMGCL;Magnesium
MVK;HMGCR;Magnesium
MCCC1;HADHA;Magnesium
MCCC1;ECHS1;Magnesium
MCCC1;AUH;Magnesium
MCCC1;PCCB;Magnesium
MCCC1;MCCC2;Magnesium
ACAT1;DLST;Magnesium
ACAT1;SUCLG2;Magnesium
ACAT1;SUCLA2;Magnesium
ACAT1;SUCLG1;Magnesium
ACAT1;ACLY;Magnesium
ACAT1;HADHB;Magnesium
ACAT1;ACAA1;Magnesium
ACAT1;DLAT;Magnesium
ACAT1;ACAT2;Magnesium
ACAT1;HMGCLL1;Magnesium
ACAT1;AACS;Magnesium
ACAT1;ACAA2;Magnesium
ACAT1;ACOX1;Magnesium
ACAT1;HMGCL;Magnesium
ACAT1;CS;Magnesium
ACAT1;OXCT2;Magnesium
ACAT1;HADHA;Magnesium
ACAT1;HMGCS1;Magnesium
ACAT1;HMGCS2;Magnesium
DLAT;HMGCS2;Magnesium
DLAT;HMGCS1;Magnesium
DLAT;ACAA1;Magnesium
DLAT;ACAA2;Magnesium
DLAT;HADHB;Magnesium
DLAT;ACAT2;Magnesium
ACAA2;DLST;Magnesium
ACAA2;SUCLG2;Magnesium
ACAA2;SUCLA2;Magnesium
ACAA2;SUCLG1;Magnesium
ACAA2;ACLY;Magnesium
ACAA2;ACAT2;Magnesium
ACAA2;HMGCLL1;Magnesium
ACAA2;OXCT2;Magnesium
ACAA2;CS;Magnesium
ACAA2;PCCA;Magnesium
ACAA2;PCCB;Magnesium
ACAA2;HMGCL;Magnesium
ACAA2;ACADVL;Magnesium
ACAA2;ACOX1;Magnesium
ACAA2;HMGCS1;Magnesium
ACAA2;HMGCS2;Magnesium
HMGCR;HMGCLL1;Magnesium
HMGCR;HMGCL;Magnesium
HMGCR;HMGCS1;Magnesium
HMGCR;HMGCS2;Magnesium
ACOX1;PCCA;Magnesium
ACOX1;PCCB;Magnesium
ACOX1;ACAT2;Magnesium
ACOX1;ACADVL;Magnesium
ACOX1;HADHA;Magnesium
ACOX1;HADHB;Magnesium
ACOX1;ECHS1;Magnesium
ACOX1;ACAA1;Magnesium
BDH2;AACS;Magnesium
BDH2;HMGCLL1;Magnesium
BDH2;OXCT2;Magnesium
BDH2;HMGCL;Magnesium
BDH2;BDH1;Magnesium
HMGCS1;DLST;Magnesium
HMGCS1;SUCLG2;Magnesium
HMGCS1;SUCLA2;Magnesium
HMGCS1;SUCLG1;Magnesium
HMGCS1;CS;Magnesium
HMGCS1;HMGCS2;Magnesium
HMGCS1;ACLY;Magnesium
HMGCS1;AUH;Magnesium
HMGCS1;OXCT2;Magnesium
HMGCS1;AACS;Magnesium
HMGCS1;HMGCLL1;Magnesium
HMGCS1;HMGCL;Magnesium
HMGCS1;ACAA1;Magnesium
HMGCS1;HADHB;Magnesium
HMGCS1;ACAT2;Magnesium
AACS;BDH1;Magnesium
AACS;OXCT2;Magnesium
AACS;HMGCLL1;Magnesium
AACS;HMGCS2;Magnesium
AACS;ACAT2;Magnesium
AACS;HMGCL;Magnesium
HADHB;DLST;Magnesium
HADHB;SUCLG2;Magnesium
HADHB;SUCLA2;Magnesium
HADHB;ACLY;Magnesium
HADHB;ACAT2;Magnesium
HADHB;OXCT2;Magnesium
HADHB;SUCLG1;Magnesium
HADHB;HMGCLL1;Magnesium
HADHB;CS;Magnesium
HADHB;PCCA;Magnesium
HADHB;PCCB;Magnesium
HADHB;HMGCL;Magnesium
HADHB;ACADVL;Magnesium
HADHB;HMGCS2;Magnesium
ACAA1;DLST;Magnesium
ACAA1;SUCLA2;Magnesium
ACAA1;SUCLG2;Magnesium
ACAA1;SUCLG1;Magnesium
ACAA1;ACLY;Magnesium
ACAA1;ACAT2;Magnesium
ACAA1;OXCT2;Magnesium
ACAA1;CS;Magnesium
ACAA1;HMGCLL1;Magnesium
ACAA1;PCCA;Magnesium
ACAA1;PCCB;Magnesium
ACAA1;HMGCL;Magnesium
ACAA1;ACADVL;Magnesium
ACAA1;HMGCS2;Magnesium
DLST;HMGCS2;Magnesium
DLST;ACAT2;Magnesium
CS;HMGCS2;Magnesium
CS;ACAT2;Magnesium
MCCC2;HADHA;Magnesium
MCCC2;AUH;Magnesium
MCCC2;ECHS1;Magnesium
MCCC2;PCCA;Magnesium
ACAT2;SUCLG2;Magnesium
ACAT2;SUCLA2;Magnesium
ACAT2;SUCLG1;Magnesium
ACAT2;ACLY;Magnesium
ACAT2;HMGCLL1;Magnesium
ACAT2;HMGCL;Magnesium
ACAT2;OXCT2;Magnesium
ACAT2;HADHA;Magnesium
ACAT2;HMGCS2;Magnesium
ECHS1;ACADVL;Magnesium
HMGCS2;SUCLA2;Magnesium
HMGCS2;SUCLG2;Magnesium
HMGCS2;SUCLG1;Magnesium
HMGCS2;ACLY;Magnesium
HMGCS2;AUH;Magnesium
HMGCS2;OXCT2;Magnesium
HMGCS2;HMGCLL1;Magnesium
HMGCS2;HMGCL;Magnesium
OXCT2;BDH1;Magnesium
OXCT2;HMGCLL1;Magnesium
OXCT2;HMGCL;Magnesium
HMGCL;ACLY;Magnesium
HMGCL;BDH1;Magnesium
HMGCL;AUH;Magnesium
AUH;HMGCLL1;Magnesium
PCCA;PCCB;Magnesium
HADHA;ACADVL;Magnesium
BDH1;HMGCLL1;Magnesium
HMGCLL1;ACLY;Magnesium
KDM1B;HCFC1;Magnesium
KDM1B;ASXL2;Magnesium
KDM1B;BAP1;Magnesium
HCFC1;BAP1;Magnesium
HCFC1;OGT;Magnesium
FOXK2;BAP1;Magnesium
FOXK2;ASXL1;Magnesium
FOXK2;ASXL2;Magnesium
OGT;BAP1;Magnesium
ASXL1;RBBP7;Magnesium
ASXL1;BAP1;Magnesium
RBBP7;BAP1;Magnesium
RBBP7;SIN3A;Magnesium
SIN3A;NCOR2;Magnesium
ASXL2;BAP1;Magnesium
INPP4A;IMPAD1;Magnesium
INPP4A;INPP4B;Magnesium
INPP4A;IMPA1;Magnesium
INPP4A;ISYNA1;Magnesium
INPP4A;IMPA2;Magnesium
INPP4A;INPP1;Magnesium
INPP4A;MTM1;Magnesium
MIOX;CDIPT;Magnesium
MIOX;IMPA2;Magnesium
MIOX;IMPA1;Magnesium
CDIPT;IMPAD1;Magnesium
CDIPT;MTM1;Magnesium
CDIPT;IMPA2;Magnesium
CDIPT;IMPA1;Magnesium
PIGL;IMPA2;Magnesium
PIGL;IMPA1;Magnesium
PIGL;TTF2;Magnesium
IMPAD1;INPP4B;Magnesium
IMPAD1;INPP1;Magnesium
IMPAD1;MTM1;Magnesium
IMPAD1;IMPA2;Magnesium
IMPAD1;IMPA1;Magnesium
IMPA2;GPD2;Magnesium
IMPA2;GPI;Magnesium
IMPA2;TTF2;Magnesium
IMPA2;MTM1;Magnesium
IMPA2;INPP4B;Magnesium
IMPA2;INPP1;Magnesium
IMPA2;IMPA1;Magnesium
IMPA2;ISYNA1;Magnesium
GPD2;IMPA1;Magnesium
ISYNA1;INPP4B;Magnesium
ISYNA1;IMPA1;Magnesium
TTF2;IMPA1;Magnesium
MTM1;IMPA1;Magnesium
MTM1;INPP4B;Magnesium
INPP1;INPP4B;Magnesium
INPP1;IMPA1;Magnesium
GPI;IMPA1;Magnesium
IMPA1;INPP4B;Magnesium
RGPD5;RAN;Magnesium
RGPD5;RANGAP1;Magnesium
EEF1A2;RAN;Magnesium
EEF1A2;EEF1A1;Magnesium
EEF1A2;EEF1B2;Magnesium
NUTF2;NUP62;Magnesium
NUTF2;RAN;Magnesium
RANGRF;RAN;Magnesium
NUP107;NXF1;Magnesium
NUP107;KPNB1;Magnesium
NUP107;NUP62;Magnesium
NUP107;NUP54;Magnesium
NUP107;RANBP2;Magnesium
NUP107;NUP214;Magnesium
NUP107;SEH1L;Magnesium
NUP107;NUP93;Magnesium
NUP107;NUP85;Magnesium
NUP107;NUP98;Magnesium
NUP107;NUP153;Magnesium
H4C6;IPO4;Magnesium
NUP85;RAE1;Magnesium
NUP85;NUP50;Magnesium
NUP85;RANBP2;Magnesium
NUP85;NUP153;Magnesium
NUP85;NUP62;Magnesium
NUP85;NUP54;Magnesium
NUP85;SEH1L;Magnesium
NUP85;NUP214;Magnesium
NUP85;NUP98;Magnesium
NUP85;NUP93;Magnesium
DLGAP5;KPNB1;Magnesium
DLGAP5;RCC1;Magnesium
SIRT2;RAN;Magnesium
IPO8;RAN;Magnesium
IPO8;KPNB1;Magnesium
AKIRIN2;RAN;Magnesium
CCT7;CCT6A;Magnesium
CCT7;TCP1;Magnesium
CCT7;CCT4;Magnesium
CCT7;CCT8;Magnesium
RANBP6;RAN;Magnesium
IPO5;RAN;Magnesium
KPNA3;NCBP2;Magnesium
KPNA3;KPNA1;Magnesium
KPNA3;RCC1;Magnesium
KPNA3;CSE1L;Magnesium
KPNA3;KPNA4;Magnesium
KPNA3;KPNB1;Magnesium
CSE1L;RAN;Magnesium
CSE1L;KPNA2;Magnesium
CSE1L;KPNA4;Magnesium
CSE1L;KPNA1;Magnesium
NUP54;NUP153;Magnesium
NUP54;SEH1L;Magnesium
NUP54;NUP214;Magnesium
NUP54;NUP98;Magnesium
NUP54;RANBP2;Magnesium
NUP54;NUP93;Magnesium
NUP54;NUP62;Magnesium
XPO5;MYBBP1A;Magnesium
XPO5;RANBP2;Magnesium
XPO5;DICER1;Magnesium
XPO5;RAN;Magnesium
TNPO3;RAN;Magnesium
CCT6A;CCT5;Magnesium
CCT6A;CCT4;Magnesium
CCT6A;TCP1;Magnesium
CCT6A;CCT8;Magnesium
CCT6A;CCT2;Magnesium
CCT5;CCT4;Magnesium
CCT5;TCP1;Magnesium
CCT5;CCT8;Magnesium
RANBP2;NEMP1;Magnesium
RANBP2;RAE1;Magnesium
RANBP2;NUP50;Magnesium
RANBP2;NXF1;Magnesium
RANBP2;RCC1;Magnesium
RANBP2;SEH1L;Magnesium
RANBP2;KPNB1;Magnesium
RANBP2;NUP153;Magnesium
RANBP2;NUP62;Magnesium
RANBP2;NUP93;Magnesium
RANBP2;RAN;Magnesium
RANBP2;NUP214;Magnesium
RANBP2;NUP98;Magnesium
CCT8;TCP1;Magnesium
CCT8;CCT4;Magnesium
CCT8;CCT2;Magnesium
KPNB1;NPM1;Magnesium
KPNB1;NCBP1;Magnesium
KPNB1;NXF1;Magnesium
KPNB1;NCBP2;Magnesium
KPNB1;RCC1;Magnesium
KPNB1;NUP50;Magnesium
KPNB1;IPO7;Magnesium
KPNB1;RANBP1;Magnesium
KPNB1;NUP62;Magnesium
KPNB1;NUP98;Magnesium
KPNB1;KPNA6;Magnesium
KPNB1;KPNA4;Magnesium
KPNB1;NUP153;Magnesium
KPNB1;KPNA1;Magnesium
KPNB1;RAN;Magnesium
KPNB1;KPNA2;Magnesium
PHAX;RAN;Magnesium
PHAX;NCBP1;Magnesium
PHAX;NCBP2;Magnesium
CCT2;TCP1;Magnesium
CCT2;CCT4;Magnesium
NEMP1;RAN;Magnesium
NEMP1;RGPD2;Magnesium
NEMP1;UBE2I;Magnesium
NEMP1;RANGAP1;Magnesium
NUP93;RAE1;Magnesium
NUP93;NUP50;Magnesium
NUP93;NUP153;Magnesium
NUP93;NUP98;Magnesium
NUP93;SEH1L;Magnesium
NUP93;NUP62;Magnesium
NUP93;NUP214;Magnesium
NUP98;XPO1;Magnesium
NUP98;NXF1;Magnesium
NUP98;NUP62;Magnesium
NUP98;SEH1L;Magnesium
NUP98;NUP214;Magnesium
NUP98;RAE1;Magnesium
TCP1;CCT4;Magnesium
NCBP2;KPNA4;Magnesium
NCBP2;KPNA6;Magnesium
NCBP2;KPNA1;Magnesium
NCBP2;NCBP2L;Magnesium
NCBP2;RAN;Magnesium
NCBP2;KPNA2;Magnesium
XPOT;RAN;Magnesium
RGPD6;RANGAP1;Magnesium
KPNA4;NUP50;Magnesium
KPNA4;RAN;Magnesium
KPNA4;RANBP3;Magnesium
KPNA4;KPNA1;Magnesium
KPNA4;RCC1;Magnesium
TNPO1;NXF1;Magnesium
TNPO1;RAN;Magnesium
EEF1A1;RAN;Magnesium
EEF1A1;EEF1B2;Magnesium
RANBP3;XPO1;Magnesium
RANBP3;RCC1;Magnesium
KPNA1;KPNA6;Magnesium
KPNA1;NUP50;Magnesium
NUP50;KPNA6;Magnesium
NUP50;RAE1;Magnesium
NUP50;KPNA2;Magnesium
NUP50;RAN;Magnesium
NUP50;SEH1L;Magnesium
NUP50;NUP214;Magnesium
NUP50;NUP153;Magnesium
IPO4;RAN;Magnesium
UBE2I;RCC1;Magnesium
UBE2I;RAN;Magnesium
UBE2I;IPO13;Magnesium
NUP214;SNUPN;Magnesium
NUP214;RAN;Magnesium
NUP214;RAE1;Magnesium
NUP214;NUP153;Magnesium
NUP214;NXF1;Magnesium
NUP214;SEH1L;Magnesium
NUP214;NUP62;Magnesium
NUP214;XPO1;Magnesium
IPO13;EIF1AX;Magnesium
IPO13;RAN;Magnesium
NCBP1;RAN;Magnesium
NCBP1;NCBP2L;Magnesium
NCBP1;KPNA2;Magnesium
EIF1AX;RAN;Magnesium
IPO7;RAN;Magnesium
MYBBP1A;RAN;Magnesium
RAE1;SEH1L;Magnesium
RAE1;NUP153;Magnesium
RAE1;NXF1;Magnesium
SEH1L;NUP153;Magnesium
SEH1L;NUP62;Magnesium
XPO1;RANBP1;Magnesium
XPO1;SNUPN;Magnesium
XPO1;RAN;Magnesium
RGPD3;RANGAP1;Magnesium
RANGAP1;RCC1;Magnesium
RANGAP1;RAN;Magnesium
RANGAP1;RANBP1;Magnesium
RANBP1;RCC1;Magnesium
RANBP1;RAN;Magnesium
TNPO2;RAN;Magnesium
NMD3;RAN;Magnesium
NXF1;NUP62;Magnesium
NXF1;NUP153;Magnesium
KPNA2;RAN;Magnesium
KPNA2;NUP153;Magnesium
NUP153;RAN;Magnesium
RAN;NCBP2L;Magnesium
RAN;SNUPN;Magnesium
RAN;RCC1;Magnesium
SKAP2;ITGA5;Magnesium
SKAP2;ITGA4;Magnesium
SKAP2;ITGB1;Magnesium
ITGB4;ITGB8;Magnesium
ITGB4;ITGB7;Magnesium
ITGB4;ITGB2;Magnesium
ITGB4;ITGAX;Magnesium
ITGB4;ITGB3;Magnesium
ITGB4;ITGB5;Magnesium
ITGB4;ITGB6;Magnesium
ITGB4;ITGB1;Magnesium
ITGB4;ITGA11;Magnesium
ITGB4;ITGA10;Magnesium
ITGB4;ITGAL;Magnesium
ITGB4;ITGA8;Magnesium
ITGB4;ITGA4;Magnesium
ITGB4;ACTG1;Magnesium
ITGB4;ITGA1;Magnesium
ITGB4;ITGA2;Magnesium
ITGB4;ITGAV;Magnesium
ITGB4;ACTB;Magnesium
ITGB4;SRC;Magnesium
ITGB4;ITGA5;Magnesium
ITGB4;PTK2;Magnesium
ITGB4;ITGA3;Magnesium
ITGB4;ITGA6;Magnesium
VCL;ITGA1;Magnesium
VCL;ITGB5;Magnesium
VCL;ACTN4;Magnesium
VCL;TLN2;Magnesium
VCL;TLN1;Magnesium
VCL;ACTN1;Magnesium
TIMP1;CD63;Magnesium
MMP2;COL18A1;Magnesium
MMP2;THBS1;Magnesium
TGFB1;ITGB8;Magnesium
TGFB1;ITGB6;Magnesium
TGFB1;TGFB3;Magnesium
TGFB1;ITGAV;Magnesium
PIK3R2;ITGAM;Magnesium
PIK3R2;ITGA2;Magnesium
PIK3R2;RAP1B;Magnesium
PIK3R2;ITGB2;Magnesium
PIK3R2;PTPN6;Magnesium
PIK3R2;RAP1A;Magnesium
PIK3R2;ITGB1;Magnesium
PIK3R2;LYN;Magnesium
PIK3R2;KDR;Magnesium
PIK3R2;ILK;Magnesium
PIK3R2;PTK2;Magnesium
PIK3R2;FYN;Magnesium
PIK3R2;KIT;Magnesium
PIK3R2;AKT1;Magnesium
PIK3R2;PDGFRB;Magnesium
PIK3R2;CDC42;Magnesium
COMP;ITGA2B;Magnesium
COMP;ITGAV;Magnesium
COMP;ITGA3;Magnesium
COMP;ITGB1;Magnesium
COMP;ITGB3;Magnesium
COMP;CD36;Magnesium
COMP;CD47;Magnesium
HGF;MET;Magnesium
LAMB1;LAMB2;Magnesium
LAMB1;CD44;Magnesium
LAMB1;LAMA3;Magnesium
LAMB1;LAMA2;Magnesium
LAMB1;LAMC3;Magnesium
LAMB1;ITGB1;Magnesium
LAMB1;ITGA6;Magnesium
LAMB1;LAMA1;Magnesium
LAMB1;LAMA4;Magnesium
LAMB1;LAMA5;Magnesium
LAMB1;LAMC1;Magnesium
ITGB8;ITGAX;Magnesium
ITGB8;ITGA8;Magnesium
ITGB8;ITGB2;Magnesium
ITGB8;ACTG1;Magnesium
ITGB8;ITGB7;Magnesium
ITGB8;ACTB;Magnesium
ITGB8;ITGAL;Magnesium
ITGB8;SRC;Magnesium
ITGB8;FN1;Magnesium
ITGB8;ITGB6;Magnesium
ITGB8;PTK2;Magnesium
ITGB8;VTN;Magnesium
ITGB8;ITGB1;Magnesium
ITGB8;ITGB5;Magnesium
ITGB8;ITGB3;Magnesium
ITGB8;ITGA1;Magnesium
ITGB8;ITGA4;Magnesium
ITGB8;ITGA3;Magnesium
ITGB8;ITGA5;Magnesium
ITGB8;ITGA2;Magnesium
ITGB8;ITGA11;Magnesium
ITGB8;ITGA10;Magnesium
ITGB8;ITGAV;Magnesium
CAV2;FYN;Magnesium
CAV2;SRC;Magnesium
CAV2;EGFR;Magnesium
CAV2;CAV1;Magnesium
COL1A1;COL2A1;Magnesium
COL1A1;RUNX2;Magnesium
COL1A1;ITGA2;Magnesium
COL1A1;ITGB1;Magnesium
COL1A1;CD44;Magnesium
COL1A1;COL3A1;Magnesium
COL1A1;COL1A2;Magnesium
VTN;ITGA5;Magnesium
VTN;ITGB1;Magnesium
VTN;ITGA8;Magnesium
VTN;ITGB5;Magnesium
VTN;ITGB3;Magnesium
VTN;ITGAV;Magnesium
VTN;ITGA2B;Magnesium
IBSP;ITGB5;Magnesium
IBSP;ITGB3;Magnesium
IBSP;ITGAV;Magnesium
LAMA4;CD44;Magnesium
LAMA4;LAMB2;Magnesium
LAMA4;LAMC3;Magnesium
LAMA4;MCAM;Magnesium
LAMA4;LAMC1;Magnesium
TNN;ITGB3;Magnesium
TNN;ITGB1;Magnesium
TNN;ITGAV;Magnesium
TNN;ITGB6;Magnesium
TNN;ITGA8;Magnesium
TNN;ITGA9;Magnesium
VASP;PRKACG;Magnesium
VASP;PRKACB;Magnesium
VASP;PRKACA;Magnesium
RAP1B;RGS14;Magnesium
RAP1B;PRKD3;Magnesium
RAP1B;PRKD2;Magnesium
RAP1B;PRKD1;Magnesium
RAP1B;ITGAM;Magnesium
RAP1B;RAP1A;Magnesium
RAP1B;PIK3R1;Magnesium
RAP1B;ITGAL;Magnesium
RAP1B;PIK3R3;Magnesium
RAP1B;ITGA4;Magnesium
RAP1B;PIK3CD;Magnesium
RAP1B;ITGB1;Magnesium
RAP1B;ITGB2;Magnesium
RAP1B;PIK3CA;Magnesium
RAP1B;SRC;Magnesium
RAP1B;PRKACG;Magnesium
RAP1B;PRKACA;Magnesium
RAP1B;PRKACB;Magnesium
RAP1B;RHOA;Magnesium
RAP1B;PIK3CB;Magnesium
RAP1B;RASSF5;Magnesium
RAP1B;TLN1;Magnesium
ACTN4;EGFR;Magnesium
ACTN4;ITGA5;Magnesium
ACTN4;ITGB1;Magnesium
ACTN4;ACTG1;Magnesium
ACTN4;ACTB;Magnesium
ACTN4;ACTN1;Magnesium
LAMA5;CD44;Magnesium
LAMA5;LAMC2;Magnesium
LAMA5;LAMB2;Magnesium
LAMA5;LAMA1;Magnesium
LAMA5;ITGB1;Magnesium
LAMA5;ITGA6;Magnesium
LAMA5;LAMC1;Magnesium
TNS4;ITGB1;Magnesium
LGALS3;RUNX2;Magnesium
KRAS;PDGFRB;Magnesium
KRAS;IGF1R;Magnesium
KRAS;KIT;Magnesium
KRAS;MET;Magnesium
KRAS;RASSF5;Magnesium
LAMC1;CD44;Magnesium
LAMC1;LAMA3;Magnesium
LAMC1;LAMA1;Magnesium
LAMC1;LAMB2;Magnesium
LAMC1;ITGA6;Magnesium
LAMC1;LAMA2;Magnesium
LAMC1;ITGB1;Magnesium
CHAD;ITGB1;Magnesium
CHAD;ITGA2;Magnesium
THBS1;ITGA2B;Magnesium
THBS1;ITGA3;Magnesium
THBS1;ITGAV;Magnesium
THBS1;ITGB3;Magnesium
THBS1;ITGB1;Magnesium
THBS1;FN1;Magnesium
THBS1;CD47;Magnesium
THBS1;CD36;Magnesium
ITGAV;ITGA8;Magnesium
ITGAV;ITGAX;Magnesium
ITGAV;IGF1R;Magnesium
ITGAV;DSPP;Magnesium
ITGAV;TNR;Magnesium
ITGAV;TNXB;Magnesium
ITGAV;THBS4;Magnesium
ITGAV;ITGAL;Magnesium
ITGAV;ITGA10;Magnesium
ITGAV;ITGA11;Magnesium
ITGAV;THBS3;Magnesium
ITGAV;THBS2;Magnesium
ITGAV;ITGA1;Magnesium
ITGAV;TNC;Magnesium
ITGAV;SRC;Magnesium
ITGAV;ITGA5;Magnesium
ITGAV;ITGA2B;Magnesium
ITGAV;ITGB7;Magnesium
ITGAV;ITGA4;Magnesium
ITGAV;ITGA2;Magnesium
ITGAV;ITGA3;Magnesium
ITGAV;PTK2;Magnesium
ITGAV;VWF;Magnesium
ITGAV;ITGB2;Magnesium
ITGAV;ITGB3;Magnesium
ITGAV;ITGB6;Magnesium
ITGAV;ITGB1;Magnesium
ITGAV;FN1;Magnesium
ITGAV;SPP1;Magnesium
ITGAV;ITGB5;Magnesium
VWF;ITGB3;Magnesium
VWF;ITGA2B;Magnesium
CDH1;CDH2;Magnesium
CDH1;EGFR;Magnesium
PDGFRB;ERBB2;Magnesium
PDGFRB;FYN;Magnesium
PDGFRB;PTK2;Magnesium
PDGFRB;PIK3CD;Magnesium
PDGFRB;PIK3R3;Magnesium
PDGFRB;PIK3CB;Magnesium
PDGFRB;SHC1;Magnesium
PDGFRB;PIK3CA;Magnesium
PDGFRB;EGFR;Magnesium
PDGFRB;PIK3R1;Magnesium
PDGFRB;SRC;Magnesium
SEMA7A;ITGB1;Magnesium
ITGA2B;THBS3;Magnesium
ITGA2B;ACTG1;Magnesium
ITGA2B;THBS4;Magnesium
ITGA2B;THBS2;Magnesium
ITGA2B;PTK2;Magnesium
ITGA2B;ACTB;Magnesium
ITGA2B;SRC;Magnesium
ITGA2B;TLN2;Magnesium
ITGA2B;ITGB1;Magnesium
ITGA2B;FERMT3;Magnesium
ITGA2B;TLN1;Magnesium
ITGA2B;FLNA;Magnesium
ITGA2B;FN1;Magnesium
ITGA2B;ITGB3;Magnesium
PIK3R3;ITGAM;Magnesium
PIK3R3;ILK;Magnesium
PIK3R3;ITGB2;Magnesium
PIK3R3;PTPN6;Magnesium
PIK3R3;ITGB1;Magnesium
PIK3R3;ITGA2;Magnesium
PIK3R3;RAP1A;Magnesium
PIK3R3;LYN;Magnesium
PIK3R3;KDR;Magnesium
PIK3R3;CDC42;Magnesium
PIK3R3;KIT;Magnesium
PIK3R3;FYN;Magnesium
PIK3R3;AKT1;Magnesium
PIK3R3;PTK2;Magnesium
ITGAE;ITGB7;Magnesium
CD81;CD9;Magnesium
KDR;PIK3CD;Magnesium
KDR;PIK3CB;Magnesium
KDR;CDC42;Magnesium
KDR;PTK2;Magnesium
KDR;PTPN6;Magnesium
KDR;PIK3CA;Magnesium
KDR;HSPG2;Magnesium
KDR;SHC1;Magnesium
KDR;NRP1;Magnesium
KDR;PECAM1;Magnesium
PIK3CA;ITGA2;Magnesium
PIK3CA;ITGB2;Magnesium
PIK3CA;ITGAM;Magnesium
PIK3CA;RAP1A;Magnesium
PIK3CA;ITGB1;Magnesium
PIK3CA;MET;Magnesium
PIK3CA;PTK2;Magnesium
PIK3CA;KIT;Magnesium
LAMC2;LAMB2;Magnesium
LAMC2;CD44;Magnesium
LAMC2;LAMA3;Magnesium
LAMC2;LAMB3;Magnesium
STAT3;KIT;Magnesium
ITGA9;PTK2;Magnesium
ITGA9;TNR;Magnesium
ITGA9;TNXB;Magnesium
ITGA9;TNC;Magnesium
ITGA9;SPP1;Magnesium
ITGA9;VCAM1;Magnesium
ITGA9;ITGB1;Magnesium
ICAM1;ITGAL;Magnesium
ICAM1;ITGB2;Magnesium
SCARB2;CD63;Magnesium
TNC;ITGB6;Magnesium
TNC;ITGA8;Magnesium
TNC;ITGB3;Magnesium
TNC;ITGB1;Magnesium
SRF;ITGB1;Magnesium
SRF;MRTFA;Magnesium
NRP1;FYN;Magnesium
NRP1;L1CAM;Magnesium
ITGB7;ITGAX;Magnesium
ITGB7;ITGA8;Magnesium
ITGB7;ITGB5;Magnesium
ITGB7;ACTG1;Magnesium
ITGB7;ITGB1;Magnesium
ITGB7;ACTB;Magnesium
ITGB7;SRC;Magnesium
ITGB7;ITGB6;Magnesium
ITGB7;ITGB3;Magnesium
ITGB7;ITGA2;Magnesium
ITGB7;ITGA3;Magnesium
ITGB7;PTK2;Magnesium
ITGB7;ITGA1;Magnesium
ITGB7;ITGB2;Magnesium
ITGB7;ITGA11;Magnesium
ITGB7;ITGA10;Magnesium
ITGB7;VCAM1;Magnesium
ITGB7;FLNA;Magnesium
ITGB7;ITGAL;Magnesium
ITGB7;FN1;Magnesium
ITGB7;ITGA5;Magnesium
ITGB7;ITGA4;Magnesium
PXN;ITGA1;Magnesium
PXN;ITGB5;Magnesium
PXN;FERMT2;Magnesium
PXN;ITGA4;Magnesium
PXN;PARVB;Magnesium
PXN;PTK2;Magnesium
PXN;TLN1;Magnesium
PXN;PTK2B;Magnesium
PXN;PARVA;Magnesium
ERBB2;PTK2;Magnesium
ERBB2;CD44;Magnesium
EGFR;LYN;Magnesium
EGFR;TNS3;Magnesium
EGFR;PTPN6;Magnesium
EGFR;PRKCA;Magnesium
EGFR;L1CAM;Magnesium
EGFR;MET;Magnesium
EGFR;CD44;Magnesium
EGFR;PTK2;Magnesium
FERMT3;FERMT2;Magnesium
FERMT3;ITGB3;Magnesium
FREM2;NPNT;Magnesium
FREM2;ITGB1;Magnesium
FREM2;ITGA8;Magnesium
FREM2;FRAS1;Magnesium
FREM2;FREM1;Magnesium
FLT1;PTK2;Magnesium
ITGA1;ITGAX;Magnesium
ITGA1;ITGA8;Magnesium
ITGA1;PTK2;Magnesium
ITGA1;TLN1;Magnesium
ITGA1;ITGAL;Magnesium
ITGA1;ITGA11;Magnesium
ITGA1;ITGA5;Magnesium
ITGA1;ITGA4;Magnesium
ITGA1;ITGA10;Magnesium
ITGA1;ITGA3;Magnesium
ITGA1;ITGA2;Magnesium
ITGA1;ITGB6;Magnesium
ITGA1;ITGB2;Magnesium
ITGA1;ITGB5;Magnesium
ITGA1;ITGB3;Magnesium
ITGA1;ITGB1;Magnesium
ITGB6;ITGAX;Magnesium
ITGB6;ITGA8;Magnesium
ITGB6;TNXB;Magnesium
ITGB6;TNR;Magnesium
ITGB6;ACTG1;Magnesium
ITGB6;ITGB5;Magnesium
ITGB6;ACTB;Magnesium
ITGB6;ITGAL;Magnesium
ITGB6;SRC;Magnesium
ITGB6;PTK2;Magnesium
ITGB6;ITGB3;Magnesium
ITGB6;ITGB2;Magnesium
ITGB6;DSPP;Magnesium
ITGB6;ITGA11;Magnesium
ITGB6;ITGA10;Magnesium
ITGB6;ITGA5;Magnesium
ITGB6;ITGA4;Magnesium
ITGB6;ITGA2;Magnesium
ITGB6;ITGA3;Magnesium
ITGB6;ITGB1;Magnesium
ITGB6;FN1;Magnesium
THY1;ITGB2;Magnesium
THY1;ITGAM;Magnesium
KIT;PRKCA;Magnesium
KIT;PIK3CD;Magnesium
KIT;PIK3CB;Magnesium
KIT;SHC1;Magnesium
KIT;PIK3R1;Magnesium
ITGA5;ITGAX;Magnesium
ITGA5;ITGA8;Magnesium
ITGA5;RUNX2;Magnesium
ITGA5;PTK2B;Magnesium
ITGA5;ITGA10;Magnesium
ITGA5;ITGA11;Magnesium
ITGA5;SRC;Magnesium
ITGA5;ITGAL;Magnesium
ITGA5;ITGA3;Magnesium
ITGA5;ITGA2;Magnesium
ITGA5;TLN2;Magnesium
ITGA5;ACTN1;Magnesium
ITGA5;ITGA4;Magnesium
ITGA5;PTK2;Magnesium
ITGA5;ILK;Magnesium
ITGA5;TLN1;Magnesium
ITGA5;ITGB5;Magnesium
ITGA5;ITGB2;Magnesium
ITGA5;ITGB3;Magnesium
ITGA5;ITGB1;Magnesium
ITGA5;FN1;Magnesium
VCAM1;ITGB1;Magnesium
VCAM1;ITGA4;Magnesium
COL6A3;CD44;Magnesium
COL6A3;COL6A1;Magnesium
ITGB5;ITGAX;Magnesium
ITGB5;ITGA8;Magnesium
ITGB5;TLN1;Magnesium
ITGB5;ACTG1;Magnesium
ITGB5;ACTB;Magnesium
ITGB5;ITGAL;Magnesium
ITGB5;SRC;Magnesium
ITGB5;ITGB2;Magnesium
ITGB5;ITGB3;Magnesium
ITGB5;ITGB1;Magnesium
ITGB5;ITGA4;Magnesium
ITGB5;SPP1;Magnesium
ITGB5;ITGA10;Magnesium
ITGB5;PTK2;Magnesium
ITGB5;ITGA11;Magnesium
ITGB5;ITGA2;Magnesium
ITGB5;ITGA3;Magnesium
ITGB5;FN1;Magnesium
ITGA2;ITGAX;Magnesium
ITGA2;ITGA8;Magnesium
ITGA2;PRKACG;Magnesium
ITGA2;PTPN6;Magnesium
ITGA2;PRKACA;Magnesium
ITGA2;PIK3CD;Magnesium
ITGA2;PRKACB;Magnesium
ITGA2;PIK3R1;Magnesium
ITGA2;ITGAL;Magnesium
ITGA2;PIK3CB;Magnesium
ITGA2;HSPG2;Magnesium
ITGA2;PTK2;Magnesium
ITGA2;ITGA10;Magnesium
ITGA2;ITGA11;Magnesium
ITGA2;ITGA4;Magnesium
ITGA2;ITGA3;Magnesium
ITGA2;COL1A2;Magnesium
ITGA2;ITGB2;Magnesium
ITGA2;COL3A1;Magnesium
ITGA2;ITGB3;Magnesium
ITGA2;ITGB1;Magnesium
COL1A2;COL2A1;Magnesium
COL1A2;ITGB1;Magnesium
COL1A2;CD44;Magnesium
COL1A2;COL3A1;Magnesium
JAM3;JAM2;Magnesium
JAM3;ITGAM;Magnesium
JAM3;ITGB2;Magnesium
COL6A2;CD44;Magnesium
CRK;PTK2B;Magnesium
CRK;PTK2;Magnesium
COL3A1;COL2A1;Magnesium
COL3A1;ITGB1;Magnesium
ALCAM;L1CAM;Magnesium
LAMB2;LAMA1;Magnesium
LAMB2;CD44;Magnesium
LAMB2;LAMA3;Magnesium
LAMB2;LAMC3;Magnesium
LAMB2;LAMA2;Magnesium
PRKACA;PTK2;Magnesium
PRKACA;ITGB1;Magnesium
PRKACA;RAP1A;Magnesium
PRKACA;RHOA;Magnesium
ITGA3;ITGAX;Magnesium
ITGA3;ITGA8;Magnesium
ITGA3;THBS4;Magnesium
ITGA3;ITGAL;Magnesium
ITGA3;ITGA10;Magnesium
ITGA3;THBS3;Magnesium
ITGA3;ITGA11;Magnesium
ITGA3;THBS2;Magnesium
ITGA3;ITGA4;Magnesium
ITGA3;RELN;Magnesium
ITGA3;ITGB2;Magnesium
ITGA3;PTK2;Magnesium
ITGA3;ITGB3;Magnesium
ITGA3;CD151;Magnesium
ITGA3;FN1;Magnesium
ITGA3;ITGB1;Magnesium
TLN1;TLN2;Magnesium
TLN1;ITGB1;Magnesium
TLN1;ITGB3;Magnesium
TLN1;SRC;Magnesium
TLN1;PTK2;Magnesium
MET;PIK3CD;Magnesium
MET;PIK3CB;Magnesium
MET;PTK2;Magnesium
MET;SHC1;Magnesium
MET;SRC;Magnesium
CD151;ITGB1;Magnesium
LAMA3;CD44;Magnesium
LAMA3;LAMB3;Magnesium
FLNC;FLNB;Magnesium
ITGA11;ITGAX;Magnesium
ITGA11;ITGA8;Magnesium
ITGA11;PTK2;Magnesium
ITGA11;ITGAL;Magnesium
ITGA11;ITGA4;Magnesium
ITGA11;ITGB2;Magnesium
ITGA11;ITGA10;Magnesium
ITGA11;ITGB3;Magnesium
ITGA11;ITGB1;Magnesium
COL4A5;COL4A4;Magnesium
COL4A5;COL4A3;Magnesium
COL4A5;CD44;Magnesium
COL4A5;COL4A6;Magnesium
BSG;CAV1;Magnesium
PARVA;ACTG1;Magnesium
PARVA;PARVG;Magnesium
PARVA;ACTB;Magnesium
PARVA;PARVB;Magnesium
PARVA;ILK;Magnesium
CAV1;RAC1;Magnesium
THBS4;ITGB1;Magnesium
THBS4;ITGB3;Magnesium
THBS4;CD47;Magnesium
THBS4;CD36;Magnesium
PTK2;ITGA10;Magnesium
PTK2;ITGA8;Magnesium
PTK2;ITGA7;Magnesium
PTK2;PRKCB;Magnesium
PTK2;PRKACG;Magnesium
PTK2;PRKACB;Magnesium
PTK2;PRKCA;Magnesium
PTK2;PIK3CD;Magnesium
PTK2;PIK3CB;Magnesium
PTK2;ITGA4;Magnesium
PTK2;ITGA6;Magnesium
PTK2;LYN;Magnesium
PTK2;CRKL;Magnesium
PTK2;IGF1R;Magnesium
PTK2;RHOA;Magnesium
PTK2;PTK2B;Magnesium
PTK2;PIK3R1;Magnesium
PTK2;ITGB3;Magnesium
PTK2;SHC1;Magnesium
PTK2;ITGB1;Magnesium
PTK2;FYN;Magnesium
PTK2;BCAR1;Magnesium
PTK2;TLN2;Magnesium
FERMT2;ILK;Magnesium
CRKL;PTK2B;Magnesium
FYN;PIK3CD;Magnesium
FYN;PIK3CB;Magnesium
FYN;RHOA;Magnesium
FYN;PTPRC;Magnesium
FYN;LYN;Magnesium
FN1;ITGA8;Magnesium
FN1;TGM2;Magnesium
FN1;ITGB1;Magnesium
FN1;CD44;Magnesium
FN1;ITGA4;Magnesium
ITGAL;ITGA8;Magnesium
ITGAL;PRKD3;Magnesium
ITGAL;PRKD1;Magnesium
ITGAL;PRKD2;Magnesium
ITGAL;RGS14;Magnesium
ITGAL;ITGA10;Magnesium
ITGAL;RAP1A;Magnesium
ITGAL;PTK2B;Magnesium
ITGAL;ITGAX;Magnesium
ITGAL;ITGB3;Magnesium
ITGAL;RASSF5;Magnesium
ITGAL;ITGA4;Magnesium
ITGAL;ITGB1;Magnesium
ITGAL;ITGAM;Magnesium
ITGAL;ITGB2;Magnesium
COL6A6;CD44;Magnesium
COL4A2;CD44;Magnesium
COL4A2;COL4A1;Magnesium
DPP4;ACE2;Magnesium
ITGB1BP1;ITGB1;Magnesium
LAMC3;CD44;Magnesium
LAMC3;LAMA2;Magnesium
COL6A1;CD44;Magnesium
CD47;THBS3;Magnesium
CD47;THBS2;Magnesium
THBS2;ITGB1;Magnesium
THBS2;ITGB3;Magnesium
THBS2;CD36;Magnesium
TNR;ITGB3;Magnesium
TNR;ITGB1;Magnesium
TNR;ITGA8;Magnesium
THBS3;ITGB1;Magnesium
THBS3;ITGB3;Magnesium
THBS3;CD36;Magnesium
ITGA10;ITGAX;Magnesium
ITGA10;ITGA8;Magnesium
ITGA10;ITGA4;Magnesium
ITGA10;ITGB2;Magnesium
ITGA10;ITGB3;Magnesium
ITGA10;ITGB1;Magnesium
RAP1A;PRKD2;Magnesium
RAP1A;PRKD3;Magnesium
RAP1A;PRKD1;Magnesium
RAP1A;ITGA4;Magnesium
RAP1A;ITGAM;Magnesium
RAP1A;PIK3R1;Magnesium
RAP1A;PIK3CD;Magnesium
RAP1A;PIK3CB;Magnesium
RAP1A;RHOA;Magnesium
RAP1A;ITGB2;Magnesium
RAP1A;PRKACG;Magnesium
RAP1A;SRC;Magnesium
RAP1A;PRKACB;Magnesium
RAP1A;ITGB1;Magnesium
RAP1A;RGS14;Magnesium
RAP1A;RASSF5;Magnesium
FLNA;ITGB2;Magnesium
FLNA;FLNB;Magnesium
FLNA;ITGB1;Magnesium
FLNA;ITGB3;Magnesium
L1CAM;CD24;Magnesium
PRKACB;ITGB1;Magnesium
PRKACB;RHOA;Magnesium
SRC;PECAM1;Magnesium
SRC;ITGA4;Magnesium
SRC;ITGB1;Magnesium
SRC;RHOA;Magnesium
SRC;BCAR1;Magnesium
SRC;TLN2;Magnesium
HSPG2;ITGB1;Magnesium
COL4A1;CD44;Magnesium
PRKACG;ITGB1;Magnesium
PRKACG;RHOA;Magnesium
PIK3CD;ILK;Magnesium
PIK3CD;ITGB1;Magnesium
PIK3CD;PTPN6;Magnesium
PIK3CD;ITGB2;Magnesium
PIK3CD;ITGAM;Magnesium
PIK3CD;LYN;Magnesium
PIK3CD;CDC42;Magnesium
PIK3CD;AKT1;Magnesium
ITGA8;ITGAX;Magnesium
ITGA8;ITGA4;Magnesium
ITGA8;ITGB2;Magnesium
ITGA8;ITGB3;Magnesium
ITGA8;TNXB;Magnesium
ITGA8;FREM1;Magnesium
ITGA8;FRAS1;Magnesium
ITGA8;ITGB1;Magnesium
ITGA8;NPNT;Magnesium
PRKD3;ITGAM;Magnesium
PRKD3;ITGB2;Magnesium
PRKD3;ITGB1;Magnesium
PRKD3;PRKCB;Magnesium
PRKD3;PRKCA;Magnesium
PRKD3;PRKD2;Magnesium
PRKD3;PRKD1;Magnesium
COL2A1;CD44;Magnesium
CD9;ITGB1;Magnesium
ITGAD;ITGB2;Magnesium
LAMA1;LAMA2;Magnesium
LAMA1;CD44;Magnesium
LAMB3;CD44;Magnesium
ACTN1;PARVB;Magnesium
ACTN1;ACTG1;Magnesium
ACTN1;ITGB1;Magnesium
ACTN1;ACTB;Magnesium
COL4A6;CD44;Magnesium
SPP1;ITGA4;Magnesium
SPP1;ITGB3;Magnesium
SPP1;ITGB1;Magnesium
SPP1;CD44;Magnesium
ITGB1;MRTFA;Magnesium
ITGB1;RGS14;Magnesium
ITGB1;FREM1;Magnesium
ITGB1;FRAS1;Magnesium
ITGB1;RASSF5;Magnesium
ITGB1;PRKD2;Magnesium
ITGB1;PRKD1;Magnesium
ITGB1;TNXB;Magnesium
ITGB1;PIK3CB;Magnesium
ITGB1;DSPP;Magnesium
ITGB1;PTPN6;Magnesium
ITGB1;JAM2;Magnesium
ITGB1;RELN;Magnesium
ITGB1;PIK3R1;Magnesium
ITGB1;PTK2B;Magnesium
ITGB1;ACTG1;Magnesium
ITGB1;ITGAX;Magnesium
ITGB1;NPNT;Magnesium
ITGB1;ITGAM;Magnesium
ITGB1;ACTB;Magnesium
ITGB1;ITGB2;Magnesium
ITGB1;ITGB3;Magnesium
ITGB1;ITGA7;Magnesium
ITGB1;TLN2;Magnesium
ITGB1;ITGA4;Magnesium
ITGB1;ITGA6;Magnesium
ITGB1;ILK;Magnesium
COL4A3;CD44;Magnesium
COL4A3;COL4A4;Magnesium
COL4A4;CD44;Magnesium
ILK;PIK3CB;Magnesium
ILK;ACTG1;Magnesium
ILK;PIK3R1;Magnesium
ILK;PARVB;Magnesium
ILK;PARVG;Magnesium
ITGA4;ITGAX;Magnesium
ITGA4;PTK2B;Magnesium
ITGA4;RASSF5;Magnesium
ITGA4;JAM2;Magnesium
ITGA4;ITGB3;Magnesium
ITGA4;ITGB2;Magnesium
PTK2B;RHOA;Magnesium
PTK2B;ITGB2;Magnesium
PTK2B;LYN;Magnesium
PTK2B;BCAR1;Magnesium
ITGB2;PRKD2;Magnesium
ITGB2;PRKD1;Magnesium
ITGB2;PIK3CB;Magnesium
ITGB2;PIK3R1;Magnesium
ITGB2;RASSF5;Magnesium
ITGB2;RGS14;Magnesium
ITGB2;ITGB3;Magnesium
ITGB2;ITGAX;Magnesium
ITGB2;ITGAM;Magnesium
PARVB;ACTG1;Magnesium
PARVB;PARVG;Magnesium
PARVB;ACTB;Magnesium
RGS14;ITGAM;Magnesium
NPNT;FRAS1;Magnesium
NPNT;FREM1;Magnesium
PRKD1;ITGAM;Magnesium
PRKD1;PRKCB;Magnesium
PRKD1;PRKCA;Magnesium
PRKD1;PRKD2;Magnesium
PARVG;ACTG1;Magnesium
PARVG;ACTB;Magnesium
PTPN6;PIK3CB;Magnesium
PTPN6;PIK3R1;Magnesium
PTPN6;PECAM1;Magnesium
PRKD2;ITGAM;Magnesium
PRKD2;PRKCB;Magnesium
PRKD2;PRKCA;Magnesium
CD44;LAMA2;Magnesium
CD44;CDC42;Magnesium
SHC1;IGF1R;Magnesium
TNXB;ITGB3;Magnesium
PRKCA;ACTG1;Magnesium
PTPRC;LYN;Magnesium
FREM1;FRAS1;Magnesium
PIK3R1;ITGAM;Magnesium
PIK3R1;LYN;Magnesium
PIK3R1;AKT1;Magnesium
LYN;PIK3CB;Magnesium
AKT1;PIK3CB;Magnesium
ITGB3;ITGAX;Magnesium
ITGB3;ACTG1;Magnesium
ITGB3;IGF1R;Magnesium
ITGB3;TLN2;Magnesium
TLN2;ACTB;Magnesium
TLN2;ACTG1;Magnesium
RASSF5;ITGAM;Magnesium
ITGAM;PIK3CB;Magnesium
CDC42;PIK3CB;Magnesium
XBP1;EXTL2;Magnesium
XBP1;EXTL3;Magnesium
XBP1;EXTL1;Magnesium
EXTL3;EXTL2;Magnesium
EXTL3;EXTL1;Magnesium
RFC2;DSCC1;Magnesium
RFC2;CHTF18;Magnesium
CDC6;ORC5;Magnesium
CDC6;ORC6;Magnesium
MCM5;TIPIN;Magnesium
MCM5;MCM8;Magnesium
MCM5;POLE;Magnesium
MCM5;POLE2;Magnesium
MCM5;ORC5;Magnesium
MCM5;WDHD1;Magnesium
POLE2;CRCP;Magnesium
POLE2;POLG2;Magnesium
POLE2;POLG;Magnesium
POLE2;CHTF18;Magnesium
POLE2;CHRAC1;Magnesium
POLE2;MCM7;Magnesium
POLE2;PRIM2;Magnesium
POLE2;PRIM1;Magnesium
POLE2;POLA2;Magnesium
POLE2;POLE3;Magnesium
POLE2;POLE4;Magnesium
ORC6;CDC7;Magnesium
ORC6;MCM4;Magnesium
ORC6;ORC2;Magnesium
ORC6;ORC1;Magnesium
ORC6;ORC5;Magnesium
ORC6;MCM7;Magnesium
CHRAC1;MCM3;Magnesium
CHRAC1;MAD2L2;Magnesium
CHRAC1;POLG2;Magnesium
CHRAC1;PRIM2;Magnesium
CHRAC1;POLD2;Magnesium
CHRAC1;POLD3;Magnesium
CHRAC1;POLG;Magnesium
CHRAC1;REV3L;Magnesium
CHRAC1;POLD1;Magnesium
CHRAC1;POLA1;Magnesium
CHRAC1;PRIM1;Magnesium
CHRAC1;CRCP;Magnesium
CHRAC1;POLA2;Magnesium
CHRAC1;POLE4;Magnesium
CHRAC1;POLE;Magnesium
CHRAC1;POLE3;Magnesium
RPA3;DONSON;Magnesium
RPA3;POLA2;Magnesium
RPA3;PRIM2;Magnesium
RPA3;PRIMPOL;Magnesium
STN1;POLA2;Magnesium
STN1;PRIM2;Magnesium
STN1;PRIM1;Magnesium
STN1;POLA1;Magnesium
STN1;TEN1;Magnesium
STN1;CTC1;Magnesium
ORC2;MCM8;Magnesium
ORC2;ORC5;Magnesium
MAD2L2;CRCP;Magnesium
MAD2L2;PRIM2;Magnesium
MAD2L2;POLG2;Magnesium
MAD2L2;PRIM1;Magnesium
MAD2L2;POLA2;Magnesium
MAD2L2;POLG;Magnesium
MAD2L2;POLE4;Magnesium
MAD2L2;POLE3;Magnesium
RPA1;DONSON;Magnesium
RPA1;POLA2;Magnesium
RPA1;PRIMPOL;Magnesium
TIPIN;PRIMPOL;Magnesium
TIPIN;MCM7;Magnesium
MCM4;ORC5;Magnesium
CHTF18;PCNA;Magnesium
CHTF18;POLE;Magnesium
CHTF18;DSCC1;Magnesium
CHTF18;RFC3;Magnesium
CHTF18;RFC4;Magnesium
CHTF18;RFC5;Magnesium
POLD3;CRCP;Magnesium
POLD3;DONSON;Magnesium
POLD3;POLG2;Magnesium
POLD3;POLG;Magnesium
POLD3;RPA4;Magnesium
POLD3;PRIM2;Magnesium
POLD3;POLE4;Magnesium
POLD3;PRIM1;Magnesium
POLD3;POLE3;Magnesium
POLD3;POLA2;Magnesium
MCM6;ORC5;Magnesium
MCM2;ORC5;Magnesium
POLA2;CRCP;Magnesium
POLA2;POLG2;Magnesium
POLA2;POLG;Magnesium
POLA2;CTC1;Magnesium
POLA2;MCM3;Magnesium
POLA2;PCNA;Magnesium
POLA2;RPA4;Magnesium
POLA2;RPA2;Magnesium
POLA2;DONSON;Magnesium
POLA2;TEN1;Magnesium
POLA2;POLE4;Magnesium
POLA2;POLE3;Magnesium
POLA2;REV3L;Magnesium
POLA2;POLD2;Magnesium
POLA2;POLE;Magnesium
POLA2;POLD1;Magnesium
POLA2;PRIM2;Magnesium
POLA2;POLA1;Magnesium
POLA2;PRIM1;Magnesium
ORC5;MCM7;Magnesium
ORC5;MCM3;Magnesium
ORC5;ORC1;Magnesium
DONSON;PCNA;Magnesium
DONSON;MCM3;Magnesium
DONSON;RPA4;Magnesium
DONSON;RPA2;Magnesium
DONSON;PRIM1;Magnesium
DONSON;POLD1;Magnesium
DONSON;POLA1;Magnesium
DONSON;POLD2;Magnesium
DONSON;PRIM2;Magnesium
MCM7;WDHD1;Magnesium
MCM7;MCM8;Magnesium
DSCC1;POLE;Magnesium
DSCC1;RFC4;Magnesium
DSCC1;RFC5;Magnesium
DSCC1;RFC3;Magnesium
POLE;POLG2;Magnesium
POLE;CRCP;Magnesium
POLE;PRIM2;Magnesium
POLE;POLE3;Magnesium
POLE;POLE4;Magnesium
NLGN4Y;PRIM1;Magnesium
NLGN4Y;PRIM2;Magnesium
PRIM1;CRCP;Magnesium
PRIM1;CTC1;Magnesium
PRIM1;POLG2;Magnesium
PRIM1;RPA4;Magnesium
PRIM1;POLE4;Magnesium
PRIM1;TEN1;Magnesium
PRIM1;POLG;Magnesium
PRIM1;POLE3;Magnesium
PRIM1;POLD2;Magnesium
PRIM1;REV3L;Magnesium
PRIM1;POLA1;Magnesium
REV3L;CRCP;Magnesium
REV3L;POLG2;Magnesium
REV3L;POLE4;Magnesium
REV3L;POLE3;Magnesium
REV3L;PRIM2;Magnesium
RPA4;MCM3;Magnesium
RPA4;PCNA;Magnesium
RPA4;POLA1;Magnesium
RPA4;POLD2;Magnesium
RPA4;PRIM2;Magnesium
RPA2;PRIMPOL;Magnesium
POLE3;MCM3;Magnesium
POLE3;CRCP;Magnesium
POLE3;POLG;Magnesium
POLE3;POLG2;Magnesium
POLE3;PRIM2;Magnesium
POLE3;POLD2;Magnesium
POLE3;POLD1;Magnesium
POLE3;POLA1;Magnesium
POLE3;POLE4;Magnesium
POLA1;CRCP;Magnesium
POLA1;POLG2;Magnesium
POLA1;POLG;Magnesium
POLA1;TEN1;Magnesium
POLA1;CTC1;Magnesium
POLA1;POLE4;Magnesium
CRCP;MCM3;Magnesium
CRCP;POLD2;Magnesium
CRCP;POLE4;Magnesium
CRCP;POLD1;Magnesium
CRCP;PRIM2;Magnesium
CRCP;POLG;Magnesium
CRCP;POLG2;Magnesium
TEN1;PRIM2;Magnesium
TEN1;CTC1;Magnesium
POLG;MCM3;Magnesium
POLG;POLE4;Magnesium
POLG;PRIM2;Magnesium
POLG;POLD2;Magnesium
POLG;POLG2;Magnesium
POLE4;MCM3;Magnesium
POLE4;POLG2;Magnesium
POLE4;PRIM2;Magnesium
POLE4;POLD1;Magnesium
POLE4;POLD2;Magnesium
POLG2;MCM3;Magnesium
POLG2;POLD1;Magnesium
POLG2;POLD2;Magnesium
POLG2;PRIM2;Magnesium
POLD1;PRIM2;Magnesium
POLD2;PRIM2;Magnesium
PRIM2;CTC1;Magnesium
CBX5;SUV39H1;Magnesium
SIRT1;SUV39H1;Magnesium
RPA3;CLSPN;Magnesium
RPA1;TERT;Magnesium
TERF2;XRCC5;Magnesium
TERF2;ACD;Magnesium
TERF2;DCLRE1B;Magnesium
TERF2;TINF2;Magnesium
BRIP1;CLSPN;Magnesium
TIPIN;CLSPN;Magnesium
TINF2;XRCC5;Magnesium
TINF2;XRCC6;Magnesium
TINF2;TERF1;Magnesium
TINF2;POT1;Magnesium
TINF2;ACD;Magnesium
TERF1;XRCC5;Magnesium
TERF1;ACD;Magnesium
APLF;HLTF;Magnesium
APLF;XRCC4;Magnesium
TERT;XRCC5;Magnesium
TERT;ACD;Magnesium
TERT;POT1;Magnesium
CLSPN;POLE;Magnesium
CLSPN;TIMELESS;Magnesium
POLE;TIMELESS;Magnesium
PNKP;XRCC4;Magnesium
SIRT6;RBBP8;Magnesium
POT1;XRCC5;Magnesium
POT1;ACD;Magnesium
XRCC6;ACD;Magnesium
PARP1;TIMELESS;Magnesium
APTX;XRCC4;Magnesium
XRCC5;ACD;Magnesium
BIVM-ERCC5;ERCC5;Magnesium
CREBBP;TDG;Magnesium
CREBBP;UBE2I;Magnesium
CREBBP;SUMO1;Magnesium
DNMT3A;DNMT3B;Magnesium
DNMT3A;DNMT1;Magnesium
DNMT3B;DNMT1;Magnesium
SUMO1;TDG;Magnesium
TDG;SUMO2;Magnesium
NUDT12;EPHX2;Magnesium
NUDT12;NT5E;Magnesium
NT5E;NUDT13;Magnesium
ALDH1L2;EPHX2;Magnesium
GMPR;EPHX2;Magnesium
GMPR;GMPR2;Magnesium
CYP2C9;EPHX1;Magnesium
ALDH2;EPHX2;Magnesium
ALDH2;ALDH4A1;Magnesium
ALDH2;ACOX1;Magnesium
ALDH8A1;EPHX2;Magnesium
ALDH1L1;EPHX2;Magnesium
CYP2C18;EPHX1;Magnesium
PRKAG2;EPHX2;Magnesium
PRKAG2;PRKAG3;Magnesium
PRKAG2;PRKAG1;Magnesium
ACOX1;ALDH1B1;Magnesium
ACOX1;ALDH7A1;Magnesium
ACOX1;ALDH9A1;Magnesium
ACOX1;ALDH3A2;Magnesium
ALDH16A1;EPHX2;Magnesium
ALDH5A1;EPHX2;Magnesium
IMPDH2;EPHX2;Magnesium
PRKAG1;EPHX2;Magnesium
PRKAG1;PRKAG3;Magnesium
CYP2B6;EPHX1;Magnesium
DALRD3;EPHX2;Magnesium
IMPDH1;EPHX2;Magnesium
ALDH3A2;EPHX2;Magnesium
ALDH3A2;ALDH4A1;Magnesium
ALDH9A1;EPHX2;Magnesium
ALDH9A1;ALDH4A1;Magnesium
NUDT13;EPHX2;Magnesium
PNP;EPHX2;Magnesium
CYP2J2;EPHX2;Magnesium
CYP2C8;EPHX1;Magnesium
ADA;EPHX2;Magnesium
ALDH4A1;EPHX2;Magnesium
ALDH4A1;ALDH1B1;Magnesium
ALDH4A1;ALDH7A1;Magnesium
ALDH1B1;EPHX2;Magnesium
QRICH1;EPHX2;Magnesium
AMPD3;EPHX2;Magnesium
ADA2;EPHX2;Magnesium
ALDH7A1;EPHX2;Magnesium
PRKAG3;EPHX2;Magnesium
ALDH3A1;EPHX2;Magnesium
ALDH3A1;ALDH3B1;Magnesium
ALDH3A1;ALDH3B2;Magnesium
AMPD1;EPHX2;Magnesium
EPHX2;ALDH3B2;Magnesium
EPHX2;ALDH3B1;Magnesium
EPHX2;F8VP50_HUMAN;Magnesium
EPHX2;AMPD2;Magnesium
EPHX2;ADAL;Magnesium
EPHX2;GMPR2;Magnesium
EPHX2;MTAP;Magnesium
ALDH3B1;ALDH3B2;Magnesium
LDHAL6A;TALDO1;Magnesium
LDHAL6A;G6PD;Magnesium
LDHAL6A;PDHA2;Magnesium
LDHAL6A;H6PD;Magnesium
LDHAL6A;LDHD;Magnesium
LDHAL6A;PDHB;Magnesium
LDHAL6A;ME2;Magnesium
LDHAL6A;ME1;Magnesium
LDHAL6A;ME3;Magnesium
LDHAL6A;PC;Magnesium
LDHAL6A;PKLR;Magnesium
LDHAL6A;PKM;Magnesium
PDHA2;G6PD;Magnesium
PDHA2;TALDO1;Magnesium
PDHA2;H6PD;Magnesium
PDHA2;ME3;Magnesium
PDHA2;ME1;Magnesium
PDHA2;ME2;Magnesium
PDHA2;LDHAL6B;Magnesium
PDHA2;LDHD;Magnesium
PDHA2;PC;Magnesium
PDHA2;LDHA;Magnesium
PDHA2;PKLR;Magnesium
PDHA2;PKM;Magnesium
PDHA2;LDHC;Magnesium
PDHA2;PDHB;Magnesium
LDHD;PC;Magnesium
LDHD;ME3;Magnesium
LDHD;ME2;Magnesium
LDHD;ME1;Magnesium
LDHD;PDHB;Magnesium
LDHD;PKLR;Magnesium
LDHD;PKM;Magnesium
LDHD;LDHA;Magnesium
LDHD;LDHC;Magnesium
LDHD;LDHAL6B;Magnesium
LDHAL6B;TALDO1;Magnesium
LDHAL6B;G6PD;Magnesium
LDHAL6B;H6PD;Magnesium
LDHAL6B;PDHB;Magnesium
LDHAL6B;ME2;Magnesium
LDHAL6B;ME1;Magnesium
LDHAL6B;ME3;Magnesium
LDHAL6B;PC;Magnesium
LDHAL6B;PKM;Magnesium
LDHAL6B;PKLR;Magnesium
PDHB;G6PD;Magnesium
PDHB;H6PD;Magnesium
PDHB;LDHC;Magnesium
PDHB;ME2;Magnesium
PDHB;ME3;Magnesium
PDHB;ME1;Magnesium
PDHB;LDHA;Magnesium
PDHB;PKLR;Magnesium
PKM;G6PD;Magnesium
PKM;H6PD;Magnesium
PKM;ME2;Magnesium
PKM;ME3;Magnesium
PKM;ME1;Magnesium
PKM;LDHC;Magnesium
PKM;LDHA;Magnesium
ME2;AFMID;Magnesium
ME2;ME3;Magnesium
ME2;ME1;Magnesium
ME2;LDHC;Magnesium
ME2;PKLR;Magnesium
ME2;CS;Magnesium
ME2;MDH2;Magnesium
ME2;LDHA;Magnesium
ME2;PC;Magnesium
ME2;FH;Magnesium
TALDO1;LDHC;Magnesium
TALDO1;PKLR;Magnesium
MDH2;AFMID;Magnesium
MDH2;ME3;Magnesium
AFMID;ME3;Magnesium
AFMID;ME1;Magnesium
AFMID;PC;Magnesium
AFMID;FH;Magnesium
PKLR;G6PD;Magnesium
PKLR;H6PD;Magnesium
PKLR;PC;Magnesium
PKLR;ME1;Magnesium
PKLR;ME3;Magnesium
PKLR;LDHC;Magnesium
PKLR;LDHA;Magnesium
CS;ME3;Magnesium
FH;ME3;Magnesium
ME1;ME3;Magnesium
ME1;LDHC;Magnesium
G6PD;LDHC;Magnesium
LDHC;H6PD;Magnesium
LDHC;ME3;Magnesium
LDHC;PC;Magnesium
LDHC;LDHA;Magnesium
ME3;LDHA;Magnesium
ME3;PC;Magnesium
CYP51A1;SREBF2;Magnesium
CYP51A1;DHCR7;Magnesium
CYP51A1;DHCR24;Magnesium
CYP51A1;HSD17B7;Magnesium
CYP51A1;MSMO1;Magnesium
CYP51A1;FDFT1;Magnesium
CYP51A1;LSS;Magnesium
MVK;PMVK;Magnesium
MVK;MVD;Magnesium
HSD17B7;DHCR7;Magnesium
HSD17B7;DHCR24;Magnesium
HSD17B7;LSS;Magnesium
HSD17B7;FDFT1;Magnesium
HSD17B7;NSDHL;Magnesium
HSD17B7;SC5D;Magnesium
HSD17B7;MSMO1;Magnesium
MSMO1;LSS;Magnesium
MSMO1;DHCR24;Magnesium
MSMO1;SC5D;Magnesium
MSMO1;FDFT1;Magnesium
MSMO1;SQLE;Magnesium
MSMO1;NSDHL;Magnesium
SC5D;DHCR24;Magnesium
SC5D;LSS;Magnesium
SC5D;FDFT1;Magnesium
SC5D;DHCR7;Magnesium
SQLE;DHCR7;Magnesium
SQLE;LSS;Magnesium
SQLE;FDFT1;Magnesium
IDI2;UBIAD1;Magnesium
IDI2;COQ2;Magnesium
IDI2;LSS;Magnesium
IDI2;GGPS1;Magnesium
IDI2;FDPS;Magnesium
IDI2;MVD;Magnesium
GGPS1;NUS1;Magnesium
GGPS1;DHDDS;Magnesium
GGPS1;FDFT1;Magnesium
GGPS1;IDI1;Magnesium
GGPS1;MVD;Magnesium
GGPS1;FDPS;Magnesium
HMGCR;UBIAD1;Magnesium
HMGCR;SREBF2;Magnesium
HMGCR;INSIG1;Magnesium
MVD;SREBF1;Magnesium
MVD;SREBF2;Magnesium
MVD;PMVK;Magnesium
MVD;FDPS;Magnesium
MVD;IDI1;Magnesium
COQ2;LSS;Magnesium
COQ2;PARK7;Magnesium
COQ2;NUS1;Magnesium
COQ2;DHDDS;Magnesium
COQ2;IDI1;Magnesium
COQ2;UBIAD1;Magnesium
PARK7;IDI1;Magnesium
INSIG1;SREBF2;Magnesium
DHCR7;DHCR24;Magnesium
SREBF1;LSS;Magnesium
SREBF1;SREBF2;Magnesium
FDPS;NUS1;Magnesium
FDPS;DHDDS;Magnesium
FDPS;IDI1;Magnesium
FDPS;FDFT1;Magnesium
DHDDS;UBIAD1;Magnesium
DHDDS;FDFT1;Magnesium
DHDDS;NUS1;Magnesium
SREBF2;LSS;Magnesium
NUS1;UBIAD1;Magnesium
NUS1;FDFT1;Magnesium
PDCD11;IDI1;Magnesium
DHCR24;LSS;Magnesium
UBIAD1;IDI1;Magnesium
IDI1;LSS;Magnesium
STRADB;STRADA;Magnesium
STRADB;PRKAA1;Magnesium
STRADB;PRKAA2;Magnesium
STRADB;STK11;Magnesium
STRADB;CAB39L;Magnesium
STRADB;CAB39;Magnesium
TSC2;PRKAG3;Magnesium
TSC2;PRKAG2;Magnesium
TSC2;PRKAG1;Magnesium
TSC2;PRKAB2;Magnesium
TSC2;PRKAB1;Magnesium
TSC2;PRKAA1;Magnesium
CDC37;STK11;Magnesium
CDC37;AKT1;Magnesium
CDC37;HSP90AA1;Magnesium
CDC37;HSP90AB1;Magnesium
PRKAB2;FOXO3;Magnesium
PRKAB2;RPTOR;Magnesium
PRKAB2;MTOR;Magnesium
PRKAB2;FOXO1;Magnesium
PRKAB2;CAMKK2;Magnesium
PRKAB2;STK11;Magnesium
PRKAB2;PRKAB1;Magnesium
PRKAB2;PRKAG1;Magnesium
PRKAB2;PRKAG3;Magnesium
PRKAB2;PRKAA2;Magnesium
PRKAB2;PRKAA1;Magnesium
PRKAB2;PRKAG2;Magnesium
KRAS;ALK;Magnesium
CAB39;PRKAA2;Magnesium
CAB39;PRKAA1;Magnesium
CAB39;CAB39L;Magnesium
CAB39;STK11;Magnesium
CAB39;STRADA;Magnesium
NUAK1;STK11;Magnesium
PALB2;KEAP1;Magnesium
PIK3CA;PRKCI;Magnesium
PIK3CA;MTOR;Magnesium
PIK3CA;ALK;Magnesium
PRKAG2;FOXO1;Magnesium
PRKAG2;FOXO3;Magnesium
PRKAG2;MTOR;Magnesium
PRKAG2;RPTOR;Magnesium
PRKAG2;STK11;Magnesium
PRKAG2;CAMKK2;Magnesium
PRKAG2;PRKAA2;Magnesium
PRKAG2;PRKAB1;Magnesium
PRKAG2;PRKAA1;Magnesium
PRKCI;STK11;Magnesium
PRKCI;PTEN;Magnesium
PRKCI;PRKCZ;Magnesium
RPTOR;PRKAG3;Magnesium
RPTOR;PRKAG1;Magnesium
RPTOR;PRKAB1;Magnesium
RPTOR;PRKAA1;Magnesium
CAMKK2;STK11;Magnesium
CAMKK2;PRKAA1;Magnesium
CAMKK2;PRKAG3;Magnesium
CAMKK2;PRKAA2;Magnesium
CAMKK2;PRKAB1;Magnesium
CAMKK2;PRKAG1;Magnesium
PRKAG1;FOXO1;Magnesium
PRKAG1;FOXO3;Magnesium
PRKAG1;MTOR;Magnesium
PRKAG1;STK11;Magnesium
PRKAG1;PRKAB1;Magnesium
PRKAG1;PRKAA1;Magnesium
PRKAG1;PRKAA2;Magnesium
STK11;FOXO4;Magnesium
STK11;ARHGEF18;Magnesium
STK11;PRKAG3;Magnesium
STK11;PRKAB1;Magnesium
STK11;PRKAA2;Magnesium
STK11;PRKAA1;Magnesium
STK11;CAB39L;Magnesium
STK11;STRADA;Magnesium
STRADA;PRKAA2;Magnesium
STRADA;PRKAA1;Magnesium
STRADA;CAB39L;Magnesium
FOXO3;PRKAG3;Magnesium
FOXO3;PRKAB1;Magnesium
FOXO3;PRKAA2;Magnesium
FOXO3;PRKAA1;Magnesium
PRKAA1;CAB39L;Magnesium
PRKAA1;FOXO1;Magnesium
PRKAA1;MTOR;Magnesium
PRKAA1;PRKAA2;Magnesium
PRKAA1;PRKAG3;Magnesium
PRKAA1;PRKAB1;Magnesium
MTOR;PRKAG3;Magnesium
MTOR;FKBP5;Magnesium
MTOR;PRKAB1;Magnesium
PRKAA2;CAB39L;Magnesium
PRKAA2;FOXO1;Magnesium
PRKAA2;PRKAG3;Magnesium
PRKAA2;PRKAB1;Magnesium
FOXO4;YWHAZ;Magnesium
FOXO1;PRKAG3;Magnesium
FOXO1;PRKAB1;Magnesium
ALK;MYC;Magnesium
YWHAZ;MARK2;Magnesium
PRKAG3;PRKAB1;Magnesium
BRCA1;AKT1;Magnesium
CASP3;SAV1;Magnesium
CASP3;STK3;Magnesium
CASP3;STK4;Magnesium
SAV1;RASSF1;Magnesium
SAV1;LATS2;Magnesium
SAV1;STK3;Magnesium
SAV1;STK4;Magnesium
FOXO3;STK4;Magnesium
RASSF4;STK4;Magnesium
RASSF4;RASSF2;Magnesium
RASSF4;STK3;Magnesium
RASSF6;STK4;Magnesium
RASSF6;STK3;Magnesium
RASSF1;STK3;Magnesium
RASSF1;RASSF5;Magnesium
RASSF1;STK4;Magnesium
AMOT;LATS2;Magnesium
AMOT;LATS1;Magnesium
AMOT;WWTR1;Magnesium
AMOT;YAP1;Magnesium
STK4;RASSF3;Magnesium
STK4;FOXO4;Magnesium
STK4;LATS1;Magnesium
STK4;RASSF2;Magnesium
STK4;FOXO1;Magnesium
STK4;LATS2;Magnesium
STK4;STK3;Magnesium
STK4;RASSF5;Magnesium
STK4;MOB1A;Magnesium
RASSF2;RASSF5;Magnesium
RASSF2;STK3;Magnesium
LATS2;STK3;Magnesium
LATS2;LATS1;Magnesium
LATS2;WWTR1;Magnesium
LATS2;MOB1B;Magnesium
LATS2;MOB1A;Magnesium
LATS2;YAP1;Magnesium
MOB1A;STK3;Magnesium
MOB1A;LATS1;Magnesium
MOB1B;STK3;Magnesium
MOB1B;LATS1;Magnesium
WWTR1;LATS1;Magnesium
STK3;RASSF3;Magnesium
STK3;RASSF5;Magnesium
STK3;LATS1;Magnesium
LATS1;YAP1;Magnesium
LRPPRC;SLIRP;Magnesium
MTPAP;CALCOCO2;Magnesium
CIB3;TMC1;Magnesium
UBE2N;MAP3K20;Magnesium
MAP3K20;ZNF567;Magnesium
SGPP1;SGPP2;Magnesium
SGPP1;DEGS2;Magnesium
SGPP1;ACER2;Magnesium
SGPP1;ACER1;Magnesium
SGPP1;ASAH2;Magnesium
SGPP1;PLPP2;Magnesium
SGPP1;KDSR;Magnesium
SGPP1;SMPD2;Magnesium
SGPP1;DEGS1;Magnesium
SGPP1;SMPD1;Magnesium
SGPP1;CERS3;Magnesium
SGPP1;PLPP3;Magnesium
SGPP1;CERS5;Magnesium
SGPP1;ACER3;Magnesium
SGPP1;CERS2;Magnesium
SGPP1;CERS6;Magnesium
SGPP1;ASAH1;Magnesium
SGPP1;CERS4;Magnesium
SGPP1;SPHK1;Magnesium
SGPP1;SGPL1;Magnesium
SGPP1;SPHK2;Magnesium
TRAF2;PRKCE;Magnesium
TRAF2;BECN1;Magnesium
CERS4;PLPP3;Magnesium
CERS4;PLPP2;Magnesium
CERS4;SGPP2;Magnesium
CERS4;ACER3;Magnesium
CERS4;SPHK2;Magnesium
CERS4;SPHK1;Magnesium
SMPD2;PLPP3;Magnesium
SMPD2;PLPP2;Magnesium
SMPD2;SGPP2;Magnesium
SYT1;S100A13;Magnesium
PLD2;SPHK2;Magnesium
PLD2;SPHK1;Magnesium
PLD2;PRKCA;Magnesium
CERS2;PLPP3;Magnesium
CERS2;PLPP2;Magnesium
CERS2;SGPP2;Magnesium
CERS2;ACER3;Magnesium
CERS2;SPHK1;Magnesium
CERS2;SPHK2;Magnesium
CERS3;PLPP3;Magnesium
CERS3;PLPP2;Magnesium
CERS3;SGPP2;Magnesium
CERS3;SPHK1;Magnesium
CERS3;SPHK2;Magnesium
CERS3;ACER3;Magnesium
ACER1;PLPP3;Magnesium
ACER1;PLPP2;Magnesium
ACER1;SGPP2;Magnesium
ACER1;SPHK1;Magnesium
ACER1;SPHK2;Magnesium
PRKCE;SPHK2;Magnesium
PRKCE;SPHK1;Magnesium
DEGS2;PLPP3;Magnesium
DEGS2;PLPP2;Magnesium
DEGS2;SGPP2;Magnesium
DEGS2;ACER3;Magnesium
DEGS2;SPHK1;Magnesium
DEGS2;SPHK2;Magnesium
SPHK1;PLD1;Magnesium
SPHK1;PLPP2;Magnesium
SPHK1;PLPP3;Magnesium
SPHK1;DEGS1;Magnesium
SPHK1;CERS5;Magnesium
SPHK1;KDSR;Magnesium
SPHK1;ACER3;Magnesium
SPHK1;CERS6;Magnesium
SPHK1;SGPP2;Magnesium
SPHK1;ASAH2;Magnesium
SPHK1;ASAH1;Magnesium
SPHK1;SGPL1;Magnesium
SGPP2;KDSR;Magnesium
SGPP2;DEGS1;Magnesium
SGPP2;SMPD1;Magnesium
SGPP2;ACER2;Magnesium
SGPP2;CERS5;Magnesium
SGPP2;ASAH2;Magnesium
SGPP2;ACER3;Magnesium
SGPP2;PLPP3;Magnesium
SGPP2;CERS6;Magnesium
SGPP2;ASAH1;Magnesium
SGPP2;PLPP2;Magnesium
SGPP2;SPHK2;Magnesium
SGPP2;SGPL1;Magnesium
DEGS1;PLPP2;Magnesium
DEGS1;PLPP3;Magnesium
DEGS1;ACER3;Magnesium
DEGS1;SPHK2;Magnesium
CERS5;PLPP3;Magnesium
CERS5;PLPP2;Magnesium
CERS5;ACER3;Magnesium
CERS5;SPHK2;Magnesium
PLPP2;ASAH2;Magnesium
PLPP2;SMPD1;Magnesium
PLPP2;ACER2;Magnesium
PLPP2;KDSR;Magnesium
PLPP2;CERS6;Magnesium
PLPP2;ASAH1;Magnesium
PLPP2;SPHK2;Magnesium
PLPP2;ACER3;Magnesium
PLPP2;SGPL1;Magnesium
SMPD1;PLPP3;Magnesium
ACER2;PLPP3;Magnesium
PLD1;SPHK2;Magnesium
PLD1;PRKCA;Magnesium
PLPP3;ASAH2;Magnesium
PLPP3;ACER3;Magnesium
PLPP3;ASAH1;Magnesium
PLPP3;KDSR;Magnesium
PLPP3;CERS6;Magnesium
PLPP3;SGPL1;Magnesium
PLPP3;SPHK2;Magnesium
SGPL1;SPHK2;Magnesium
ASAH1;ACER3;Magnesium
ASAH1;SPHK2;Magnesium
CERS6;SPHK2;Magnesium
CERS6;ACER3;Magnesium
ASAH2;SPHK2;Magnesium
ASAH2;ACER3;Magnesium
ACER3;KDSR;Magnesium
ACER3;SPHK2;Magnesium
SPHK2;KDSR;Magnesium
CNNM2;PTP4A1;Magnesium
PTP4A2;PTP4A1;Magnesium
CDC6;ICK;Magnesium
CDC6;ORC3;Magnesium
CDC6;ORC4;Magnesium
MCM5;ICK;Magnesium
MCM5;ORC3;Magnesium
ORC2;ICK;Magnesium
ORC2;ORC3;Magnesium
ORC2;ORC4;Magnesium
ORC3;ICK;Magnesium
ORC3;MCM4;Magnesium
ORC3;MCM7;Magnesium
ORC3;MCM2;Magnesium
ORC3;CDT1;Magnesium
ORC3;ORC5;Magnesium
ORC3;ORC4;Magnesium
MCM4;ICK;Magnesium
MCM4;ORC4;Magnesium
MCM6;ICK;Magnesium
MCM6;ORC4;Magnesium
MCM2;ICK;Magnesium
MCM2;ORC4;Magnesium
ORC5;ICK;Magnesium
ORC5;CDT1;Magnesium
ORC5;ORC4;Magnesium
CDT1;ICK;Magnesium
CDT1;ORC4;Magnesium
MCM7;ICK;Magnesium
MCM7;ORC4;Magnesium
ICK;ORC4;Magnesium
ICK;MCM3;Magnesium
ORC4;MCM3;Magnesium
CRBN;TUSC3;Magnesium
RPN2;ALG10;Magnesium
RPN2;ALG10B;Magnesium
RPN2;MOGS;Magnesium
RPN2;DOLPP1;Magnesium
DAD1;DOLPP1;Magnesium
DAD1;ALG10;Magnesium
DAD1;ALG10B;Magnesium
DAD1;MOGS;Magnesium
ALG10;RPN1;Magnesium
ALG10;ALG10B;Magnesium
ALG10;DDOST;Magnesium
ALG10;TUSC3;Magnesium
ALG10;STT3B;Magnesium
ALG10;STT3A;Magnesium
STT3B;DOLPP1;Magnesium
STT3B;ALG10B;Magnesium
STT3B;MOGS;Magnesium
RPN1;DOLPP1;Magnesium
RPN1;ALG10B;Magnesium
RPN1;MOGS;Magnesium
ALG10B;DDOST;Magnesium
ALG10B;TUSC3;Magnesium
ALG10B;STT3A;Magnesium
DOLPP1;DDOST;Magnesium
DOLPP1;TUSC3;Magnesium
DOLPP1;STT3A;Magnesium
IL1RAPL1;TUSC3;Magnesium
STT3A;MOGS;Magnesium
DDOST;MOGS;Magnesium
MOGS;TUSC3;Magnesium
FERMT1;FERMT2;Magnesium
FERMT1;FERMT3;Magnesium
PIK3R2;PDPK1;Magnesium
PIK3R2;AKT2;Magnesium
PIK3R2;AKT3;Magnesium
NCK2;ARHGEF7;Magnesium
NCK2;LIMS1;Magnesium
ARHGEF6;ARHGEF7;Magnesium
ARHGEF6;PARVB;Magnesium
PIK3R3;PDPK1;Magnesium
PIK3R3;AKT2;Magnesium
PIK3R3;AKT3;Magnesium
PIK3CA;PDPK1;Magnesium
RUVBL1;ACTG1;Magnesium
RUVBL1;ACTB;Magnesium
RUVBL1;CTNNB1;Magnesium
LIMS2;RSU1;Magnesium
LIMS2;ILK;Magnesium
FLNC;FBLIM1;Magnesium
PARVA;RSU1;Magnesium
PARVA;LIMS1;Magnesium
LIMS1;RSU1;Magnesium
LIMS1;ILK;Magnesium
LIMS1;PARVG;Magnesium
LIMS1;PARVB;Magnesium
FERMT2;FBLIM1;Magnesium
PDPK1;PRKCA;Magnesium
PDPK1;PIK3CD;Magnesium
PDPK1;PIK3R1;Magnesium
PDPK1;PIK3CB;Magnesium
FLNA;FBLIM1;Magnesium
PIK3CD;AKT3;Magnesium
PIK3CD;AKT2;Magnesium
RSU1;PARVG;Magnesium
RSU1;PARVB;Magnesium
RSU1;ILK;Magnesium
TMSB4X;ACTB;Magnesium
TMSB4X;ACTG1;Magnesium
AKT2;PIK3R1;Magnesium
AKT2;PIK3CB;Magnesium
PIK3R1;AKT3;Magnesium
ARHGEF7;CDC42;Magnesium
AKT3;PIK3CB;Magnesium
RBM39;DHX9;Magnesium
RBM39;SF1;Magnesium
PRPF38A;DHX9;Magnesium
PRPF38A;SF3A3;Magnesium
SRSF1;SF3A3;Magnesium
U2AF2;SF1;Magnesium
DDX23;SF3A3;Magnesium
DDX23;USP39;Magnesium
USP39;SF3A3;Magnesium
USP39;SNRNP70;Magnesium
SRSF7;LUC7L2;Magnesium
SRSF7;SRPK1;Magnesium
SRSF7;TRA2B;Magnesium
SREK1;SRSF8;Magnesium
DHX9;LUC7L3;Magnesium
DHX9;SF1;Magnesium
CDC5L;SF1;Magnesium
CDC5L;SF3A3;Magnesium
SF3A3;SNRNP70;Magnesium
SF3A3;SF1;Magnesium
SRPK1;DROSHA;Magnesium
SF1;LUC7L3;Magnesium
PPP2CB;MOB1A;Magnesium
PPP2CB;SLMAP;Magnesium
PPP2CB;YAP1;Magnesium
PPP2CB;WWTR1;Magnesium
PPP2CB;STK3;Magnesium
PPP2R1B;WWTR1;Magnesium
PPP2R1B;YAP1;Magnesium
PPP2R1B;STK3;Magnesium
PPP2R1A;WWTR1;Magnesium
PPP2R1A;YAP1;Magnesium
PPP2R1A;STK3;Magnesium
PPP2R1A;SLMAP;Magnesium
PPP2R2A;MOB1A;Magnesium
PPP2R2A;STK3;Magnesium
PPP2R2A;WWTR1;Magnesium
PPP2R2A;YAP1;Magnesium
PPP2R2C;STK3;Magnesium
PPP2R2C;YAP1;Magnesium
PPP2R2C;WWTR1;Magnesium
PPP2R2B;MOB1A;Magnesium
PPP2R2B;STK3;Magnesium
PPP2R2B;WWTR1;Magnesium
PPP2R2B;YAP1;Magnesium
MOB1A;PPP2CA;Magnesium
PPP2R2D;STK3;Magnesium
PPP2R2D;YAP1;Magnesium
PPP2R2D;WWTR1;Magnesium
RAF1;STK3;Magnesium
PPP2CA;WWTR1;Magnesium
PPP2CA;YAP1;Magnesium
PPP2CA;STK3;Magnesium
PPP2CA;SLMAP;Magnesium
YWHAH;MARK2;Magnesium
YWHAH;MARK3;Magnesium
YWHAE;MARK3;Magnesium
PRKCI;PARD3;Magnesium
YWHAG;MARK3;Magnesium
MAPT;MARK2;Magnesium
MAPT;MARK1;Magnesium
MTCL1;MARK2;Magnesium
UTRN;MARK2;Magnesium
YWHAB;MARK2;Magnesium
YWHAB;MARK3;Magnesium
YWHAQ;MARK3;Magnesium
YWHAQ;MARK2;Magnesium
YWHAZ;MARK3;Magnesium
MARK2;MARK3;Magnesium
CTTNBP2;CTTNBP2NL;Magnesium
CTTNBP2;STK24;Magnesium
CTTNBP2;PDCD10;Magnesium
CTTNBP2;PPP2R1A;Magnesium
CTTNBP2;PPP2CA;Magnesium
CTTNBP2;STK25;Magnesium
CTTNBP2;STK26;Magnesium
CTTNBP2;STRN4;Magnesium
CTTNBP2;STRIP2;Magnesium
CTTNBP2;MOB4;Magnesium
CTTNBP2;STRN;Magnesium
CTTNBP2;STRIP1;Magnesium
CTTNBP2;STRN3;Magnesium
FGFR1OP2;STRN4;Magnesium
FGFR1OP2;STRIP2;Magnesium
FGFR1OP2;STK26;Magnesium
FGFR1OP2;STRN;Magnesium
FGFR1OP2;SLMAP;Magnesium
FGFR1OP2;STK24;Magnesium
FGFR1OP2;STK25;Magnesium
FGFR1OP2;PDCD10;Magnesium
FGFR1OP2;MOB4;Magnesium
FGFR1OP2;TRAF3IP3;Magnesium
FGFR1OP2;SIKE1;Magnesium
FGFR1OP2;STRIP1;Magnesium
FGFR1OP2;STRN3;Magnesium
STRIP2;STRN4;Magnesium
STRIP2;STK26;Magnesium
STRIP2;TRAF3IP3;Magnesium
STRIP2;STRN;Magnesium
STRIP2;STRIP1;Magnesium
STRIP2;CTTNBP2NL;Magnesium
STRIP2;SIKE1;Magnesium
STRIP2;STK24;Magnesium
STRIP2;MOB4;Magnesium
STRIP2;STK25;Magnesium
STRIP2;STRN3;Magnesium
CAB39;STK26;Magnesium
CAB39;STK25;Magnesium
CAB39;STK24;Magnesium
STRN;SLMAP;Magnesium
STRN;STK26;Magnesium
STRN;TRAF3IP3;Magnesium
STRN;CTTNBP2NL;Magnesium
STRN;SIKE1;Magnesium
STRN;STK25;Magnesium
STRN;PPP2R1A;Magnesium
STRN;MOB4;Magnesium
STRN;STRN4;Magnesium
STRN;STRN3;Magnesium
STRN;STRIP1;Magnesium
STRN;PDCD10;Magnesium
STRN;STK24;Magnesium
STRN;PPP2CA;Magnesium
CTTNBP2NL;STK26;Magnesium
CTTNBP2NL;STK25;Magnesium
CTTNBP2NL;PPP2CA;Magnesium
CTTNBP2NL;PPP2R1A;Magnesium
CTTNBP2NL;STK24;Magnesium
CTTNBP2NL;STRN4;Magnesium
CTTNBP2NL;MOB4;Magnesium
CTTNBP2NL;PDCD10;Magnesium
CTTNBP2NL;STRIP1;Magnesium
CTTNBP2NL;STRN3;Magnesium
CASP3;STK24;Magnesium
CASP3;STK26;Magnesium
MOB4;HSPE1-MOB4;Magnesium
MOB4;TRAF3IP3;Magnesium
MOB4;SIKE1;Magnesium
MOB4;STRN3;Magnesium
MOB4;STRIP1;Magnesium
MOB4;PDCD10;Magnesium
MOB4;STK24;Magnesium
MOB4;PPP2CA;Magnesium
MOB4;SLMAP;Magnesium
MOB4;STRN4;Magnesium
MOB4;STK26;Magnesium
MOB4;PPP2R1A;Magnesium
MOB4;STK25;Magnesium
LRSAM1;STK26;Magnesium
LRSAM1;STK24;Magnesium
LRSAM1;STK25;Magnesium
PPP2R1A;STK26;Magnesium
PPP2R1A;TRAF3IP3;Magnesium
PPP2R1A;SIKE1;Magnesium
PPP2R1A;STK25;Magnesium
PPP2R1A;STK24;Magnesium
PPP2R1A;PDCD10;Magnesium
PPP2R1A;STRN4;Magnesium
PPP2R1A;STRIP1;Magnesium
PPP2R1A;STRN3;Magnesium
STK25;C4orf19;Magnesium
STK25;GOLGA2;Magnesium
STK25;TRAF3IP3;Magnesium
STK25;PPP2CA;Magnesium
STK25;SLMAP;Magnesium
STK25;SIKE1;Magnesium
STK25;STRN3;Magnesium
STK25;STRN4;Magnesium
STK25;PDCD10;Magnesium
STK25;STK24;Magnesium
STK25;STRIP1;Magnesium
STK25;STK26;Magnesium
STRN3;TRAF3IP3;Magnesium
STRN3;STK24;Magnesium
STRN3;STK26;Magnesium
STRN3;SLMAP;Magnesium
STRN3;PPP2CA;Magnesium
STRN3;PDCD10;Magnesium
STRN3;STRIP1;Magnesium
STRN3;STRN4;Magnesium
STRN3;SIKE1;Magnesium
TRAF3IP3;SIKE1;Magnesium
TRAF3IP3;STK24;Magnesium
TRAF3IP3;PDCD10;Magnesium
TRAF3IP3;PPP2CA;Magnesium
TRAF3IP3;STK26;Magnesium
TRAF3IP3;STRN4;Magnesium
TRAF3IP3;STRIP1;Magnesium
SIKE1;STK26;Magnesium
SIKE1;STK24;Magnesium
SIKE1;PPP2CA;Magnesium
SIKE1;STRN4;Magnesium
SIKE1;STRIP1;Magnesium
SIKE1;PDCD10;Magnesium
SIKE1;SLMAP;Magnesium
STRIP1;STK24;Magnesium
STRIP1;PPP2CA;Magnesium
STRIP1;PDCD10;Magnesium
STRIP1;STRN4;Magnesium
STRIP1;STK26;Magnesium
STRIP1;SLMAP;Magnesium
STK24;C4orf19;Magnesium
STK24;PPP2CA;Magnesium
STK24;SLMAP;Magnesium
STK24;STRN4;Magnesium
STK24;STK26;Magnesium
STK24;PDCD10;Magnesium
C4orf19;STK26;Magnesium
C4orf19;PDCD10;Magnesium
STRN4;STK26;Magnesium
STRN4;PDCD10;Magnesium
STRN4;PPP2CA;Magnesium
PDCD10;PPP2CA;Magnesium
PDCD10;SLMAP;Magnesium
PDCD10;STK26;Magnesium
STK26;SLMAP;Magnesium
STK26;HSPE1-MOB4;Magnesium
OTC;PGM1;Magnesium
PYGM;PYGL;Magnesium
PYGM;PGM2L1;Magnesium
PYGM;PYGB;Magnesium
PYGM;PGM2;Magnesium
PYGM;UGP2;Magnesium
PYGM;AGL;Magnesium
PYGM;GBE1;Magnesium
PYGL;PGM2L1;Magnesium
PYGL;PGM2;Magnesium
PYGL;PYGB;Magnesium
PYGL;UGP2;Magnesium
PYGL;AGL;Magnesium
PYGL;GBE1;Magnesium
PYGB;PGM2L1;Magnesium
PYGB;PGM2;Magnesium
PYGB;UGP2;Magnesium
PYGB;GBE1;Magnesium
PYGB;AGL;Magnesium
GYS2;UGP2;Magnesium
GYS2;GBE1;Magnesium
SORD;ESD;Magnesium
UAP1;PGM3;Magnesium
AGL;PGM2L1;Magnesium
AGL;PGM2;Magnesium
AGL;UGP2;Magnesium
AGL;GBE1;Magnesium
PGM2L1;PGM2;Magnesium
PGM2L1;UGP2;Magnesium
GYS1;UGP2;Magnesium
GYS1;GBE1;Magnesium
TALDO1;PGM2;Magnesium
TALDO1;ENO3;Magnesium
ENO3;H6PD;Magnesium
ENO3;ENO1;Magnesium
ENO3;GPI;Magnesium
UGP2;PGM2;Magnesium
UGP2;PGM1;Magnesium
PGM1;GPI;Magnesium
PGM2;H6PD;Magnesium
PGM2;GPI;Magnesium
CDC37;LRRK2;Magnesium
CDC37;PINK1;Magnesium
HSPBP1;HSPA8;Magnesium
YWHAE;LRRK2;Magnesium
TP53;HSPA8;Magnesium
TP53;HTT;Magnesium
SH3GL1;SH3GL3;Magnesium
SH3GL1;SH3GL2;Magnesium
LRRK2;TUBB;Magnesium
LRRK2;RPS15;Magnesium
LRRK2;TUBA1A;Magnesium
LRRK2;YWHAG;Magnesium
LRRK2;RAB5B;Magnesium
LRRK2;MBP;Magnesium
LRRK2;PTK6;Magnesium
LRRK2;DNM1L;Magnesium
LRRK2;MSN;Magnesium
LRRK2;SFN;Magnesium
TUBB6;MAPT;Magnesium
SH3GL3;SH3GL2;Magnesium
TUBB;MAPT;Magnesium
SFN;YWHAQ;Magnesium
SFN;YWHAZ;Magnesium
DYNC1H1;ACTB;Magnesium
RHOT1;PRKN;Magnesium
MSN;ACTG1;Magnesium
MSN;ACTB;Magnesium
PRKN;SH3GL2;Magnesium
PRKN;MFN1;Magnesium
PRKN;MFN2;Magnesium
PINK1;MFN2;Magnesium
SH3GL2;SYNJ1;Magnesium
SQSTM1;MFN2;Magnesium
SQSTM1;MFN1;Magnesium
MFN2;MFN1;Magnesium
HIF1A;PTK6;Magnesium
TUBA1A;CDC42;Magnesium
PAK6;CDC42;Magnesium
CSNK2A1;CHD4;Magnesium
CSNK2A1;CTNNB1;Magnesium
CSNK2A1;TP53;Magnesium
CSNK2A1;HDAC1;Magnesium
H4C6;ATAD2;Magnesium
H4C6;ASF1B;Magnesium
H4C6;HJURP;Magnesium
NCAPG;SMC4;Magnesium
PIAS4;TP53;Magnesium
CDCA5;PDS5B;Magnesium
PDS5A;PDS5B;Magnesium
UBE2I;ZNF451;Magnesium
KIF14;PRC1;Magnesium
HDAC1;UHRF1;Magnesium
SUMO2;RNF4;Magnesium
GSTA3;TXNDC12;Magnesium
GSTA3;GSS;Magnesium
GSTA3;GPX4;Magnesium
GSTA3;PRDX6;Magnesium
GSTA3;GSR;Magnesium
GSTA3;GSTA1;Magnesium
GSTA3;GSTA2;Magnesium
GSR;CHAC2;Magnesium
GSR;CHAC1;Magnesium
GSR;TXNDC12;Magnesium
GSR;GSTA5;Magnesium
GSR;GSTM5;Magnesium
GSR;GGT5;Magnesium
GSR;GSTM4;Magnesium
GSR;MGST2;Magnesium
GSR;GGT6;Magnesium
GSR;GGT7;Magnesium
GSR;GSTM3;Magnesium
GSR;MGST3;Magnesium
GSR;GSTT2B;Magnesium
GSR;GGT1;Magnesium
GSR;MGST1;Magnesium
GSR;GSTA2;Magnesium
GSR;GSTA4;Magnesium
GSR;GSTM2;Magnesium
GSR;GSTA1;Magnesium
GSR;GSTM1;Magnesium
GSR;GSTP1;Magnesium
GSR;GSTO2;Magnesium
GSR;GSS;Magnesium
GSR;GSTO1;Magnesium
GSR;PRDX6;Magnesium
GSR;HPGDS;Magnesium
GSR;GPX4;Magnesium
GSR;GPX3;Magnesium
GSR;GPX8;Magnesium
GSR;GPX6;Magnesium
GSR;GPX2;Magnesium
GSR;GPX7;Magnesium
GSR;GPX5;Magnesium
LAP3;GCLC;Magnesium
LAP3;GCLM;Magnesium
LAP3;GGCT;Magnesium
LAP3;CHAC2;Magnesium
LAP3;CHAC1;Magnesium
LAP3;GSS;Magnesium
LAP3;GGT1;Magnesium
LAP3;GGT7;Magnesium
LAP3;GGT6;Magnesium
LAP3;GGT5;Magnesium
LAP3;ANPEP;Magnesium
GSTM2;TXNDC12;Magnesium
GSTM2;GSS;Magnesium
GSTM2;PRDX6;Magnesium
GSTM2;GPX4;Magnesium
GSTM2;GSTM5;Magnesium
GSTM2;GSTM4;Magnesium
GSTM2;GSTM3;Magnesium
GGT1;TXNDC12;Magnesium
GGT1;CHAC2;Magnesium
GGT1;PRDX6;Magnesium
GGT1;CHAC1;Magnesium
GGT1;GGT5;Magnesium
GGT1;GPX4;Magnesium
GGT1;GGT7;Magnesium
GGT1;GCLM;Magnesium
GGT1;GCLC;Magnesium
GGT1;ANPEP;Magnesium
GGT1;GGT6;Magnesium
GGT1;GSS;Magnesium
GGT1;GGCT;Magnesium
GSTM5;TXNDC12;Magnesium
GSTM5;GSS;Magnesium
GSTM5;PRDX6;Magnesium
GSTM5;GPX4;Magnesium
GSTM5;GSTM4;Magnesium
GSTM5;GSTM3;Magnesium
GGCT;ANPEP;Magnesium
GGCT;GCLM;Magnesium
GGCT;GCLC;Magnesium
GGCT;GSS;Magnesium
GGCT;GGT6;Magnesium
GGCT;GGT5;Magnesium
GGCT;GGT7;Magnesium
GGCT;CHAC2;Magnesium
GGCT;CHAC1;Magnesium
GSTT2B;TXNDC12;Magnesium
GSTT2B;GSS;Magnesium
GSTT2B;GPX4;Magnesium
GSTT2B;PRDX6;Magnesium
HPGDS;TXNDC12;Magnesium
HPGDS;GPX4;Magnesium
HPGDS;PRDX6;Magnesium
HPGDS;GSS;Magnesium
CHAC2;GPX6;Magnesium
CHAC2;GPX3;Magnesium
CHAC2;GPX8;Magnesium
CHAC2;GPX2;Magnesium
CHAC2;GPX5;Magnesium
CHAC2;TXNDC12;Magnesium
CHAC2;ANPEP;Magnesium
CHAC2;GGT6;Magnesium
CHAC2;PRDX6;Magnesium
CHAC2;GPX7;Magnesium
CHAC2;GGT7;Magnesium
CHAC2;GGT5;Magnesium
CHAC2;CHAC1;Magnesium
CHAC2;GPX4;Magnesium
CHAC2;GSS;Magnesium
ANPEP;CHAC1;Magnesium
ANPEP;GSS;Magnesium
ANPEP;GCLM;Magnesium
ANPEP;GCLC;Magnesium
ANPEP;GGT5;Magnesium
ANPEP;GGT7;Magnesium
ANPEP;GGT6;Magnesium
GSTM1;GSTP1;Magnesium
GSTM1;TXNDC12;Magnesium
GSTM1;GSS;Magnesium
GSTM1;GPX4;Magnesium
GSTM1;PRDX6;Magnesium
GSTA1;TXNDC12;Magnesium
GSTA1;GSTA4;Magnesium
GSTA1;PRDX6;Magnesium
GSTA1;GSS;Magnesium
GSTA1;GPX4;Magnesium
GSTA1;GSTA2;Magnesium
GGT7;CHAC1;Magnesium
GGT7;PRDX6;Magnesium
GGT7;TXNDC12;Magnesium
GGT7;GCLM;Magnesium
GGT7;GPX4;Magnesium
GGT7;GCLC;Magnesium
GGT7;GGT5;Magnesium
GGT7;GGT6;Magnesium
GGT7;GSS;Magnesium
PRDX6;CHAC1;Magnesium
PRDX6;GGT6;Magnesium
PRDX6;GGT5;Magnesium
PRDX6;MGST2;Magnesium
PRDX6;GSTA2;Magnesium
PRDX6;MGST3;Magnesium
PRDX6;GSS;Magnesium
PRDX6;GSTA5;Magnesium
PRDX6;TXNDC12;Magnesium
PRDX6;GSTM4;Magnesium
PRDX6;GSTA4;Magnesium
PRDX6;MGST1;Magnesium
PRDX6;GSTO2;Magnesium
PRDX6;GSTM3;Magnesium
PRDX6;GSTO1;Magnesium
PRDX6;GPX6;Magnesium
PRDX6;GPX2;Magnesium
PRDX6;GPX5;Magnesium
PRDX6;GPX3;Magnesium
PRDX6;GPX7;Magnesium
PRDX6;GPX8;Magnesium
PRDX6;GPX4;Magnesium
PRDX6;GSTP1;Magnesium
GSTO2;GSTO1;Magnesium
GSTO2;TXNDC12;Magnesium
GSTO2;GSS;Magnesium
GSTO2;GPX4;Magnesium
GPX4;TXNDC12;Magnesium
GPX4;MGST2;Magnesium
GPX4;GGT6;Magnesium
GPX4;GSTA5;Magnesium
GPX4;GGT5;Magnesium
GPX4;MGST1;Magnesium
GPX4;GPX7;Magnesium
GPX4;GSTM4;Magnesium
GPX4;GSTM3;Magnesium
GPX4;GPX8;Magnesium
GPX4;GSTA2;Magnesium
GPX4;GPX3;Magnesium
GPX4;GPX5;Magnesium
GPX4;MGST3;Magnesium
GPX4;GPX6;Magnesium
GPX4;GSTA4;Magnesium
GPX4;GPX2;Magnesium
GPX4;GSS;Magnesium
GPX4;GSTP1;Magnesium
GPX4;GSTO1;Magnesium
GPX4;CHAC1;Magnesium
GSTM3;TXNDC12;Magnesium
GSTM3;GSS;Magnesium
GSTM3;GSTM4;Magnesium
GPX6;TXNDC12;Magnesium
GPX6;CHAC1;Magnesium
GPX6;GSS;Magnesium
GPX7;CHAC1;Magnesium
GPX7;TXNDC12;Magnesium
GPX7;GSS;Magnesium
MGST3;GSS;Magnesium
MGST3;TXNDC12;Magnesium
GSTO1;TXNDC12;Magnesium
GSTO1;GSS;Magnesium
GSTM4;TXNDC12;Magnesium
GSTM4;GSS;Magnesium
GCLM;GGT5;Magnesium
GCLM;GGT6;Magnesium
GCLM;GSS;Magnesium
GCLM;GCLC;Magnesium
GSTA4;TXNDC12;Magnesium
GSTA4;GSS;Magnesium
GSTA4;GSTA2;Magnesium
GSTA5;TXNDC12;Magnesium
GSTA5;GSS;Magnesium
GSTA5;GSTA2;Magnesium
TXNDC12;GSTP1;Magnesium
TXNDC12;CHAC1;Magnesium
TXNDC12;MGST2;Magnesium
TXNDC12;GSTA2;Magnesium
TXNDC12;GSS;Magnesium
TXNDC12;MGST1;Magnesium
TXNDC12;GPX2;Magnesium
TXNDC12;GGT5;Magnesium
TXNDC12;GPX5;Magnesium
TXNDC12;GPX8;Magnesium
TXNDC12;GGT6;Magnesium
TXNDC12;GPX3;Magnesium
GGT6;CHAC1;Magnesium
GGT6;GCLC;Magnesium
GGT6;GGT5;Magnesium
GGT6;GSS;Magnesium
GPX3;CHAC1;Magnesium
GPX3;GSS;Magnesium
GPX2;CHAC1;Magnesium
GPX2;GSS;Magnesium
MGST1;GSS;Magnesium
GGT5;CHAC1;Magnesium
GGT5;GCLC;Magnesium
GGT5;GSS;Magnesium
GSTP1;GSS;Magnesium
GPX5;CHAC1;Magnesium
GPX5;GSS;Magnesium
GSTA2;GSS;Magnesium
GPX8;CHAC1;Magnesium
GPX8;GSS;Magnesium
MGST2;GSS;Magnesium
CHAC1;GSS;Magnesium
GSS;GCLC;Magnesium
HMOX1;NFE2L2;Magnesium
LAP3;CDO1;Magnesium
LAP3;CTH;Magnesium
LAP3;KYAT1;Magnesium
LAP3;KYAT3;Magnesium
LAP3;GOT1L1;Magnesium
LAP3;GOT2;Magnesium
LAP3;GOT1;Magnesium
AGXT2;GCLM;Magnesium
AGXT2;GCLC;Magnesium
AGXT2;BCAT2;Magnesium
AGXT2;BCAT1;Magnesium
AGXT2;CTH;Magnesium
GOT2;GGCT;Magnesium
GOT2;GAD2;Magnesium
GOT2;GAD1;Magnesium
GOT2;GCLC;Magnesium
GOT2;ANPEP;Magnesium
GOT2;GCLM;Magnesium
GOT2;CDO1;Magnesium
GOT2;CTH;Magnesium
GOT2;ALDH4A1;Magnesium
GOT2;KYAT1;Magnesium
GOT2;KYAT3;Magnesium
GGT1;ALDH4A1;Magnesium
GGT1;GLS2;Magnesium
GGT1;GLUL;Magnesium
GGT1;GLUD1;Magnesium
GGT1;GLUD2;Magnesium
GGT1;GLS;Magnesium
GGT1;GAD2;Magnesium
GGT1;GAD1;Magnesium
GGT1;OPLAH;Magnesium
CDO1;GGCT;Magnesium
CDO1;ANPEP;Magnesium
CDO1;GCLC;Magnesium
CDO1;GCLM;Magnesium
CDO1;KYAT1;Magnesium
CDO1;KYAT3;Magnesium
CDO1;GOT1L1;Magnesium
CDO1;GAD2;Magnesium
CDO1;GAD1;Magnesium
CDO1;GOT1;Magnesium
CDO1;CTH;Magnesium
KYAT3;GGCT;Magnesium
KYAT3;ANPEP;Magnesium
KYAT3;GCLC;Magnesium
KYAT3;GCLM;Magnesium
KYAT3;KYAT1;Magnesium
KYAT3;TXNRD1;Magnesium
KYAT3;GOT1L1;Magnesium
KYAT3;GOT1;Magnesium
KYAT3;CTH;Magnesium
SOD1;SOD2;Magnesium
GGCT;GOT1L1;Magnesium
GGCT;KYAT1;Magnesium
GGCT;CTH;Magnesium
GGCT;GOT1;Magnesium
GGCT;OPLAH;Magnesium
GLUD1;GCLC;Magnesium
GLUD1;GCLM;Magnesium
GLUD1;GGT5;Magnesium
GLUD1;GGT7;Magnesium
GLUD1;GGT6;Magnesium
GLUD1;OPLAH;Magnesium
GLUD1;GAD2;Magnesium
GLUD1;GAD1;Magnesium
GLUD1;ALDH4A1;Magnesium
GLUD1;GLS2;Magnesium
GLUD1;GLS;Magnesium
GLUD1;GLUL;Magnesium
ANPEP;CTH;Magnesium
ANPEP;GOT1L1;Magnesium
ANPEP;KYAT1;Magnesium
ANPEP;GOT1;Magnesium
GOT1L1;GCLC;Magnesium
GOT1L1;GAD1;Magnesium
GOT1L1;GAD2;Magnesium
GOT1L1;GCLM;Magnesium
GOT1L1;KYAT1;Magnesium
GOT1L1;CTH;Magnesium
GOT1L1;ALDH4A1;Magnesium
GLUL;OPLAH;Magnesium
GLUL;GGT5;Magnesium
GLUL;GGT7;Magnesium
GLUL;GGT6;Magnesium
GLUL;GCLM;Magnesium
GLUL;GCLC;Magnesium
GLUL;GAD2;Magnesium
GLUL;ALDH4A1;Magnesium
GLUL;GAD1;Magnesium
GLUL;GLUD2;Magnesium
GLUL;GLS2;Magnesium
GLUL;GLS;Magnesium
GLS2;GGT5;Magnesium
GLS2;OPLAH;Magnesium
GLS2;GGT7;Magnesium
GLS2;GGT6;Magnesium
GLS2;GCLM;Magnesium
GLS2;GCLC;Magnesium
GLS2;GLS;Magnesium
GLS2;GAD2;Magnesium
GLS2;GAD1;Magnesium
GLS2;ALDH4A1;Magnesium
GLS2;GLUD2;Magnesium
GLS;GGT7;Magnesium
GLS;GGT6;Magnesium
GLS;GGT5;Magnesium
GLS;OPLAH;Magnesium
GLS;GCLC;Magnesium
GLS;GCLM;Magnesium
GLS;ALDH4A1;Magnesium
GLS;GAD2;Magnesium
GLS;GAD1;Magnesium
GLS;GLUD2;Magnesium
BCAT2;GCLC;Magnesium
BCAT2;GCLM;Magnesium
BCAT2;CTH;Magnesium
GLUD2;GCLC;Magnesium
GLUD2;GCLM;Magnesium
GLUD2;OPLAH;Magnesium
GLUD2;GGT5;Magnesium
GLUD2;GGT6;Magnesium
GLUD2;GGT7;Magnesium
GLUD2;GAD2;Magnesium
GLUD2;ALDH4A1;Magnesium
GLUD2;GAD1;Magnesium
GGT7;ALDH4A1;Magnesium
GGT7;GAD2;Magnesium
GGT7;GAD1;Magnesium
GGT7;OPLAH;Magnesium
GAD1;OPLAH;Magnesium
GAD1;GCLC;Magnesium
GAD1;GCLM;Magnesium
GAD1;GOT1;Magnesium
GAD1;GGT5;Magnesium
GAD1;GGT6;Magnesium
GAD1;ALDH4A1;Magnesium
GCLM;GAD2;Magnesium
GCLM;KYAT1;Magnesium
GCLM;GOT1;Magnesium
GCLM;ALDH4A1;Magnesium
GCLM;CTH;Magnesium
GCLM;BCAT1;Magnesium
GCLM;OPLAH;Magnesium
GOT1;GCLC;Magnesium
GOT1;GAD2;Magnesium
GOT1;KYAT1;Magnesium
GOT1;ALDH4A1;Magnesium
GOT1;CTH;Magnesium
CTH;GCLC;Magnesium
CTH;TXNRD1;Magnesium
CTH;BCAT1;Magnesium
CTH;KYAT1;Magnesium
TXN;TXNRD1;Magnesium
ALDH4A1;GGT5;Magnesium
ALDH4A1;GGT6;Magnesium
ALDH4A1;GCLC;Magnesium
ALDH4A1;OPLAH;Magnesium
ALDH4A1;GAD2;Magnesium
GAD2;GCLC;Magnesium
GAD2;OPLAH;Magnesium
GAD2;GGT5;Magnesium
GAD2;GGT6;Magnesium
GGT6;OPLAH;Magnesium
SRXN1;NFE2L2;Magnesium
KEAP1;NFE2L2;Magnesium
GGT5;OPLAH;Magnesium
KYAT1;GCLC;Magnesium
KYAT1;TXNRD1;Magnesium
BCAT1;GCLC;Magnesium
OPLAH;GCLC;Magnesium
PKD2L1;PKD1L3;Magnesium
ADH1A;ALDH3B1;Magnesium
ADH1A;ALDH3A1;Magnesium
ADH1A;CYP2E1;Magnesium
GSTA3;CYP2C9;Magnesium
GSTA3;CYP2A13;Magnesium
GSTA3;CYP1B1;Magnesium
GSTA3;CYP2A6;Magnesium
GSTA3;CYP3A4;Magnesium
GSTA3;CYP2E1;Magnesium
GSTA3;CYP1A1;Magnesium
GSTA3;CYP1A2;Magnesium
GSTA3;EPHX1;Magnesium
CYP3A5;AKR1C3;Magnesium
CYP3A5;EPHX1;Magnesium
CYP3A5;CYP2A13;Magnesium
CYP3A5;CYP2C19;Magnesium
GSTM2;CYP2A13;Magnesium
GSTM2;CYP2C9;Magnesium
GSTM2;CYP2A6;Magnesium
GSTM2;CYP1A2;Magnesium
GSTM2;CYP2E1;Magnesium
GSTM2;CYP1B1;Magnesium
GSTM2;CYP1A1;Magnesium
GSTM2;CYP3A4;Magnesium
GSTM2;EPHX1;Magnesium
GSTM5;CYP2A6;Magnesium
GSTM5;CYP2C9;Magnesium
GSTM5;CYP2A13;Magnesium
GSTM5;CYP3A4;Magnesium
GSTM5;CYP1A2;Magnesium
GSTM5;CYP1A1;Magnesium
GSTM5;CYP1B1;Magnesium
GSTM5;CYP2E1;Magnesium
GSTM5;EPHX1;Magnesium
CYP2C9;MGST1;Magnesium
CYP2C9;MGST3;Magnesium
CYP2C9;MGST2;Magnesium
CYP2C9;GSTM4;Magnesium
CYP2C9;GSTO2;Magnesium
CYP2C9;GSTO1;Magnesium
CYP2C9;GSTA4;Magnesium
CYP2C9;GSTT2B;Magnesium
CYP2C9;GSTA5;Magnesium
CYP2C9;GSTA2;Magnesium
CYP2C9;GSTM3;Magnesium
CYP2C9;GSTA1;Magnesium
CYP2C9;GSTM1;Magnesium
CYP2C9;GSTP1;Magnesium
GSTT2B;CYP2A13;Magnesium
GSTT2B;CYP3A4;Magnesium
GSTT2B;CYP2A6;Magnesium
GSTT2B;CYP1A2;Magnesium
GSTT2B;CYP1B1;Magnesium
GSTT2B;CYP2E1;Magnesium
GSTT2B;EPHX1;Magnesium
GSTT2B;CYP1A1;Magnesium
HPGDS;CYP2A13;Magnesium
HPGDS;AKR1C3;Magnesium
HPGDS;CYP2A6;Magnesium
HPGDS;CYP1A2;Magnesium
HPGDS;CYP1B1;Magnesium
HPGDS;CYP3A4;Magnesium
HPGDS;EPHX1;Magnesium
HPGDS;CYP1A1;Magnesium
ADH5;ALDH3B1;Magnesium
ADH5;ALDH3A1;Magnesium
ADH5;CYP2E1;Magnesium
CYP2A6;MGST3;Magnesium
CYP2A6;MGST2;Magnesium
CYP2A6;MGST1;Magnesium
CYP2A6;GSTM4;Magnesium
CYP2A6;GSTO1;Magnesium
CYP2A6;CYP2A13;Magnesium
CYP2A6;GSTA4;Magnesium
CYP2A6;GSTO2;Magnesium
CYP2A6;GSTA5;Magnesium
CYP2A6;GSTM3;Magnesium
CYP2A6;CYP2E1;Magnesium
CYP2A6;GSTA2;Magnesium
CYP2A6;GSTA1;Magnesium
CYP2A6;GSTP1;Magnesium
CYP2A6;EPHX1;Magnesium
CYP2A6;GSTM1;Magnesium
ADH1B;ALDH3B1;Magnesium
ADH1B;ALDH3A1;Magnesium
ADH1B;CYP2E1;Magnesium
CYP2S1;EPHX1;Magnesium
GSTM1;CYP2A13;Magnesium
GSTM1;CYP3A4;Magnesium
GSTM1;CYP1A2;Magnesium
GSTM1;CYP1B1;Magnesium
GSTM1;CYP2E1;Magnesium
GSTM1;EPHX1;Magnesium
GSTM1;CYP1A1;Magnesium
CYP2B6;CYP1B1;Magnesium
CYP2A13;MGST1;Magnesium
CYP2A13;MGST3;Magnesium
CYP2A13;MGST2;Magnesium
CYP2A13;GSTO2;Magnesium
CYP2A13;GSTO1;Magnesium
CYP2A13;GSTM4;Magnesium
CYP2A13;GSTM3;Magnesium
CYP2A13;GSTA4;Magnesium
CYP2A13;GSTA2;Magnesium
CYP2A13;GSTA1;Magnesium
CYP2A13;CYP2E1;Magnesium
CYP2A13;GSTA5;Magnesium
CYP2A13;EPHX1;Magnesium
CYP2A13;GSTP1;Magnesium
CYP2A13;CYP1A1;Magnesium
CYP2A13;CYP1A2;Magnesium
CYP2A13;CYP3A4;Magnesium
CYP2F1;EPHX1;Magnesium
GSTA1;CYP2E1;Magnesium
GSTA1;CYP1B1;Magnesium
GSTA1;CYP3A4;Magnesium
GSTA1;CYP1A2;Magnesium
GSTA1;CYP1A1;Magnesium
GSTA1;EPHX1;Magnesium
CYP1A2;MGST3;Magnesium
CYP1A2;MGST2;Magnesium
CYP1A2;MGST1;Magnesium
CYP1A2;GSTA5;Magnesium
CYP1A2;GSTO2;Magnesium
CYP1A2;GSTO1;Magnesium
CYP1A2;GSTM4;Magnesium
CYP1A2;AKR1C3;Magnesium
CYP1A2;GSTM3;Magnesium
CYP1A2;CYP1B1;Magnesium
CYP1A2;GSTA4;Magnesium
CYP1A2;GSTA2;Magnesium
CYP1A2;CYP2C19;Magnesium
CYP1A2;GSTP1;Magnesium
CYP1A2;EPHX1;Magnesium
CYP1A2;CYP2E1;Magnesium
GSTO2;CYP3A4;Magnesium
GSTO2;CYP1A1;Magnesium
GSTO2;CYP1B1;Magnesium
GSTO2;CYP2E1;Magnesium
GSTO2;EPHX1;Magnesium
GSTM3;CYP3A4;Magnesium
GSTM3;CYP1B1;Magnesium
GSTM3;CYP2E1;Magnesium
GSTM3;CYP1A1;Magnesium
GSTM3;EPHX1;Magnesium
GPX6;CYP2C8;Magnesium
GPX7;CYP2C8;Magnesium
MGST3;CYP1B1;Magnesium
MGST3;CYP3A4;Magnesium
MGST3;CYP1A1;Magnesium
MGST3;EPHX1;Magnesium
MGST3;CYP2E1;Magnesium
GSTO1;CYP3A4;Magnesium
GSTO1;CYP1A1;Magnesium
GSTO1;CYP2E1;Magnesium
GSTO1;CYP1B1;Magnesium
GSTO1;EPHX1;Magnesium
GSTM4;CYP1B1;Magnesium
GSTM4;CYP3A4;Magnesium
GSTM4;CYP1A1;Magnesium
GSTM4;CYP2E1;Magnesium
GSTM4;EPHX1;Magnesium
GSTA4;CYP3A4;Magnesium
GSTA4;CYP1B1;Magnesium
GSTA4;CYP1A1;Magnesium
GSTA4;CYP2E1;Magnesium
GSTA4;EPHX1;Magnesium
GSTA5;CYP1B1;Magnesium
GSTA5;CYP3A4;Magnesium
GSTA5;CYP2E1;Magnesium
GSTA5;CYP1A1;Magnesium
GSTA5;EPHX1;Magnesium
CYP2C8;GPX8;Magnesium
CYP2C8;GPX5;Magnesium
CYP2C8;GPX2;Magnesium
CYP2C8;GPX3;Magnesium
CYP2C19;EPHX1;Magnesium
PTGDS;AKR1C3;Magnesium
AKR1C3;CYP2E1;Magnesium
AKR1C3;CYP3A4;Magnesium
AKR1C3;CYP1A1;Magnesium
AKR1C3;CYP1B1;Magnesium
ADH6;ALDH3B1;Magnesium
ADH6;ALDH3A1;Magnesium
ADH6;CYP2E1;Magnesium
CYP1A1;MGST2;Magnesium
CYP1A1;MGST1;Magnesium
CYP1A1;CYP1B1;Magnesium
CYP1A1;CYP2E1;Magnesium
CYP1A1;GSTA2;Magnesium
CYP1A1;GSTP1;Magnesium
CYP1A1;EPHX1;Magnesium
MGST1;CYP3A4;Magnesium
MGST1;CYP2E1;Magnesium
MGST1;CYP1B1;Magnesium
MGST1;EPHX1;Magnesium
GSTP1;CYP1B1;Magnesium
GSTP1;CYP3A4;Magnesium
GSTP1;CYP2E1;Magnesium
GSTP1;EPHX1;Magnesium
ALDH3A1;ADH1C;Magnesium
ALDH3A1;ADH4;Magnesium
ALDH3A1;ADH7;Magnesium
ALDH3A1;CYP2E1;Magnesium
GSTA2;CYP1B1;Magnesium
GSTA2;CYP2E1;Magnesium
GSTA2;CYP3A4;Magnesium
GSTA2;EPHX1;Magnesium
ADH7;ALDH3B1;Magnesium
ADH7;CYP2E1;Magnesium
ADH4;ALDH3B1;Magnesium
ADH4;CYP2E1;Magnesium
ADH1C;ALDH3B1;Magnesium
ADH1C;CYP2E1;Magnesium
CYP2E1;MGST2;Magnesium
CYP2E1;ALDH3B1;Magnesium
CYP2E1;EPHX1;Magnesium
CYP2E1;CYP3A4;Magnesium
CYP1B1;MGST2;Magnesium
CYP1B1;EPHX1;Magnesium
EPHX1;MGST2;Magnesium
EPHX1;CYP3A4;Magnesium
MGST2;CYP3A4;Magnesium
USP21;MARK1;Magnesium
MCM5;MCM9;Magnesium
MCM4;MCM9;Magnesium
MCM6;MCM9;Magnesium
MCM9;WDHD1;Magnesium
MCM9;MCM3;Magnesium
PCK2;ADSL;Magnesium
PCK2;RIMKLB;Magnesium
PCK2;AFMID;Magnesium
PCK2;IL4I1;Magnesium
PCK2;NIT2;Magnesium
PCK2;ASL;Magnesium
PCK2;MMUT;Magnesium
PCK2;GOT1L1;Magnesium
PCK2;PDHA2;Magnesium
PCK2;ALDH5A1;Magnesium
PCK2;GOT1;Magnesium
PCK2;GLUD2;Magnesium
PCK2;ACSS2;Magnesium
PCK2;ACSS1;Magnesium
PCK2;GLUD1;Magnesium
PCK2;DLAT;Magnesium
PCK2;GOT2;Magnesium
PCK2;ENO4;Magnesium
PCK2;ACLY;Magnesium
PCK2;PKLR;Magnesium
PCK2;ENO2;Magnesium
PCK2;CS;Magnesium
PCK2;ENO3;Magnesium
PCK2;ENO1;Magnesium
GOT2;PCK1;Magnesium
ACSS2;PDHA2;Magnesium
ACSS2;PDHB;Magnesium
ACSS2;PCK1;Magnesium
ACSS2;ACSS1;Magnesium
ACSS2;PC;Magnesium
ACSS2;DLAT;Magnesium
ACSS2;CS;Magnesium
EP300;PPARGC1A;Magnesium
PPARGC1A;PPARG;Magnesium
MMUT;DLAT;Magnesium
MMUT;MDH2;Magnesium
MMUT;PC;Magnesium
MMUT;PCK1;Magnesium
MMUT;ACLY;Magnesium
MMUT;CS;Magnesium
GLUD1;PCK1;Magnesium
DLAT;FASN;Magnesium
DLAT;PCK1;Magnesium
DLAT;ACSS1;Magnesium
DLAT;PDHA2;Magnesium
PDHA2;PCK1;Magnesium
PDHA2;ACSS1;Magnesium
GOT1L1;PCK1;Magnesium
FASN;CS;Magnesium
FASN;ACLY;Magnesium
ASL;PCK1;Magnesium
PDHB;ACSS1;Magnesium
ALDH5A1;PCK1;Magnesium
ACSS1;PCK1;Magnesium
ACSS1;PC;Magnesium
ACSS1;CS;Magnesium
PCK1;ADSL;Magnesium
PCK1;RIMKLB;Magnesium
PCK1;IL4I1;Magnesium
PCK1;AFMID;Magnesium
PCK1;NIT2;Magnesium
PCK1;GOT1;Magnesium
PCK1;GLUD2;Magnesium
PCK1;CS;Magnesium
PCK1;ENO4;Magnesium
PCK1;ENO2;Magnesium
PCK1;ENO3;Magnesium
PCK1;ACLY;Magnesium
PCK1;ENO1;Magnesium
PCK1;PKLR;Magnesium
PKM;ENO4;Magnesium
PKM;ENO2;Magnesium
PKM;ENO3;Magnesium
PKM;ENO1;Magnesium
ENO3;ENO2;Magnesium
ENO3;PKLR;Magnesium
PKLR;ENO2;Magnesium
PKLR;ENO1;Magnesium
PKLR;ENO4;Magnesium
BIRC3;SEPTIN4;Magnesium
BIRC3;XIAP;Magnesium
BIRC3;BIRC2;Magnesium
SEPTIN4;BIRC2;Magnesium
SEPTIN4;XIAP;Magnesium
PRKN;SEPTIN5;Magnesium
XIAP;BIRC2;Magnesium
XYLT2;XYLT1;Magnesium
XYLT2;B4GALT7;Magnesium
B4GALT7;XYLT1;Magnesium
B4GALT7;B3GALT6;Magnesium
B3GAT3;B3GALT6;Magnesium
RB1CC1;BECN2;Magnesium
RB1CC1;OPTN;Magnesium
RB1CC1;BECN1;Magnesium
RB1CC1;CALCOCO2;Magnesium
GABARAPL2;GABARAPL1;Magnesium
GABARAPL2;BECN2;Magnesium
GABARAPL2;FUNDC1;Magnesium
GABARAPL2;BECN1;Magnesium
GABARAPL2;BNIP3;Magnesium
GABARAPL2;OPTN;Magnesium
GABARAPL2;ATG12;Magnesium
GABARAPL2;SQSTM1;Magnesium
GABARAPL2;NBR1;Magnesium
GABARAPL2;ATG7;Magnesium
GABARAPL2;ATG5;Magnesium
GABARAPL2;BNIP3L;Magnesium
TOMM22;HSPA9;Magnesium
TOMM22;MFN1;Magnesium
TOMM22;IMMT;Magnesium
TOMM22;TOMM70;Magnesium
TOMM22;TOMM7;Magnesium
TOMM22;TOMM20;Magnesium
TOMM22;TOMM40;Magnesium
NDUFS7;NDUFA4;Magnesium
NDUFS7;MT-ND6;Magnesium
NDUFS7;MT-ND5;Magnesium
NDUFS7;NDUFA9;Magnesium
NDUFS7;NDUFA5;Magnesium
NDUFS7;NDUFB8;Magnesium
NDUFS7;NDUFS6;Magnesium
NDUFS7;NDUFS1;Magnesium
NDUFS7;NDUFV2;Magnesium
NDUFS7;MT-ND3;Magnesium
NDUFS7;MT-ND4;Magnesium
NDUFS7;NDUFA8;Magnesium
NDUFS7;NDUFA10;Magnesium
NDUFS7;NDUFS4;Magnesium
NDUFS7;MT-ND2;Magnesium
NDUFS7;MT-ND1;Magnesium
NDUFS7;NDUFS3;Magnesium
NDUFS7;NDUFV1;Magnesium
TRAP1;CYCS;Magnesium
NDUFA10;NDUFA4;Magnesium
NDUFA10;MT-ND6;Magnesium
NDUFA10;MT-ND5;Magnesium
NDUFA10;MT-ND1;Magnesium
NDUFA10;NDUFS1;Magnesium
NDUFA10;NDUFV2;Magnesium
NDUFA10;MT-ND3;Magnesium
NDUFA10;MT-ND4;Magnesium
NDUFA10;NDUFA9;Magnesium
NDUFA10;NDUFA5;Magnesium
NDUFA10;NDUFB8;Magnesium
NDUFA10;NDUFS6;Magnesium
NDUFA10;NDUFS4;Magnesium
NDUFA10;MT-ND2;Magnesium
NDUFA10;NDUFS3;Magnesium
NDUFA10;NDUFV1;Magnesium
NDUFA10;NDUFA8;Magnesium
USP30;UBB;Magnesium
USP30;UBA52;Magnesium
USP30;RPS27A;Magnesium
USP30;UBC;Magnesium
HTRA2;CYCS;Magnesium
NDUFS3;NDUFA4;Magnesium
NDUFS3;MT-ND2;Magnesium
NDUFS3;MT-ND1;Magnesium
NDUFS3;NDUFV1;Magnesium
NDUFS3;NDUFA8;Magnesium
NDUFS3;MT-ND4;Magnesium
NDUFS3;MT-ND3;Magnesium
NDUFS3;MT-ND6;Magnesium
NDUFS3;NDUFS1;Magnesium
NDUFS3;MT-ND5;Magnesium
NDUFS3;NDUFA9;Magnesium
NDUFS3;NDUFA5;Magnesium
NDUFS3;NDUFB8;Magnesium
NDUFS3;NDUFS6;Magnesium
PPARGC1A;TFAM;Magnesium
NDUFA9;NDUFA4;Magnesium
NDUFA9;MT-ND6;Magnesium
NDUFA9;NDUFA8;Magnesium
NDUFA9;NDUFS4;Magnesium
NDUFA9;MT-ND1;Magnesium
NDUFA9;NDUFV1;Magnesium
NDUFA9;MT-ND2;Magnesium
NDUFA9;NDUFB8;Magnesium
NDUFA9;NDUFS6;Magnesium
NDUFA9;NDUFA5;Magnesium
NDUFA9;MT-ND5;Magnesium
NDUFA9;NDUFV2;Magnesium
NDUFA9;NDUFS1;Magnesium
NDUFA9;MT-ND4;Magnesium
NDUFA9;MT-ND3;Magnesium
RPS27A;EIF4G1;Magnesium
RPS27A;PINK1;Magnesium
RPS27A;NBR1;Magnesium
RPS27A;NEDD4L;Magnesium
RPS27A;TRAF6;Magnesium
RPS27A;UCHL1;Magnesium
NDUFS6;NDUFA4;Magnesium
NDUFS6;MT-ND6;Magnesium
NDUFS6;MT-ND5;Magnesium
NDUFS6;NDUFA5;Magnesium
NDUFS6;NDUFB8;Magnesium
NDUFS6;NDUFS1;Magnesium
NDUFS6;NDUFV2;Magnesium
NDUFS6;MT-ND4;Magnesium
NDUFS6;MT-ND3;Magnesium
NDUFS6;NDUFA8;Magnesium
NDUFS6;NDUFS4;Magnesium
NDUFS6;MT-ND2;Magnesium
NDUFS6;MT-ND1;Magnesium
NDUFS6;NDUFV1;Magnesium
TOMM70;MFN1;Magnesium
TOMM70;IMMT;Magnesium
TOMM70;HSPA9;Magnesium
TOMM70;PRKN;Magnesium
TOMM70;HSP90AA1;Magnesium
TOMM70;TOMM7;Magnesium
TOMM70;TOMM40;Magnesium
TOMM70;TOMM20;Magnesium
UCHL1;UBA52;Magnesium
NDUFS4;NDUFA4;Magnesium
NDUFS4;MT-ND6;Magnesium
NDUFS4;MT-ND4;Magnesium
NDUFS4;MT-ND3;Magnesium
NDUFS4;NDUFS1;Magnesium
NDUFS4;NDUFB8;Magnesium
NDUFS4;NDUFA5;Magnesium
NDUFS4;MT-ND5;Magnesium
NDUFS4;MT-ND1;Magnesium
NDUFS4;NDUFV1;Magnesium
NDUFS4;MT-ND2;Magnesium
NDUFS4;NDUFA8;Magnesium
HSPA9;TOMM7;Magnesium
HSPA9;IMMT;Magnesium
HSPA9;TOMM40;Magnesium
HSPA9;MFN1;Magnesium
NDUFB8;MT-ND6;Magnesium
NDUFB8;NDUFA4;Magnesium
NDUFB8;NDUFS1;Magnesium
NDUFB8;NDUFV2;Magnesium
NDUFB8;MT-ND4;Magnesium
NDUFB8;MT-ND3;Magnesium
NDUFB8;MT-ND5;Magnesium
NDUFB8;NDUFA5;Magnesium
NDUFB8;NDUFV1;Magnesium
NDUFB8;MT-ND1;Magnesium
NDUFB8;MT-ND2;Magnesium
NDUFB8;NDUFA8;Magnesium
CYCS;VDAC1;Magnesium
CYCS;BCL2L1;Magnesium
RHOT2;PINK1;Magnesium
RHOT2;PRKN;Magnesium
NDUFV2;NDUFA4;Magnesium
NDUFV2;MT-ND6;Magnesium
NDUFV2;NDUFA8;Magnesium
NDUFV2;MT-ND2;Magnesium
NDUFV2;NDUFV1;Magnesium
NDUFV2;MT-ND1;Magnesium
NDUFV2;MT-ND5;Magnesium
NDUFV2;NDUFA5;Magnesium
NDUFV2;MT-ND4;Magnesium
NDUFV2;MT-ND3;Magnesium
NDUFV2;NDUFS1;Magnesium
TRAK1;RHOT1;Magnesium
FOXO3;PINK1;Magnesium
NDUFA4;MT-ND6;Magnesium
NDUFA4;MT-ND5;Magnesium
NDUFA4;MT-ND2;Magnesium
NDUFA4;MT-ND3;Magnesium
NDUFA4;MT-ND4;Magnesium
NDUFA4;MT-ND1;Magnesium
NDUFA4;NDUFS1;Magnesium
NDUFA4;NDUFV1;Magnesium
NDUFA4;NDUFA8;Magnesium
NDUFA4;NDUFA5;Magnesium
NBR1;UBA52;Magnesium
NBR1;UBB;Magnesium
NBR1;MAP1LC3A;Magnesium
NBR1;UBC;Magnesium
NBR1;GABARAPL1;Magnesium
NBR1;MAP1LC3B;Magnesium
NBR1;SQSTM1;Magnesium
ATG7;MAP1LC3A;Magnesium
ATG7;MAP1LC3B;Magnesium
ATG7;FOXO1;Magnesium
ATG7;ATG12;Magnesium
ATG7;ATG5;Magnesium
ATG7;GABARAPL1;Magnesium
TOMM7;MFN1;Magnesium
TOMM7;IMMT;Magnesium
TOMM7;PINK1;Magnesium
TOMM7;TOMM20;Magnesium
TOMM7;TOMM40;Magnesium
MT-ND6;NDUFA5;Magnesium
MT-ND6;NDUFA8;Magnesium
MT-ND6;NDUFS1;Magnesium
MT-ND6;NDUFV1;Magnesium
MT-ND1;NDUFA5;Magnesium
MT-ND1;NDUFS1;Magnesium
MT-ND1;NDUFA8;Magnesium
MT-ND1;NDUFV1;Magnesium
MT-ND5;NDUFA5;Magnesium
MT-ND5;NDUFS1;Magnesium
MT-ND5;NDUFA8;Magnesium
MT-ND5;NDUFV1;Magnesium
MT-ND4;NDUFS1;Magnesium
MT-ND4;NDUFA5;Magnesium
MT-ND4;NDUFV1;Magnesium
MT-ND4;NDUFA8;Magnesium
MT-ND2;NDUFA8;Magnesium
MT-ND2;NDUFV1;Magnesium
MT-ND2;NDUFA5;Magnesium
MT-ND2;NDUFS1;Magnesium
MT-ND3;NDUFA8;Magnesium
MT-ND3;NDUFA5;Magnesium
MT-ND3;NDUFS1;Magnesium
MT-ND3;NDUFV1;Magnesium
BECN1;BECN2;Magnesium
BECN1;TRAF6;Magnesium
BECN1;GABARAPL1;Magnesium
BECN1;PINK1;Magnesium
BECN1;AMBRA1;Magnesium
TOMM20;TOMM40;Magnesium
BNIP3;GABARAPL1;Magnesium
BNIP3;BCL2L1;Magnesium
ATG5;GABARAPL1;Magnesium
ATG5;ATG12;Magnesium
NDUFA8;NDUFV1;Magnesium
NDUFA8;NDUFS1;Magnesium
NDUFA8;NDUFA5;Magnesium
MAP1LC3A;FUNDC1;Magnesium
MAP1LC3A;SQSTM1;Magnesium
PINK1;FOXO1;Magnesium
PINK1;BECN2;Magnesium
PINK1;UBA52;Magnesium
BCL2L1;BECN2;Magnesium
BCL2L1;PGAM5;Magnesium
FUNDC1;PGAM5;Magnesium
FUNDC1;GABARAPL1;Magnesium
FUNDC1;MAP1LC3B;Magnesium
OPTN;UBB;Magnesium
OPTN;UBC;Magnesium
OPTN;GABARAPL1;Magnesium
OPTN;MAP1LC3B;Magnesium
BNIP3L;GABARAPL1;Magnesium
SQSTM1;TRAF6;Magnesium
SQSTM1;GABARAPL1;Magnesium
VDAC1;TOMM40;Magnesium
VDAC1;MFN1;Magnesium
VDAC1;MFN2;Magnesium
NEDD4L;UBB;Magnesium
NEDD4L;UBA52;Magnesium
NEDD4L;UBC;Magnesium
IMMT;MFN1;Magnesium
IMMT;TOMM40;Magnesium
UBA52;NDUFA5;Magnesium
UBA52;TRAF6;Magnesium
NDUFS1;NDUFV1;Magnesium
NDUFS1;NDUFA5;Magnesium
CALCOCO2;UBC;Magnesium
TOMM40;MFN1;Magnesium
GABARAPL1;BECN2;Magnesium
GABARAPL1;ATG12;Magnesium
NDUFA5;NDUFV1;Magnesium
TRAF6;UBC;Magnesium
PGAM5;DNM1L;Magnesium
NAMPT;ENPP3;Magnesium
NAMPT;NT5C1B;Magnesium
NAMPT;NT5C;Magnesium
NAMPT;NT5C1B-RDH14;Magnesium
NAMPT;NT5C1A;Magnesium
NAMPT;NT5M;Magnesium
NAMPT;NT5C2;Magnesium
NAMPT;NUDT12;Magnesium
NAMPT;ENPP1;Magnesium
NAMPT;NT5E;Magnesium
NAMPT;PNP;Magnesium
NAMPT;NMNAT2;Magnesium
NAMPT;NMNAT1;Magnesium
AK1;DCK;Magnesium
NUDT12;NT5C1B;Magnesium
NUDT12;NT5C1B-RDH14;Magnesium
NUDT12;ENPP1;Magnesium
NUDT12;NT5C1A;Magnesium
NUDT12;QPRT;Magnesium
NUDT12;ENPP3;Magnesium
NUDT12;NT5C2;Magnesium
NUDT12;NMNAT2;Magnesium
NUDT12;NAPRT;Magnesium
NUDT12;NMNAT1;Magnesium
NUDT12;NT5M;Magnesium
NUDT12;NT5C;Magnesium
UMPS;CANT1;Magnesium
UMPS;ENPP3;Magnesium
UMPS;ENTPD4;Magnesium
UMPS;ENPP1;Magnesium
UMPS;ENTPD5;Magnesium
UMPS;UPP2;Magnesium
NT5C1A;NMNAT1;Magnesium
NT5C1A;QPRT;Magnesium
NT5C1A;NMNAT2;Magnesium
NT5C1A;DCTPP1;Magnesium
NT5C1A;NAPRT;Magnesium
NT5C;NAPRT;Magnesium
NT5C;QPRT;Magnesium
NT5C;NMNAT1;Magnesium
NT5C;NMNAT2;Magnesium
NT5C;DCTPP1;Magnesium
NT5E;DCTPP1;Magnesium
NT5E;NMNAT2;Magnesium
NT5E;NMNAT1;Magnesium
DGUOK;PNP;Magnesium
DCK;ADA2;Magnesium
DCK;AK5;Magnesium
DCK;AK9;Magnesium
DCK;DCTPP1;Magnesium
DCK;ADA;Magnesium
NMNAT2;NT5C1B;Magnesium
NMNAT2;NT5C1B-RDH14;Magnesium
NMNAT2;NT5M;Magnesium
NMNAT2;NT5C2;Magnesium
NMNAT2;ENPP3;Magnesium
NMNAT2;ENPP1;Magnesium
NMNAT2;NMNAT1;Magnesium
NMNAT2;NAPRT;Magnesium
NMNAT2;QPRT;Magnesium
CANT1;UPRT;Magnesium
DCTPP1;NT5C3A;Magnesium
DCTPP1;NT5C3B;Magnesium
DCTPP1;NT5C1B;Magnesium
DCTPP1;NT5C1B-RDH14;Magnesium
DCTPP1;NT5C2;Magnesium
DCTPP1;NT5M;Magnesium
DCTPP1;DCTD;Magnesium
UPP1;APRT;Magnesium
ENTPD5;UPRT;Magnesium
NT5C2;NAPRT;Magnesium
NT5C2;NMNAT1;Magnesium
NT5C2;QPRT;Magnesium
ENTPD4;UPRT;Magnesium
NT5C1B;NMNAT1;Magnesium
NT5C1B;QPRT;Magnesium
NT5C1B;NAPRT;Magnesium
PNP;NAPRT;Magnesium
UPRT;ENPP3;Magnesium
UPRT;ENPP1;Magnesium
NMNAT1;NT5C1B-RDH14;Magnesium
NMNAT1;ENPP3;Magnesium
NMNAT1;NT5M;Magnesium
NMNAT1;ENPP1;Magnesium
NMNAT1;NAPRT;Magnesium
NMNAT1;QPRT;Magnesium
APRT;UPP2;Magnesium
APRT;TYMP;Magnesium
NT5M;NAPRT;Magnesium
NT5M;QPRT;Magnesium
QPRT;NT5C1B-RDH14;Magnesium
QPRT;ENPP3;Magnesium
QPRT;ENPP1;Magnesium
QPRT;NAPRT;Magnesium
NAPRT;ENPP3;Magnesium
NAPRT;NT5C1B-RDH14;Magnesium
NAPRT;ENPP1;Magnesium
DLD;PDHA2;Magnesium
XYLB;PDHB;Magnesium
XYLB;RPEL1;Magnesium
XYLB;RPE;Magnesium
GAPDHS;DERA;Magnesium
GAPDHS;G6PD;Magnesium
GAPDHS;H6PD;Magnesium
GAPDHS;TKTL1;Magnesium
GAPDHS;TKTL2;Magnesium
GAPDHS;BPGM;Magnesium
GAPDHS;GPI;Magnesium
GAPDHS;ALDOB;Magnesium
GAPDHS;ALDOC;Magnesium
GAPDHS;TALDO1;Magnesium
GAPDHS;ALDOA;Magnesium
GAPDHS;PGK1;Magnesium
GAPDHS;PGK2;Magnesium
GCK;DERA;Magnesium
GCK;PGM2;Magnesium
GCK;G6PD;Magnesium
GCK;H6PD;Magnesium
GCK;ADPGK;Magnesium
TPI1;DERA;Magnesium
PGLS;H6PD;Magnesium
PGLS;PGD;Magnesium
PGLS;G6PD;Magnesium
G6PC;DERA;Magnesium
G6PC;ADPGK;Magnesium
G6PC;PGM2;Magnesium
G6PC;G6PD;Magnesium
G6PC;H6PD;Magnesium
G6PC3;DERA;Magnesium
G6PC3;TALDO1;Magnesium
G6PC3;ALDOC;Magnesium
G6PC3;TKTL1;Magnesium
G6PC3;TKTL2;Magnesium
G6PC3;ALDOA;Magnesium
G6PC3;TKT;Magnesium
G6PC3;ALDOB;Magnesium
G6PC3;PGM2;Magnesium
G6PC3;ADPGK;Magnesium
G6PC3;GPI;Magnesium
G6PC3;G6PD;Magnesium
G6PC3;H6PD;Magnesium
PGD;RPE;Magnesium
PGD;RPEL1;Magnesium
PGD;RPIA;Magnesium
TKTL2;MINPP1;Magnesium
TKTL2;ADPGK;Magnesium
TKTL2;G6PC2;Magnesium
TKTL2;BPGM;Magnesium
TKTL2;PGAM2;Magnesium
TKTL2;PGAM4;Magnesium
TKTL2;PGAM1;Magnesium
TKTL2;PDHA2;Magnesium
TKTL2;ENO4;Magnesium
TKTL2;ENO2;Magnesium
TKTL2;LDHC;Magnesium
TKTL2;ENO3;Magnesium
TKTL2;LDHAL6A;Magnesium
TKTL2;LDHAL6B;Magnesium
TKTL2;LDHA;Magnesium
TKTL2;PKLR;Magnesium
TKTL2;PGM2;Magnesium
TKTL2;ENO1;Magnesium
TKTL2;PRPS1;Magnesium
TKTL2;PRPS1L1;Magnesium
TKTL2;PRPS2;Magnesium
TKTL2;DERA;Magnesium
TKTL2;RBKS;Magnesium
TKTL2;GAPDH;Magnesium
TKTL2;RPE;Magnesium
TKTL2;RPIA;Magnesium
TKTL2;RPEL1;Magnesium
LDHAL6A;DERA;Magnesium
LDHAL6A;ALDOB;Magnesium
LDHAL6A;ALDOC;Magnesium
LDHAL6A;ALDOA;Magnesium
LDHAL6A;TKTL1;Magnesium
LDHAL6A;TKT;Magnesium
LDHAL6A;GPI;Magnesium
RPIA;RBM45;Magnesium
RPIA;PDHB;Magnesium
RPIA;PGM2;Magnesium
RPIA;PRPS2;Magnesium
RPIA;PRPS1L1;Magnesium
RPIA;PRPS1;Magnesium
RPIA;RBKS;Magnesium
RPIA;TKTL1;Magnesium
RPIA;TKT;Magnesium
RPIA;RPEL1;Magnesium
RPIA;TALDO1;Magnesium
RPIA;RPE;Magnesium
RBM45;RPEL1;Magnesium
RBM45;H6PD;Magnesium
HK2;DERA;Magnesium
HK2;ADPGK;Magnesium
HK2;G6PD;Magnesium
HK2;PGM2;Magnesium
HK2;H6PD;Magnesium
HK3;DERA;Magnesium
HK3;ADPGK;Magnesium
HK3;H6PD;Magnesium
HK3;PGM2;Magnesium
HK3;G6PD;Magnesium
PDHA2;DERA;Magnesium
PDHA2;ALDOC;Magnesium
PDHA2;ALDOA;Magnesium
PDHA2;ALDOB;Magnesium
PDHA2;TKTL1;Magnesium
PDHA2;TKT;Magnesium
PDHA2;GPI;Magnesium
PGAM2;DERA;Magnesium
PGAM2;TKTL1;Magnesium
PGAM2;TKT;Magnesium
PGAM2;G6PD;Magnesium
PGAM2;TALDO1;Magnesium
PGAM2;H6PD;Magnesium
PGAM2;MINPP1;Magnesium
PGAM2;ALDOB;Magnesium
PGAM2;ALDOC;Magnesium
PGAM2;ALDOA;Magnesium
PGAM2;GPI;Magnesium
PGAM2;BPGM;Magnesium
PGAM2;ENO2;Magnesium
PGAM2;ENO4;Magnesium
PGAM2;ENO1;Magnesium
PGAM2;PGAM4;Magnesium
PGAM2;PGK2;Magnesium
PGAM2;PGK1;Magnesium
PGAM2;PGAM1;Magnesium
PGAM2;ENO3;Magnesium
LDHAL6B;DERA;Magnesium
LDHAL6B;ALDOC;Magnesium
LDHAL6B;ALDOB;Magnesium
LDHAL6B;ALDOA;Magnesium
LDHAL6B;TKTL1;Magnesium
LDHAL6B;TKT;Magnesium
LDHAL6B;GPI;Magnesium
PGK2;PGK1;Magnesium
PGK2;BPGM;Magnesium
PGK2;PGAM4;Magnesium
PGK2;PGAM1;Magnesium
PGK2;GAPDH;Magnesium
RBKS;PRPS1;Magnesium
RBKS;PGM2;Magnesium
RBKS;PRPS2;Magnesium
RBKS;TKTL1;Magnesium
RBKS;PRPS1L1;Magnesium
RBKS;TKT;Magnesium
RBKS;DERA;Magnesium
PDHB;DERA;Magnesium
ADPGK;TKTL1;Magnesium
ADPGK;DERA;Magnesium
ADPGK;TALDO1;Magnesium
ADPGK;TKT;Magnesium
ADPGK;G6PD;Magnesium
ADPGK;H6PD;Magnesium
ADPGK;G6PC2;Magnesium
ADPGK;ALDOB;Magnesium
ADPGK;ALDOC;Magnesium
ADPGK;ALDOA;Magnesium
ADPGK;HKDC1;Magnesium
ADPGK;HK1;Magnesium
ADPGK;PGM2;Magnesium
ADPGK;GPI;Magnesium
PKM;DERA;Magnesium
TALDO1;MINPP1;Magnesium
TALDO1;G6PC2;Magnesium
TALDO1;BPGM;Magnesium
TALDO1;PGAM4;Magnesium
TALDO1;ENO4;Magnesium
TALDO1;PGAM1;Magnesium
TALDO1;DERA;Magnesium
ENO3;DERA;Magnesium
ENO3;G6PD;Magnesium
ENO3;TKTL1;Magnesium
ENO3;MINPP1;Magnesium
ENO3;TKT;Magnesium
ENO3;ALDOB;Magnesium
ENO3;ALDOC;Magnesium
ENO3;ALDOA;Magnesium
ENO3;BPGM;Magnesium
ENO3;PGAM4;Magnesium
ENO3;PGAM1;Magnesium
PKLR;DERA;Magnesium
PKLR;TKTL1;Magnesium
PKLR;TKT;Magnesium
PKLR;ALDOA;Magnesium
PKLR;ALDOC;Magnesium
PKLR;ALDOB;Magnesium
PKLR;GPI;Magnesium
ENO4;DERA;Magnesium
ENO4;G6PD;Magnesium
ENO4;H6PD;Magnesium
ENO4;TKT;Magnesium
ENO4;TKTL1;Magnesium
ENO4;ALDOB;Magnesium
ENO4;ALDOC;Magnesium
ENO4;ALDOA;Magnesium
ENO4;MINPP1;Magnesium
ENO4;PGAM4;Magnesium
ENO4;BPGM;Magnesium
ENO4;PGAM1;Magnesium
ENO4;GPI;Magnesium
HKDC1;DERA;Magnesium
HKDC1;H6PD;Magnesium
HKDC1;G6PD;Magnesium
HKDC1;PGM2;Magnesium
RPE;RPEL1;Magnesium
RPE;TKTL1;Magnesium
RPE;TKT;Magnesium
TKTL1;MINPP1;Magnesium
TKTL1;G6PC2;Magnesium
TKTL1;BPGM;Magnesium
TKTL1;PGAM4;Magnesium
TKTL1;PGAM1;Magnesium
TKTL1;ENO2;Magnesium
TKTL1;LDHC;Magnesium
TKTL1;LDHA;Magnesium
TKTL1;PGM2;Magnesium
TKTL1;ENO1;Magnesium
TKTL1;PRPS1L1;Magnesium
TKTL1;PRPS1;Magnesium
TKTL1;DERA;Magnesium
TKTL1;PRPS2;Magnesium
TKTL1;GAPDH;Magnesium
TKTL1;RPEL1;Magnesium
PGAM1;DERA;Magnesium
PGAM1;ALDOB;Magnesium
PGAM1;PGAM4;Magnesium
PGAM1;MINPP1;Magnesium
PGAM1;H6PD;Magnesium
PGAM1;G6PD;Magnesium
PGAM1;TKT;Magnesium
PGAM1;ALDOC;Magnesium
PGAM1;BPGM;Magnesium
PGAM1;GPI;Magnesium
PGAM1;ALDOA;Magnesium
PGAM1;ENO2;Magnesium
PGAM1;ENO1;Magnesium
PGAM1;PGK1;Magnesium
MINPP1;G6PD;Magnesium
MINPP1;TKT;Magnesium
MINPP1;H6PD;Magnesium
MINPP1;DERA;Magnesium
MINPP1;ALDOA;Magnesium
MINPP1;ALDOB;Magnesium
MINPP1;GPI;Magnesium
MINPP1;ALDOC;Magnesium
MINPP1;ENO1;Magnesium
MINPP1;ENO2;Magnesium
MINPP1;PGAM4;Magnesium
MINPP1;BPGM;Magnesium
PRPS1;TKT;Magnesium
PGK1;BPGM;Magnesium
PGK1;PGAM4;Magnesium
G6PC2;DERA;Magnesium
G6PC2;ALDOC;Magnesium
G6PC2;ALDOA;Magnesium
G6PC2;TKT;Magnesium
G6PC2;ALDOB;Magnesium
G6PC2;PGM2;Magnesium
G6PC2;GPI;Magnesium
G6PC2;H6PD;Magnesium
G6PC2;G6PD;Magnesium
PGM2;ALDOB;Magnesium
PGM2;ALDOC;Magnesium
PGM2;ALDOA;Magnesium
PGM2;G6PD;Magnesium
PGM2;HK1;Magnesium
PGM2;TKT;Magnesium
PGM2;DERA;Magnesium
BPGM;DERA;Magnesium
BPGM;TKT;Magnesium
BPGM;G6PD;Magnesium
BPGM;ALDOC;Magnesium
BPGM;H6PD;Magnesium
BPGM;ALDOB;Magnesium
BPGM;ALDOA;Magnesium
BPGM;PGAM4;Magnesium
BPGM;GPI;Magnesium
BPGM;GAPDH;Magnesium
BPGM;ENO2;Magnesium
BPGM;ENO1;Magnesium
G6PD;ALDOC;Magnesium
G6PD;ALDOB;Magnesium
G6PD;PGAM4;Magnesium
G6PD;ALDOA;Magnesium
G6PD;HK1;Magnesium
ALDOC;LDHC;Magnesium
ALDOC;H6PD;Magnesium
ALDOC;DERA;Magnesium
ALDOC;PGAM4;Magnesium
ALDOC;LDHA;Magnesium
ALDOC;ENO1;Magnesium
ALDOC;ENO2;Magnesium
ALDOC;GAPDH;Magnesium
GAPDH;DERA;Magnesium
GAPDH;ALDOB;Magnesium
GAPDH;ALDOA;Magnesium
NFE2L2;TKT;Magnesium
PRPS2;TKT;Magnesium
TKT;PGAM4;Magnesium
TKT;LDHC;Magnesium
TKT;ENO2;Magnesium
TKT;LDHA;Magnesium
TKT;PRPS1L1;Magnesium
TKT;DERA;Magnesium
TKT;ENO1;Magnesium
TKT;RPEL1;Magnesium
GPI;DERA;Magnesium
GPI;LDHC;Magnesium
GPI;PGAM4;Magnesium
PGAM4;DERA;Magnesium
PGAM4;H6PD;Magnesium
PGAM4;ALDOB;Magnesium
PGAM4;ALDOA;Magnesium
PGAM4;ENO2;Magnesium
PGAM4;ENO1;Magnesium
DERA;HK1;Magnesium
DERA;LDHC;Magnesium
DERA;LDHA;Magnesium
DERA;ENO2;Magnesium
DERA;ENO1;Magnesium
DERA;ALDOB;Magnesium
DERA;ALDOA;Magnesium
ENO2;ALDOB;Magnesium
ENO2;ALDOA;Magnesium
LDHC;ALDOB;Magnesium
LDHC;ALDOA;Magnesium
LDHA;ALDOB;Magnesium
LDHA;ALDOA;Magnesium
H6PD;ALDOB;Magnesium
H6PD;ALDOA;Magnesium
H6PD;HK1;Magnesium
ENO1;ALDOB;Magnesium
ENO1;ALDOA;Magnesium
CFTR;PRKAA2;Magnesium
CFTR;PRKAA1;Magnesium
CFTR;PRKACG;Magnesium
CFTR;PRKACB;Magnesium
CFTR;PRKACA;Magnesium
CFTR;SLC9A3R1;Magnesium
AKAP11;PRKAR1A;Magnesium
GABARAPL2;PRKACG;Magnesium
GABARAPL2;PRKACB;Magnesium
GABARAPL2;PRKACA;Magnesium
GABARAPL2;GABARAP;Magnesium
GABARAPL2;ULK1;Magnesium
CREB3L3;ATF1;Magnesium
KCNQ1;ADCY3;Magnesium
KCNQ1;KCNE1B;Magnesium
KCNQ1;SLC12A2;Magnesium
KCNQ1;ADCY9;Magnesium
KCNQ1;PRKACB;Magnesium
KCNQ1;PRKACG;Magnesium
KCNQ1;PRKACA;Magnesium
KCNQ1;AKAP9;Magnesium
KCNQ1;KCNE1;Magnesium
KCNQ1;CALM3;Magnesium
AQP2;PRKACB;Magnesium
AQP2;PRKACA;Magnesium
AQP2;PRKACG;Magnesium
NFKBIA;PRKACG;Magnesium
NFKBIA;PRKACA;Magnesium
NFKBIA;PRKACB;Magnesium
ARHGDIG;ARHGDIB;Magnesium
ARHGDIG;ARHGDIA;Magnesium
ARHGDIG;PRKACA;Magnesium
ARHGDIG;PRKACG;Magnesium
ARHGDIG;PRKACB;Magnesium
ARHGDIG;RHOA;Magnesium
RPS6KB1;MED1;Magnesium
RPS6KB1;CARM1;Magnesium
RPS6KB1;NCOA3;Magnesium
AKAP10;PRKAR1A;Magnesium
AKAP10;PRKAR2A;Magnesium
GLI1;GLI3;Magnesium
GLI1;PRKACG;Magnesium
GLI1;PRKACB;Magnesium
GLI1;GLI2;Magnesium
GLI1;PRKACA;Magnesium
GLI1;KIF7;Magnesium
GLI1;SUFU;Magnesium
ARHGDIB;ARHGDIA;Magnesium
ARHGDIB;PRKACG;Magnesium
ARHGDIB;PRKACA;Magnesium
ARHGDIB;PRKACB;Magnesium
ARHGDIB;RHOA;Magnesium
NR3C1;FOXO1;Magnesium
NR3C1;PPARGC1A;Magnesium
GNB4;GNAS;Magnesium
SLC8A2;SLC8A1;Magnesium
SLC8A2;PRKACG;Magnesium
SLC8A2;PRKACA;Magnesium
SLC8A2;PRKACB;Magnesium
SLC8A2;SLC8A3;Magnesium
LIPE;PRKAR1B;Magnesium
LIPE;PRKAR1A;Magnesium
LIPE;PRKAR2A;Magnesium
LIPE;PRKAA2;Magnesium
LIPE;PRKAA1;Magnesium
LIPE;PRKAR2B;Magnesium
LIPE;PRKACA;Magnesium
LIPE;PRKACG;Magnesium
LIPE;PRKACB;Magnesium
SOX9;NR5A1;Magnesium
SMO;CSNK1A1L;Magnesium
SMO;CSNK1G2;Magnesium
SMO;CSNK1G3;Magnesium
SMO;GNG2;Magnesium
SMO;GNB1;Magnesium
SMO;GNAI1;Magnesium
SMO;SUFU;Magnesium
RAP1B;ARAF;Magnesium
RAP1B;RAF1;Magnesium
RAP1B;BRAF;Magnesium
RAP1B;RAPGEF3;Magnesium
RAP1B;RAPGEF4;Magnesium
PPP1R1B;PDE4B;Magnesium
CSNK1G2;PRKACG;Magnesium
CSNK1G2;PRKACA;Magnesium
CSNK1G2;PRKACB;Magnesium
PPP1R1A;PRKACB;Magnesium
PPP1R1A;PRKACG;Magnesium
PPP1R1A;PRKACA;Magnesium
PPP1R1A;PPP1CA;Magnesium
KCNMB4;PRKACA;Magnesium
KCNMB4;PRKACG;Magnesium
KCNMB4;PRKACB;Magnesium
KCNMB4;KCNMB3;Magnesium
KCNMB4;KCNMB2;Magnesium
KCNMB4;KCNMB1;Magnesium
KCNMB4;KCNU1;Magnesium
KCNMB4;KCNMA1;Magnesium
GYS2;PRKAA1;Magnesium
GYS2;PRKAA2;Magnesium
GNB5;GNAS;Magnesium
ATF1;CREB5;Magnesium
ATF1;ATF4;Magnesium
ATF1;CREB3;Magnesium
ATF1;ATF2;Magnesium
ATF1;CREB1;Magnesium
CREBBP;CARM1;Magnesium
CREBBP;NCOA3;Magnesium
SLC12A2;ADCY9;Magnesium
SLC12A2;ADCY3;Magnesium
SLC12A2;PRKACG;Magnesium
SLC12A2;PRKACB;Magnesium
SLC12A2;PRKACA;Magnesium
EP300;CARM1;Magnesium
PAX8;PRKACG;Magnesium
PAX8;PRKACA;Magnesium
PAX8;PRKACB;Magnesium
ATP2B3;PRKACG;Magnesium
ATP2B3;PRKACB;Magnesium
ATP2B3;PRKACA;Magnesium
SLC9A1;PLN;Magnesium
SLC9A1;FXYD1;Magnesium
SLC9A1;CALM3;Magnesium
SLC9A1;EZR;Magnesium
PPARGC1A;NR5A1;Magnesium
PPARGC1A;PRKAA1;Magnesium
PPARGC1A;PRKAA2;Magnesium
PPARGC1A;PPARA;Magnesium
TRPV5;PRKACB;Magnesium
TRPV5;PRKACA;Magnesium
TRPV5;PRKACG;Magnesium
PRKAR2A;NBEA;Magnesium
PRKAR2A;AKAP5;Magnesium
PRKAR2A;PRKAR1A;Magnesium
PRKAR2A;PRKAR1B;Magnesium
PRKAR2A;AKAP14;Magnesium
PRKAR2A;AKAP7;Magnesium
PRKAR2A;AKAP4;Magnesium
PRKAR2A;AKAP1;Magnesium
PRKAR2A;PRKAR2B;Magnesium
PRKAR2A;PRKACG;Magnesium
PRKAR2A;PRKACB;Magnesium
PRKAR2A;PRKACA;Magnesium
PRKAR2B;AKAP14;Magnesium
PRKAR2B;AKAP7;Magnesium
PRKAR2B;PRKAR1A;Magnesium
PRKAR2B;PRKAR1B;Magnesium
PRKAR2B;AKAP1;Magnesium
PRKAR2B;AKAP5;Magnesium
PRKAR2B;PRKACB;Magnesium
PRKAR2B;PRKACG;Magnesium
CACNA1C;CACNG2;Magnesium
CACNA1C;PPP1CA;Magnesium
CACNA1C;INS;Magnesium
CACNA1C;CACNB4;Magnesium
CACNA1C;CACNA1F;Magnesium
CACNA1C;CACNA1D;Magnesium
CACNA1C;CACNA1S;Magnesium
CACNA1C;CACNA2D1;Magnesium
KCNMB1;PRKACA;Magnesium
KCNMB1;PRKACG;Magnesium
KCNMB1;PRKACB;Magnesium
KCNMB1;KCNMB3;Magnesium
KCNMB1;KCNMB2;Magnesium
KCNMB1;KCNU1;Magnesium
KCNMB1;KCNMA1;Magnesium
MYLK4;PRKACB;Magnesium
MYLK4;PRKACA;Magnesium
MYLK4;PRKACG;Magnesium
ADCY8;RAPGEF3;Magnesium
ADCY8;GNAS;Magnesium
ADCY8;RAPGEF4;Magnesium
KCNMA1;KCNU1;Magnesium
KCNMA1;PRKACG;Magnesium
KCNMA1;PRKACA;Magnesium
KCNMA1;PRKACB;Magnesium
KCNMA1;KCNMB2;Magnesium
KCNMA1;KCNMB3;Magnesium
CACNA1D;CACNG2;Magnesium
CACNA1D;PPP1CA;Magnesium
CACNA1D;PRKACG;Magnesium
CACNA1D;INS;Magnesium
CACNA1D;PRKACB;Magnesium
CACNA1D;PRKACA;Magnesium
CACNA1D;CACNB4;Magnesium
CACNA1D;CACNA1S;Magnesium
CACNA1D;CACNA1F;Magnesium
CACNA1D;CALML4;Magnesium
CACNA1D;CALML6;Magnesium
CACNA1D;CALML5;Magnesium
CACNA1D;CALML3;Magnesium
CACNA1D;CALM3;Magnesium
CACNA1D;CACNA2D1;Magnesium
ARAF;RAP1A;Magnesium
CALM3;ADCY3;Magnesium
CALM3;ITPR2;Magnesium
CALM3;ADCY1;Magnesium
CALM3;ORAI1;Magnesium
CALM3;AKAP5;Magnesium
CALM3;ITPR1;Magnesium
CALM3;ATP2B4;Magnesium
CALM3;ITPR3;Magnesium
CALM3;CACNA1S;Magnesium
CALM3;ESR1;Magnesium
CALM3;TRPV1;Magnesium
CALM3;SCN5A;Magnesium
CALM3;MYLK;Magnesium
BAX;RUNX2;Magnesium
BAX;PRKACG;Magnesium
BAX;PRKACB;Magnesium
BAX;PRKACA;Magnesium
KCNJ3;GNAI1;Magnesium
KCNJ3;GNAI2;Magnesium
KCNJ3;GNAI3;Magnesium
KCNJ3;PRKACG;Magnesium
KCNJ3;PRKACA;Magnesium
KCNJ3;PRKACB;Magnesium
KCNJ3;KCNJ5;Magnesium
KCNJ3;KCNJ6;Magnesium
ADCY1;RAPGEF4;Magnesium
ADCY1;PRKACA;Magnesium
ADCY1;PRKACB;Magnesium
ADCY1;RAPGEF3;Magnesium
ADCY1;PRKACG;Magnesium
ADCY1;CALML3;Magnesium
ADCY1;CALML4;Magnesium
ADCY1;CALML6;Magnesium
ADCY1;CALML5;Magnesium
ADCY1;GNAS;Magnesium
PLIN1;CAV1;Magnesium
PLIN1;PRKACB;Magnesium
PLIN1;PRKACA;Magnesium
PLIN1;PRKACG;Magnesium
CACNG2;CACNA1S;Magnesium
CACNG2;CACNA1F;Magnesium
CACNG2;CACNA2D1;Magnesium
CACNG2;CACNB4;Magnesium
MED1;RPS6KB2;Magnesium
MED1;PRKACG;Magnesium
MED1;PRKACA;Magnesium
MED1;PRKACB;Magnesium
PTGER4;GNAI1;Magnesium
PTGER4;GNAI2;Magnesium
PTGER4;GNAI3;Magnesium
PTGER4;GNAS;Magnesium
SCN1A;PRKACB;Magnesium
SCN1A;PRKACA;Magnesium
SCN1A;PRKACG;Magnesium
SCN1A;SCN4B;Magnesium
CALML6;ITPR2;Magnesium
CALML6;ADCY3;Magnesium
CALML6;ITPR3;Magnesium
CALML6;ITPR1;Magnesium
GNB2;GNAS;Magnesium
FOS;RUNX2;Magnesium
ITPR1;ITPR2;Magnesium
ITPR1;PRKACG;Magnesium
ITPR1;PRKACB;Magnesium
ITPR1;PRKACA;Magnesium
ITPR1;CALML4;Magnesium
ITPR1;CALML5;Magnesium
ITPR1;CALML3;Magnesium
GABARAP;PRKACG;Magnesium
GABARAP;PRKACA;Magnesium
GABARAP;PRKACB;Magnesium
GABARAP;GABARAPL1;Magnesium
GABARAP;ULK1;Magnesium
RPS6KB2;CARM1;Magnesium
RPS6KB2;NCOA3;Magnesium
PRKACA;PDE4DIP;Magnesium
PRKACA;NACA-2;Magnesium
PRKACA;TTF1;Magnesium
PRKACA;TTF2;Magnesium
PRKACA;KCNMB2;Magnesium
PRKACA;KCNE1B;Magnesium
PRKACA;SCN7A;Magnesium
PRKACA;KCNMB3;Magnesium
PRKACA;ULK2;Magnesium
PRKACA;PBX1;Magnesium
PRKACA;KDM3B;Magnesium
PRKACA;CSNK1G3;Magnesium
PRKACA;SCN1B;Magnesium
PRKACA;MYLK;Magnesium
PRKACA;KCNJ9;Magnesium
PRKACA;SCN4B;Magnesium
PRKACA;MYLK2;Magnesium
PRKACA;SLC8A3;Magnesium
PRKACA;ULK1;Magnesium
PRKACA;CACNA1F;Magnesium
PRKACA;MYLK3;Magnesium
PRKACA;KCNJ6;Magnesium
PRKACA;CARM1;Magnesium
PRKACA;CACNA1S;Magnesium
PRKACA;KDM3A;Magnesium
PRKACA;PRKAA2;Magnesium
PRKACA;ORAI1;Magnesium
PRKACA;ATP2B1;Magnesium
PRKACA;PDX1;Magnesium
PRKACA;PRKAA1;Magnesium
PRKACA;ATP2B2;Magnesium
PRKACA;AKT1S1;Magnesium
PRKACA;PKM;Magnesium
PRKACA;KCNU1;Magnesium
PRKACA;PALM2AKAP2;Magnesium
PRKACA;ARHGDIA;Magnesium
PRKACA;KCNJ5;Magnesium
PRKACA;NR5A1;Magnesium
PRKACA;SLC8A1;Magnesium
PRKACA;ABCC8;Magnesium
PRKACA;ITPR2;Magnesium
PRKACA;GABARAPL1;Magnesium
PRKACA;FXYD1;Magnesium
PRKACA;GPR161;Magnesium
PRKACA;RAB13;Magnesium
PRKACA;PPARA;Magnesium
PRKACA;PFKFB1;Magnesium
PRKACA;KCNE1;Magnesium
PRKACA;KCNK2;Magnesium
PRKACA;TRPV1;Magnesium
PRKACA;PLN;Magnesium
PRKACA;AKAP7;Magnesium
PRKACA;ADCY3;Magnesium
PRKACA;ITPR3;Magnesium
PRKACA;AKAP14;Magnesium
PRKACA;AKAP4;Magnesium
PRKACA;RYR2;Magnesium
PRKACA;PKIA;Magnesium
PRKACA;PRKAR1B;Magnesium
PRKACA;AKAP1;Magnesium
PRKACA;PRKAR1A;Magnesium
ADCY6;GNAI3;Magnesium
ADCY6;GNAI2;Magnesium
ADCY6;GNAI1;Magnesium
ADCY6;RAPGEF3;Magnesium
ADCY6;GNAS;Magnesium
ADCY6;RAPGEF4;Magnesium
ADCY4;RAPGEF3;Magnesium
ADCY4;GNAS;Magnesium
ADCY4;RAPGEF4;Magnesium
GNAI2;KCNJ6;Magnesium
GNAI2;KCNJ5;Magnesium
GNAI2;IGF1R;Magnesium
GNAI2;KCNJ9;Magnesium
CALML3;ADCY3;Magnesium
CALML3;ITPR2;Magnesium
CALML3;ITPR3;Magnesium
GYS1;PRKAA1;Magnesium
GYS1;PRKAA2;Magnesium
KCNMB3;PRKACB;Magnesium
KCNMB3;PRKACG;Magnesium
KCNMB3;KCNMB2;Magnesium
KCNMB3;KCNU1;Magnesium
PKM;PRKACG;Magnesium
PKM;PRKACB;Magnesium
CDC25C;PRKACB;Magnesium
CDC25C;PRKACG;Magnesium
CDC25C;PPP1CA;Magnesium
SCN4B;PRKACG;Magnesium
SCN4B;PRKACB;Magnesium
SCN4B;SCN7A;Magnesium
SCN4B;SCN5A;Magnesium
SCN4B;SCN1B;Magnesium
ULK1;PRKAA1;Magnesium
ULK1;PRKACG;Magnesium
ULK1;PRKACB;Magnesium
ULK1;TRAF6;Magnesium
ULK1;GABARAPL1;Magnesium
ULK1;ULK2;Magnesium
CARM1;RELA;Magnesium
CARM1;PRKACB;Magnesium
CARM1;PRKACG;Magnesium
PPP1CA;PLN;Magnesium
PPP1CA;RYR2;Magnesium
PSEN1;ITPR2;Magnesium
KDM3B;PRKACB;Magnesium
KDM3B;PRKACG;Magnesium
KDM3B;KDM3A;Magnesium
SCN5A;SCN7A;Magnesium
SCN5A;SCN1B;Magnesium
TTF1;PRKACB;Magnesium
TTF1;PRKACG;Magnesium
GNG2;ADORA2A;Magnesium
PTK2;RASGRF1;Magnesium
ADCY2;RAPGEF3;Magnesium
ADCY2;RAPGEF4;Magnesium
ADCY2;GNAS;Magnesium
PRKAA1;PRKACG;Magnesium
PRKAA1;PRKACB;Magnesium
CACNA2D1;CACNB4;Magnesium
CACNA2D1;CACNA1F;Magnesium
CACNA2D1;CACNA1S;Magnesium
PLN;ATP1B1;Magnesium
PLN;FXYD1;Magnesium
PLN;ATP1A1;Magnesium
PLN;ATP1A3;Magnesium
PLN;ATP2B4;Magnesium
PLN;PRKACG;Magnesium
PLN;PRKACB;Magnesium
AKAP4;AKAP14;Magnesium
AKAP4;PRKACB;Magnesium
ATP2B2;PRKACG;Magnesium
ATP2B2;PRKACB;Magnesium
MYLK;PRKACG;Magnesium
MYLK;PRKACB;Magnesium
CSNK1G3;PRKACG;Magnesium
CSNK1G3;PRKACB;Magnesium
AKAP13;RHOA;Magnesium
CACNA1S;PRKACB;Magnesium
CACNA1S;PRKACG;Magnesium
CACNA1S;CACNB4;Magnesium
CACNA1S;CACNA1F;Magnesium
RYR2;RAPGEF4;Magnesium
RYR2;PRKACG;Magnesium
RYR2;PRKACB;Magnesium
ATP1B1;FXYD1;Magnesium
ADCY10;GNAS;Magnesium
ATP1A4;FXYD1;Magnesium
KCNJ9;PRKACG;Magnesium
KCNJ9;PRKACB;Magnesium
KCNJ9;GNAI1;Magnesium
KCNJ9;GNAI3;Magnesium
RAB13;PRKACG;Magnesium
RAB13;PRKACB;Magnesium
PDE4DIP;PRKACB;Magnesium
TTF2;PRKACG;Magnesium
TTF2;PRKACB;Magnesium
RAP1A;RAPGEF3;Magnesium
RAP1A;BRAF;Magnesium
RAP1A;RAPGEF4;Magnesium
RAP1A;RAF1;Magnesium
GNAI3;KCNJ5;Magnesium
GNAI3;KCNJ6;Magnesium
GNAI3;IGF1R;Magnesium
GNAI3;ADCY5;Magnesium
PRKACB;PKIG;Magnesium
PRKACB;NACA-2;Magnesium
PRKACB;KCNMB2;Magnesium
PRKACB;KCNE1B;Magnesium
PRKACB;SCN7A;Magnesium
PRKACB;ULK2;Magnesium
PRKACB;SCN1B;Magnesium
PRKACB;PBX1;Magnesium
PRKACB;MYLK2;Magnesium
PRKACB;SLC8A3;Magnesium
PRKACB;CACNA1F;Magnesium
PRKACB;MYLK3;Magnesium
PRKACB;GPR161;Magnesium
PRKACB;KCNJ6;Magnesium
PRKACB;ORAI1;Magnesium
PRKACB;KDM3A;Magnesium
PRKACB;AKT1S1;Magnesium
PRKACB;PDX1;Magnesium
PRKACB;PRKAA2;Magnesium
PRKACB;ATP2B1;Magnesium
PRKACB;ARHGDIA;Magnesium
PRKACB;PFKFB1;Magnesium
PRKACB;KCNU1;Magnesium
PRKACB;KCNJ5;Magnesium
PRKACB;ITPR2;Magnesium
PRKACB;SLC8A1;Magnesium
PRKACB;NR5A1;Magnesium
PRKACB;GABARAPL1;Magnesium
PRKACB;ABCC8;Magnesium
PRKACB;FXYD1;Magnesium
PRKACB;PPARA;Magnesium
PRKACB;ADCY3;Magnesium
PRKACB;KCNE1;Magnesium
PRKACB;KCNK2;Magnesium
PRKACB;AKAP14;Magnesium
PRKACB;TRPV1;Magnesium
PRKACB;AKAP7;Magnesium
PRKACB;ITPR3;Magnesium
PRKACB;PKIA;Magnesium
PRKACB;PRKAR1B;Magnesium
PRKACB;PRKAR1A;Magnesium
PRKACB;AKAP1;Magnesium
GNAS;ADCY3;Magnesium
GNAS;ADCY7;Magnesium
GNAS;GNG4;Magnesium
GNAS;ADCY5;Magnesium
GNAS;ADORA2A;Magnesium
PRKAA2;PRKACG;Magnesium
AKAP14;PRKACG;Magnesium
RUNX2;ESR1;Magnesium
NR5A1;PRKACG;Magnesium
ITPR3;ITPR2;Magnesium
ITPR3;PRKACG;Magnesium
ITPR3;CALML4;Magnesium
ITPR3;CALML5;Magnesium
PFKFB1;PRKACG;Magnesium
MYLK2;PRKACG;Magnesium
CACNA1F;PRKACG;Magnesium
CACNA1F;CACNB4;Magnesium
NPPA;ADORA2A;Magnesium
PRKACG;KCNMB2;Magnesium
PRKACG;KCNE1B;Magnesium
PRKACG;NACA-2;Magnesium
PRKACG;SCN7A;Magnesium
PRKACG;ULK2;Magnesium
PRKACG;PBX1;Magnesium
PRKACG;SCN1B;Magnesium
PRKACG;SLC8A3;Magnesium
PRKACG;MYLK3;Magnesium
PRKACG;KCNJ6;Magnesium
PRKACG;KDM3A;Magnesium
PRKACG;AKT1S1;Magnesium
PRKACG;ORAI1;Magnesium
PRKACG;ATP2B1;Magnesium
PRKACG;PDX1;Magnesium
PRKACG;KCNJ5;Magnesium
PRKACG;ARHGDIA;Magnesium
PRKACG;ITPR2;Magnesium
PRKACG;KCNU1;Magnesium
PRKACG;SLC8A1;Magnesium
PRKACG;ABCC8;Magnesium
PRKACG;GABARAPL1;Magnesium
PRKACG;FXYD1;Magnesium
PRKACG;PPARA;Magnesium
PRKACG;ADCY3;Magnesium
PRKACG;KCNE1;Magnesium
PRKACG;KCNK2;Magnesium
PRKACG;TRPV1;Magnesium
PRKACG;PKIA;Magnesium
PRKACG;PRKAR1B;Magnesium
PRKACG;PRKAR1A;Magnesium
GNB1;ADORA2A;Magnesium
GNB1;ADCY3;Magnesium
FOXO1;PDX1;Magnesium
FOXO1;POMC;Magnesium
CALML5;ADCY3;Magnesium
CALML5;ITPR2;Magnesium
PDX1;INS;Magnesium
SLC8A3;SLC8A1;Magnesium
SLC8A3;AKAP1;Magnesium
ITPR2;CALML4;Magnesium
AKT1S1;ULK2;Magnesium
PRKAR1A;GPR161;Magnesium
PRKAR1A;PRKAR1B;Magnesium
ULK2;TRAF6;Magnesium
RAPGEF4;ADCY3;Magnesium
RAPGEF4;ADCY7;Magnesium
RAPGEF4;ADCY5;Magnesium
RAPGEF4;ABCC8;Magnesium
INS;IGF1R;Magnesium
KCNE1;KCNE1B;Magnesium
KCNU1;KCNMB2;Magnesium
POMC;GNAI1;Magnesium
POMC;ADORA2A;Magnesium
ADCY3;RAPGEF3;Magnesium
ADCY3;CALML4;Magnesium
GCG;GNAI1;Magnesium
GCG;CTNNB1;Magnesium
GCG;ADORA2A;Magnesium
RAPGEF3;ABCC8;Magnesium
RAPGEF3;ADCY7;Magnesium
RAPGEF3;ADCY5;Magnesium
SCN1B;SCN7A;Magnesium
RHOA;RAF1;Magnesium
RHOA;RASGRF1;Magnesium
RHOA;ARHGDIA;Magnesium
ADCY5;GNAI1;Magnesium
KCNJ5;GNAI1;Magnesium
ATP1A3;FXYD1;Magnesium
ATP1A1;FXYD1;Magnesium
KCNJ6;GNAI1;Magnesium
CTNNB1;IGF1R;Magnesium
IGF1R;GNAI1;Magnesium
CD4;PTK2;Magnesium
DCN;TGFB3;Magnesium
DCN;EGFR;Magnesium
DCN;TGFB1;Magnesium
TIMP1;MMP9;Magnesium
TGFB1;SDC4;Magnesium
TGFB1;LTBP1;Magnesium
SERPINE1;PLAU;Magnesium
SERPINE1;VTN;Magnesium
VTN;PLAU;Magnesium
TGFB3;LTBP1;Magnesium
FGL2;FN1;Magnesium
FGL2;SERPINF2;Magnesium
FGL2;FGL1;Magnesium
FGL2;THBS1;Magnesium
FGL2;FGA;Magnesium
FGL2;FGG;Magnesium
FGL2;FGB;Magnesium
THBS1;FGL1;Magnesium
THBS1;FGG;Magnesium
THBS1;FGB;Magnesium
THBS1;SERPINF2;Magnesium
THBS1;FGA;Magnesium
THBS1;ID1;Magnesium
THBS1;LTBP1;Magnesium
THBS1;SDC4;Magnesium
THBS1;SDC1;Magnesium
THBS1;MMP9;Magnesium
ITGAV;SDC1;Magnesium
ITGA2B;FGG;Magnesium
ITGA2B;FGB;Magnesium
ITGA2B;FGA;Magnesium
EGFR;PDGFB;Magnesium
FGB;FGL1;Magnesium
FGB;FN1;Magnesium
FGB;ITGB3;Magnesium
PLG;PLAU;Magnesium
PLG;SERPINF2;Magnesium
SERPINF2;FGL1;Magnesium
SERPINF2;FN1;Magnesium
FGG;FGL1;Magnesium
FGG;FN1;Magnesium
FGG;ITGB3;Magnesium
PTK2;SDC4;Magnesium
FN1;FGL1;Magnesium
FN1;FGA;Magnesium
FN1;SDC1;Magnesium
FN1;SDC4;Magnesium
COL18A1;MMP9;Magnesium
TGFB2;LTBP1;Magnesium
MMP9;SDC1;Magnesium
SDC4;SDC1;Magnesium
SDC1;ITGB3;Magnesium
FGL1;FGA;Magnesium
ITGB3;FGA;Magnesium
AJUBA;WTIP;Magnesium
AJUBA;LIMD1;Magnesium
AJUBA;SAV1;Magnesium
AJUBA;LATS1;Magnesium
LIMD1;WTIP;Magnesium
LIMD1;SAV1;Magnesium
LIMD1;LATS2;Magnesium
LIMD1;LATS1;Magnesium
SAV1;WTIP;Magnesium
NF2;AMOTL2;Magnesium
NF2;AMOTL1;Magnesium
NF2;WWC1;Magnesium
NF2;LATS2;Magnesium
NF2;LATS1;Magnesium
NF2;AMOT;Magnesium
TEAD4;TEAD1;Magnesium
TEAD4;WWTR1;Magnesium
TEAD4;YAP1;Magnesium
PTPN14;WWC1;Magnesium
PTPN14;YAP1;Magnesium
AMOT;AMOTL2;Magnesium
AMOT;AMOTL1;Magnesium
NPHP4;LATS2;Magnesium
NPHP4;LATS1;Magnesium
LATS2;WTIP;Magnesium
LATS2;WWC1;Magnesium
AMOTL1;AMOTL2;Magnesium
AMOTL1;YAP1;Magnesium
WWTR1;TEAD1;Magnesium
AMOTL2;YAP1;Magnesium
WWC1;LATS1;Magnesium
TEAD1;YAP1;Magnesium
LATS1;ITCH;Magnesium
LATS1;WTIP;Magnesium
MLKL;TRPM7;Magnesium
TRPV2;TRPM2;Magnesium
TRPV2;TRPM7;Magnesium
TRPM2;TRPM7;Magnesium
SIK3;YWHAZ;Magnesium
NDRG1;NDRG2;Magnesium
