Nodes,Observed_Path_Frequency,Expected_Random_Frequency,Empirical_P_Value,Fold_Enrichment
TP53,84112.0,11277.7198,9.999000099990002e-05,7.458245238545472
JAK2,52775.0,2725.3335,9.999000099990002e-05,19.364602533965108
PRKACA,51937.0,7478.2426,9.999000099990002e-05,6.9450809204825745
GNB1,45037.0,7745.0889,9.999000099990002e-05,5.8149106590629325
EGFR,40614.0,5522.9091,9.999000099990002e-05,7.3537331983247745
GNAI1,28779.0,5250.4195,9.999000099990002e-05,5.4812763056361495
CTNNB1,25184.0,3813.4944,9.999000099990002e-05,6.603916869525231
SRC,24225.0,4902.9336,9.999000099990002e-05,4.940919452794547
IGHV3-43D,23718.0,1010.3666,9.999000099990002e-05,23.474647716977184
PCNA,23555.0,3387.5646,9.999000099990002e-05,6.953372933463763
HSP90AA1,21652.0,1977.1209,9.999000099990002e-05,10.95127768868358
APP,21267.0,1535.9983,9.999000099990002e-05,13.845718449037346
CASP3,19232.0,1820.4151,9.999000099990002e-05,10.564623420229815
CHRNA3,16768.0,180.0105,9.999000099990002e-05,93.15012179845064
UBE2I,16259.0,800.7466,9.999000099990002e-05,20.30480054489148
NFE2L2,14400.0,387.818,9.999000099990002e-05,37.13081909555513
MOB1A,10363.0,133.5005,9.999000099990002e-05,77.62517743379239
MLKL,9330.0,283.1248,9.999000099990002e-05,32.95366566263358
FAU,51788.0,18880.6815,0.00019998000199980003,2.7429094654236925
PLK1,25971.0,5180.1936,0.00019998000199980003,5.013519185846645
XBP1,24004.0,5232.1888,0.00019998000199980003,4.587754937283608
IGHV3-16,14995.0,1200.6536,0.00019998000199980003,12.489030974462574
B2M,13247.0,1489.8575,0.00019998000199980003,8.89145438406022
CDIPT,12770.0,986.6782,0.00019998000199980003,12.942416281215092
BAX,11761.0,886.3439,0.00019998000199980003,13.269115971802819
GNAQ,21518.0,3451.9155,0.00029997000299970003,6.233640423700986
GCG,14356.0,865.9554,0.00029997000299970003,16.578221003067824
ATM,13738.0,1344.7607,0.00029997000299970003,10.215943996578721
RNASEH1,278.0,6.8773,0.00029997000299970003,40.42284035886176
ACTB,32084.0,9940.1874,0.00039996000399960006,3.2277057472779638
PLCG1,18186.0,2976.2316,0.00039996000399960006,6.110411568777107
ARRB1,10775.0,884.5791,0.00039996000399960006,12.180934412761957
PFAS,463.0,8.5556,0.00039996000399960006,54.11660199167797
SURF4,423.0,8.632,0.00039996000399960006,49.00370713623726
MAPK1,26720.0,7147.2772,0.0004999500049995,3.738486594587376
PTGES3,15016.0,1494.2906,0.0004999500049995,10.048915518842184
PPP1CA,14273.0,1654.4734,0.0004999500049995,8.626914158910019
MAPT,13954.0,1245.3702,0.0004999500049995,11.204700417594703
HK1,11865.0,1138.9482,0.0004999500049995,10.417506257088776
GNA11,10101.0,668.9505,0.0004999500049995,15.099771956220975
KCNA4,1070.0,14.6431,0.0004999500049995,73.07195880653687
AKT1,15570.0,2360.347,0.0005999400059994001,6.596487719814077
STAT4,11839.0,1130.0256,0.0005999400059994001,10.476753800975837
C1QBP,1210.0,23.7243,0.0005999400059994001,51.002558558102876
YWHAZ,12283.0,1151.1639,0.0006999300069993001,10.670070526012847
STAT3,11400.0,1325.4922,0.0006999300069993001,8.600578713326266
SLC7A11,623.0,6.9754,0.0006999300069993001,89.3138744731485
USP47,558.0,15.7227,0.0006999300069993001,35.49008758037742
BCL2L14,440.0,8.7539,0.0006999300069993001,50.263311209860746
C2CD5,409.0,15.9533,0.0006999300069993001,25.637328953884147
PPP2CA,20295.0,4413.1107,0.0007999200079992001,4.598796943842809
ESR1,13011.0,2156.805,0.0007999200079992001,6.032534234666556
FOXO1,12774.0,1614.9523,0.0007999200079992001,7.9098311448579635
CHKA,2622.0,75.901,0.0007999200079992001,34.54499940712244
ABL1,10627.0,1167.207,0.0008999100089991,9.10464039369195
GAL,4562.0,65.6053,0.0008999100089991,69.53706484079792
IL1RAPL1,1283.0,17.6451,0.0008999100089991,72.71140429921054
AUP1,623.0,20.4527,0.0008999100089991,30.460525994123024
FCGR2A,1428.0,30.7954,0.000999900009999,46.370561837157496
NQO1,1330.0,31.2126,0.000999900009999,42.610996841019336
HSPA8,11015.0,1301.7751,0.0010998900109989002,8.46152303881062
DLG4,8741.0,433.8415,0.0010998900109989002,20.147911161103767
PDIA6,324.0,14.6937,0.0010998900109989002,22.050266440719493
CALM1,10967.0,1518.7945,0.0011998800119988001,7.220858384725518
ACO2,9788.0,1069.9055,0.0011998800119988001,9.148471523886922
TP53BP1,9486.0,751.4637,0.0011998800119988001,12.623364242344639
GALT,2441.0,58.6323,0.0011998800119988001,41.63234258250145
TTF2,2124.0,52.5788,0.0011998800119988001,40.39650961984678
CALD1,688.0,23.7453,0.0011998800119988001,28.974154885387843
BRCA1,17697.0,3133.2345,0.0012998700129987,5.648156880693098
SHMT2,10032.0,1255.7142,0.0012998700129987,7.989079043623144
SDHA,9708.0,981.2668,0.0012998700129987,9.893333800756329
PCYT1A,2823.0,78.2309,0.0012998700129987,36.085485402826755
IFNGR2,1416.0,50.3186,0.0012998700129987,28.14068753900148
PAPSS2,484.0,22.1889,0.0012998700129987,21.81270815587974
RNASEH2A,385.0,31.1697,0.0012998700129987,12.351739028607911
NSDHL,332.0,14.4473,0.0012998700129987,22.98007240107148
NEK9,4093.0,27.1696,0.0013998600139986002,150.64631058241565
SERPINA1,513.0,19.7013,0.0013998600139986002,26.038890834614975
RHOA,12500.0,2742.5249,0.0014998500149985001,4.5578437592307735
TIGAR,2554.0,97.0103,0.0014998500149985001,26.32710134903201
TXNRD2,977.0,46.7168,0.0014998500149985001,20.913247482704296
TP53RK,5711.0,90.354,0.0015998400159984002,63.20694158531997
TPSAB1,3002.0,28.4455,0.0015998400159984002,105.5351461566856
PLA2G4B,1838.0,63.7506,0.0015998400159984002,28.831101197478926
NDE1,1819.0,70.2237,0.0015998400159984002,25.902935903405833
ACIN1,1800.0,52.1459,0.0015998400159984002,34.51853357598584
TXN2,1497.0,75.2442,0.0015998400159984002,19.895221159903354
TFRC,1045.0,38.0143,0.0015998400159984002,27.48965520869778
ADD1,717.0,42.5054,0.0015998400159984002,16.868444950523934
DHDH,508.0,20.3633,0.0015998400159984002,24.946840639778426
PAPSS1,439.0,17.374,0.0015998400159984002,25.267641303096582
KDELR3,264.0,15.204,0.0015998400159984002,17.363851617995262
VWF,1280.0,65.3219,0.0016998300169983002,19.595265906227468
NGF,919.0,44.6655,0.0016998300169983002,20.57516427667887
RAB13,633.0,42.8745,0.0016998300169983002,14.764020571668475
KHDC3L,456.0,28.8354,0.0016998300169983002,15.813895420212654
COPG1,3335.0,153.6647,0.0017998200179982,21.703097718604205
IL13,1393.0,66.2162,0.0017998200179982,21.03714800909747
RABGGTA,821.0,54.2703,0.0017998200179982,15.127979760568856
SLC9A3R1,702.0,51.6758,0.0017998200179982,13.58469535062834
SEC61B,16979.0,3268.623,0.0018998100189981002,5.194542166533124
GRM5,2785.0,71.4497,0.0018998100189981002,38.97847016852415
KLF4,1640.0,96.0927,0.0018998100189981002,17.06685315325722
FTH1,864.0,28.8667,0.0018998100189981002,29.93068137334714
CES1,463.0,42.2871,0.0018998100189981002,10.94896552376493
A2M,260.0,15.2734,0.0018998100189981002,17.023059698560896
MRTFA,4056.0,90.2185,0.001999800019998,44.95751979915427
TXNRD1,2904.0,93.8987,0.001999800019998,30.92694574046286
PEX5,2731.0,75.8745,0.001999800019998,35.99364740459575
PDE4D,1232.0,60.1651,0.001999800019998,20.476987489424932
ADHFE1,1188.0,67.1511,0.001999800019998,17.691445114078547
KCND2,643.0,47.0671,0.001999800019998,13.661347310541757
APBB1,630.0,55.6539,0.001999800019998,11.319961404322068
CCAR2,625.0,42.7656,0.001999800019998,14.614550012159306
PAX6,621.0,47.9745,0.001999800019998,12.94437670012194
FKBP6,385.0,26.149,0.001999800019998,14.723316379211441
GYG1,3534.0,145.7458,0.0020997900209979003,24.247697017684214
AAMP,2580.0,61.7229,0.0020997900209979003,41.799721011164415
MYO5A,859.0,58.4016,0.0020997900209979003,14.708501136955151
TTC4,363.0,23.3913,0.0020997900209979003,15.518590245091122
CAMLG,257.0,16.141,0.0020997900209979003,15.92218573818227
NSMAF,235.0,18.9815,0.0020997900209979003,12.380475726365145
PDE6D,8022.0,212.8766,0.0021997800219978004,37.68380366841635
HACL1,888.0,65.6084,0.0021997800219978004,13.534852244529663
PPA1,819.0,44.2343,0.0021997800219978004,18.515043755637596
TYR,752.0,53.065,0.0021997800219978004,14.171299349853953
ACHE,704.0,56.4972,0.0021997800219978004,12.460794517250413
S100A4,541.0,41.4172,0.0021997800219978004,13.062206040002703
FYN,10395.0,1695.4243,0.0022997700229977,6.131208571211348
CCKBR,498.0,38.9917,0.0022997700229977,12.771948901945798
BABAM1,2347.0,86.6116,0.0023997600239976003,27.097986874737334
TRPV2,435.0,22.3315,0.0023997600239976003,19.479210980005824
COMMD5,311.0,28.2136,0.0023997600239976003,11.023052712167182
PRKN,9460.0,1027.1872,0.0024997500249975004,9.20961631920647
KIF23,705.0,53.9979,0.0024997500249975004,13.056063291350219
FREM2,684.0,52.6218,0.0024997500249975004,12.998415105526608
N6AMT1,293.0,29.3661,0.0024997500249975004,9.97749105260828
CREBBP,17700.0,4548.0814,0.0025997400259974,3.891750926005854
MOCS2,4438.0,94.1408,0.0025997400259974,47.142153030354535
CTSD,700.0,61.8449,0.0025997400259974,11.318637430087202
PLA2G4A,551.0,61.8023,0.0025997400259974,8.915525797583586
DPH1,230.0,14.2403,0.0025997400259974,16.151345126156052
PARK7,3395.0,125.4006,0.0026997300269973002,27.073235694247078
ACKR3,629.0,45.7936,0.0026997300269973002,13.73554383145243
DNAJA1,289.0,23.4011,0.0026997300269973002,12.349846802073406
USP21,2020.0,40.7338,0.0027997200279972004,49.59026655995758
LIG3,1560.0,74.4998,0.0027997200279972004,20.939653529271222
NUDT15,929.0,81.0682,0.0027997200279972004,11.459487197199394
EARS2,814.0,41.6248,0.0027997200279972004,19.555649516634315
MIF,808.0,56.3887,0.0027997200279972004,14.329112038404858
GRP,279.0,23.7972,0.0027997200279972004,11.724068377792346
GYS1,5095.0,240.5092,0.0028997100289971,21.184220811511576
TXN,3593.0,119.1264,0.0028997100289971,30.161240497488382
SEPTIN9,2942.0,142.7358,0.0028997100289971,20.61150741439779
EBI3,948.0,79.3791,0.0028997100289971,11.942690204348501
NAA10,764.0,65.4687,0.0028997100289971,11.669698649889185
FGFR1OP,346.0,28.3818,0.0028997100289971,12.190911076816834
CYP27B1,322.0,25.9238,0.0028997100289971,12.421018523518928
BMX,229.0,14.6346,0.0028997100289971,15.647848250037582
IDE,4398.0,212.294,0.0029997000299970002,20.71655345888249
RNF8,2072.0,148.4684,0.0029997000299970002,13.95583167866024
HEY1,286.0,25.3682,0.0029997000299970002,11.273957158962796
GSTP1,4856.0,220.1766,0.0031996800319968005,22.055023104180915
HMGCR,3375.0,175.122,0.0031996800319968005,19.2722787542399
GFPT1,3268.0,266.618,0.0031996800319968005,12.257236945742598
HSD3B1,2863.0,152.7965,0.0031996800319968005,18.73734018776608
TH,2328.0,142.7044,0.0031996800319968005,16.313442332541953
BGLAP,615.0,45.5007,0.0031996800319968005,13.51627557378238
CEP164,361.0,35.5278,0.0031996800319968005,10.16105697510119
GP1BA,337.0,35.0932,0.0031996800319968005,9.603000011398219
CBR4,290.0,23.7007,0.0031996800319968005,12.235925521187138
DYRK1A,265.0,20.835,0.0031996800319968005,12.718982481401488
RACGAP1,787.0,63.431,0.0032996700329967,12.407182607873123
UNC5A,648.0,65.442,0.0032996700329967,9.90189786375722
ABCD3,321.0,23.9985,0.0032996700329967,13.37583598974936
MAPK8,19880.0,7046.6193,0.0033996600339966003,2.8212110167495497
IDI1,1687.0,114.694,0.0033996600339966003,14.70870315796816
ANKRD9,706.0,78.6204,0.0033996600339966003,8.979857645089568
NAP1L1,377.0,40.6681,0.0033996600339966003,9.270165067952522
APBB2,283.0,21.3882,0.0033996600339966003,13.231594991630898
PSPH,6047.0,287.8039,0.0034996500349965005,21.01083411308881
UBE2G2,1001.0,77.1957,0.0034996500349965005,12.967043501127653
ADAM22,305.0,33.381,0.0034996500349965005,9.136934184116713
TBC1D14,253.0,22.9663,0.0034996500349965005,11.016141041438978
CD27,234.0,16.4316,0.0034996500349965005,14.240852990579128
GNB5,5836.0,300.2777,0.0035996400359964,19.43534268445509
ADGRD1,2061.0,116.0217,0.0035996400359964,17.763918301490154
RIDA,346.0,39.6699,0.0035996400359964,8.721978124472207
PRKAG1,3300.0,205.1031,0.0036996300369963003,16.089469149905582
OAT,1578.0,136.9273,0.0036996300369963003,11.524363658671426
IL1B,1266.0,131.8368,0.0036996300369963003,9.602781620913127
IGFBP3,362.0,31.3121,0.0036996300369963003,11.561025929273347
ADGRB1,235.0,20.5372,0.0036996300369963003,11.44265040998773
ADCY1,4154.0,256.5284,0.0037996200379962005,16.19313884934378
USP10,411.0,41.0246,0.0037996200379962005,10.018379216372615
ATP12A,5987.0,309.9143,0.0038996100389961006,19.318243785459398
NPR1,2869.0,221.9133,0.0038996100389961006,12.928472516068213
L1CAM,1673.0,147.5401,0.0038996100389961006,11.339290131970902
IFT57,981.0,102.0189,0.0038996100389961006,9.615865295548177
PGM5,592.0,85.4942,0.0038996100389961006,6.9244463367105595
CD244,368.0,38.4265,0.0038996100389961006,9.576724395924687
ANGPT2,288.0,28.4486,0.0038996100389961006,10.123521016851445
ARL3,2161.0,59.438,0.003999600039996,36.357212557623065
TNKS,347.0,41.8838,0.003999600039996,8.28482611415392
CD226,340.0,33.5294,0.003999600039996,10.140354435212082
GNAS,12786.0,3612.2962,0.0040995900409959,3.539576848653773
PKLR,11388.0,2284.5246,0.0040995900409959,4.984844549277342
GGCX,868.0,114.9777,0.0040995900409959,7.549289992755117
ATF6,766.0,86.6802,0.0040995900409959,8.837081594181832
USP33,536.0,60.5095,0.0040995900409959,8.858113188838116
PSEN1,4920.0,270.7878,0.004199580041995801,18.1692085093937
PRKAG2,2408.0,214.3651,0.004199580041995801,11.233171817613968
PFKFB1,1611.0,157.9165,0.004199580041995801,10.201593880310163
RET,1356.0,185.1645,0.004199580041995801,7.323218003450985
GRK2,1316.0,132.1323,0.004199580041995801,9.959714619362565
LBR,788.0,115.4548,0.004199580041995801,6.825181802748781
DPYSL2,606.0,70.4423,0.004199580041995801,8.602785542209723
BACE1,596.0,59.1469,0.004199580041995801,10.076605874525969
FNTA,1137.0,117.1677,0.004299570042995701,9.704039594529892
ELMO1,6828.0,479.7182,0.004399560043995601,14.233356166182562
CRTC2,5858.0,535.8408,0.004399560043995601,10.932351549191477
PDE1A,2060.0,195.5591,0.004399560043995601,10.533899982153732
PFKFB2,802.0,94.6767,0.004399560043995601,8.470933186306663
THEM4,725.0,73.6448,0.004399560043995601,9.844551142782654
HTR2A,724.0,109.2026,0.004399560043995601,6.629878775780064
BSG,599.0,82.9135,0.004399560043995601,7.224396509615443
MAT2B,586.0,76.3976,0.004399560043995601,7.670398022974544
SUMO1,5532.0,406.4774,0.0044995500449955,13.609612736157041
ANPEP,4951.0,258.1786,0.0044995500449955,19.176647483563702
LATS1,1728.0,154.0432,0.0044995500449955,11.217632456349905
COQ2,1621.0,181.4426,0.0044995500449955,8.93395487057615
PECAM1,650.0,69.5744,0.0044995500449955,9.342516787784012
RFK,380.0,48.4578,0.0044995500449955,7.841874785896182
XDH,357.0,52.5537,0.0044995500449955,6.793051678568778
CASP6,1415.0,117.0272,0.0045995400459954,12.091206146947036
HMGB1,587.0,84.7501,0.0045995400459954,6.926245514754554
GOLGA2,449.0,62.7045,0.0045995400459954,7.160570612954412
PDYN,938.0,124.7291,0.0046995300469953,7.520297989803502
RNF41,686.0,78.689,0.0046995300469953,8.717863996238357
CD38,6145.0,336.9729,0.0047995200479952005,18.235887811749848
ENAH,705.0,83.173,0.0047995200479952005,8.476308417395067
TAOK1,418.0,50.6601,0.0047995200479952005,8.25106938201859
TRIM32,408.0,58.3083,0.0047995200479952005,6.9972885506866085
GNG12,5221.0,245.6298,0.004899510048995101,21.255564267853494
SEPTIN4,1579.0,178.1688,0.004899510048995101,8.862382190372276
TNPO1,1049.0,142.4135,0.004899510048995101,7.365874723955243
SPTAN1,1019.0,142.1541,0.004899510048995101,7.168277242794967
ACADVL,915.0,96.7153,0.004899510048995101,9.460757501656925
TMEM109,587.0,95.0778,0.004899510048995101,6.173891276407321
SH2D1A,360.0,42.3447,0.004899510048995101,8.501654280228694
NRBP1,312.0,37.2272,0.004899510048995101,8.380968754029311
PRKCA,10652.0,2141.8707,0.004999500049995001,4.9732227066741235
IGLL5,4875.0,619.0621,0.004999500049995001,7.874815789886023
SPR,1242.0,147.1591,0.004999500049995001,8.439845038465172
PDHA1,594.0,72.0345,0.004999500049995001,8.246048768298524
APPL1,574.0,63.21,0.004999500049995001,9.080841638981173
HTRA2,542.0,88.8047,0.004999500049995001,6.103280569609492
CD40,479.0,61.2462,0.004999500049995001,7.820893377874872
SIRT3,2896.0,296.9165,0.005099490050994901,9.753583920058333
LPIN1,2206.0,235.8231,0.005099490050994901,9.354469515496998
GHR,909.0,100.8779,0.005099490050994901,9.010893367129967
SOCS1,857.0,110.5463,0.005099490050994901,7.75240781464418
EIF4EBP1,652.0,87.1331,0.005099490050994901,7.482805041941582
WBP2,554.0,90.3534,0.005099490050994901,6.131479280248447
IFIH1,550.0,84.8638,0.005099490050994901,6.480973041508865
NEK7,1328.0,50.507,0.0051994800519948,26.293385075336094
PDX1,993.0,140.9861,0.0051994800519948,7.043247525819922
TDRD1,342.0,43.4518,0.0051994800519948,7.870790162893137
GAPDH,8148.0,534.7253,0.0052994700529947,15.237730475816276
HERC2,520.0,90.5818,0.0052994700529947,5.740667551318256
BIN1,288.0,35.1258,0.0052994700529947,8.199101515125635
GORASP2,258.0,24.7819,0.0052994700529947,10.410824028827491
GRIA1,8437.0,645.1729,0.0053994600539946005,13.077114677321381
CDK5,7586.0,472.4939,0.0053994600539946005,16.055233728943378
RANBP9,717.0,105.1927,0.0053994600539946005,6.81606233132147
MBP,411.0,51.1385,0.0053994600539946005,8.036997565435044
CKB,354.0,54.998,0.0053994600539946005,6.436597694461617
PTGS2,7199.0,442.3164,0.005499450054994501,16.27567958140372
TUBG1,1384.0,175.3495,0.005499450054994501,7.892808362727011
XYLT1,965.0,32.9538,0.005499450054994501,29.28342103186886
TLR3,761.0,95.5893,0.005499450054994501,7.96114209435575
CRYAB,377.0,47.4489,0.005499450054994501,7.9453896718364385
ITGA2B,3414.0,279.8083,0.005599440055994401,12.201210614552894
WDR90,2723.0,331.8723,0.005599440055994401,8.204963174088347
CORT,978.0,126.2651,0.005599440055994401,7.7456082480432045
JUND,694.0,86.4279,0.005599440055994401,8.029814446492395
HSPG2,691.0,97.3689,0.005599440055994401,7.096721848557394
TACR1,292.0,40.9829,0.005599440055994401,7.124922833669652
EP300,18987.0,7090.945,0.005699430056994301,2.6776402863088067
ENPP1,13919.0,4196.9556,0.005699430056994301,3.3164515726590005
TP53BP2,595.0,95.2284,0.005699430056994301,6.248136060250934
KL,502.0,75.3356,0.005699430056994301,6.663516318978013
ARFIP2,260.0,32.2463,0.005699430056994301,8.062940554420198
RIPK3,6104.0,468.1771,0.0057994200579942,13.037801293570318
SEPTIN11,1322.0,178.6706,0.0057994200579942,7.399090840910592
IL18,907.0,111.298,0.0057994200579942,8.149292889360096
VTA1,727.0,109.9828,0.0057994200579942,6.610124492193325
ADCY5,1361.0,133.5251,0.0058994100589941,10.19284014765763
PEX19,1086.0,142.196,0.0058994100589941,7.637345635601564
OTUB1,792.0,108.518,0.0058994100589941,7.298328387917212
MDM2,9162.0,1192.7809,0.0059994000599940004,7.681209516349566
OPTN,2236.0,294.134,0.0059994000599940004,7.601977330060448
STK4,1332.0,185.6726,0.0059994000599940004,7.173917960970009
FZD1,597.0,87.6546,0.0059994000599940004,6.810823390900192
MAP2K3,7397.0,565.4877,0.006099390060993901,13.080744284977374
KHDRBS1,2027.0,220.7096,0.006099390060993901,9.184013744757818
FURIN,1678.0,200.4217,0.006099390060993901,8.372346906547545
IL6R,1308.0,173.4486,0.006099390060993901,7.541138988726344
SEPTIN5,1096.0,192.8007,0.006099390060993901,5.684626663699873
MLX,237.0,21.7032,0.006099390060993901,10.92004865641933
AMFR,5994.0,511.369,0.006199380061993801,11.721477054729558
IRF7,2295.0,192.0534,0.006199380061993801,11.949801461468528
PBX1,1184.0,153.2331,0.006199380061993801,7.726790099528104
USP8,925.0,133.3194,0.006199380061993801,6.938225044517152
GGA3,921.0,136.8117,0.006199380061993801,6.731880387423005
KPNA4,908.0,180.3361,0.006199380061993801,5.035042900450881
PLCB1,4644.0,520.975,0.006299370062993701,8.914055376937473
DVL1,4499.0,519.1186,0.006299370062993701,8.666612985934234
HAO1,2732.0,248.2922,0.006299370062993701,11.00316481951507
CSTF3,1383.0,196.824,0.006299370062993701,7.026582124131203
COPB1,1199.0,197.9078,0.006299370062993701,6.058376678433088
RAB9A,1167.0,179.6157,0.006299370062993701,6.497204865721649
ANXA2,959.0,139.1852,0.006299370062993701,6.890100384236255
MAPK6,689.0,129.8743,0.006299370062993701,5.3051296522868645
NPVF,347.0,43.0165,0.006299370062993701,8.066672090941848
CYCS,5592.0,646.1583,0.006399360063993601,8.654226061941786
UGP2,2357.0,262.3426,0.006399360063993601,8.98443485732016
F2R,1983.0,207.7323,0.006399360063993601,9.545939654064389
ADPRM,780.0,148.4326,0.006399360063993601,5.25491030946032
IDI2,692.0,137.5455,0.006399360063993601,5.031062448426157
UTRN,442.0,64.5437,0.006399360063993601,6.848073475800117
NCAM1,424.0,62.4757,0.006399360063993601,6.786638645105216
RABGEF1,385.0,65.4657,0.006399360063993601,5.880942233872089
TXNIP,344.0,51.3584,0.006399360063993601,6.698027975949406
TOP1,332.0,29.1509,0.006399360063993601,11.38901371827285
ARL2,240.0,27.2767,0.006399360063993601,8.798718320031382
BRD4,8304.0,766.7999,0.0064993500649935,10.82942238255378
XRN1,1663.0,168.8462,0.0064993500649935,9.849200041220945
TMED10,1180.0,204.6716,0.0064993500649935,5.765333343756534
ESRRA,423.0,73.2517,0.0064993500649935,5.774610009050985
ACACA,3961.0,330.3055,0.0065993400659934,11.991928684202957
STAT5A,3211.0,350.1487,0.0065993400659934,9.17038960875765
HMOX1,1489.0,182.7207,0.0065993400659934,8.14904934142656
EGR1,777.0,108.7332,0.0065993400659934,7.145931509419387
HIF1A,5644.0,585.4577,0.0066993300669933005,9.640320726843289
NLRP3,3886.0,412.6887,0.0066993300669933005,9.416298532041221
MAP3K5,3569.0,397.4141,0.0066993300669933005,8.980557056229257
RALA,1362.0,210.7257,0.0066993300669933005,6.463378695621844
ADAM17,1353.0,211.4961,0.0066993300669933005,6.397281084615744
SETDB1,345.0,51.3021,0.0066993300669933005,6.724870911717064
NOS1,7798.0,1001.2603,0.006799320067993201,7.788184551010361
SUMO4,1155.0,161.0618,0.006799320067993201,7.17116038688255
SLC2A4,369.0,57.656,0.006799320067993201,6.400027750797835
USP22,6080.0,668.013,0.006899310068993101,9.101619279864314
ITCH,4770.0,496.3307,0.006899310068993101,9.610527819455859
UXT,1134.0,193.187,0.006899310068993101,5.869960194008914
DOHH,517.0,103.7471,0.006899310068993101,4.983271821573807
CRH,469.0,77.264,0.006899310068993101,6.07009732863947
DNM1L,413.0,64.7093,0.006899310068993101,6.382390166483025
HNRNPK,858.0,131.6554,0.006999300069993001,6.517013354560467
DOLK,463.0,75.62,0.006999300069993001,6.12271885744512
IQGAP1,1027.0,168.2139,0.007099290070992901,6.1053218550904536
PYGB,655.0,139.4134,0.007099290070992901,4.6982571259290715
EPS8,609.0,129.7078,0.007099290070992901,4.695168679138803
INCENP,564.0,105.904,0.007099290070992901,5.325577881855265
ACO1,476.0,84.9044,0.007099290070992901,5.606305444711935
OTC,424.0,37.6921,0.007099290070992901,11.249041576351543
GRM4,283.0,41.4428,0.007099290070992901,6.828689181232929
BIRC2,6636.0,751.558,0.0071992800719928,8.829657857410872
SIRT1,6578.0,518.2712,0.0071992800719928,12.692196672321364
XPO1,3201.0,448.0152,0.0071992800719928,7.144846871266868
SORD,1932.0,271.8008,0.0071992800719928,7.108146848721565
RNPS1,1658.0,276.1643,0.0071992800719928,6.003672451508033
SPTLC1,1104.0,194.7775,0.0071992800719928,5.668005801491446
TRIM28,1067.0,159.4001,0.0071992800719928,6.693847745390372
GLYR1,943.0,148.7117,0.0071992800719928,6.3411285056925575
RASSF5,805.0,138.8567,0.0071992800719928,5.7973435923509635
ILVBL,368.0,56.853,0.0071992800719928,6.472833447663271
SPHK1,3919.0,409.4779,0.0072992700729927005,9.570724085475677
RASSF1,926.0,136.5621,0.0072992700729927005,6.780797893412594
LSS,839.0,168.4169,0.0072992700729927005,4.98168532967891
DMD,815.0,154.0435,0.0072992700729927005,5.290713337466365
GCSH,760.0,116.6444,0.0072992700729927005,6.5155292495824915
KLRK1,652.0,122.9259,0.0072992700729927005,5.30400834974566
SOX9,649.0,112.869,0.0072992700729927005,5.750028794443115
MICALL1,390.0,46.9268,0.0072992700729927005,8.31081599427193
PARP1,3761.0,413.5904,0.007399260073992601,9.093537954459292
IGF1,2303.0,320.3867,0.007399260073992601,7.188188523431216
SREBF1,2166.0,255.3824,0.007399260073992601,8.48139887478542
CCP110,319.0,50.8069,0.007399260073992601,6.278674746933979
HTT,7571.0,792.7882,0.007499250074992501,9.549839414865156
SMPD2,3324.0,424.7345,0.007499250074992501,7.826065459716599
HDAC6,1507.0,208.2018,0.007499250074992501,7.238169890942346
RIPOR2,1032.0,141.4916,0.007499250074992501,7.293719203118772
FBH1,599.0,99.3266,0.007499250074992501,6.030610128606033
SFN,5754.0,643.0736,0.007599240075992401,8.94765389218279
UBE2N,5164.0,622.2303,0.007599240075992401,8.29917797317167
RRM2B,5119.0,639.1026,0.007599240075992401,8.00966855712995
BNIP3,473.0,81.0156,0.007599240075992401,5.8383817437629295
PDE9A,343.0,51.1308,0.007599240075992401,6.708285417008926
CSF2RB,579.0,126.3558,0.007699230076992301,4.582298556932091
DNA2,1102.0,112.4331,0.007799220077992201,9.801384111974142
PDCD6IP,966.0,148.6192,0.007799220077992201,6.499833130578014
PRL,657.0,113.6275,0.007799220077992201,5.782050999977998
NUMB,551.0,110.8197,0.007799220077992201,4.972040169753212
UBA5,233.0,25.4663,0.007799220077992201,9.14934639111296
PIPOX,916.0,201.4112,0.007899210078992101,4.547909947411068
SERPINF2,451.0,104.7712,0.007899210078992101,4.30461806297914
PLA2G4C,356.0,68.3376,0.007899210078992101,5.209430825782586
AGXT,5705.0,920.8687,0.007999200079992,6.195237171162404
USP7,5500.0,532.3221,0.007999200079992,10.33209028894348
SDC1,1610.0,229.8455,0.007999200079992,7.004705334670464
FZD7,932.0,159.2743,0.007999200079992,5.851540392894522
P4HB,387.0,64.0581,0.007999200079992,6.0413905501412
ARHGAP10,295.0,46.2064,0.007999200079992,6.38439696665397
CPT1A,279.0,40.532,0.007999200079992,6.883450113490576
ENO1,3908.0,504.1191,0.008099190080991902,7.752136350318803
KDR,3733.0,417.111,0.008099190080991902,8.94965608674909
THOC5,2044.0,315.5503,0.008099190080991902,6.477572672249083
NOS2,1676.0,262.0629,0.008099190080991902,6.395411178003449
BAIAP2,1497.0,216.1652,0.008099190080991902,6.925259014864557
CALR,1284.0,245.7019,0.008099190080991902,5.225844814386865
LRGUK,529.0,114.907,0.008099190080991902,4.603723010782633
HCST,351.0,64.0835,0.008099190080991902,5.477228927883153
ERO1A,317.0,53.6968,0.008099190080991902,5.903517528046364
NGFR,7184.0,584.8566,0.0081991800819918,12.283352876585475
F10,564.0,134.2542,0.0081991800819918,4.200985890944194
AK6,3148.0,437.4694,0.0082991700829917,7.195931875463747
TSTD1,1071.0,202.7779,0.0082991700829917,5.281640652161799
CHRM2,778.0,161.2779,0.0082991700829917,4.823971542288187
CRLS1,649.0,144.776,0.0082991700829917,4.482787202298724
WNT3,629.0,96.6221,0.0082991700829917,6.509897839107202
PUDP,325.0,64.1848,0.0082991700829917,5.063504131819372
RYR2,5217.0,747.9339,0.008399160083991601,6.975215323172275
RNF31,3208.0,496.5154,0.008399160083991601,6.461028197715519
GLA,1776.0,296.8534,0.008399160083991601,5.982751081847134
FEN1,754.0,135.9044,0.008399160083991601,5.548017577061522
FKBP4,426.0,84.9327,0.008399160083991601,5.01573598861216
PCM1,360.0,64.7253,0.008399160083991601,5.561967267822628
SQSTM1,8552.0,1110.9884,0.0084991500849915,7.6976501284801895
IL6,1388.0,201.1596,0.0084991500849915,6.899993835740377
AGER,556.0,123.9322,0.0084991500849915,4.48632397391477
GPSM2,432.0,68.2022,0.0084991500849915,6.334106524422966
KIF11,343.0,68.129,0.0084991500849915,5.034566777730482
PIM1,290.0,42.3109,0.0084991500849915,6.854025794771561
PPOX,261.0,40.093,0.0084991500849915,6.509864564886638
BABAM2,6256.0,719.7991,0.0086991300869913,8.69131400692221
FN1,4749.0,478.0133,0.0086991300869913,9.934870013031018
NUDT12,3945.0,420.0174,0.0086991300869913,9.392468026324623
SNCA,3133.0,429.5355,0.0086991300869913,7.293925647589082
PER1,2690.0,298.5486,0.0086991300869913,9.010258296304185
GSTA2,1695.0,256.1473,0.0086991300869913,6.617286225542881
SLC6A3,633.0,128.9037,0.0086991300869913,4.910642595984445
KCNQ1,1975.0,321.9392,0.008799120087991202,6.1346987257221235
FDX1,1165.0,206.1906,0.008799120087991202,5.650112080764109
LZTR1,7079.0,829.6968,0.008899110088991101,8.532032424374783
CAV3,1970.0,339.4301,0.008899110088991101,5.8038459170238585
BDNF,394.0,67.9154,0.008899110088991101,5.801335190545885
FDXR,366.0,74.5031,0.008899110088991101,4.912547263134017
MECP2,3627.0,534.1874,0.008999100089991,6.789752060793647
ASL,2320.0,403.7119,0.008999100089991,5.746672317561112
CEBPA,1974.0,273.4439,0.008999100089991,7.219031033422213
LDB1,1666.0,321.8616,0.008999100089991,5.176137818242375
MZT1,1139.0,204.538,0.008999100089991,5.568647390704905
HPGDS,1843.0,344.0039,0.009099090090990901,5.357497400465518
LRP5,1559.0,243.8362,0.009099090090990901,6.393636383769104
HSPA5,1414.0,249.8012,0.009099090090990901,5.660501230578556
ECSIT,1314.0,253.7853,0.009099090090990901,5.177604849453455
EGR2,926.0,148.2857,0.009099090090990901,6.244701950356643
IL4,421.0,76.1493,0.009099090090990901,5.5286128697177785
SCO2,254.0,34.4647,0.009099090090990901,7.369859595470148
IDH1,2170.0,337.6134,0.0091990800919908,6.427469999709727
PAFAH1B1,2143.0,374.531,0.0091990800919908,5.721822759664754
CSK,304.0,50.3038,0.0091990800919908,6.043281024495167
ARF1,4479.0,677.2847,0.009299070092990702,6.613171683931439
PLD1,4363.0,580.1431,0.009299070092990702,7.520558289842627
RORA,1090.0,197.4835,0.009299070092990702,5.51944846025111
RAB5A,960.0,213.5459,0.009299070092990702,4.495520635142141
NRP1,771.0,163.9682,0.009299070092990702,4.70213126691639
TPM3,656.0,124.6076,0.0093990600939906,5.264526401278895
CAMK2A,8723.0,1362.3044,0.009499050094990502,6.403121064572646
SMCR8,1676.0,259.5128,0.009499050094990502,6.458255623614711
TYROBP,1096.0,207.4911,0.009499050094990502,5.282154270713298
SH3GL2,615.0,129.7535,0.009499050094990502,4.7397565383592735
ORAI1,467.0,101.6374,0.009499050094990502,4.594765312768725
CD36,381.0,68.9399,0.009499050094990502,5.526552838051694
GRHPR,1806.0,324.9425,0.009599040095990401,5.557906398824407
CXCR4,1427.0,224.5787,0.009599040095990401,6.354119958838483
LMNA,1229.0,189.1087,0.009599040095990401,6.498907771033274
QARS1,773.0,139.3457,0.009599040095990401,5.547354529059741
IMPA1,662.0,165.9266,0.009599040095990401,3.989715934636158
PGM2,4580.0,807.1733,0.0096990300969903,5.674122273370538
POMC,2760.0,458.7371,0.0096990300969903,6.01651795767118
RAB8A,1619.0,284.5089,0.0096990300969903,5.690507397132392
UBIAD1,532.0,131.2742,0.0096990300969903,4.052586113646093
RAB11A,898.0,186.0215,0.009799020097990201,4.827398983450838
EXOC2,596.0,123.1872,0.009799020097990201,4.838165004156275
TRIB3,283.0,53.3189,0.009799020097990201,5.307686392630005
BAP1,5770.0,690.9411,0.0098990100989901,8.350928899728212
VASP,1082.0,196.5195,0.0098990100989901,5.505814944572931
LEP,676.0,158.3163,0.0098990100989901,4.269933039112208
GPBAR1,403.0,88.4982,0.0098990100989901,4.553764935332018
SFPQ,328.0,69.3933,0.0098990100989901,4.726681106101021
IGF1R,6703.0,1056.5112,0.009999000099990002,6.344466580193377
RANGAP1,1054.0,254.5604,0.009999000099990002,4.140471180906379
COL1A1,703.0,143.7812,0.009999000099990002,4.889373575961252
SNAI1,694.0,152.2513,0.009999000099990002,4.55825336138345
BRCC3,6021.0,801.9279,0.0100989901009899,7.508156281880204
STAM,3367.0,548.8077,0.0100989901009899,6.135118002170889
MMP2,1161.0,235.2454,0.0100989901009899,4.935271848036136
TCF12,855.0,150.5984,0.0100989901009899,5.677351153797119
MAOA,4583.0,716.1601,0.010198980101989802,6.399407059957682
FLNA,1070.0,241.8176,0.010198980101989802,4.4248226762650855
DPP4,463.0,97.8996,0.010198980101989802,4.729334951317472
HNRNPC,1555.0,258.1724,0.010298970102989701,6.023107040101886
MAPK8IP1,277.0,46.1625,0.010298970102989701,6.000541565123206
GRM1,2314.0,380.7785,0.0103989601039896,6.077023781542287
PAK4,1124.0,233.7129,0.0103989601039896,4.809319468458951
SYNCRIP,539.0,101.8784,0.0103989601039896,5.290620975594434
PRMT5,3813.0,507.6422,0.010498950104989501,7.511195877726477
GART,2741.0,565.4908,0.010498950104989501,4.847116876171991
LAMP1,1007.0,226.7989,0.010498950104989501,4.440056808035665
CTLA4,424.0,90.9064,0.010498950104989501,4.664138058486531
HSPA9,3306.0,586.1252,0.0105989401059894,5.640433136128595
TGFBR2,1285.0,281.5658,0.0105989401059894,4.563764491284097
ABCD4,1124.0,293.5355,0.0105989401059894,3.8291790941811126
GALE,412.0,65.7223,0.0105989401059894,6.268800696262912
GNA13,6161.0,935.6854,0.010698930106989302,6.584478073506331
E2F6,4721.0,622.5183,0.010698930106989302,7.583712800089573
ADCY3,3417.0,611.2411,0.010698930106989302,5.590265445173762
NPR2,462.0,111.1205,0.010698930106989302,4.157648678686651
CYBB,1911.0,296.2533,0.010798920107989201,6.45056105704139
GATA4,685.0,128.5626,0.010798920107989201,5.328143643641308
SERPINE1,322.0,63.7143,0.010798920107989201,5.053810526051452
CNTN1,285.0,53.5572,0.010798920107989201,5.321413367390378
DDIT3,760.0,168.6343,0.0108989101089891,4.506793694995621
TKFC,390.0,97.9133,0.0108989101089891,3.983115674785754
MPO,222.0,11.3805,0.0108989101089891,19.50705153552129
HSDL2,1253.0,223.8431,0.010998900109989001,5.5976708685682075
GPX2,1112.0,251.1568,0.010998900109989001,4.427513011791837
DRG1,356.0,64.4246,0.010998900109989001,5.525839508510725
CCT5,5741.0,949.5995,0.0110988901109889,6.045706637377125
PICALM,853.0,236.395,0.0110988901109889,3.608367351255314
TARDBP,429.0,81.5469,0.0110988901109889,5.260776313998448
SOX10,329.0,64.9918,0.011198880111988802,5.06217707464634
CANX,257.0,42.7224,0.011198880111988802,6.015579649083385
NUMA1,239.0,34.1579,0.011198880111988802,6.996917257793951
G6PD,4725.0,1034.3102,0.0112988701129887,4.5682620165594425
APOE,3621.0,640.6551,0.0112988701129887,5.652027120364765
BLOC1S2,1508.0,321.0523,0.0112988701129887,4.697054031383671
CNST,1248.0,254.9095,0.0112988701129887,4.895855195667481
MLH1,564.0,115.6669,0.0112988701129887,4.876070855188477
CBLL1,328.0,71.6796,0.0112988701129887,4.575918392401744
SMAD1,1247.0,286.5746,0.011398860113988602,4.351397506966773
SCN1B,1222.0,293.3406,0.011398860113988602,4.165805892535844
MTFMT,804.0,222.0928,0.011398860113988602,3.6201083511036827
CLOCK,522.0,135.8817,0.011398860113988602,3.8415769010838106
ARNT,314.0,60.7114,0.011398860113988602,5.172010528500413
FH,1785.0,367.7714,0.011498850114988501,4.853558487690995
DAG1,1341.0,325.2425,0.011498850114988501,4.123077396096758
LMNB1,556.0,124.3499,0.011498850114988501,4.471254098314514
KCNJ3,421.0,124.9899,0.011498850114988501,3.368272156390236
RPA1,5992.0,1078.0282,0.0115988401159884,5.558296155889058
MAP2K7,3923.0,555.5361,0.0115988401159884,7.061647298888406
GNA12,2748.0,466.8576,0.0115988401159884,5.886163146963871
TLN1,1606.0,328.1195,0.0115988401159884,4.894558232595137
CCL2,1195.0,256.381,0.0115988401159884,4.661031823731088
CFTR,980.0,225.8379,0.0115988401159884,4.339395646169222
GPR37,141.0,5.0765,0.0115988401159884,27.7750418595489
XIAP,2205.0,460.6026,0.011698830116988301,4.787207019673793
NR5A1,463.0,116.5296,0.011698830116988301,3.973239417281103
NF2,410.0,89.8305,0.011698830116988301,4.564151373976545
MAP3K10,141.0,5.6483,0.011698830116988301,24.963263282757644
WWTR1,4756.0,880.6886,0.0117988201179882,5.40031970437678
DHFR,2464.0,512.1791,0.0117988201179882,4.810817153608963
MMP9,1216.0,272.9572,0.0117988201179882,4.454910879800936
AGT,2731.0,535.6083,0.011898810118988102,5.098875428181378
YWHAE,6118.0,876.0828,0.011998800119988001,6.983358193997188
NUDT16,2837.0,630.2355,0.011998800119988001,4.501491902630049
CEP290,1123.0,288.5467,0.011998800119988001,3.89191766878637
LIMD1,843.0,232.4621,0.011998800119988001,3.6263975934141524
ODC1,376.0,90.3351,0.011998800119988001,4.1622802210879275
ARRDC3,148.0,9.4101,0.011998800119988001,15.727781851414969
CREB1,5328.0,902.0957,0.012098790120987902,5.906246975792037
LRRK2,1862.0,384.4232,0.012098790120987902,4.843620260171602
TGFB1,1705.0,337.9395,0.012098790120987902,5.045281773808625
TPI1,1065.0,261.9851,0.012098790120987902,4.065116680299758
STAT1,4191.0,664.8642,0.012198780121987801,6.303542888908742
GLYCTK,3402.0,892.7767,0.012198780121987801,3.810583318314647
SIRT7,560.0,124.0738,0.012198780121987801,4.513442805813959
AKAP5,419.0,79.0982,0.012198780121987801,5.297212831644715
APH1A,304.0,63.1692,0.012198780121987801,4.812471900863079
RUNX2,4501.0,766.5606,0.0122987701229877,5.871681899643681
CBR1,2805.0,622.2752,0.0122987701229877,4.507651919922246
COMMD1,1060.0,258.5124,0.0122987701229877,4.100383579278982
PRKAA1,5166.0,682.3691,0.012398760123987601,7.570682787365372
EPHX2,4603.0,834.3128,0.0124987501249875,5.517115403239648
APLF,956.0,185.9869,0.0124987501249875,5.140146967340173
SMC1A,893.0,189.7813,0.0124987501249875,4.705416181678595
ALG5,622.0,201.457,0.0124987501249875,3.087507507805636
MIS12,928.0,222.0153,0.012598740125987402,4.179892106535
MAPKAPK2,855.0,207.0604,0.012598740125987402,4.129229925181252
CMA1,143.0,8.0745,0.012598740125987402,17.710074927240075
B9D2,768.0,192.8984,0.012698730126987301,3.9813705038507314
COASY,748.0,164.7995,0.012698730126987301,4.538848722235201
MTOR,9165.0,1924.322,0.012798720127987202,4.762716426876583
GPI,7478.0,1910.8634,0.012798720127987202,3.913414218933703
CLU,2006.0,423.7299,0.012798720127987202,4.734147861644883
STK3,1525.0,343.6456,0.012798720127987202,4.437711409661581
HIF1AN,323.0,65.9914,0.012798720127987202,4.894577172176981
PIGM,258.0,47.0324,0.012898710128987101,5.485580153256053
MAPRE1,1998.0,451.3816,0.012998700129987,4.4264099378441655
ROBO1,874.0,216.7614,0.012998700129987,4.032083203005701
PPID,508.0,119.1631,0.012998700129987,4.263064656760356
ERN1,3157.0,578.3262,0.013098690130986902,5.458856956506553
UPP1,1256.0,351.8925,0.013098690130986902,3.569271865697621
LSP1,459.0,117.4948,0.013098690130986902,3.9065558645999654
ACTN2,289.0,57.0614,0.013098690130986902,5.064719758015051
KRIT1,284.0,60.3927,0.013098690130986902,4.702555110137483
TRAF6,9649.0,2357.4966,0.0131986801319868,4.092900918711823
WNT1,619.0,149.7542,0.0131986801319868,4.1334399970084315
DRD2,515.0,173.3346,0.0131986801319868,2.9711321340344052
CTSG,307.0,64.3882,0.0131986801319868,4.767954376733625
KIRREL1,132.0,6.5906,0.0131986801319868,20.02852547567748
CXXC5,101.0,8.009,0.0131986801319868,12.610812835559994
TAT,726.0,192.1717,0.013298670132986702,3.777871559652124
SMG1,623.0,188.2758,0.013298670132986702,3.3089754498453865
CD9,230.0,26.3901,0.013298670132986702,8.715389483177404
SMO,2198.0,394.899,0.013398660133986601,5.5659801620161105
KNG1,1756.0,259.1323,0.013398660133986601,6.7764612902366865
ALOX15,1534.0,415.4713,0.013398660133986601,3.6921924570963145
MAPKAP1,368.0,79.4887,0.013398660133986601,4.629588859800198
PLN,2710.0,491.8984,0.013498650134986502,5.509267767490197
ATP6AP1,920.0,272.7764,0.013498650134986502,3.3727257929938217
GADD45B,502.0,128.7127,0.013498650134986502,3.9001590363654866
TNF,6148.0,1134.439,0.013598640135986401,5.419418761167414
CALCOCO2,5358.0,120.4596,0.013598640135986401,44.47964296743473
ATR,3624.0,810.5527,0.013598640135986401,4.471023290650935
TMED7,1859.0,433.4782,0.013598640135986401,4.288566299297173
HSPA4,1100.0,258.3469,0.013598640135986401,4.257840910806362
ADGRL1,1088.0,245.7438,0.013598640135986401,4.42737517691189
PTP4A1,633.0,118.7834,0.013598640135986401,5.329027456698495
GNE,437.0,121.8361,0.013598640135986401,3.586785854110563
CEP135,107.0,6.9286,0.013598640135986401,15.443235285627688
CS,6008.0,1514.4292,0.0136986301369863,3.96717126162121
TGFBR1,1211.0,258.7549,0.0136986301369863,4.680104608647024
HDAC4,983.0,237.1111,0.0136986301369863,4.1457359018620386
SIRT6,779.0,157.8376,0.0136986301369863,4.935452642462885
EPS15,713.0,183.6703,0.0136986301369863,3.8819558741941402
TP73,431.0,90.6734,0.0136986301369863,4.753323466419038
LIPA,400.0,106.1083,0.0136986301369863,3.769733376182636
MYO6,2416.0,516.9094,0.013798620137986202,4.673933188291797
PIK3C3,2197.0,467.1704,0.013798620137986202,4.702780826867456
PALB2,2102.0,555.2266,0.013798620137986202,3.785841672571163
PRNP,888.0,206.2362,0.013798620137986202,4.3057426387801945
PREX1,579.0,140.9449,0.013798620137986202,4.107988298973571
FIBP,4094.0,121.8837,0.013898610138986101,33.589397105601485
SESN2,483.0,109.4586,0.013898610138986101,4.412627239887957
SH3KBP1,1374.0,354.3643,0.013998600139986002,3.877365750443823
AURKA,638.0,152.0752,0.013998600139986002,4.195292855113786
SREBF2,529.0,130.0937,0.013998600139986002,4.066299905375894
USP20,118.0,9.7307,0.013998600139986002,12.126568489420082
FOXO3,7541.0,1456.6191,0.014098590140985901,5.177056925863461
GDI1,1107.0,325.6957,0.014098590140985901,3.3988781552842116
RAB3A,928.0,290.416,0.014098590140985901,3.1954162305107157
WIPI1,321.0,77.1459,0.014098590140985901,4.16094698486893
DDX11,109.0,10.0721,0.014098590140985901,10.821973570556288
GIPC1,71.0,6.6888,0.014098590140985901,10.614759000119603
CPEB2,297.0,65.4565,0.014198580141985802,4.537364509254237
ZWINT,2074.0,505.0633,0.014298570142985701,4.106415968057865
SYVN1,1187.0,300.1034,0.014298570142985701,3.9553034054262626
NLRC4,773.0,200.1878,0.014298570142985701,3.861374169654694
PIGL,549.0,151.1634,0.014298570142985701,3.631831514771433
SORBS1,393.0,95.9989,0.014298570142985701,4.093796908089572
TUBA1A,9062.0,2380.5525,0.0143985601439856,3.806679331793775
CNOT3,1202.0,302.9588,0.0143985601439856,3.9675361798369946
PRUNE1,125.0,8.6833,0.0143985601439856,14.395448734927967
GLUD1,7183.0,1802.2298,0.014498550144985502,3.9856182602240846
CSF3,1403.0,402.7175,0.014498550144985502,3.4838317182640437
GSK3A,988.0,235.7193,0.014498550144985502,4.191425988453215
IFNAR1,666.0,165.9758,0.014498550144985502,4.012633167003864
DAXX,1767.0,421.4937,0.014598540145985401,4.192233478222806
SEC31A,654.0,187.4115,0.014598540145985401,3.4896471134375426
MST1R,118.0,7.5199,0.014598540145985401,15.691698027899308
CACNA1B,467.0,122.671,0.014698530146985302,3.806930733425178
RHO,435.0,123.5665,0.014698530146985302,3.5203716217583243
ACE,113.0,8.6877,0.014698530146985302,13.006894805299448
OGT,5681.0,1257.0569,0.014798520147985201,4.519286278926594
CBFB,1862.0,519.4656,0.014798520147985201,3.5844529454885943
ADCYAP1,1107.0,336.1275,0.014798520147985201,3.29339313207042
WWP2,863.0,228.8743,0.014898510148985102,3.770628681332941
CA1,133.0,5.7091,0.014898510148985102,23.296141248182725
APBB3,129.0,7.6795,0.014898510148985102,16.797968617748552
TRAF2,8400.0,2244.4349,0.014998500149985002,3.7425901726978132
IMPDH2,2579.0,804.7482,0.014998500149985002,3.2047291314227233
CAV1,2144.0,490.037,0.014998500149985002,4.375179833359522
PROC,896.0,282.3662,0.014998500149985002,3.17318432588603
AKAP7,839.0,169.4161,0.014998500149985002,4.952303824725041
RAB11B,553.0,173.2688,0.014998500149985002,3.191572862511889
SOD1,877.0,242.1058,0.0150984901509849,3.622383272106658
GLI1,692.0,153.9504,0.0150984901509849,4.494954219021191
SDCCAG8,142.0,9.1208,0.0150984901509849,15.568809753530394
STAT6,688.0,193.6539,0.015198480151984802,3.552729895963882
RUNX3,535.0,137.7604,0.015198480151984802,3.8835543450802987
VAPB,422.0,113.7065,0.015198480151984802,3.711309379850756
POLE2,2916.0,685.4024,0.015298470152984701,4.254435058879281
FASN,1836.0,368.5939,0.015298470152984701,4.981091656698605
NTRK3,808.0,212.0831,0.015298470152984701,3.8098273742698026
RGS14,302.0,76.8993,0.015298470152984701,3.9272139018170518
NUP133,1313.0,359.012,0.015398460153984602,3.6572593673749068
PTP4A2,92.0,6.6133,0.015398460153984602,13.9113604403248
SLC9A1,3804.0,854.5294,0.015498450154984501,4.451572994445832
PNP,3215.0,705.8527,0.015498450154984501,4.554774671826006
IHH,410.0,94.6532,0.015498450154984501,4.331602101143965
SUN1,296.0,67.5743,0.015498450154984501,4.380363540576817
AASDH,221.0,17.5473,0.015498450154984501,12.594530212625305
KRAS,9679.0,2476.3535,0.015598440155984402,3.908569596384361
VCP,4726.0,1132.2172,0.015598440155984402,4.1741107624932745
DYNC1H1,3372.0,818.7929,0.015598440155984402,4.118257498324668
NTRK1,1920.0,505.6527,0.015598440155984402,3.7970725757026513
NAA35,368.0,113.2298,0.015598440155984402,3.2500278195316077
GET3,283.0,61.2111,0.015598440155984402,4.623344458766465
GSDMD,792.0,237.2359,0.0156984301569843,3.338449197613009
APBA1,90.0,8.1981,0.0156984301569843,10.978153474585575
YBX1,2284.0,580.3215,0.015798420157984203,3.9357494078713264
PI4KB,1357.0,380.3508,0.015798420157984203,3.567759026666961
CPEB3,570.0,173.312,0.015798420157984203,3.2888663220088623
GHRL,8073.0,289.5842,0.015898410158984102,27.877902178364703
DIAPH1,355.0,92.7412,0.015898410158984102,3.827856443522404
TRPM7,2179.0,147.0739,0.015998400159984,14.815681096373998
TRAF3IP2,92.0,9.7113,0.015998400159984,9.473499943364946
UBE3A,2447.0,551.108,0.0160983901609839,4.440146033082446
TOMM70,915.0,294.3688,0.0160983901609839,3.1083457214215633
MAPKAPK5,407.0,97.5986,0.0160983901609839,4.170141784820684
HPD,322.0,87.409,0.016198380161983803,3.683831184431809
DENND1A,110.0,11.2214,0.016198380161983803,9.802698415527475
CD4,2383.0,498.274,0.016298370162983702,4.78250922183377
ACE2,531.0,162.2636,0.016298370162983702,3.2724529715845083
CRBN,3044.0,802.1128,0.0163983601639836,3.794977464516213
RABGGTB,259.0,57.2817,0.0163983601639836,4.521513851718786
WDR33,936.0,308.245,0.0164983501649835,3.036545604957096
RTN4,282.0,59.8801,0.0164983501649835,4.709410972927567
AKR1B1,2670.0,772.8392,0.016698330166983303,3.4547937009406353
NANOG,787.0,242.5084,0.016698330166983303,3.2452484120137695
DNAJC5,632.0,165.8738,0.016698330166983303,3.810125529167355
IRAK1,2647.0,586.7571,0.016798320167983202,4.5112364213402785
CHEK1,1498.0,404.8908,0.016798320167983202,3.6997629978255864
HLA-DRA,2346.0,620.4473,0.0168983101689831,3.7811430559855768
TOLLIP,337.0,94.2227,0.0168983101689831,3.5766328071685485
ERBB4,2924.0,749.3777,0.016998300169983,3.901904206650398
OPRD1,366.0,103.79,0.016998300169983,3.5263512862510837
BTRC,6137.0,1351.4657,0.0170982901709829,4.540995750021625
SMAD2,3951.0,922.6203,0.0170982901709829,4.282368380578663
CXCL12,1477.0,401.223,0.0170982901709829,3.6812445946518517
SEPTIN7,631.0,225.4693,0.0170982901709829,2.7986071717967813
STING1,336.0,87.8394,0.0170982901709829,3.825162740182652
PTPRD,297.0,65.7254,0.0170982901709829,4.51880095062183
CALU,69.0,6.9377,0.0170982901709829,9.94565922423858
CCR8,68.0,7.0767,0.0170982901709829,9.608998544519338
CDK1,9138.0,2207.5122,0.017198280171982803,4.139501471384847
NXF1,1136.0,337.3353,0.017198280171982803,3.367569299744201
DNMT1,1115.0,272.1918,0.017298270172982702,4.096376158282506
ASS1,779.0,220.2394,0.017298270172982702,3.537060126389738
IL4R,349.0,94.7416,0.017298270172982702,3.6837038850937707
PIN1,429.0,101.5484,0.0173982601739826,4.224586502593837
KCNA2,61.0,7.2371,0.0174982501749825,8.428790537646295
RAF1,6549.0,1637.3448,0.017698230176982303,3.9997684055307103
NEDD4,2227.0,638.3966,0.017698230176982303,3.4884271000190163
RAD52,686.0,260.9842,0.017698230176982303,2.6285116110477187
LYN,5973.0,1301.612,0.017798220177982202,4.588925117469722
STRN,1121.0,305.7471,0.017798220177982202,3.666428888450618
IL2RG,1108.0,327.6435,0.017798220177982202,3.381724343684523
SIRT2,918.0,247.0818,0.017798220177982202,3.715368756419939
DLG1,881.0,292.1974,0.017798220177982202,3.0150850076010256
DOLPP1,415.0,119.5492,0.017798220177982202,3.471374128810565
MMP14,392.0,101.6996,0.017798220177982202,3.854489103201979
BTG1,79.0,6.6553,0.017798220177982202,11.870238757080822
MYLK,701.0,197.3842,0.0178982101789821,3.5514494067914253
IL7R,248.0,46.5779,0.0178982101789821,5.324413509411116
F3,226.0,25.6186,0.0178982101789821,8.82171547235212
GABARAP,2110.0,682.9377,0.018098190180981903,3.0895936774320707
AP2A1,1574.0,444.1962,0.018098190180981903,3.5434792103129205
DNAJB1,498.0,154.8869,0.018098190180981903,3.2152493206333137
VIM,491.0,153.0888,0.018098190180981903,3.2072888415089804
CETN2,2819.0,864.8461,0.018198180181981802,3.2595394718204775
HSD3B2,1605.0,543.82,0.018198180181981802,2.951344194770328
HDDC3,1073.0,389.4742,0.018198180181981802,2.7549963514913185
ARHGEF9,85.0,7.0706,0.0182981701829817,12.02161061296071
ULK1,3813.0,880.0583,0.0183981601839816,4.332667506232258
ACLY,2783.0,764.0746,0.0183981601839816,3.6423145069866214
SHC1,4954.0,1049.6208,0.0184981501849815,4.71979976006573
SUMO2,1881.0,390.1069,0.0184981501849815,4.8217552675946
SLC3A2,564.0,182.7044,0.0184981501849815,3.0869535709046962
PCBP2,46.0,6.744,0.0184981501849815,6.820877817319099
PKM,8795.0,2346.1535,0.018598140185981403,3.748689077675438
AGO2,3179.0,759.6599,0.018598140185981403,4.184767420262673
GJA1,2231.0,747.8214,0.018598140185981403,2.9833326513523146
KDSR,820.0,291.5887,0.018598140185981403,2.8121803073987435
PPP1R8,521.0,160.7275,0.018598140185981403,3.241511253519155
ROBO3,251.0,48.7921,0.018598140185981403,5.1442754052397826
AASS,82.0,9.0088,0.018698130186981302,9.102211171299173
AZIN1,51.0,8.7977,0.018698130186981302,5.7969696625254326
F9,3833.0,267.2391,0.0187981201879812,14.342961041254815
INS,2994.0,825.4101,0.0187981201879812,3.6272878172922765
APEX1,2533.0,606.001,0.0187981201879812,4.179861089338137
NPPA,766.0,234.9515,0.0187981201879812,3.2602473276399597
HIP1,335.0,96.7866,0.0187981201879812,3.4612229378860295
MPST,636.0,230.0729,0.0188981101889811,2.7643412153278373
CAT,319.0,88.9554,0.0188981101889811,3.58606672557259
GRIN2A,2992.0,839.5918,0.018998100189981004,3.563636519556289
NOTCH1,2162.0,641.2058,0.018998100189981004,3.371772370118923
ALK,741.0,192.2778,0.018998100189981004,3.8537990345219257
COBL,160.0,15.6115,0.018998100189981004,10.24885501072927
KCNQ5,756.0,294.5992,0.019098090190980903,2.566198414659646
MTMR4,341.0,94.9427,0.019198080191980802,3.5916400102377537
PDHB,3281.0,810.6365,0.0192980701929807,4.047436798120983
SMURF1,479.0,142.4696,0.0192980701929807,3.362120761200986
VPS26A,395.0,129.8898,0.0193980601939806,3.041039404171844
RHEB,379.0,95.1786,0.0193980601939806,3.981987547620999
APOBEC3G,152.0,12.8403,0.0193980601939806,11.837729648061183
C5,6719.0,466.1946,0.019498050194980503,14.412436351686614
GMPS,5743.0,1738.7954,0.019598040195980403,3.3028612797112302
CPSF1,1327.0,485.7846,0.019598040195980403,2.731663375084348
DNM1,290.0,72.0648,0.019598040195980403,4.024156037344167
KAT5,6228.0,1491.4885,0.019698030196980302,4.175694281249906
BATF,122.0,13.044,0.019698030196980302,9.352959214964734
MSN,1022.0,329.7768,0.0198980101989801,3.09906579237836
ACTA1,5551.0,1551.9672,0.019998000199980003,3.5767508488581456
NEDD1,299.0,82.3298,0.019998000199980003,3.631734803193983
TNNI3,2027.0,554.0854,0.020097990200979902,3.6582808354091263
CAPZA1,1918.0,537.9559,0.020097990200979902,3.5653480145863257
HSPA1B,1145.0,420.6088,0.020097990200979902,2.7222445179463675
ISG15,534.0,174.5321,0.020097990200979902,3.0596090919664634
KIF20A,202.0,14.5584,0.020097990200979902,13.875151115507197
CLPB,74.0,9.4335,0.020097990200979902,7.844384374834367
IRS1,3631.0,888.6728,0.0201979802019798,4.08586827457755
BCL2L1,2922.0,784.5843,0.0201979802019798,3.7242651936828204
PLXNB1,461.0,145.5958,0.0201979802019798,3.1663001267893716
NPY,303.0,83.0724,0.0201979802019798,3.6474208040215523
CDC42,8723.0,2600.7874,0.0202979702029797,3.3539842587671718
PIH1D1,1476.0,493.6313,0.0202979702029797,2.990085920402535
HNRNPA1,535.0,159.5893,0.0202979702029797,3.3523550764368286
RECQL5,328.0,97.8806,0.0202979702029797,3.3510215507465215
PIK3CA,10499.0,3786.3029,0.020397960203979604,2.7728896174682696
LAMP2,137.0,14.0137,0.020397960203979604,9.776147626965042
AR,2001.0,590.2161,0.020497950204979503,3.390283660510108
GALM,1002.0,286.7236,0.020497950204979503,3.494654782515287
CD151,163.0,13.7408,0.020497950204979503,11.862482533768048
CASP1,1444.0,430.8086,0.020597940205979402,3.3518365232263236
UIMC1,445.0,142.3056,0.020597940205979402,3.1270730034517267
PREB,224.0,27.938,0.020597940205979402,8.017753597251057
TNFRSF11A,146.0,17.091,0.020597940205979402,8.542507752618336
CHL1,55.0,8.7076,0.020597940205979402,6.316321374431531
PTPN6,4121.0,1107.6449,0.0206979302069793,3.7205064547311144
ACER1,1201.0,430.2697,0.0207979202079792,2.791272543709213
AMOT,454.0,119.4537,0.020897910208979104,3.8006357274826983
NNMT,300.0,85.8305,0.020897910208979104,3.4952610086158185
RB1,6371.0,1817.3057,0.020997900209979003,3.505739293064453
SUFU,442.0,141.7547,0.020997900209979003,3.1180623993419614
CAMKMT,155.0,14.2327,0.020997900209979003,10.89041432756961
HSF1,1960.0,601.8226,0.021097890210978902,3.256773673836775
IQCE,73.0,8.2812,0.0211978802119788,8.815147563155097
TERB1,57.0,9.0977,0.0211978802119788,6.26531980610484
TLR2,1021.0,318.4449,0.0212978702129787,3.2062061599981657
RB1CC1,692.0,205.5601,0.0212978702129787,3.3664120614846946
WNT3A,346.0,99.6944,0.0212978702129787,3.470606172463047
NRF1,168.0,16.7516,0.0212978702129787,10.02889276248239
LRRC49,158.0,22.1853,0.0212978702129787,7.121832925405561
CBL,4306.0,1115.9193,0.021397860213978603,3.85870196886101
MYD88,2120.0,522.2007,0.021597840215978402,4.059741781272986
UCHL3,237.0,40.6933,0.021597840215978402,5.824054574094506
GORASP1,140.0,14.0501,0.021597840215978402,9.964341890805047
SGF29,2659.0,850.0682,0.0216978302169783,3.1279843193757864
GATB,1369.0,552.8777,0.0216978302169783,2.4761353188960236
ZYX,309.0,88.2341,0.0216978302169783,3.5020473943747374
NUP214,2231.0,735.3254,0.0217978202179782,3.0340309201885316
CEP192,223.0,26.7434,0.0217978202179782,8.338505949131374
TSPYL2,45.0,7.9936,0.0217978202179782,5.629503602882306
KDM1A,2782.0,765.2733,0.021997800219978002,3.635302577523612
ATP5F1A,1760.0,562.7048,0.022097790220977902,3.12775010982668
ROCK1,1511.0,508.4923,0.022097790220977902,2.9715297557111486
C3,875.0,284.7304,0.022097790220977902,3.073082466782613
AHCY,489.0,171.181,0.022097790220977902,2.856625443244285
TRAPPC4,354.0,111.0624,0.022097790220977902,3.1873973550004324
LGMN,192.0,17.8595,0.022097790220977902,10.750580923318122
FBXW7,860.0,283.7814,0.0221977802219778,3.0305016466900225
RHOT1,166.0,16.6173,0.0221977802219778,9.989589163101105
HOXA9,38.0,6.1205,0.0221977802219778,6.208643084715301
TALDO1,3963.0,1380.9378,0.022297770222977704,2.869788921702339
ADK,3606.0,1211.1015,0.022297770222977704,2.9774548210864245
FGFR1,3389.0,1010.0385,0.022297770222977704,3.3553176438323886
TFAP2A,457.0,142.1948,0.022297770222977704,3.2139009302731187
GOSR2,1339.0,518.3397,0.022397760223977603,2.583248012837913
CD2AP,1060.0,368.9265,0.022397760223977603,2.8732010305575773
DLG3,413.0,142.5305,0.022397760223977603,2.8976254205240286
ARHGDIA,403.0,117.6672,0.022397760223977603,3.4249136547823014
PILRA,134.0,16.621,0.022397760223977603,8.062090126947838
LCP1,103.0,12.5818,0.022397760223977603,8.186428015069387
SGO2,366.0,115.9758,0.022497750224977502,3.155830785387986
SPOP,4449.0,1170.5381,0.0225977402259774,3.8008160520362386
FLT1,117.0,14.4628,0.0225977402259774,8.089719832950744
CDC42EP2,40.0,5.3816,0.0225977402259774,7.4327337594767355
YWHAB,2392.0,632.7218,0.0226977302269773,3.780492469202104
AKT1S1,1167.0,335.0547,0.0226977302269773,3.4830133706526127
MARK2,258.0,58.6283,0.022797720227977204,4.400605168493714
PPARGC1A,4854.0,1308.3313,0.022897710228977103,3.7100694602353395
ADA,534.0,214.1166,0.022897710228977103,2.4939682397347984
MAP3K2,372.0,122.9819,0.022897710228977103,3.024835361951637
PPFIA3,172.0,14.2441,0.022897710228977103,12.07517498473052
GCH1,2897.0,1070.5019,0.022997700229977002,2.706207247273452
CYFIP1,1241.0,449.9851,0.022997700229977002,2.7578690938877757
CASP8,2800.0,869.0926,0.0230976902309769,3.221751053915314
PRKCI,1424.0,409.2495,0.0230976902309769,3.4795399872205097
SLC2A1,148.0,16.6153,0.0230976902309769,8.9074527694354
GAST,136.0,17.6907,0.0230976902309769,7.68765509561521
TOP2A,124.0,14.8127,0.0230976902309769,8.37119498808455
AFDN,2936.0,853.8793,0.0231976802319768,3.438425079516508
MYC,2751.0,703.1068,0.0231976802319768,3.9126346097065197
DROSHA,1033.0,418.4579,0.0231976802319768,2.468587640477095
ABI1,419.0,132.2377,0.0231976802319768,3.168536657851732
DNM2,414.0,148.7492,0.0231976802319768,2.78320824582586
SH2B1,250.0,58.3118,0.0231976802319768,4.287296910745338
CYP2B6,2417.0,849.3396,0.023297670232976703,2.8457403846470832
MINPP1,2331.0,714.5677,0.023397660233976603,3.2621121833522566
GH1,533.0,187.1233,0.023397660233976603,2.848389270603928
CDC20B,33.0,6.9843,0.023397660233976603,4.724882951763241
GPD2,3536.0,1305.7401,0.023497650234976502,2.708042741430703
OXCT1,643.0,246.1229,0.023497650234976502,2.6125159422386135
MDM4,607.0,193.2077,0.023497650234976502,3.141696733618795
TFAM,119.0,12.249,0.023497650234976502,9.715078781941383
SYMPK,1658.0,537.1825,0.0235976402359764,3.0864743360031275
CNN2,55.0,8.1138,0.0235976402359764,6.778574773842097
PPP1CC,6048.0,1821.3196,0.023697630236976304,3.3206692554123944
TCF3,386.0,110.4273,0.023697630236976304,3.49551243216125
VDAC1,2267.0,670.152,0.023797620237976203,3.382814645035753
LPAR1,682.0,251.64,0.023797620237976203,2.7102209505642985
POMK,108.0,19.5075,0.023797620237976203,5.536332179930795
F2,2435.0,752.3069,0.023897610238976102,3.236710975268205
MYO1C,2422.0,623.6661,0.023897610238976102,3.883488296060985
OGDH,1385.0,471.1982,0.023897610238976102,2.939315133207215
E2F1,823.0,262.4825,0.023897610238976102,3.1354471250464315
HAMP,111.0,17.0468,0.023897610238976102,6.511486026702959
CCDC8,68.0,9.7324,0.023897610238976102,6.9869713534174505
LOC102723407,2030.0,745.5909,0.024297570242975703,2.722672715023748
DHX33,592.0,212.9965,0.024297570242975703,2.7793883937059998
ALDH1L1,456.0,175.6504,0.0244975502449755,2.596065821654833
IFNA1,121.0,13.8333,0.0244975502449755,8.74700902893742
SLC2A2,91.0,12.5139,0.0244975502449755,7.27191363204117
HSD3B7,146.0,20.2288,0.0245975402459754,7.217432571383374
VENTX,135.0,14.8364,0.0245975402459754,9.099242403817637
DHPS,112.0,15.0099,0.0245975402459754,7.461741917001445
IL16,32.0,6.0305,0.0245975402459754,5.306359340021557
POLB,534.0,153.6233,0.024697530246975304,3.476035210804611
CACNA1A,482.0,179.2356,0.024697530246975304,2.6891979048805035
ATXN1,234.0,45.9012,0.024697530246975304,5.097905937099683
PRKCE,2599.0,825.4859,0.024797520247975203,3.1484486894324903
MAP3K1,2023.0,668.2184,0.024897510248975102,3.0274532996996193
NPM1,1091.0,381.5326,0.024897510248975102,2.8595197369766043
IQSEC1,163.0,19.0943,0.024897510248975102,8.536578979067052
CHRNA9,668.0,313.6992,0.024997500249975,2.1294284461037836
AIMP2,387.0,137.1011,0.024997500249975,2.8227344638372704
CTH,1365.0,548.4616,0.025097490250974904,2.4887795244006146
RUNX1T1,318.0,110.9712,0.025097490250974904,2.8656083740646223
BBS4,300.0,95.6686,0.025097490250974904,3.1358251296663693
IQCB1,39.0,5.4985,0.025197480251974803,7.0928435027734835
DFFB,98.0,13.7914,0.025297470252974703,7.105877575880622
ATF7IP,72.0,16.0908,0.025297470252974703,4.474606607502423
NAIP,29.0,5.2721,0.025297470252974703,5.500654388194458
HSD17B10,1517.0,627.6236,0.025397460253974602,2.417053788289669
KPNA2,356.0,121.2373,0.025397460253974602,2.9363900383792774
CDK5RAP3,132.0,24.2985,0.025397460253974602,5.432434100870424
NRDE2,123.0,16.7266,0.025397460253974602,7.353556610428897
UBA52,44398.0,26641.8508,0.0254974502549745,1.6664758140601854
NT5E,5019.0,1961.7799,0.0254974502549745,2.5583909795385305
PABPC1,1092.0,352.8084,0.0254974502549745,3.0951644008475987
AK9,3043.0,987.0402,0.025597440255974404,3.082954473384164
IL27RA,372.0,129.7032,0.025597440255974404,2.868086523694095
CD44,3445.0,1154.6858,0.025697430256974303,2.983495596810838
PTK6,520.0,197.7803,0.025697430256974303,2.6291799537163203
MYBBP1A,283.0,84.6591,0.025697430256974303,3.3428184329859403
HYOU1,34.0,6.2786,0.025697430256974303,5.415219953492817
TERT,2227.0,782.8196,0.025797420257974202,2.844844457139295
PDCD1,259.0,60.2084,0.025797420257974202,4.301725340650142
NMT1,28.0,7.108,0.025797420257974202,3.939223410241981
SIAH1,668.0,270.7993,0.025897410258974102,2.4667715167653683
INPP4A,1541.0,639.8717,0.025997400259974,2.408295287946005
PTN,24.0,5.7855,0.025997400259974,4.148301788955147
MAP3K7,7305.0,2426.2768,0.026097390260973904,3.010785908681153
MAP3K3,457.0,156.5447,0.026097390260973904,2.9192939780139473
SPSB2,25.0,6.6274,0.026197380261973803,3.7722183661767814
ASF1A,903.0,337.0523,0.0263973602639736,2.679109443845955
CKAP5,556.0,225.0766,0.0263973602639736,2.4702701213720126
NAE1,163.0,19.6432,0.0263973602639736,8.298036979718171
ACBD3,47.0,7.991,0.0263973602639736,5.8816168189212865
RDX,894.0,330.6019,0.026497350264973504,2.704158687533254
KANK1,131.0,20.4553,0.026497350264973504,6.404208200319721
SELPLG,96.0,16.2117,0.026497350264973504,5.921649179296434
CSNK1D,6443.0,1885.4465,0.026597340265973404,3.4172276964634105
RANBP2,4074.0,1329.5576,0.026597340265973404,3.0641771368160353
MGLL,3624.0,1374.1284,0.026597340265973404,2.6373081292839884
TJP1,1512.0,496.9532,0.026597340265973404,3.0425400218773118
HGS,1448.0,546.809,0.026597340265973404,2.648091015327107
ERBB3,805.0,294.8381,0.026597340265973404,2.730311991564184
NAMPT,797.0,288.3685,0.026597340265973404,2.7638247589455855
IFNG,355.0,112.7701,0.026597340265973404,3.1479975631838584
ACVR1C,289.0,83.1138,0.026797320267973202,3.4771602309123155
FZD5,362.0,116.4705,0.0268973102689731,3.1080831626892644
SPSB1,104.0,11.7428,0.0268973102689731,8.85649078584324
ALPP,47.0,8.7204,0.0268973102689731,5.389661024723637
GSK3B,8484.0,2797.821,0.026997300269973004,3.032359825735814
DERA,2466.0,1003.1657,0.026997300269973004,2.458218019216566
RELA,6291.0,2105.9561,0.027097290270972903,2.9872417568438396
TCF7L2,1099.0,360.536,0.027197280271972803,3.0482392881709455
SPTBN2,249.0,60.8091,0.027197280271972803,4.0947818665298445
PRMT3,116.0,9.1601,0.027197280271972803,12.663617209419112
TRIM63,104.0,18.3351,0.027197280271972803,5.6721806807707615
B4GALT1,1047.0,457.6741,0.027297270272972702,2.287654031547776
NAT8,193.0,28.1579,0.027297270272972702,6.854204326316948
TMPRSS2,122.0,10.1212,0.027297270272972702,12.053906651385212
KPNB1,1662.0,668.241,0.027497250274972504,2.487126650415045
CDCA8,281.0,83.4342,0.027497250274972504,3.367923465437434
PSTK,96.0,15.6567,0.027497250274972504,6.1315602904826685
MYLIP,33.0,7.9625,0.027597240275972403,4.144427001569858
BAK1,1338.0,450.7711,0.027697230276972302,2.9682470770641687
ATG16L1,505.0,214.0945,0.027697230276972302,2.3587714770813824
CCR2,347.0,122.7289,0.027697230276972302,2.827369918576635
CSF3R,234.0,38.1716,0.027697230276972302,6.130211990065913
ADI1,76.0,15.6919,0.027697230276972302,4.843263084776222
NFKB1,4967.0,1680.4455,0.027797220277972202,2.9557638138219895
COX19,31.0,7.9562,0.028097190280971903,3.896332419999497
ALCAM,89.0,11.6354,0.028197180281971802,7.649070938687109
EPRS1,2810.0,861.9897,0.0282971702829717,3.2598997412614095
ALG3,565.0,265.8796,0.0282971702829717,2.1250220024402022
KIF5A,522.0,249.0617,0.0282971702829717,2.095866205040759
DEFA3,98.0,10.2316,0.0282971702829717,9.578169592243636
PPARG,3321.0,1141.7445,0.028397160283971604,2.9087068078716385
MSX2,108.0,11.3413,0.028397160283971604,9.522717854214243
CCR5,810.0,309.7321,0.028497150284971504,2.6151632330003896
ETFRF1,210.0,27.9011,0.028497150284971504,7.526584973352305
CDK14,119.0,10.3338,0.028497150284971504,11.515608972498017
DRD4,21.0,5.7759,0.028497150284971504,3.6357970186464446
RYR1,3249.0,1187.6777,0.028597140285971403,2.7355906404574237
SCD,276.0,81.6858,0.028597140285971403,3.3788002321088855
ANXA11,52.0,9.9988,0.028597140285971403,5.200624074888987
ITGB1,7548.0,2535.8589,0.028697130286971302,2.97650630324897
TRIAP1,164.0,10.45,0.028697130286971302,15.693779904306222
MOCS1,1546.0,703.3186,0.0287971202879712,2.198150311963881
H3-2,3488.0,1348.2044,0.028897110288971104,2.5871447979252995
BECN1,1585.0,536.7885,0.028897110288971104,2.952745820746905
TOPORS,386.0,139.8273,0.028897110288971104,2.7605481905178744
SENP2,250.0,66.9497,0.028997100289971003,3.734146680268918
NEPRO,39.0,6.4252,0.028997100289971003,6.06984996575982
PPP2R2A,2321.0,800.8645,0.029097090290970903,2.8981182209974348
OS9,536.0,197.7397,0.029097090290970903,2.7106342327817834
ALPL,180.0,24.5219,0.029197080291970802,7.3403773769569245
STX1A,1541.0,683.1995,0.0292970702929707,2.255563711624496
CLEC1B,113.0,11.5846,0.0292970702929707,9.75432902301331
DOCK7,156.0,22.1407,0.029397060293970604,7.045847692259053
SPARC,90.0,17.8058,0.029597040295970403,5.054532792685529
WDR76,85.0,10.793,0.029597040295970403,7.87547484480682
TAB2,1351.0,523.8367,0.029697030296970302,2.5790480124817527
ATP6V0D1,1226.0,460.8953,0.029697030296970302,2.6600401436074526
CXCL8,420.0,151.4345,0.029697030296970302,2.7734763214459055
HRAS,6718.0,2171.5367,0.029797020297970205,3.093661737330988
ATIC,2852.0,1145.6751,0.029797020297970205,2.4893619491250183
CLTC,1215.0,485.3085,0.029797020297970205,2.5035621671575914
USP25,157.0,21.2858,0.029797020297970205,7.375809224929296
MAG,115.0,17.9299,0.029897010298970104,6.4138673389143275
RFX2,92.0,13.1699,0.029897010298970104,6.985626314550604
LDHA,1559.0,598.5922,0.029997000299970003,2.6044442276394513
IGF2,283.0,84.9557,0.029997000299970003,3.3311478806013017
NDRG1,164.0,11.9002,0.029997000299970003,13.78128098687417
AASDHPPT,147.0,21.3676,0.029997000299970003,6.879574683165166
BMP2,411.0,146.4046,0.030096990300969902,2.8072888420172593
TDP1,136.0,24.173,0.030096990300969902,5.6261117776031115
DNTTIP1,117.0,10.4743,0.030296970302969704,11.17019753109993
DYRK2,74.0,14.0948,0.030296970302969704,5.25016318074751
SELENOS,1728.0,733.771,0.030396960303969604,2.3549581545195983
LCT,434.0,182.3116,0.030396960303969604,2.380539691385518
PLA2G2A,84.0,13.2295,0.030396960303969604,6.349446313163763
QTRT1,73.0,11.4226,0.030396960303969604,6.390839213489048
PTEN,6506.0,2162.3497,0.030496950304969503,3.008764031090808
INPP5E,573.0,239.2177,0.030496950304969503,2.395307705073663
ALDH5A1,430.0,162.4608,0.030496950304969503,2.646792333904548
SYCP3,95.0,10.4505,0.030496950304969503,9.090474139993303
NUDC,1999.0,775.8223,0.030596940305969402,2.5766209607535124
CEPT1,1385.0,651.2127,0.030596940305969402,2.1268012739923527
FGF23,179.0,23.0661,0.030596940305969402,7.760306250298057
SPRED1,100.0,19.2015,0.030596940305969402,5.207926464078327
EEF2KMT,35.0,8.9177,0.030596940305969402,3.924778810679884
HSPA2,2579.0,1100.1142,0.0306969303069693,2.344302073366565
RAB1A,441.0,171.4093,0.0306969303069693,2.5727892243886417
LRSAM1,162.0,26.4729,0.0306969303069693,6.119465566673844
WWOX,146.0,21.0705,0.0306969303069693,6.9291189103248625
SH3BP1,97.0,10.5846,0.030896910308969103,9.164257506188235
RUNX1,2605.0,858.2977,0.030996900309969003,3.0350774562252703
CXCR6,86.0,10.9772,0.030996900309969003,7.834420435083628
ISL1,57.0,9.7844,0.030996900309969003,5.825599934589755
CDKN1A,3013.0,981.681,0.031196880311968805,3.069225135252694
ADORA2A,509.0,210.2503,0.0313968603139686,2.4209240129502785
DNAJB11,233.0,49.9922,0.0313968603139686,4.6607270734234545
FGF10,149.0,18.5497,0.0313968603139686,8.032474918731838
BCL2,5042.0,1695.501,0.0314968503149685,2.9737523009423175
CRK,1306.0,458.0513,0.0314968503149685,2.8512090239674026
MRE11,741.0,285.4752,0.031596840315968405,2.5956720583784514
GOSR1,434.0,170.8546,0.031596840315968405,2.5401715844934816
SORL1,117.0,20.0115,0.031596840315968405,5.846638183044749
TRIM39,107.0,12.6529,0.031596840315968405,8.45655936583708
COQ5,41.0,8.8998,0.031596840315968405,4.606845097642643
AREG,39.0,7.445,0.031596840315968405,5.2384150436534584
ENY2,3105.0,1219.0704,0.0316968303169683,2.547022715013013
DCTN1,1992.0,790.5906,0.0316968303169683,2.519635320733639
TSG101,1176.0,493.7008,0.0316968303169683,2.382009508593059
HAO2,480.0,196.236,0.0316968303169683,2.4460343667828535
CSF1R,234.0,42.4758,0.0316968303169683,5.509019253316006
ZAP70,1877.0,834.0676,0.031796820317968204,2.250417112473857
VHL,1031.0,415.5625,0.031796820317968204,2.4809745826440066
CTNNA1,922.0,385.9354,0.031796820317968204,2.389000853510717
PEX11B,92.0,17.0437,0.031796820317968204,5.397888956036541
CHP1,85.0,12.6188,0.031796820317968204,6.735981234348749
ALG2,79.0,13.3158,0.03189681031896811,5.932801634148906
RGN,78.0,15.1428,0.03189681031896811,5.150962833822015
ITPA,6993.0,2699.5871,0.031996800319968,2.5903961387280297
CLIP1,277.0,88.6376,0.031996800319968,3.1250846142043556
TPX2,139.0,24.2187,0.031996800319968,5.739366687724775
CDC37,1607.0,548.7743,0.032096790320967905,2.9283441298180324
EIF2AK2,398.0,160.615,0.032096790320967905,2.4779752825078605
MYO10,158.0,24.6397,0.032096790320967905,6.412415735581196
IFIT1,240.0,58.5809,0.0321967803219678,4.096898477148695
PML,636.0,259.1727,0.032296770322967704,2.4539621649965446
MAN2C1,210.0,19.9205,0.032296770322967704,10.541904068672975
LEMD3,134.0,22.1949,0.032296770322967704,6.037423011592753
TRIM5,32.0,7.7938,0.032396760323967606,4.105827709204752
CSNK1A1,3326.0,1108.279,0.0324967503249675,3.0010493747513034
PRMT1,1136.0,428.8563,0.0324967503249675,2.6489059388890874
PPARGC1B,828.0,296.6738,0.0324967503249675,2.790944127860296
MLXIPL,220.0,33.0612,0.032596740325967405,6.65432591678463
POC5,92.0,19.4945,0.032596740325967405,4.719279796865783
CD5,44.0,11.2419,0.032596740325967405,3.9139291400919776
RPGR,196.0,16.8536,0.0326967303269673,11.629562823373048
HCN4,86.0,19.7224,0.0326967303269673,4.360524074149191
EDA,82.0,11.2637,0.0327967203279672,7.28002343812424
CHEK2,944.0,429.7995,0.032896710328967106,2.19637295994993
ATP2A2,765.0,374.4178,0.032896710328967106,2.043172092779777
DCUN1D3,58.0,15.0618,0.032896710328967106,3.850801365042691
FADD,836.0,343.2948,0.032996700329967,2.435224768915812
AGPS,69.0,13.5333,0.032996700329967,5.098534725454988
SLC27A1,40.0,8.9416,0.032996700329967,4.473472309206406
RAB3B,37.0,11.2438,0.032996700329967,3.2907024315622833
CDKN2A,997.0,362.6249,0.0331966803319668,2.749397517931063
HAP1,845.0,378.6836,0.0331966803319668,2.231414299430976
CD274,138.0,23.8183,0.0331966803319668,5.793864381588946
CCND1,1446.0,542.6701,0.0332966703329667,2.66460230626305
ILK,741.0,322.1328,0.033396660333966606,2.300293543532357
LPL,1966.0,829.2776,0.0334966503349665,2.370738097833584
SRF,131.0,16.9354,0.0334966503349665,7.735276403273615
UBD,56.0,10.3155,0.0334966503349665,5.428723765207697
CCNA2,3859.0,1201.4944,0.0336966303369663,3.211833529977335
YARS1,89.0,17.353,0.0336966303369663,5.128796173572293
YWHAQ,1466.0,554.9883,0.0337966203379662,2.6414971270565526
CCR7,121.0,23.3789,0.0337966203379662,5.175607064489775
PTK2,7165.0,2856.1291,0.033896610338966106,2.508640103138195
CTBP1,1060.0,496.8292,0.033996600339966,2.1335299938087373
MTAP,120.0,19.7391,0.033996600339966,6.079304527562047
ATG9A,76.0,17.5974,0.033996600339966,4.318819825656063
XRCC6,2912.0,1140.3956,0.034096590340965904,2.553499855664122
KEAP1,2544.0,876.7069,0.034096590340965904,2.901767968291341
APC,2052.0,869.6066,0.034096590340965904,2.35968770246224
IL12B,239.0,53.2779,0.034096590340965904,4.485912545351825
DPYD,333.0,121.1169,0.0341965803419658,2.7494098676567846
FUNDC1,314.0,107.1054,0.0342965703429657,2.931691586045148
ILF3,103.0,13.97,0.0342965703429657,7.37294201861131
PTPRS,27.0,8.3845,0.0342965703429657,3.2202278013000183
ACACB,881.0,346.8853,0.0344965503449655,2.5397444054273848
STAMBPL1,245.0,70.735,0.0344965503449655,3.463631865413162
WNK1,203.0,18.6202,0.0344965503449655,10.902138537717102
NDUFA5,6231.0,2280.6284,0.03469653034696531,2.732141720238159
STUB1,1766.0,661.4833,0.03469653034696531,2.6697574980350978
TUSC3,594.0,289.6867,0.03469653034696531,2.0504910995223464
KPNA1,337.0,129.537,0.03469653034696531,2.601573295660699
CHID1,38.0,7.3956,0.03469653034696531,5.138190275298826
UNC13A,208.0,29.1497,0.0347965203479652,7.135579439925626
E2F7,180.0,17.5893,0.0347965203479652,10.233494226603673
NPAS4,103.0,23.2837,0.0347965203479652,4.423695546669988
SHMT1,2246.0,1037.6093,0.034896510348965105,2.1645912387254045
AIFM1,56.0,16.4064,0.034896510348965105,3.4133021259996097
YAP1,3475.0,1352.5692,0.034996500349965,2.569184630257735
CSNK2A1,2141.0,978.094,0.034996500349965,2.1889511642030315
TRIP11,84.0,17.7424,0.034996500349965,4.734421498782577
CCL5,1657.0,696.8247,0.035096490350964904,2.377929484990988
TIFA,146.0,16.9156,0.035096490350964904,8.63108609803968
GPT,698.0,302.5947,0.03519648035196481,2.3067158810117956
STN1,1043.0,453.8404,0.0352964703529647,2.298164729274873
GPHN,37.0,11.3695,0.0352964703529647,3.254320770482431
CLINT1,126.0,24.6007,0.035396460353964605,5.121805477079921
NME7,6663.0,2941.161,0.0354964503549645,2.2654319161718792
ARL13B,208.0,37.5804,0.0354964503549645,5.534800055348001
PLAT,147.0,24.9011,0.0354964503549645,5.903353667107075
CMPK2,1649.0,761.86,0.035596440355964404,2.1644396608300736
NUP153,1127.0,472.1338,0.035596440355964404,2.387035200614741
TRAIP,31.0,8.8157,0.035596440355964404,3.5164535998275803
GCKR,17.0,4.8405,0.035596440355964404,3.5120338807974387
UBXN4,208.0,35.4001,0.0357964203579642,5.875689616695998
TNFRSF9,164.0,15.4187,0.0357964203579642,10.636434978305564
RAN,1904.0,786.2341,0.035896410358964105,2.421670594038086
BACE2,128.0,26.6398,0.035896410358964105,4.8048408771837625
CARS1,208.0,29.4416,0.035996400359964,7.0648334329655995
TNPO3,25.0,8.5654,0.035996400359964,2.9187194993812313
WDR82,1109.0,473.0298,0.036096390360963904,2.3444611734820935
DSG2,132.0,20.9636,0.036096390360963904,6.296628441679864
DLC1,114.0,13.611,0.036096390360963904,8.375578576151641
ITPR1,1659.0,647.5705,0.036196380361963806,2.561883223525469
TEP1,1116.0,567.6426,0.036196380361963806,1.9660258056742042
TYMS,1506.0,688.3704,0.0362963703629637,2.1877756510157904
IL1RAP,195.0,26.1199,0.0362963703629637,7.465572226539917
SYTL4,113.0,26.4098,0.0362963703629637,4.278714719535929
DHX9,9094.0,4043.4475,0.036396360363963605,2.249070873307988
ZC3H14,109.0,22.3563,0.036396360363963605,4.875583168950139
HAVCR2,103.0,14.3711,0.036396360363963605,7.167161873482197
CD46,71.0,14.9083,0.036396360363963605,4.762447763997236
CALM3,8597.0,3710.4866,0.0364963503649635,2.3169467853623296
EIF2S2,6591.0,2169.2044,0.0364963503649635,3.0384411906964597
CDC20,6336.0,2586.7173,0.0364963503649635,2.449436588992543
HNRNPM,196.0,28.8369,0.0365963403659634,6.796847095214812
ATP1A1,787.0,395.0325,0.036696330366963306,1.992241144715941
MITF,86.0,19.1952,0.036696330366963306,4.480286738351254
TIMM22,171.0,29.6168,0.0367963203679632,5.77375003376462
CEP55,98.0,14.4927,0.0367963203679632,6.762025019492572
SLC16A1,30.0,7.8465,0.0367963203679632,3.823360734085261
RAC2,6544.0,2493.2721,0.036896310368963105,2.624663389126281
EZR,1130.0,489.1535,0.036996300369963,2.3101132875467516
PLXNA1,251.0,67.3609,0.036996300369963,3.726197244989304
APRT,5266.0,2344.2248,0.0370962903709629,2.24637159371405
ACSBG1,217.0,34.7653,0.0370962903709629,6.241856103643575
TNFRSF13C,61.0,16.0182,0.037196280371962806,3.808168208662646
ALB,216.0,34.6334,0.0372962703729627,6.236754115968978
RNF123,151.0,19.0204,0.0372962703729627,7.938844608946185
CDK4,1428.0,559.769,0.037396260373962605,2.5510523090774946
SLC1A6,126.0,18.293,0.037396260373962605,6.887880610069426
GOT1,4255.0,1777.7144,0.0374962503749625,2.393522829088857
RND3,115.0,18.0629,0.037696230376962306,6.366641015562285
DPYS,190.0,32.1764,0.0377962203779622,5.904948968809438
BCAT1,434.0,187.8221,0.03799620037996201,2.3106971969752226
PKP1,150.0,27.0533,0.0380961903809619,5.544610084536822
MVD,304.0,123.1415,0.038196180381961806,2.468704701501931
GMPPB,26.0,10.115,0.038196180381961806,2.570439940682155
AGXT2,2920.0,1286.1634,0.0382961703829617,2.2703180637856746
DRD3,93.0,21.5506,0.0382961703829617,4.315425092572829
GSTA3,492.0,235.1117,0.038396160383961604,2.092622357798442
FGA,301.0,106.3091,0.038396160383961604,2.831366270620295
EDEM1,54.0,15.8441,0.038396160383961604,3.4082087338504556
FRK,142.0,18.3195,0.03849615038496151,7.751303256093234
MCUB,196.0,40.8558,0.0385961403859614,4.797360472686864
PPFIA2,62.0,14.9844,0.0385961403859614,4.137636475267612
GALNT3,60.0,16.4351,0.0385961403859614,3.6507231474101163
GGA1,344.0,135.3637,0.038696130386961305,2.541301693142253
TUBA3E,328.0,129.8477,0.038696130386961305,2.5260362717244895
TNFRSF18,102.0,16.1346,0.038696130386961305,6.321817708527017
IL17A,178.0,36.0599,0.0387961203879612,4.936231104356917
CORO1C,177.0,31.806,0.0387961203879612,5.5649877381626105
IL20RA,92.0,18.0878,0.0387961203879612,5.086301263835292
PEX12,75.0,19.1698,0.0387961203879612,3.912403885277885
HLA-A,2234.0,1026.5489,0.0390960903909609,2.1762236557849315
UNC93B1,20.0,8.1198,0.0390960903909609,2.4631148550456907
TARS1,59.0,16.3177,0.039196080391960805,3.6157056447906264
LPXN,31.0,8.2921,0.039196080391960805,3.7384980885421064
TPR,1730.0,871.4005,0.0392960703929607,1.9853098546535148
ELP4,1298.0,578.9226,0.03949605039496051,2.2420959209400357
NF1,235.0,58.6352,0.03949605039496051,4.007831473244741
PENK,177.0,34.0445,0.03949605039496051,5.199077677745304
WASF2,806.0,363.4495,0.0395960403959604,2.217639589544077
RNF5,111.0,18.7428,0.0397960203979602,5.9222741532748575
MIA2,34.0,8.1216,0.039996000399960006,4.186367218282111
ASH2L,2928.0,1098.9361,0.040195980401959805,2.6643951363505125
RAC1,1217.0,560.2413,0.0402959704029597,2.172278266525513
GZMB,583.0,273.0059,0.0402959704029597,2.135484984024155
HOMER2,99.0,22.9641,0.0402959704029597,4.311076854742838
PARD3,730.0,350.4865,0.0403959604039596,2.0828191670720555
SPP1,306.0,115.7719,0.0403959604039596,2.643128427537252
HNRNPF,162.0,32.766,0.040495950404959506,4.944149423182568
PIDD1,149.0,32.1136,0.040495950404959506,4.639778785312142
CNOT2,656.0,289.513,0.0405959404059594,2.2658740712852277
HBEGF,414.0,174.6429,0.0405959404059594,2.3705515655088183
IL1A,261.0,82.5965,0.040695930406959305,3.1599401911703278
UBTF,21.0,9.6419,0.040695930406959305,2.1779939638453003
POU5F1,502.0,196.8079,0.04079592040795921,2.5507106167994276
USP19,52.0,15.4102,0.0408959104089591,3.3743883921039313
EXOSC10,4597.0,1645.3715,0.040995900409959006,2.7938979130245056
GAS6,101.0,26.7629,0.040995900409959006,3.773881006916291
BCKDHA,734.0,342.0819,0.041195880411958805,2.1456849953183723
DYNLL1,1264.0,650.6651,0.04129587041295871,1.9426276282529982
CBX3,856.0,438.5521,0.0413958604139586,1.9518775534309378
HGF,135.0,27.6339,0.0413958604139586,4.88530392018499
DVL2,1600.0,799.919,0.0415958404159584,2.000202520505201
OBSL1,166.0,20.191,0.0415958404159584,8.221484819969294
DPM2,585.0,297.6825,0.041695830416958304,1.9651810234058098
ENDOG,35.0,9.2985,0.041695830416958304,3.764047964725493
AJUBA,238.0,66.8009,0.04179582041795821,3.56282624934694
HNRNPA2B1,124.0,30.0797,0.04179582041795821,4.122381539709505
ZEB1,83.0,18.102,0.04179582041795821,4.58512871505911
CPB2,40.0,10.7848,0.04179582041795821,3.708923670350864
VPS29,523.0,252.5716,0.0418958104189581,2.0706999520136073
ACSF3,438.0,204.5585,0.0418958104189581,2.1411967725613943
SEPSECS,56.0,15.7038,0.0418958104189581,3.566015868770616
RNF169,36.0,11.3856,0.0418958104189581,3.1618887015177064
TLE1,367.0,155.9709,0.041995800419958006,2.353003028128965
ARF6,468.0,216.3173,0.0420957904209579,2.163488542062979
SPN,76.0,16.3245,0.0420957904209579,4.655579037642807
ELANE,192.0,29.2304,0.04229577042295771,6.568504023208714
KIDINS220,126.0,22.1354,0.04229577042295771,5.692239580039213
YRDC,100.0,22.9825,0.04229577042295771,4.35113673447188
CA2,19.0,7.6858,0.0423957604239576,2.4720913893153607
FZR1,1508.0,620.8673,0.042495750424957505,2.428860402214773
SELL,134.0,37.8955,0.042495750424957505,3.5360398991964748
UPP2,817.0,448.5416,0.0425957404259574,1.8214587008206151
FCER1G,527.0,231.5415,0.0425957404259574,2.2760498657907977
AP3D1,119.0,25.5412,0.0425957404259574,4.659138959798287
SLX1A,16.0,6.5336,0.042695730426957304,2.4488796375658137
CD2,100.0,20.7146,0.0428957104289571,4.827512961872302
ACAA1,1614.0,742.0231,0.042995700429957005,2.175134439884688
SLAIN2,27.0,11.324,0.042995700429957005,2.3843164959378313
ERBIN,162.0,31.6551,0.0430956904309569,5.117658765886065
CORO1B,36.0,12.4686,0.0430956904309569,2.8872527789807996
ALAD,133.0,36.2913,0.043195680431956804,3.66479018387327
IL22RA1,84.0,23.8119,0.043195680431956804,3.5276479407355144
EIF2AK1,225.0,44.6808,0.04329567043295671,5.035720040822904
SPRTN,41.0,11.548,0.04329567043295671,3.550398337374437
ETHE1,41.0,12.6577,0.04329567043295671,3.2391350719324996
PGAM5,104.0,25.5992,0.0433956604339566,4.06262695709241
FAM161A,54.0,13.2269,0.0433956604339566,4.082589268838503
TRAP1,44.0,12.9104,0.0433956604339566,3.4081050935679764
SEMA3E,24.0,9.3587,0.0433956604339566,2.564458738927415
TGOLN2,20.0,8.0736,0.0433956604339566,2.4772096710265554
RHOB,74.0,18.1375,0.043495650434956505,4.079944865609924
RUFY1,90.0,18.3543,0.0435956404359564,4.903483107500695
XPO5,366.0,167.54,0.043695630436956304,2.1845529425808765
IFNLR1,144.0,26.8395,0.043695630436956304,5.365226624937126
GNL1,143.0,26.932,0.043695630436956304,5.309668795484925
BCAP31,115.0,18.9866,0.043695630436956304,6.056903289688518
TBC1D10A,26.0,7.7745,0.043695630436956304,3.3442665123159045
DDX5,2567.0,1228.4783,0.043795620437956206,2.0895769994472024
HLA-DQB1,167.0,38.8936,0.043795620437956206,4.293765555258449
RGS16,12.0,7.3301,0.043795620437956206,1.637085442217705
PPP1R1B,240.0,61.8046,0.0438956104389561,3.883206104399996
LMX1B,212.0,42.1277,0.0438956104389561,5.032318403330826
FGF13,39.0,14.1802,0.0438956104389561,2.7503138178587045
ARL2BP,19.0,6.3667,0.0438956104389561,2.984277569227386
PGR,660.0,285.2054,0.043995600439956005,2.314121682128038
ADAP1,28.0,9.0859,0.043995600439956005,3.081698015606599
HMMR,146.0,28.3562,0.04409559044095591,5.148785803457445
FRMD6,129.0,32.5516,0.04409559044095591,3.9629388417159217
PLAUR,44.0,13.9886,0.04409559044095591,3.145418412135596
BAG4,18.0,6.9079,0.04409559044095591,2.605712300409676
CYB5R3,82.0,17.4071,0.044195580441955803,4.710721487209242
CEP250,20.0,8.855,0.044195580441955803,2.258610954263128
APOB,2110.0,968.2811,0.044295570442955706,2.179119266089155
BCAR1,386.0,168.9978,0.044495550444955505,2.2840534018786043
CD48,36.0,12.9163,0.044495550444955505,2.787175894025379
LIN7A,18.0,7.4359,0.044495550444955505,2.420688820452131
LUM,278.0,97.4708,0.04459554044595541,2.8521362295169426
CTSS,273.0,96.4078,0.04459554044595541,2.831721084808491
ENSP00000428055,49.0,14.5506,0.04459554044595541,3.367558726100642
FANCM,2135.0,1005.2996,0.0446955304469553,2.1237450009927388
OLAH,17.0,6.8974,0.044795520447955206,2.4646968422883986
EHHADH,1491.0,695.5035,0.0448955104489551,2.1437706639865937
HGD,27.0,11.6623,0.0448955104489551,2.315152242696552
RSPH4A,192.0,28.8381,0.044995500449955005,6.657858874197676
CD72,17.0,6.4478,0.04509549045095491,2.6365582058996866
ADIPOQ,79.0,25.8566,0.0451954804519548,3.0553127634723825
NDUFAF7,14.0,4.6586,0.0453954604539546,3.005194693684798
NPHP4,96.0,26.4309,0.045495450454954504,3.6321124138792094
DLGAP1,36.0,13.4252,0.045495450454954504,2.6815242975896076
SCP2,360.0,161.9295,0.045795420457954206,2.2231897214528544
FKTN,82.0,145.6864,0.045795420457954206,0.5628528126166891
SHANK1,79.0,20.1883,0.045795420457954206,3.913157620998301
GSN,547.0,252.9055,0.045995400459954004,2.1628632038449145
IL27,171.0,42.7541,0.045995400459954004,3.999616411057653
PATJ,249.0,71.7529,0.04609539046095391,3.4702430145680525
DNAJC3,53.0,13.9579,0.04609539046095391,3.797132806511008
ITGAV,1907.0,878.1605,0.0461953804619538,2.171584807105307
CYTH1,71.0,16.5692,0.0461953804619538,4.285059025179248
MAPK11,3758.0,1714.7281,0.046295370462953706,2.1916011057379885
LYRM4,206.0,52.849,0.046295370462953706,3.8978977842532503
RGS7,39.0,14.8735,0.046295370462953706,2.6221131542676575
MDK,33.0,12.064,0.046295370462953706,2.735411140583554
FKBP1A,2022.0,853.5121,0.0463953604639536,2.3690349556848695
PMM1,261.0,100.0083,0.04659534046595341,2.6097833879787977
FERMT2,118.0,35.4418,0.04659534046595341,3.3294020055414792
TNFSF13B,212.0,57.6232,0.0466953304669533,3.6790737064238015
FOXA1,171.0,32.3053,0.0466953304669533,5.293249095349679
ENDOV,56.0,17.5816,0.0466953304669533,3.1851481093870864
RSPH3,94.0,34.1231,0.046795320467953205,2.7547321316058624
IL6ST,845.0,437.074,0.04689531046895311,1.9333110640303472
MIOX,665.0,352.1179,0.046995300469953004,1.8885719811460877
UBA6,213.0,45.0007,0.046995300469953004,4.7332597048490355
SPART,65.0,18.5679,0.046995300469953004,3.500665126374011
ABCA1,136.0,32.0324,0.04709529047095291,4.245701227507149
MIER1,64.0,16.829,0.047295270472952705,3.8029591776100777
CD63,24.0,12.1875,0.047295270472952705,1.9692307692307693
IL15,68.0,21.3348,0.047495250474952504,3.187280874439882
DCAF1,1184.0,493.2473,0.047595240475952406,2.4004186135433483
GADD45A,266.0,93.8485,0.047595240475952406,2.834355370623931
ZFP36,126.0,35.358,0.0476952304769523,3.563549974546072
DYNLL2,602.0,318.5649,0.047795220477952205,1.8897248253024737
MLYCD,331.0,145.732,0.047795220477952205,2.271292509538056
JUNB,289.0,107.9578,0.047795220477952205,2.6769719279199835
HELZ2,201.0,52.8389,0.047795220477952205,3.804015602141604
CSF2,164.0,37.3833,0.04789521047895211,4.3869856326220535
TRHR,129.0,33.6576,0.04789521047895211,3.8327153451226468
ARHGEF18,128.0,34.1636,0.04789521047895211,3.7466777505883453
ADH1A,769.0,430.8974,0.047995200479952004,1.7846475750375843
IL12A,236.0,65.0863,0.047995200479952004,3.6259550781039946
HNF1A,163.0,48.2216,0.048095190480951906,3.3802279476417207
JUN,3705.0,1607.9087,0.0481951804819518,2.3042353088828986
APOA1,1351.0,645.0113,0.0481951804819518,2.094536948422454
ANKS1A,17.0,6.6754,0.048295170482951705,2.546663870329868
LAMTOR3,999.0,506.191,0.04839516048395161,1.973563338739725
PHLPP1,257.0,86.9894,0.04839516048395161,2.9543829478074337
PRDX1,164.0,40.2174,0.04839516048395161,4.077836956143361
IL9,42.0,13.5291,0.04839516048395161,3.1044193627070538
RAB5B,203.0,57.1987,0.0484951504849515,3.5490317087626115
MX1,22.0,9.6641,0.0484951504849515,2.2764665100733645
OSBPL1A,23.0,8.5105,0.048595140485951406,2.7025439163386404
MARS1,332.0,136.5989,0.048795120487951205,2.430473451835996
HSP90B1,474.0,232.2661,0.04889511048895111,2.0407627286117087
ULK3,19.0,5.9285,0.04889511048895111,3.204857889854095
MAVS,1255.0,630.7882,0.048995100489951,1.9895743135334492
SIN3A,1280.0,572.9501,0.049095090490950906,2.234051447063191
CR1,120.0,31.4896,0.049095090490950906,3.8107819724607492
ADSL,4306.0,2233.8194,0.0491950804919508,1.9276401664342249
ORC1,445.0,186.8829,0.0491950804919508,2.381170240829953
VPS45,423.0,214.2428,0.049295070492950704,1.974395405586559
ATP1B4,408.0,198.4315,0.04939506049395061,2.0561251615796885
ASXL1,928.0,391.337,0.0494950504949505,2.3713576789314583
IPO4,277.0,110.1633,0.049595040495950406,2.5144490043417362
HOOK3,92.0,27.2263,0.049595040495950406,3.379085663494489
TBX5,50.0,14.7215,0.049595040495950406,3.396393030601501
APAF1,183.0,33.2012,0.049795020497950204,5.511848969314362
RAP1A,2749.0,1219.6823,0.04989501049895011,2.253865617300505
APPL2,17.0,7.8632,0.04989501049895011,2.1619696815545835
RAD23B,1833.0,996.2702,0.04999500049995,1.8398623184754497
GFAP,195.0,35.3925,0.04999500049995,5.5096418732782375
HNRNPU,681.0,363.0009,0.050094990500949906,1.8760284065411408
TERF1,448.0,224.803,0.050094990500949906,1.9928559672246366
ANKRA2,123.0,25.8418,0.050094990500949906,4.759730359340294
BIRC5,264.0,97.3057,0.050294970502949704,2.7130990270867996
ZFHX3,43.0,13.1044,0.050294970502949704,3.281340618418241
DCN,146.0,41.4467,0.05039496050394961,3.522596491397385
IL4I1,2459.0,1365.8436,0.050594940505949405,1.8003525440248065
LILRB4,55.0,17.612,0.050594940505949405,3.1228707699295937
ITGAM,582.0,260.8084,0.05069493050694931,2.2315232178104694
PARN,28.0,12.2142,0.05069493050694931,2.2924137479327342
MTERF3,128.0,36.3927,0.050794920507949204,3.5171888867822396
SPI1,360.0,157.1557,0.05089491050894911,2.2907218764575514
ACSM1,72.0,17.0612,0.050994900509949,4.220101751342227
PLEC,53.0,15.974,0.050994900509949,3.317891573807437
FASLG,319.0,136.3518,0.05119488051194881,2.3395364050932956
GRIK2,152.0,19.6247,0.05119488051194881,7.745341330058548
FCHSD2,15.0,6.8477,0.051294870512948704,2.1905165237963113
CALM2,3266.0,1575.4419,0.051394860513948606,2.073069149677941
DDX6,1104.0,591.4062,0.051394860513948606,1.8667372780332705
BEX3,16.0,9.2732,0.051394860513948606,1.7254022343958937
AMT,899.0,531.407,0.0514948505149485,1.6917353365687693
IL2,266.0,108.5272,0.0514948505149485,2.4509984593723972
HCRTR2,183.0,55.3998,0.0514948505149485,3.3032610226029697
TNFRSF14,119.0,38.3394,0.051594840515948405,3.1038566070413207
RAB3IP,65.0,23.0098,0.051594840515948405,2.824883310589401
IPO5,16.0,7.0525,0.051594840515948405,2.268699042892591
IPO7,40.0,16.531,0.05169483051694831,2.419696328110822
CD177,21.0,10.013,0.05169483051694831,2.09727354439229
CTSZ,15.0,8.5529,0.05169483051694831,1.7537911117866456
EPHB1,105.0,33.98,0.051794820517948204,3.090052972336669
FOXA2,25.0,14.3684,0.051794820517948204,1.739929289273684
BCL6,136.0,43.8197,0.051894810518948106,3.103626907532457
USP46,269.0,100.2213,0.052094790520947905,2.6840601748330943
DNAJB4,219.0,60.9684,0.052094790520947905,3.5920247210030114
LCN2,167.0,44.1254,0.052094790520947905,3.7846682409677874
GSR,1160.0,662.0025,0.05219478052194781,1.7522592437339737
SEL1L,521.0,265.8934,0.05219478052194781,1.9594318625434104
RAB2A,20.0,9.0826,0.05219478052194781,2.202012639552551
TPM1,271.0,99.4748,0.0522947705229477,2.724308065962435
CAPRIN1,55.0,19.1466,0.052394760523947606,2.872572676088705
CTTN,129.0,34.2069,0.0524947505249475,3.7711689746805472
PPP3CB,1335.0,624.5006,0.052594740525947405,2.1377081142916436
SGTA,75.0,26.2085,0.052594740525947405,2.8616670164259688
ZFP36L1,72.0,22.116,0.052594740525947405,3.2555615843733046
KIF5B,626.0,341.1663,0.05269473052694731,1.834882284680521
AK1,593.0,321.9998,0.0527947205279472,1.8416160506931993
MET,771.0,402.1261,0.052894710528947106,1.91730902321436
HLA-DQA2,68.0,19.8462,0.052894710528947106,3.42634862089468
UBE2O,12.0,7.5035,0.05299470052994701,1.5992536816152463
PPP3CA,1552.0,700.5749,0.05319468053194681,2.2153234436460685
NFKBIA,1245.0,633.302,0.0532946705329467,1.9658867333436496
TNK2,141.0,40.9922,0.0532946705329467,3.4396787681558934
TRAK1,17.0,6.4366,0.0532946705329467,2.6411459466177796
TAOK2,99.0,29.2429,0.053394660533946606,3.385437148846387
RAB7A,679.0,380.025,0.05349465053494651,1.7867245575948951
PCNT,237.0,74.8383,0.05349465053494651,3.1668276804791127
ERCC6L,134.0,44.5294,0.053594640535946404,3.009247822786743
TBK1,947.0,474.3277,0.05369463053694631,1.9965100077435916
F11,80.0,26.8818,0.05399460053994601,2.9759911910660746
PGM1,39.0,16.3456,0.05399460053994601,2.3859631949882534
LIG1,73.0,23.0169,0.054094590540945904,3.171582619727244
MEIS1,223.0,61.9904,0.0542945705429457,3.5973311996696262
EEF1G,105.0,31.7675,0.0542945705429457,3.3052648146690804
TLR4,873.0,468.8963,0.05449455054494551,1.8618189139048442
IL21R,115.0,35.1822,0.054594540545945404,3.268698375883259
LAMTOR1,778.0,404.0881,0.05469453054694531,1.9253227204661558
IL10RB,282.0,107.4637,0.05469453054694531,2.6241419195505085
SERPINA5,137.0,43.8041,0.05469453054694531,3.127561118708066
DCX,33.0,13.5575,0.05469453054694531,2.4340770791075053
GABRA1,279.0,112.8383,0.0547945205479452,2.47256472314808
RELN,146.0,43.1832,0.054894510548945105,3.380944441356824
PLOD3,78.0,23.0324,0.05499450054994501,3.386533752453066
PLIN3,32.0,16.1807,0.05499450054994501,1.9776647487438737
GABBR2,690.0,403.279,0.055094490550944904,1.7109742882718912
FUS,154.0,33.6388,0.055194480551944806,4.578046779314363
ALS2,74.0,21.2811,0.0552944705529447,3.4772638632401525
COPS5,2153.0,1135.806,0.055394460553944605,1.8955701942057006
GPSM1,78.0,24.237,0.05549445055494451,3.2182200767421714
BHLHE41,72.0,24.5592,0.05549445055494451,2.931691586045148
HNRNPDL,33.0,15.507,0.05549445055494451,2.1280711936544785
STK11,536.0,238.377,0.055594440555944404,2.2485390788540838
NTSR1,123.0,41.9063,0.055694430556944306,2.935119540498684
LDLRAP1,131.0,44.3039,0.05579442055794421,2.9568502998607347
GP6,442.0,232.4205,0.055894410558944105,1.9017255362586347
UAP1,14.0,6.1604,0.055894410558944105,2.272579702616713
FTSJ1,170.0,28.626,0.05599440055994401,5.9386571648152024
VAMP2,1556.0,895.8233,0.0560943905609439,1.7369496863946272
TDRD3,55.0,21.8714,0.0560943905609439,2.514699561985058
DMXL1,18.0,8.8866,0.0560943905609439,2.02552157180474
ACSS1,1639.0,854.7405,0.056194380561943806,1.9175410548581704
EEF2K,237.0,76.5419,0.056194380561943806,3.0963433100040634
TIMP1,222.0,54.928,0.056194380561943806,4.041654529565977
PINK1,357.0,169.3712,0.05629437056294371,2.1077963667967166
LPCAT1,420.0,219.2504,0.056394360563943605,1.9156179418600832
SCUBE3,75.0,21.7682,0.056394360563943605,3.445392820720133
OFD1,36.0,13.2204,0.056394360563943605,2.723064355087592
BTK,634.0,346.2257,0.056694330566943306,1.8311754442261217
BACH1,101.0,33.759,0.056694330566943306,2.9917947806510856
RAD51,3366.0,1635.7158,0.05699430056994301,2.05781468883531
DNAJC10,211.0,56.3949,0.0570942905709429,3.7414730764661344
PTPN13,201.0,31.4472,0.0570942905709429,6.391666030679997
AXL,202.0,56.9478,0.057194280571942806,3.5471080533400765
DNAJC9,641.0,333.0377,0.057394260573942604,1.924707022658396
SNX9,98.0,35.719,0.057394260573942604,2.7436378398051455
XPC,1208.0,698.6304,0.05749425057494251,1.7290973882613754
PLK4,145.0,50.4698,0.05749425057494251,2.873005242739222
SNX3,137.0,34.3178,0.05749425057494251,3.992097395520692
MSH4,65.0,18.5348,0.05749425057494251,3.5069167188208126
IPO8,25.0,13.4866,0.05749425057494251,1.853691812614002
CDC25A,1151.0,594.2282,0.0575942405759424,1.9369663035177394
PEX7,154.0,51.0171,0.057694230576942306,3.0185957257468576
MYO7A,330.0,143.3521,0.057894210578942104,2.302024176834521
SERPINB13,77.0,29.1936,0.0580941905809419,2.637564397676203
CFL1,240.0,72.5004,0.058194180581941805,3.3103265637155106
PGAP1,174.0,59.908,0.05829417058294171,2.9044534953595513
CETN1,20.0,11.0542,0.05829417058294171,1.8092670659115992
STX17,566.0,304.3365,0.058394160583941604,1.859783496228681
IDO1,377.0,195.8834,0.05849415058494151,1.9246143368963373
CDC5L,7811.0,3791.5736,0.0585941405859414,2.06009452117717
PDCD11,6903.0,3129.375,0.0585941405859414,2.205871779508688
CRTC1,73.0,23.7357,0.0585941405859414,3.075536006943128
ASXL2,204.0,37.3635,0.058694130586941305,5.45987394114577
HLTF,166.0,45.4745,0.058694130586941305,3.6503974755082518
GRM2,157.0,51.378,0.058694130586941305,3.0557826306979643
ENOPH1,71.0,23.1029,0.058694130586941305,3.0732072596946702
CD247,1135.0,679.9477,0.05879412058794121,1.669246031716851
AURKB,224.0,56.6613,0.05879412058794121,3.95331557871069
KIF18A,310.0,141.8568,0.058894110588941104,2.185302361254448
IL3RA,204.0,46.0988,0.058894110588941104,4.425277881419907
JAM2,168.0,57.432,0.05909409059094091,2.9251984956122024
ARNT2,155.0,43.5744,0.05909409059094091,3.557134464272601
DBNL,11.0,5.2584,0.05909409059094091,2.091891069526852
HSD17B7,805.0,496.3798,0.059194080591940805,1.6217420612200577
CASK,373.0,181.7321,0.059194080591940805,2.0524717427466035
FBF1,231.0,80.6885,0.059194080591940805,2.8628614982308505
SHANK3,198.0,44.8007,0.059194080591940805,4.419573801302212
GHSR,190.0,49.1862,0.059194080591940805,3.8628721064038287
DOCK8,128.0,34.4692,0.059194080591940805,3.7134601325241086
NCR3,106.0,33.1973,0.059194080591940805,3.193030758525543
UROD,70.0,22.5107,0.059194080591940805,3.1096323081912156
KLHL12,1856.0,1060.1844,0.059394060593940604,1.750638851128162
METTL1,77.0,26.5148,0.059394060593940604,2.904038499253247
SCRIB,285.0,124.599,0.05959404059594041,2.287337779596947
SETX,95.0,28.1229,0.05959404059594041,3.3780300040180777
PPIA,106.0,32.4759,0.059694030596940305,3.2639588125348333
GTSE1,139.0,47.1499,0.05979402059794021,2.948044428514164
PIAS4,241.0,74.7818,0.0598940105989401,3.2227092688327907
CREBZF,8.0,5.9712,0.0598940105989401,1.339764201500536
RIPK1,2398.0,1295.8043,0.059994000599940006,1.85058808648806
SPG7,1366.0,706.2842,0.059994000599940006,1.9340656353348975
PARP4,126.0,38.228,0.059994000599940006,3.296013393324265
HSPB2,160.0,41.5539,0.06009399060093991,3.850420778795733
PPAT,56.0,21.9811,0.060193980601939805,2.54764320256948
PRKDC,1247.0,659.7386,0.06029397060293971,1.890142550397991
TAX1BP1,174.0,49.2761,0.06029397060293971,3.531123607590698
LIN7C,123.0,33.3437,0.0603939606039396,3.6888527667895286
BTG2,13.0,10.4998,0.0603939606039396,1.238118821310882
IGBP1,364.0,179.9842,0.060493950604939506,2.022399743977527
SPAST,60.0,23.7976,0.06059394060593941,2.521262648334286
AIP,59.0,23.338,0.060693930606939304,2.528065815408347
SFRP2,10.0,7.8494,0.060693930606939304,1.2739827247942517
MSTN,60.0,21.6398,0.0608939106089391,2.772668878640283
PVR,67.0,21.3261,0.060993900609939006,3.1416902293433866
NEDD9,37.0,17.8535,0.060993900609939006,2.072422774245946
GMNN,219.0,39.1603,0.06109389061093891,5.592398423914015
ANKLE2,198.0,37.9529,0.061193880611938804,5.216992640878563
HNF1B,15.0,9.635,0.061193880611938804,1.5568240788790868
PRKG2,1784.0,1077.7089,0.0613938606139386,1.6553635216337175
TRPC3,162.0,57.0784,0.0613938606139386,2.8382014912821663
IGF2BP1,160.0,39.6492,0.0613938606139386,4.035390373576264
BNIP3L,163.0,56.195,0.061493850614938506,2.900613933623988
TRIP13,85.0,36.6708,0.061493850614938506,2.3179205253226
FLT4,38.0,16.0588,0.061493850614938506,2.3663038334122097
F12,189.0,68.2631,0.06159384061593841,2.7686993412253473
AARS1,87.0,36.3978,0.06159384061593841,2.3902543560325076
UBL4A,158.0,40.9197,0.06179382061793821,3.86122087894095
DEFB103A,42.0,14.8183,0.06189381061893811,2.8343332231092635
NEMP1,135.0,37.44,0.06209379062093791,3.605769230769231
KIFAP3,86.0,29.164,0.06209379062093791,2.9488410368948017
VLDLR,97.0,36.8971,0.062193780621937804,2.6289328971653596
PTGDS,249.0,95.4574,0.06239376062393761,2.6084934221967075
CSE1L,132.0,46.6944,0.06239376062393761,2.826891447368421
MAD2L2,818.0,469.8814,0.06319368063193681,1.740864822484993
RAP1GDS1,132.0,45.1258,0.06319368063193681,2.9251558975131746
AXIN1,603.0,296.5141,0.06329367063293671,2.0336301039309768
TRIP12,200.0,57.0296,0.06329367063293671,3.506950776438902
SEC13,1638.0,841.6009,0.0634936506349365,1.9462906943184115
TSC1,1538.0,820.1604,0.0634936506349365,1.8752429402833886
MID1,43.0,17.5435,0.0634936506349365,2.4510502465300537
CDC14A,35.0,17.8029,0.0634936506349365,1.965971836049183
PLA2G7,1037.0,649.7598,0.06359364063593641,1.595974389305094
WHRN,322.0,157.1582,0.06359364063593641,2.048890862837574
GRAMD1C,52.0,15.5989,0.06359364063593641,3.333568392643071
FASTKD2,123.0,32.4714,0.06379362063793621,3.787948779541381
SLC18A1,178.0,60.6864,0.0638936106389361,2.933111866909225
PYCARD,613.0,349.7621,0.063993600639936,1.7526198521795244
RAB31,57.0,24.5753,0.06419358064193581,2.3194020011963232
TG,19.0,11.0294,0.06419358064193581,1.7226685041797376
CTSB,205.0,68.9499,0.06429357064293571,2.973173275088144
GAMT,37.0,15.8248,0.06429357064293571,2.3381022193013496
GBP5,12.0,8.3125,0.06429357064293571,1.443609022556391
FOXP3,138.0,48.1849,0.0643935606439356,2.8639677575339992
NTN1,168.0,51.2089,0.0644935506449355,3.2806797255945743
NCOA1,999.0,543.3593,0.06459354064593541,1.8385624392552038
ARHGAP35,83.0,31.7936,0.06459354064593541,2.610588294499522
TPRN,362.0,184.4664,0.06469353064693531,1.9624170038554447
PRDX5,35.0,16.8232,0.06479352064793521,2.080460316705502
C9orf72,400.0,207.1185,0.0648935106489351,1.9312615724814537
NECTIN2,214.0,70.8575,0.0648935106489351,3.020146067812158
OXSR1,145.0,41.8357,0.0648935106489351,3.465939377134839
MAD1L1,534.0,305.5008,0.06509349065093491,1.7479495962040033
ATP2A1,131.0,52.5253,0.06509349065093491,2.494036207313428
KIF21A,22.0,9.7947,0.06519348065193481,2.2461126935995996
NR3C1,664.0,385.4826,0.06529347065293471,1.72251613950928
TXNDC12,1459.0,857.2216,0.0654934506549345,1.7020103086529785
PAK1,981.0,561.8629,0.0655934406559344,1.7459775329533238
NOD1,198.0,64.9086,0.06569343065693431,3.0504432386463423
DEK,79.0,31.4739,0.06569343065693431,2.5100162356746383
MARK1,8.0,5.2033,0.06569343065693431,1.5374858263025388
AHR,171.0,55.9954,0.06579342065793421,3.0538222782585716
DCTN4,661.0,396.5147,0.065993400659934,1.6670252073882759
IKZF1,200.0,54.5357,0.0660933906609339,3.6673225061748544
AKAP9,123.0,52.4878,0.0660933906609339,2.34340170477711
AHCTF1,534.0,293.0888,0.06619338066193381,1.821973408741651
SSX2IP,51.0,23.0301,0.06619338066193381,2.2144932067164276
GBF1,92.0,29.5242,0.06629337066293371,3.1160878194836776
HIPK2,184.0,64.4489,0.0664933506649335,2.8549750267266005
MYSM1,104.0,40.1619,0.0664933506649335,2.5895189221625468
TUBA1B,1118.0,672.7525,0.06669333066693331,1.6618295732828936
LMO2,86.0,29.6995,0.06669333066693331,2.895671644303776
GC,87.0,31.35,0.06679332066793321,2.77511961722488
WDR7,15.0,9.4895,0.06679332066793321,1.5806944517624744
IL10,177.0,58.9362,0.0668933106689331,3.003247579586061
PCSK9,177.0,39.8829,0.0670932906709329,4.43799222223058
IFT27,308.0,159.8433,0.06719328067193281,1.92688714509773
AMACR,138.0,51.8764,0.06729327067293271,2.6601691713380267
INTU,162.0,29.9445,0.0673932606739326,5.410008515754145
TMEM208,25.0,11.4035,0.0673932606739326,2.1923093786995222
TLR1,49.0,24.9579,0.0675932406759324,1.963306207653689
SENP6,10.0,6.8644,0.06769323067693231,1.4567915622632714
CNOT1,416.0,218.5436,0.0678932106789321,1.903510329288984
BMPR1A,555.0,340.1758,0.067993200679932,1.631509354868865
PDK2,228.0,75.5658,0.067993200679932,3.0172379568534975
GUCY2D,256.0,112.8194,0.0680931906809319,2.2691132907992775
PGGHG,34.0,15.549,0.0680931906809319,2.1866357965142456
FBLIM1,100.0,37.0853,0.06819318068193181,2.6964862088212853
CD209,123.0,53.6806,0.06829317068293171,2.291330573801336
EFCAB7,14.0,6.9915,0.0683931606839316,2.0024315239934207
POMGNT1,128.0,49.0023,0.0685931406859314,2.6121222881374955
OAZ3,13.0,8.963,0.06869313068693131,1.4504072297221913
PRKCZ,2237.0,1117.6819,0.06879312068793121,2.001463922785186
TPST1,23.0,13.7394,0.06879312068793121,1.6740177882585847
PRDX4,39.0,21.0761,0.0688931106889311,1.850437225103316
PIF1,28.0,15.5482,0.0688931106889311,1.8008515455165228
TRPA1,10.0,8.0667,0.068993100689931,1.2396642989078557
GLRX3,125.0,41.0569,0.0690930906909309,3.0445552391924378
WAS,431.0,232.4997,0.06919308069193081,1.8537658328161284
ASAP1,199.0,76.0576,0.06929307069293071,2.616438067990576
MTF1,54.0,21.4253,0.06929307069293071,2.520384778742888
RCE1,43.0,17.1843,0.06929307069293071,2.5022840616143807
EPB41L3,26.0,13.1656,0.0695930406959304,1.9748435316278787
PTPN14,12.0,6.8971,0.0695930406959304,1.7398616809963607
CYP3A4,5058.0,3099.5125,0.06969303069693031,1.631869527869302
CAMP,186.0,68.6797,0.06969303069693031,2.7082238274191646
SKP1,4220.0,2201.2436,0.06999300069993,1.9170981348906593
TBC1D23,14.0,7.1802,0.06999300069993,1.949806412077658
PIK3C2B,680.0,414.835,0.07019298070192981,1.6392059493533575
PDXK,185.0,70.4581,0.07029297070292971,2.625673982125547
NCF1,449.0,246.7365,0.0705929407059294,1.819755082851544
RPGRIP1L,41.0,16.4972,0.0705929407059294,2.4852702276749996
RALGAPA2,8.0,6.7783,0.07079292070792921,1.1802369325642124
CACNA1C,2849.0,1610.4516,0.070992900709929,1.769068999031079
MAFB,26.0,11.0811,0.070992900709929,2.3463374574726337
GATA3,218.0,73.421,0.0710928907109289,2.9691777556829786
TFG,69.0,25.2533,0.07119288071192881,2.7323161725398264
TFAP4,12.0,8.8768,0.07119288071192881,1.3518385003604905
PAK6,420.0,239.5662,0.07139286071392861,1.7531688527012574
COL4A3,86.0,32.5629,0.07139286071392861,2.6410424132985697
ANKRD27,41.0,21.3981,0.07139286071392861,1.916057967763493
TUBGCP5,478.0,284.2252,0.0714928507149285,1.6817650229465932
SOS1,1056.0,597.3953,0.07169283071692831,1.7676737664323774
PTF1A,14.0,9.2424,0.07179282071792821,1.514758071496581
IFT88,235.0,85.1326,0.0720927907209279,2.7603996588850808
POU3F1,43.0,18.5289,0.07219278072192781,2.320699016131557
MYL12A,504.0,276.6749,0.07229277072292771,1.8216325369594424
ITGB1BP1,24.0,12.9134,0.07239276072392761,1.8585345455108648
FBXO25,13.0,7.7865,0.07239276072392761,1.6695562833108586
NCSTN,174.0,61.0565,0.0725927407259274,2.849819429544766
TBC1D15,120.0,54.6811,0.07279272072792721,2.19454253846393
LMO4,73.0,29.2448,0.07289271072892711,2.496170259328154
ALDH18A1,383.0,217.9275,0.0730926907309269,1.7574652120544676
IL1R1,243.0,92.9929,0.0730926907309269,2.613102720745347
SLC25A4,742.0,424.9352,0.0731926807319268,1.7461485892437247
CCR10,30.0,13.3672,0.0731926807319268,2.2442994793225206
VPS52,122.0,48.4379,0.07329267073292671,2.518688877924105
SIRPG,37.0,21.6683,0.0734926507349265,1.7075635836683083
PRTFDC1,202.0,78.8802,0.0735926407359264,2.5608454339618816
CCNK,78.0,29.7632,0.0735926407359264,2.6206859477475537
TTN,162.0,57.5596,0.0736926307369263,2.8144740408202975
CUL5,366.0,190.3137,0.07379262073792621,1.923140583152973
GNAT1,275.0,122.2479,0.07379262073792621,2.249527394744613
SUN2,225.0,80.8605,0.07379262073792621,2.782569981635038
ATF4,1546.0,862.7813,0.073992600739926,1.7918793557533061
GDF15,37.0,18.5234,0.073992600739926,1.997473465994364
CEBPG,140.0,53.5042,0.0741925807419258,2.6166170132438205
SELP,31.0,17.3446,0.0741925807419258,1.7872997935957013
HSD17B6,886.0,567.6443,0.07429257074292571,1.5608366013716688
HLCS,144.0,50.7644,0.0746925307469253,2.8366335463435006
TBXA2R,35.0,17.2061,0.07479252074792521,2.034162302904203
HMGA2,127.0,47.97,0.07489251074892511,2.647488013341672
APLNR,459.0,244.9775,0.074992500749925,1.873641456868488
ESPL1,404.0,229.4594,0.074992500749925,1.7606600557658567
ICOS,243.0,91.7384,0.074992500749925,2.648836256137016
PER2,400.0,222.3686,0.07529247075292471,1.79881512048014
KHSRP,56.0,25.8441,0.07529247075292471,2.1668388529683758
FECH,160.0,68.9972,0.07539246075392461,2.3189346814073613
MC1R,139.0,53.7169,0.07539246075392461,2.5876400164566458
NLRP4,58.0,25.7584,0.07539246075392461,2.251692651717498
REC8,238.0,98.9956,0.07549245075492451,2.4041472550295166
TRPV4,163.0,58.344,0.07549245075492451,2.793774852598382
DHTKD1,89.0,37.1849,0.07549245075492451,2.3934446509201317
BLVRB,60.0,25.0022,0.07549245075492451,2.3997888185839646
QKI,451.0,276.446,0.07589241075892411,1.6314216881416261
ACTR1A,515.0,316.4111,0.07599240075992401,1.6276293720416257
BRWD1,47.0,21.2291,0.07639236076392361,2.2139421831354134
PLCE1,568.0,340.7208,0.0765923407659234,1.6670540806431542
HNRNPUL1,11.0,7.5766,0.0766923307669233,1.4518385555526225
SORT1,300.0,154.591,0.07689231076892311,1.9406045630081956
SP1,1847.0,1005.3038,0.0770922907709229,1.837255563939975
IP6K1,96.0,36.8195,0.0770922907709229,2.6073140591262782
NPHS1,44.0,20.7092,0.0770922907709229,2.12465957159137
EIF4E,1042.0,601.9655,0.0771922807719228,1.7309962115769093
PAXIP1,278.0,134.918,0.0771922807719228,2.0605108287997154
DNAJC7,179.0,62.2539,0.07739226077392261,2.8753218673850154
CEP63,69.0,29.9336,0.07739226077392261,2.3051019590025925
PRKCB,4100.0,2278.8812,0.0776922307769223,1.7991284495216338
DDX58,203.0,75.5688,0.0776922307769223,2.6862938143784207
OTULIN,193.0,83.9101,0.0776922307769223,2.3000806815866026
UBE2K,289.0,141.0419,0.07779222077792221,2.049036491992805
RBMX,42.0,22.2038,0.07779222077792221,1.8915681099631594
POLR1C,1957.0,1031.3275,0.07799220077992201,1.8975543656113114
NCOA3,1155.0,665.0694,0.07799220077992201,1.7366608657682943
OTUD3,820.0,442.5954,0.07799220077992201,1.852707913367378
CAB39,231.0,103.4166,0.0780921907809219,2.233683954026723
MME,125.0,60.6093,0.0780921907809219,2.0623897652670466
OSGEP,178.0,65.677,0.0781921807819218,2.710233415046363
PTCH1,207.0,74.1007,0.07829217078292171,2.7934958779066865
NIN,184.0,79.1921,0.07829217078292171,2.3234640829072597
RAB6A,229.0,88.8105,0.07839216078392161,2.57852393579588
ATG2A,101.0,38.5595,0.07839216078392161,2.619328570131874
EIF2S1,4519.0,2499.5771,0.07849215078492151,1.807905825349416
USP4,89.0,42.1175,0.07849215078492151,2.113135869887814
SELE,10.0,9.6173,0.07849215078492151,1.0397928732596466
FXYD1,554.0,357.3556,0.0785921407859214,1.5502765312758497
ALOX5,728.0,473.1601,0.0786921307869213,1.5385912717492451
RYR3,464.0,271.5816,0.07899210078992101,1.708510444006516
LRP2,293.0,140.4429,0.0791920807919208,2.086257119441424
SLC40A1,27.0,15.9405,0.0791920807919208,1.69379881434083
CBS,529.0,332.7845,0.07929207079292071,1.5896173048925055
TOMM40,412.0,238.2514,0.07929207079292071,1.7292658091411006
CHAF1B,173.0,77.6547,0.0795920407959204,2.227811066168564
ERLIN2,79.0,46.24,0.0795920407959204,1.708477508650519
SSNA1,8.0,7.2204,0.0795920407959204,1.1079718575148192
JAK1,3627.0,2219.9808,0.0796920307969203,1.6337979139279044
DPYSL5,94.0,38.2882,0.0796920307969203,2.455064484619282
VCL,660.0,387.5106,0.07999200079992001,1.7031792162588584
HNRNPH1,162.0,58.6698,0.0801919808019198,2.761216162318603
LGALS3,46.0,22.2791,0.08039196080391961,2.064715361033435
KIF13B,13.0,8.1286,0.08049195080491951,1.5992913908914204
AGTR1,148.0,63.3425,0.0805919408059194,2.336503927063188
TIMM23,130.0,60.6475,0.0805919408059194,2.143534358382456
ATXN3,505.0,316.8332,0.0806919308069193,1.5938986192103606
MAGI1,355.0,198.0325,0.0806919308069193,1.7926350472775934
RNGTT,22.0,13.6374,0.0807919208079192,1.6132107293179052
FGF2,187.0,69.7828,0.08099190080991901,2.679743432479064
INSM1,31.0,16.1465,0.0812918708129187,1.9199207258539002
PTPN4,28.0,14.2398,0.0812918708129187,1.9663197516819055
TACC3,11.0,8.9201,0.08139186081391861,1.2331700317261018
LRP4,10.0,7.805,0.08139186081391861,1.2812299807815504
CCNF,13.0,11.3282,0.08149185081491851,1.1475786091347258
CDKN1B,2410.0,1357.6097,0.08159184081591841,1.7751788308524903
HSPD1,198.0,71.556,0.08159184081591841,2.7670635586114374
CXCL1,221.0,98.8669,0.08189181081891811,2.235328507316402
IRF5,27.0,14.741,0.08189181081891811,1.8316260769282953
SNX27,44.0,26.4418,0.08199180081991801,1.6640319494134288
EGLN1,124.0,57.1957,0.08209179082091791,2.167995146488285
LCAT,1219.0,844.9989,0.0821917808219178,1.4426054282437526
GNPNAT1,211.0,87.8373,0.0821917808219178,2.4021685548166896
EML1,37.0,19.5096,0.0822917708229177,1.8965022347972282
MECOM,136.0,60.7871,0.08239176082391761,2.2373167991234983
XRCC2,126.0,62.9102,0.08239176082391761,2.0028548629633987
NCOR1,1394.0,919.9157,0.08259174082591741,1.5153562440558412
ARAF,779.0,472.4845,0.08259174082591741,1.6487313340437622
KMT2D,378.0,220.9711,0.08259174082591741,1.710630937710859
HSPB1,253.0,107.5029,0.08259174082591741,2.353424884351957
ZFYVE16,79.0,35.1268,0.08259174082591741,2.248995069291823
CLEC4E,35.0,17.9674,0.08259174082591741,1.9479724389728061
TEAD1,160.0,70.6904,0.0826917308269173,2.2633907857361115
ROR2,35.0,16.6076,0.0826917308269173,2.107468869674125
XYLB,237.0,92.6381,0.0827917208279172,2.5583426257662887
AGRN,88.0,32.1037,0.0827917208279172,2.7411170675031222
RMND5A,226.0,101.1373,0.08349165083491651,2.234586052821264
PMS2,86.0,46.7815,0.08359164083591641,1.8383335292797367
ALDH1B1,2515.0,1727.6014,0.0836916308369163,1.4557756204643038
CUBN,70.0,28.4975,0.0836916308369163,2.456355820686025
DOK1,46.0,24.9705,0.0836916308369163,1.8421737650427503
BID,1086.0,696.1935,0.08389161083891611,1.559911145392768
CRYL1,45.0,22.973,0.08389161083891611,1.958821224916206
NSFL1C,418.0,252.6613,0.08399160083991601,1.6543887013959002
HPSE,37.0,18.6772,0.08399160083991601,1.981024993039642
EPOR,206.0,73.5908,0.0841915808419158,2.7992629513471794
ZNF207,10.0,7.6454,0.0841915808419158,1.307976037878986
EMC3,262.0,127.9795,0.0842915708429157,2.0472028723350224
CCS,61.0,31.836,0.0842915708429157,1.9160698580223647
XRCC1,149.0,60.269,0.08439156084391561,2.472249415122202
NRXN1,98.0,45.0057,0.08439156084391561,2.1775019608627355
KCNN2,307.0,174.6045,0.08449155084491551,1.7582593804856117
TELO2,290.0,153.3483,0.08449155084491551,1.8911197580931776
AADAT,156.0,68.1491,0.08459154084591541,2.289098462048655
TYSND1,112.0,47.4261,0.0846915308469153,2.361568840785981
SRM,68.0,38.0809,0.08499150084991501,1.785672082329987
MLST8,703.0,409.9827,0.08509149085091491,1.7147064985912819
ORC5,723.0,475.2856,0.0851914808519148,1.521190627277578
ATXN2,236.0,95.8706,0.0851914808519148,2.4616514343291898
DNAJC6,18.0,13.6258,0.08559144085591441,1.3210233527572692
ETFB,110.0,45.8792,0.0856914308569143,2.3976006556347977
RAB27A,158.0,80.5295,0.0857914208579142,1.962013920364587
HNRNPL,105.0,53.5206,0.08589141085891411,1.9618614141097073
COL16A1,46.0,24.5553,0.08589141085891411,1.8733226635390323
TOPBP1,496.0,317.8429,0.08599140085991401,1.5605193634968724
FBXL5,46.0,26.4207,0.08609139086091391,1.7410590938165909
DAPK1,204.0,85.6107,0.08639136086391361,2.382879710129692
FCHO2,102.0,41.8146,0.08639136086391361,2.4393393695025183
HIRA,59.0,27.5729,0.08639136086391361,2.1397821774278367
TMEM11,26.0,15.2714,0.0866913308669133,1.7025289102505337
CASP7,443.0,256.3166,0.08689131086891311,1.7283312902870902
KNL1,273.0,138.9141,0.08689131086891311,1.9652432690418036
LEPR,26.0,12.8273,0.0871912808719128,2.0269269448753833
MAP1LC3A,199.0,94.2145,0.0872912708729127,2.1122014127337088
MKI67,8.0,5.6796,0.08739126087391261,1.4085498978801325
CD19,286.0,145.4926,0.08809119088091191,1.9657357143937215
NDUFAF6,20.0,14.8394,0.08819118088191182,1.347763386659838
TNFSF13,76.0,39.5673,0.0882911708829117,1.9207780161901367
CASP2,70.0,32.2724,0.0882911708829117,2.1690360803658857
GLO1,157.0,72.1608,0.08849115088491151,2.175696500038802
TLK1,59.0,28.5381,0.0887911208879112,2.067411635673013
TONSL,79.0,42.6762,0.08899110088991101,1.8511488839212489
TF,45.0,23.9189,0.08899110088991101,1.8813574202827053
SULT1A1,30.0,20.4012,0.08899110088991101,1.4705017351920475
PDE4DIP,24.0,16.9441,0.08899110088991101,1.4164222354683933
MMS19,462.0,278.8964,0.08949105089491051,1.6565290910890207
PLPP2,2325.0,1399.2829,0.0897910208979102,1.6615653632299803
RHOC,66.0,29.4824,0.0898910108989101,2.238623721270996
CAP1,127.0,64.0564,0.0902909709029097,1.9826278092431047
ELOB,4621.0,2853.5026,0.0903909609039096,1.6194132782637032
MAT2A,206.0,98.6254,0.0903909609039096,2.0887114272793825
CTSK,56.0,29.1261,0.0903909609039096,1.9226741650959105
NODAL,172.0,76.9846,0.09049095090490951,2.23421307638151
COL9A1,100.0,51.9614,0.09069093090690931,1.9245054983122087
CYP1A1,4241.0,2694.8202,0.0907909209079092,1.5737599117002314
GCC2,41.0,24.1722,0.0908909109089091,1.6961633612166043
APBB1IP,182.0,93.4359,0.09099090090990901,1.9478594416064916
B3GAT1,12.0,9.1176,0.09099090090990901,1.3161358252171624
SSBP3,57.0,25.7286,0.0912908709129087,2.215433408735804
MYCN,38.0,21.0845,0.0913908609139086,1.8022718110460292
AOX1,3946.0,2425.9249,0.09149085091490851,1.626596107736064
PSAT1,27.0,18.5583,0.09209079092090791,1.4548746383019997
MAP2K4,801.0,506.4348,0.09219078092190781,1.58164486326769
AKR1A1,294.0,160.1946,0.09219078092190781,1.8352678554707835
EPS15L1,210.0,87.0824,0.09219078092190781,2.4115090994276684
RAB39B,76.0,38.5118,0.0923907609239076,1.9734211332630518
VTN,244.0,112.234,0.09259074092590741,2.174029260295454
CCKAR,115.0,52.2803,0.09259074092590741,2.199681333121654
CALHM1,41.0,26.8604,0.09269073092690731,1.5264106267963249
TERB2,9.0,11.449,0.09269073092690731,0.7860948554458905
RIF1,25.0,14.7069,0.0927907209279072,1.6998823681401247
ACMSD,8.0,6.1547,0.0927907209279072,1.2998196500235593
HDAC1,5295.0,3014.5593,0.0928907109289071,1.7564756480325334
KCNAB2,49.0,24.2553,0.0928907109289071,2.0201770334730966
HM13,134.0,69.472,0.09299070092990701,1.9288346384154769
DAB2,66.0,35.8554,0.09299070092990701,1.8407269197945078
PARVA,191.0,83.7894,0.09309069093090691,2.2795246176724024
CD79A,79.0,35.3657,0.09309069093090691,2.2338028089363426
ADORA1,122.0,61.8304,0.09359064093590641,1.9731394265603976
TCP1,1302.0,822.6672,0.09369063093690631,1.5826569966567283
PRKG1,1612.0,1046.91,0.09409059094090591,1.5397694166642786
XRN2,108.0,51.3133,0.09409059094090591,2.1047174903972263
ITGA6,59.0,35.3163,0.09419058094190581,1.670616684080722
AVPR1A,118.0,62.9644,0.09429057094290572,1.8740748740558157
HCRT,28.0,15.3879,0.09429057094290572,1.819611512941987
BST1,157.0,79.0924,0.0943905609439056,1.9850200524955621
PTPN12,121.0,60.8077,0.0943905609439056,1.98987957117273
PYY,9.0,7.0934,0.0943905609439056,1.2687850678095132
ATP2B4,249.0,122.309,0.09449055094490551,2.0358272898969005
DAPK3,160.0,75.9238,0.09449055094490551,2.1073760797009635
ARL1,32.0,20.0005,0.09449055094490551,1.599960000999975
DERL1,608.0,398.5651,0.09469053094690531,1.5254722503299964
DGAT1,645.0,437.0744,0.0948905109489051,1.4757212959624264
SEPTIN3,361.0,219.9906,0.0948905109489051,1.640979205475143
PYCR1,187.0,90.5271,0.09499050094990501,2.0656797798670232
ALG10B,246.0,116.4519,0.09509049095090491,2.1124601659569318
CDT1,654.0,440.1165,0.09519048095190481,1.485970191983259
CHRM1,386.0,234.4041,0.09519048095190481,1.6467288754761542
DSCAM,8.0,11.6775,0.09519048095190481,0.6850781417255406
PRKCD,1975.0,1343.3515,0.09569043095690431,1.4702034426581576
NCK2,448.0,287.6633,0.09569043095690431,1.5573762798382693
AKAP14,120.0,60.9442,0.09599040095990401,1.9690142786352105
ELAVL1,103.0,57.363,0.09629037096290372,1.795582518348064
BICD2,104.0,51.4454,0.0964903509649035,2.021560722630206
MOCOS,44.0,25.236,0.09659034096590341,1.7435409732128704
HSD17B8,597.0,411.9999,0.09669033096690331,1.449029477919776
PLXNA2,180.0,86.0302,0.09669033096690331,2.0922885219376455
LAMA4,83.0,43.999,0.09669033096690331,1.8864065092388462
DIAPH3,67.0,33.6756,0.09709029097090291,1.9895710841083751
DENND1B,8.0,7.9614,0.09709029097090291,1.0048483934986308
COP1,837.0,574.4855,0.0973902609739026,1.4569558326537397
UCN,111.0,59.0145,0.0973902609739026,1.8808936786721908
MAP1LC3C,140.0,63.1042,0.0974902509749025,2.218552806310832
NUDT13,30.0,22.9329,0.09769023097690231,1.3081642531036197
ACVR1,513.0,323.2638,0.09779022097790221,1.5869392118758734
CD81,43.0,26.5117,0.0978902109789021,1.6219254140624704
SOD3,45.0,24.9493,0.097990200979902,1.8036578180550156
UBR5,172.0,87.3391,0.0983901609839016,1.9693356125721468
TNFRSF10B,173.0,85.3576,0.09859014098590141,2.0267673880240307
USP9X,42.0,24.4938,0.09869013098690131,1.714719643338314
SPDYE4,22.0,19.1573,0.0988901109889011,1.148387298836475
ZNF350,8.0,8.9783,0.098990100989901,0.8910372787721506
BRD3,71.0,39.1654,0.09909009099090091,1.812824584965301
GYS2,421.0,281.991,0.09919008099190081,1.4929554489327674
PDE4C-2,115.0,56.5385,0.09919008099190081,2.0340122217603933
CREB3,616.0,388.1272,0.0993900609939006,1.5871085561640617
AVPR2,66.0,34.8078,0.0994900509949005,1.8961267302156413
IFIT2,26.0,19.004,0.0994900509949005,1.3681330246263943
MYB,162.0,88.5909,0.09989001099890012,1.8286302543489228
KLF5,64.0,42.9645,0.09989001099890012,1.4896018806223743
KDM1B,21.0,19.6306,0.09989001099890012,1.0697584383564434
STAU1,101.0,60.4128,0.0999900009999,1.6718311351236825
FMNL3,7.0,6.8364,0.0999900009999,1.0239307237727457
TOP3A,386.0,242.3563,0.10008999100089991,1.5926963730672568
GANAB,92.0,46.4554,0.10008999100089991,1.9803940984255868
TAC1,34.0,20.8863,0.10008999100089991,1.6278613253663885
MUL1,24.0,18.9736,0.10018998100189981,1.2649154614833242
FTCD,933.0,666.4144,0.10028997100289971,1.4000297712654468
WWP1,159.0,83.4153,0.10058994100589941,1.9061251353169022
NECTIN3,133.0,75.1159,0.10078992100789921,1.770597170505845
ATP6AP2,669.0,438.2806,0.10088991100889912,1.5264193760800728
SLC32A1,216.0,101.9537,0.10118988101189881,2.118608741026564
KCNJ12,149.0,82.0792,0.10118988101189881,1.815319837425316
ARHGEF11,98.0,53.6309,0.10138986101389862,1.8273047813853582
CD99,25.0,20.1987,0.1014898510148985,1.237703416556511
PGLS,22.0,16.2569,0.1014898510148985,1.3532715339332835
TNFSF14,27.0,21.3572,0.10158984101589841,1.264210664319293
KIT,504.0,299.3529,0.10168983101689831,1.6836315933468493
BDKRB1,155.0,82.1694,0.10168983101689831,1.886346985617517
CISH,76.0,39.1348,0.10168983101689831,1.9420055807107741
REL,158.0,75.2251,0.10178982101789821,2.1003627778494147
DOCK10,20.0,14.4835,0.10178982101789821,1.3808816929609555
CNOT4,349.0,201.3839,0.10188981101889812,1.733008448043761
SPDYA,130.0,71.5745,0.101989801019898,1.8162893209173658
SNRNP70,1932.0,1218.5268,0.10218978102189781,1.5855211391329267
GDF11,30.0,22.5784,0.10218978102189781,1.3287035396662297
SLX4,155.0,79.8816,0.10238976102389762,1.9403717501902815
SDC4,61.0,33.9884,0.10238976102389762,1.7947299666945193
KLK8,60.0,33.2939,0.1024897510248975,1.8021319220638015
CENPJ,358.0,223.4164,0.10258974102589741,1.6023890815535475
FBXO43,210.0,113.2305,0.10258974102589741,1.854623974989071
KAT2A,1533.0,1027.0182,0.10268973102689731,1.4926707238489054
DCP2,482.0,322.1367,0.10268973102689731,1.4962591967944043
ADSS1,1244.0,904.9378,0.10278972102789721,1.3746801161361586
AKTIP,63.0,32.0011,0.102989701029897,1.968682326545025
DBN1,20.0,15.6544,0.102989701029897,1.2775960752248567
RAD51C,138.0,75.7068,0.10308969103089691,1.822821728034998
IL34,21.0,17.3233,0.10318968103189681,1.2122401620938275
PIGR,35.0,21.8924,0.10328967103289671,1.5987283258116973
CPEB1,36.0,27.0094,0.10338966103389662,1.3328692973557354
SPIN1,144.0,80.4126,0.1034896510348965,1.7907641339790032
ELOVL6,199.0,116.0578,0.10358964103589641,1.7146628662614662
PAIP1,171.0,86.0597,0.10358964103589641,1.986992750381421
FGF9,42.0,24.2516,0.10378962103789621,1.7318444968579392
IYD,125.0,72.249,0.10418958104189581,1.7301277526332546
USH1C,66.0,34.2688,0.10468953104689531,1.9259501354001307
ACVR2A,604.0,415.429,0.10478952104789521,1.4539187201663824
SCN2A,458.0,308.3889,0.10488951104889511,1.485137759497829
PXN,434.0,281.8167,0.10488951104889511,1.5400080974619317
NEB,7.0,7.7347,0.10488951104889511,0.9050124762434225
RND1,91.0,49.2095,0.104989501049895,1.8492364279255022
ATG7,177.0,93.9223,0.1050894910508949,1.884536473233726
CARM1,987.0,661.2951,0.10518948105189481,1.4925258027770052
IFNA2,32.0,21.2639,0.10518948105189481,1.5048979726202625
NEDD4L,336.0,202.4327,0.10528947105289471,1.6598108902366069
WBP2NL,39.0,30.9158,0.10548945105489452,1.261490888154277
MEAF6,1145.0,789.0962,0.1055894410558944,1.4510271371221912
PLG,155.0,87.8498,0.10568943105689431,1.7643751038704698
CDYL,72.0,39.554,0.10568943105689431,1.8202963037872275
ACTN4,488.0,318.203,0.10578942105789421,1.533612190959859
INVS,21.0,15.7007,0.10578942105789421,1.3375199831854632
NANOS1,27.0,18.2556,0.10598940105989402,1.4789982252021296
PLK3,162.0,94.2243,0.10648935106489352,1.719301708794865
RNF4,212.0,107.0554,0.10678932106789321,1.9802831057564587
TNC,175.0,97.6953,0.10678932106789321,1.7912837157979964
RBPJ,678.0,472.2734,0.10698930106989302,1.435609119632823
CACNG2,1827.0,1275.3721,0.1070892910708929,1.4325231044336002
ACTN1,481.0,330.5618,0.10738926107389261,1.4550985625078277
SIRPA,24.0,18.1613,0.10738926107389261,1.3214913029353625
UBE2A,213.0,112.5211,0.10748925107489252,1.892978294737609
FGF1,80.0,48.9756,0.10778922107789221,1.6334664608498926
ARHGEF7,375.0,232.5742,0.10798920107989202,1.6123886484399388
ANGPTL3,23.0,14.3638,0.1080891910808919,1.601247580723764
NMI,5.0,7.75,0.10818918108189181,0.6451612903225806
VGLL4,46.0,31.0689,0.10838916108389161,1.480580258715307
CDC25C,1378.0,935.5647,0.10848915108489152,1.4729072184959522
DST,7.0,7.5319,0.10878912108789121,0.9293803688312378
PPP4C,576.0,402.3613,0.10898910108989102,1.4315492071429334
RPS27A,44927.0,33237.9024,0.10928907109289071,1.3516797618371972
IL2RA,213.0,107.0716,0.10938906109389061,1.9893230324381068
PSAP,34.0,23.0237,0.10948905109489052,1.4767391861429744
PIK3R1,7214.0,4457.5914,0.10978902109789021,1.6183627777099534
NCOA6,808.0,570.8094,0.10988901109889011,1.4155338016507788
DAB1,111.0,64.8075,0.10988901109889011,1.7127647263048258
POLK,12.0,13.6349,0.10988901109889011,0.8800944634724127
GOT2,3308.0,2509.311,0.1100889911008899,1.3182901601276207
DHH,124.0,68.0917,0.1100889911008899,1.8210736403996375
MMP3,71.0,39.1848,0.1100889911008899,1.8119270737632958
RASA1,627.0,424.1329,0.11018898110188981,1.4783102183301506
ADRB2,216.0,99.905,0.11038896110388961,2.162053951253691
RFC2,265.0,151.0213,0.11048895110488952,1.7547193674004926
MDC1,197.0,98.8725,0.11048895110488952,1.9924650433639282
AVP,42.0,29.4701,0.11048895110488952,1.425173311254458
PDCL3,216.0,121.9273,0.1105889411058894,1.7715474713210249
ELP1,53.0,30.814,0.1105889411058894,1.7199974037775037
TBPL2,892.0,616.4243,0.11088891110888911,1.4470552182968777
ALDOA,1694.0,1238.9722,0.11098890110988902,1.367262316297331
RRM2,1067.0,802.9285,0.11098890110988902,1.3288854487043367
BICRA,470.0,309.1824,0.1110888911108889,1.5201382743649057
DLD,460.0,305.8554,0.1110888911108889,1.5039786775057757
ICAM1,240.0,134.701,0.1110888911108889,1.7817239664145033
IAPP,307.0,185.6382,0.11118888111188881,1.6537544535553566
REST,182.0,102.5672,0.11128887111288871,1.774446411718366
CLPP,9.0,14.6049,0.11148885111488852,0.6162315387301521
EIF2AK3,166.0,97.5657,0.11158884111588842,1.7014176088522912
CCR9,19.0,14.6481,0.11158884111588842,1.2970965517712196
LARP7,144.0,83.2408,0.1116888311168883,1.7299209041719927
SLF1,96.0,49.0311,0.11178882111788821,1.9579409803165746
TIMM50,36.0,21.3098,0.11188881111888811,1.6893635791983033
SUV39H2,22.0,15.8959,0.11198880111988802,1.3840046804521922
LIMK1,313.0,206.9271,0.11208879112088792,1.512609996467355
CACYBP,215.0,120.5109,0.11208879112088792,1.784070984450369
SCLT1,62.0,35.8214,0.1121887811218878,1.7308089577738448
RAB35,29.0,18.9597,0.1121887811218878,1.5295600668786953
SDCBP,244.0,129.2453,0.11228877112288771,1.8878829636358152
RBFOX2,60.0,35.9147,0.11228877112288771,1.6706251200761804
IL22,24.0,19.9869,0.11228877112288771,1.2007865151674348
ACTA2,247.0,146.7014,0.11238876112388761,1.6836921801700597
PIGB,120.0,68.2632,0.11248875112488751,1.7579017684491791
FDPS,221.0,125.5345,0.1131886811318868,1.760472220783928
UNC5D,122.0,73.8888,0.1131886811318868,1.6511298058704431
SERPING1,63.0,42.6436,0.11358864113588642,1.4773611983978838
CHTF18,134.0,79.9218,0.1136886311368863,1.6766389145389617
TP53INP2,22.0,16.7261,0.1136886311368863,1.3153096059451994
RAB7B,339.0,220.3351,0.11388861113888611,1.538565575797955
ITSN1,241.0,131.6769,0.11388861113888611,1.8302374979969913
DXO,137.0,72.8109,0.11398860113988601,1.8815864108258515
LEF1,367.0,230.8715,0.11408859114088592,1.5896288628089652
BAG6,249.0,148.0318,0.11428857114288571,1.682071014471215
PDGFA,172.0,91.8953,0.11458854114588542,1.8716952880071123
EHD1,99.0,55.5974,0.1146885311468853,1.7806588077859755
ATP7A,42.0,28.2075,0.1146885311468853,1.4889657006115395
LHX9,23.0,18.7984,0.11478852114788521,1.2235083836922291
KAT2B,2853.0,1950.3255,0.11498850114988501,1.4628327425345156
RBBP8,107.0,65.5278,0.11528847115288471,1.6328947408580785
MAPK4,33.0,29.2822,0.11558844115588442,1.1269645040331668
ETFA,38.0,21.9424,0.1156884311568843,1.7318069126440134
SLIT2,28.0,23.3277,0.11598840115988401,1.2002897842479112
H2BU1,30.0,19.6638,0.11708829117088292,1.5256461111280628
EPHA4,59.0,43.0049,0.1171882811718828,1.371936686284586
IL33,20.0,19.209,0.11778822117788221,1.0411786141912645
CD40LG,17.0,17.9507,0.11778822117788221,0.9470382770588333
BAD,697.0,494.9832,0.11788821117888211,1.4081285991120507
ERCC5,1024.0,760.723,0.11798820117988201,1.3460878664112956
HEBP2,5.0,5.7257,0.11828817118288171,0.8732556717955884
CCT2,1093.0,784.2221,0.11848815118488151,1.3937378199364696
OCLN,227.0,126.8098,0.11878812118788121,1.7900824699668323
USP15,68.0,44.2019,0.11888811118888111,1.5383954083421754
KLKB1,58.0,36.4846,0.11908809119088092,1.5897118236187322
TFB2M,39.0,29.9117,0.11918808119188082,1.303837628753966
NLRP12,13.0,14.0519,0.11948805119488051,0.9251417957713903
SDS,620.0,440.4307,0.11958804119588042,1.4077129500736438
FYCO1,72.0,42.6936,0.12018798120187982,1.686435437629996
HCLS1,390.0,262.4334,0.12048795120487951,1.486091328314155
MOCS3,71.0,48.5646,0.12048795120487951,1.461970241698686
NCL,11.0,10.4779,0.1207879212078792,1.0498286870460685
WDR83,155.0,90.1452,0.12088791120887911,1.7194481791598444
CEBPB,553.0,377.5103,0.12098790120987901,1.464860693867161
FAAP20,171.0,106.1251,0.12098790120987901,1.6113059021852512
GPER1,16.0,14.8483,0.12098790120987901,1.0775644349858233
AKR1C3,1724.0,1314.8496,0.12138786121387861,1.3111765786748537
STIM2,93.0,54.5252,0.12168783121687832,1.705633358520464
SHH,236.0,131.3756,0.12198780121987801,1.7963761916215797
PIBF1,7.0,11.0879,0.12238776122387761,0.6313188250254782
NOD2,205.0,122.387,0.12248775122487751,1.6750145031743569
WNT5A,235.0,132.627,0.12288771122887711,1.771886569099806
NFYA,113.0,77.182,0.12288771122887711,1.4640719338705916
AIM2,241.0,138.5335,0.12318768123187682,1.7396514200536333
RICTOR,180.0,110.9268,0.1232876712328767,1.6226917210268392
CFH,15.0,14.1963,0.1232876712328767,1.0566133429132942
RAB10,30.0,22.9189,0.12418758124187582,1.3089633446631384
HPN,7.0,9.8636,0.12458754124587541,0.7096800356867675
ARG1,104.0,65.943,0.12498750124987501,1.5771196336229776
VPS26C,61.0,38.0312,0.12518748125187482,1.6039462336187131
FOXM1,30.0,26.1125,0.1254874512548745,1.1488750598372426
POLRMT,47.0,31.5469,0.1255874412558744,1.4898452779829396
UNC5C,92.0,60.4798,0.1260873912608739,1.5211690514849587
VANGL2,117.0,69.0984,0.1262873712628737,1.6932374700427217
KYAT1,474.0,340.7047,0.12638736126387362,1.3912341097730674
P2RX6,196.0,122.7108,0.12668733126687332,1.59725142367257
SOCS3,373.0,269.0526,0.12738726127387262,1.3863460156118173
USP1,132.0,91.5728,0.12738726127387262,1.4414760714972132
INSIG1,63.0,43.7302,0.1274872512748725,1.4406519979327785
LRP1,30.0,26.4212,0.12758724127587243,1.135451834133196
CPOX,40.0,30.1766,0.1277872212778722,1.325530377842434
POLR1A,539.0,382.6769,0.12808719128087193,1.4084989190620076
IFT46,139.0,92.0243,0.1282871712828717,1.510470603960041
LHX2,17.0,15.1631,0.1282871712828717,1.1211427742348201
RRM1,1369.0,1088.6767,0.1284871512848715,1.2574899416879226
FUT8,48.0,32.9601,0.12868713128687131,1.456306261206732
SLC27A5,50.0,36.6977,0.1294870512948705,1.362483207394469
LYL1,6.0,7.7851,0.1297870212978702,0.7707030095952525
UFD1,454.0,332.7041,0.12998700129987,1.3645759099452037
PTPRC,76.0,45.0033,0.13018698130186981,1.6887650461188402
C17orf75,52.0,37.1485,0.13018698130186981,1.3997873400002692
CAPN1,80.0,54.1012,0.1302869713028697,1.4787102689034624
LCK,200.0,116.5741,0.13058694130586943,1.7156469576003588
MFN1,391.0,269.9012,0.13068693130686931,1.448678257080739
CTCF,30.0,30.9137,0.13088691130886912,0.9704435250390604
LGALS3BP,14.0,17.903,0.13108689131086892,0.7819918449421885
KARS1,165.0,96.1639,0.1311868813118688,1.7158205937987125
SIRT4,253.0,151.8737,0.13188681131886812,1.6658578805942041
TTC8,114.0,71.6328,0.13188681131886812,1.591449726940731
CXXC1,110.0,78.3681,0.131986801319868,1.4036323453037651
SAT1,103.0,64.4772,0.1324867513248675,1.5974639097231271
NAT8L,240.0,141.1053,0.13258674132586742,1.7008574447593392
GPC1,27.0,24.5722,0.13258674132586742,1.098802712007879
CAMK4,404.0,306.4826,0.1327867213278672,1.318182500409485
CHAF1A,71.0,54.604,0.1327867213278672,1.3002710424144752
WASF1,225.0,145.3017,0.132986701329867,1.548502185452751
PARG,12.0,14.506,0.132986701329867,0.8272438990762443
POLE3,1616.0,1269.9989,0.1331866813318668,1.2724420469970485
RC3H1,80.0,58.1082,0.1331866813318668,1.3767420088731024
ARNTL,244.0,158.8122,0.13338666133386662,1.5364058932500149
GUCY1A1,193.0,123.8011,0.13358664133586642,1.5589522225569885
SOCS2,158.0,102.5172,0.13358664133586642,1.541204792951817
ACP1,43.0,28.1585,0.13358664133586642,1.5270699788696132
COMP,83.0,58.1813,0.1342865713428657,1.4265752054354235
GRB2,3578.0,2397.6374,0.1344865513448655,1.4923023806685698
EDC3,59.0,43.5012,0.13488651134886512,1.3562844243377195
CIITA,83.0,54.2825,0.1351864813518648,1.5290379035600792
NRAS,2877.0,1941.988,0.1352864713528647,1.4814715641909217
CGA,176.0,118.8793,0.13538646135386462,1.4804932397818629
PCDH15,5.0,7.1436,0.13538646135386462,0.6999272075704127
FANCC,313.0,219.5395,0.1354864513548645,1.4257115462137793
GRK1,52.0,38.264,0.1356864313568643,1.3589797198411038
BCR,169.0,104.3243,0.1357864213578642,1.619948564236712
CLK2,111.0,66.1255,0.135986401359864,1.6786262485727896
FOXP1,71.0,49.0007,0.13608639136086392,1.4489588924239858
PKN1,115.0,74.9071,0.1362863713628637,1.535234977725743
RHOG,37.0,26.9264,0.1364863513648635,1.3741161090973915
CRCP,1200.0,959.9963,0.13658634136586342,1.2500048177269016
DPM1,115.0,74.6324,0.1366863313668633,1.5408857279144177
TTL,70.0,50.267,0.1366863313668633,1.3925637097897228
LPCAT4,589.0,456.6359,0.1367863213678632,1.2898679232184767
ALPI,5.0,7.3397,0.1367863213678632,0.6812267531370493
RPP14,822.0,657.6053,0.13708629137086292,1.249989925567814
TCF7,496.0,373.8988,0.13708629137086292,1.3265621606702134
UBE2F,14.0,14.7679,0.1371862813718628,0.9480020856045884
MAP1LC3B,254.0,145.7227,0.1376862313768623,1.7430366030824298
DAB2IP,26.0,21.6111,0.1376862313768623,1.2030854514578155
ZNF516,17.0,16.2206,0.1376862313768623,1.0480500104805
SYK,2574.0,1889.7854,0.1377862213778622,1.3620594169052211
MAN1B1,4.0,6.7403,0.13788621137886212,0.5934453956055368
CNTF,196.0,128.2366,0.13858614138586142,1.5284248022795364
RPS6KA1,283.0,178.8987,0.13888611138886112,1.5819008187314945
PPP1R21,19.0,18.6781,0.13928607139286073,1.0172340869788683
GPC3,345.0,246.1518,0.1394860513948605,1.4015741505851267
RCHY1,27.0,25.7588,0.13978602139786023,1.0481854744786248
RILPL2,5.0,6.0206,0.13978602139786023,0.8304820117596253
BLM,614.0,467.1505,0.13988601139886012,1.3143515847676497
EDNRB,129.0,87.3201,0.13998600139986,1.4773230905599055
CIAO1,74.0,52.7284,0.14028597140285973,1.4034182717472936
TNIP2,67.0,54.4112,0.14028597140285973,1.2313641309142236
H2BC1,462.0,348.8454,0.1404859514048595,1.3243689038181383
TIMP2,5.0,6.7359,0.14078592140785923,0.7422913047996555
MLPH,16.0,16.4897,0.14088591140885912,0.9703026737903055
PLAU,25.0,20.3061,0.14108589141085892,1.2311571399727175
VEGFC,28.0,24.2128,0.1411858814118588,1.1564131368532347
NGEF,273.0,182.6222,0.1414858514148585,1.4948894493659588
USP13,34.0,27.8175,0.14178582141785823,1.2222521793834817
ARHGEF2,438.0,322.7431,0.1421857814218578,1.3571165425380123
TRIM21,138.0,97.5451,0.1426857314268573,1.4147302119737433
CDH23,5.0,9.4626,0.142985701429857,0.5283960010990637
TBCD,17.0,20.2383,0.14358564143585642,0.8399915012624579
MKNK1,70.0,52.0064,0.14378562143785623,1.345988186069407
RNF126,29.0,23.844,0.14388561143885611,1.2162388860929374
TUBB1,8.0,10.5527,0.14388561143885611,0.7580998227941664
ITGAL,989.0,764.0267,0.143985601439856,1.2944573795654
USP27X,147.0,106.9352,0.14408559144085592,1.3746642826683824
KCNA3,5.0,7.9191,0.14408559144085592,0.6313848795949034
CYP11A1,294.0,204.9791,0.1446855314468553,1.4342925693399962
MSI1,19.0,14.7459,0.1446855314468553,1.2884937508053085
HCFC1,1868.0,1363.9197,0.14478552144785523,1.3695820948989887
PPP1CB,1659.0,1218.1328,0.14488551144885511,1.3619204736954789
KLC1,244.0,161.284,0.14488551144885511,1.5128593040847202
SHOC2,213.0,142.2995,0.14508549145085492,1.4968429263630583
TK1,81.0,56.6139,0.14508549145085492,1.4307440398912634
CDH1,5926.0,4329.8323,0.14538546145385461,1.3686442313250793
SLC25A6,243.0,157.9084,0.14588541145885411,1.5388668367230622
C2,11.0,13.4967,0.14628537146285372,0.8150140404691517
TAB1,623.0,480.2866,0.1463853614638536,1.2971421646991608
HAAO,29.0,21.1527,0.1464853514648535,1.3709833732809524
RSPH9,55.0,37.5339,0.14678532146785322,1.4653419975009256
USP18,38.0,31.0891,0.14678532146785322,1.22229334396943
KCND3,14.0,12.3903,0.14708529147085292,1.12991614408045
ENTPD1,1214.0,998.9782,0.1473852614738526,1.215241734003805
ELMO2,204.0,139.924,0.1474852514748525,1.4579343071953346
TEAD4,139.0,91.2404,0.14778522147785222,1.523447946304488
USP44,20.0,23.8124,0.14778522147785222,0.839898540256337
B4GALT6,61.0,52.8784,0.1481851814818518,1.1535901237556356
EFNA2,7.0,11.0505,0.1483851614838516,0.6334554997511425
HDAC3,365.0,263.326,0.1484851514848515,1.3861145500254437
NCF2,320.0,222.3012,0.1484851514848515,1.4394884058205715
STK38,37.0,30.9606,0.1488851114888511,1.1950672790578993
IL2RB,151.0,98.3698,0.14908509149085092,1.5350239606057958
EIF2B1,105.0,74.4818,0.1491850814918508,1.4097403661028598
CLEC7A,19.0,22.2487,0.14958504149585042,0.8539824798752287
WDR77,297.0,209.0941,0.14998500149985,1.4204131058695584
RAB4A,46.0,34.9798,0.14998500149985,1.3150446829312918
KCNIP1,49.0,36.7645,0.15028497150284972,1.3328074637217968
AP2B1,738.0,586.8265,0.1504849515048495,1.2576119176622051
PUM1,6.0,10.7871,0.1504849515048495,0.5562199293600689
RNF7,182.0,130.9855,0.1506849315068493,1.3894667730397638
PRLR,78.0,59.7395,0.15128487151284872,1.305668778613815
SUV39H1,65.0,56.5031,0.15148485151484853,1.1503793597165464
RAB33B,32.0,32.5588,0.15148485151484853,0.9828372053024068
SLBP,164.0,115.7176,0.15178482151784822,1.4172433579680186
LLGL1,173.0,120.2403,0.15278472152784722,1.4387854987055089
MYOD1,63.0,56.8576,0.1528847115288471,1.1080312922107158
TFAP2C,56.0,44.4532,0.15298470152984703,1.2597518288897087
TST,180.0,125.7501,0.15328467153284672,1.4314103925165864
GCLC,661.0,524.2605,0.1543845615438456,1.2608235791176334
STT3A,1371.0,1102.7127,0.15448455154484553,1.2432975515744038
MTMR6,106.0,79.075,0.15448455154484553,1.3404995257666772
FGR,220.0,155.1386,0.15458454154584542,1.4180867946468514
PTPN11,2229.0,1623.1114,0.15478452154784522,1.3732883645571092
LAP3,664.0,534.277,0.15478452154784522,1.2428010189471004
RAG1,54.0,39.0783,0.1556844315568443,1.3818410729228243
VPS36,575.0,461.4248,0.1561843815618438,1.246140216130559
PPCS,119.0,87.7551,0.1563843615638436,1.356046543163873
RIC8A,71.0,53.8838,0.15648435156484353,1.3176502028438974
CXCR3,59.0,50.197,0.15678432156784322,1.1753690459589219
AP1G2,12.0,17.1079,0.15678432156784322,0.7014303333547659
GLMN,2065.0,1555.3289,0.15698430156984303,1.3276934544198338
DRD1,168.0,112.2806,0.15698430156984303,1.4962513559777912
HNF4A,91.0,61.4429,0.15698430156984303,1.4810498853406984
BCLAF1,5.0,6.7967,0.15698430156984303,0.7356511248105698
TFEB,284.0,196.7814,0.1571842815718428,1.4432258333358743
IL23A,41.0,35.372,0.15748425157484253,1.1591088996946737
POGZ,34.0,33.6056,0.1576842315768423,1.0117361392148927
CEL,264.0,194.4878,0.15778422157784222,1.3574116217058345
NLGN3,11.0,14.3458,0.1578842115788421,0.7667749445830835
GABARAPL2,636.0,514.7168,0.15798420157984203,1.2356309333598592
MYH9,816.0,642.6009,0.1586841315868413,1.2698394913545872
PLK2,61.0,48.6188,0.15898410158984103,1.2546586916995073
PCYT2,66.0,52.5393,0.1598840115988401,1.2562024998429748
VCPIP1,75.0,52.6911,0.16028397160283972,1.4233902879233875
POLR2B,8805.0,6277.8488,0.16078392160783922,1.402550504242791
ZNRF3,236.0,169.5136,0.16108389161083891,1.3922186774394503
TPK1,84.0,62.9636,0.1611838816118388,1.3341041490639036
APOC2,609.0,495.1398,0.16128387161283872,1.229955661007255
AANAT,98.0,69.8319,0.16148385161483853,1.403370093037709
BMPR2,630.0,509.2323,0.16178382161783822,1.2371564019014505
CPT2,40.0,31.7985,0.1620837916208379,1.2579209711149897
VPS51,74.0,59.6748,0.1621837816218378,1.2400544283349086
ATG14,138.0,104.0866,0.16228377162283772,1.3258190775757879
RAPGEF6,64.0,54.7583,0.16228377162283772,1.1687725878999167
SAP18,138.0,105.878,0.16268373162683733,1.3033869170176997
TECR,327.0,245.6769,0.1635836416358364,1.3310164691918533
EIF2AK4,51.0,40.6221,0.16368363163683633,1.255474236930144
UPF1,642.0,519.5738,0.1648835116488351,1.2356281244358356
FERMT3,22.0,22.196,0.1648835116488351,0.9911695801045233
CBX1,266.0,204.193,0.1650834916508349,1.3026891225458266
FFAR1,30.0,26.9,0.16528347165283472,1.1152416356877324
UFM1,34.0,31.387,0.16568343165683433,1.0832510274954599
WRAP73,5.0,7.9639,0.16568343165683433,0.6278330968495336
JARID2,136.0,105.4552,0.16578342165783422,1.2896471677072348
CXCR5,13.0,14.6627,0.16668333166683333,0.8866034222892101
AP1G1,168.0,126.0665,0.16678332166783322,1.3326300008328937
ATP5F1B,689.0,553.6228,0.1673832616738326,1.2445296689370453
CHTOP,158.0,117.7451,0.1673832616738326,1.3418817428495964
TSHR,289.0,217.2604,0.16778322167783222,1.3302009938304449
FPR3,30.0,28.7402,0.16778322167783222,1.0438340721358932
PRPS1,222.0,161.3634,0.16818318168183183,1.3757766631094783
CXCR1,94.0,70.7356,0.16818318168183183,1.3288923823364756
FCGR2B,21.0,23.8291,0.1688831116888311,0.8812754153534963
HSD17B12,586.0,490.1996,0.16898310168983102,1.195431412020736
TUBB4A,79.0,66.6374,0.16898310168983102,1.1855204434746853
FLI1,27.0,24.2715,0.16898310168983102,1.1124157963043075
TP63,89.0,73.3221,0.16948305169483052,1.2138222991430958
PYGL,237.0,170.4972,0.1695830416958304,1.390052153349146
UMPS,607.0,495.985,0.1698830116988301,1.223827333487908
ERBB2,1097.0,886.7829,0.17018298170182983,1.2370558791785453
TGFA,174.0,126.1934,0.17028297170282972,1.378835977158869
IGFBP1,12.0,16.4249,0.17048295170482952,0.7305980553915092
GSDME,47.0,44.2232,0.1710828917108289,1.0627905714647516
FHL1,73.0,56.1112,0.17198280171982802,1.3009880380387517
PRKAR2A,358.0,285.118,0.1720827917208279,1.2556204799416382
EMC1,155.0,110.7194,0.17228277172282772,1.3999353320195016
ARCN1,215.0,162.6478,0.1723827617238276,1.3218746272620965
SMARCAD1,4.0,6.1952,0.17268273172682733,0.6456611570247934
PPP1R13B,17.0,19.9923,0.17278272172782722,0.8503273760397753
RAPGEF3,426.0,340.5805,0.17348265173482652,1.2508056098337985
SMC6,134.0,107.4383,0.17348265173482652,1.2472274784690376
FKRP,4.0,7.1194,0.1735826417358264,0.5618450993061214
VRK1,76.0,60.8277,0.1743825617438256,1.2494307692054771
VEGFB,35.0,29.7082,0.17468253174682533,1.178125904632391
CCL4,24.0,28.3573,0.17468253174682533,0.8463429169913921
NEFM,159.0,128.1961,0.1755824417558244,1.2402873410345556
HCK,453.0,374.1539,0.17578242175782421,1.2107317336529166
FABP4,7.0,11.1506,0.17598240175982402,0.6277689092963606
GARS1,3.0,6.1805,0.17638236176382363,0.4853976215516544
WIPI2,105.0,76.4556,0.17678232176782321,1.3733460989123099
TWIST1,31.0,30.3808,0.17738226177382263,1.0203812934484937
ITPKA,108.0,82.8206,0.17768223177682232,1.3040233951456521
PLCB4,426.0,337.4818,0.17918208179182082,1.2622902923950268
CAMKK2,121.0,99.222,0.17918208179182082,1.219487613634073
BAHD1,36.0,33.8737,0.18018198180181982,1.0627714126298573
MTPN,33.0,33.4732,0.1805819418058194,0.9858633175196875
CNTRL,109.0,85.8639,0.18098190180981902,1.2694508402250537
IDS,12.0,18.4551,0.1810818918108189,0.6502267665848465
LIPE,139.0,123.7279,0.1812818718128187,1.1234329524707038
LAMA5,75.0,64.1051,0.18168183181681832,1.1699537166309701
UGDH,392.0,310.399,0.18188181181881813,1.2628906665292092
MAP2K1,1126.0,970.9864,0.18198180181981802,1.1596454904002775
EGLN2,63.0,61.6129,0.18198180181981802,1.022513142539955
SIAH2,31.0,29.1738,0.18238176182381763,1.0625972619267974
RPS6KB1,680.0,554.3318,0.18248175182481752,1.226702130384726
ERCC8,2534.0,2137.9378,0.1835816418358164,1.185254313759736
HES1,348.0,285.6066,0.18418158184181582,1.2184592372865333
ZMYND8,113.0,91.4069,0.1842815718428157,1.2362305252666923
TRIM25,167.0,129.5629,0.18438156184381563,1.2889492285214361
SORBS3,77.0,66.8229,0.1847815218478152,1.1522995859203955
YOD1,179.0,144.61,0.1850814918508149,1.2378120461932092
PANK3,103.0,82.4877,0.18538146185381463,1.2486710139814783
CASTOR1,38.0,41.0666,0.18538146185381463,0.9253261774775609
IL17RA,20.0,21.0291,0.18568143185681432,0.9510630507249478
MECR,145.0,125.6945,0.1860813918608139,1.1535906503466737
SRSF8,38.0,38.1988,0.1862813718628137,0.9947956480308282
UBE2L6,146.0,121.4166,0.18648135186481352,1.202471490718732
MLEC,103.0,89.8898,0.1865813418658134,1.145847471014509
DTNB,63.0,50.9401,0.18668133186681332,1.2367466887579726
FCSK,92.0,78.5196,0.18708129187081293,1.171681974946383
MTREX,1935.0,1661.9149,0.18718128187181282,1.1643195448816301
NFATC1,264.0,207.7248,0.18718128187181282,1.2709122839449118
MUS81,157.0,127.5787,0.1872812718728127,1.2306129471455658
RBPMS,14.0,18.8827,0.18738126187381263,0.7414193944721889
NFASC,44.0,43.0186,0.18788121187881213,1.0228133876974146
PACSIN1,14.0,17.3116,0.18808119188081193,0.8087063009773794
MAPK7,170.0,133.7166,0.18838116188381163,1.271345517310491
PTPN23,65.0,58.1576,0.18898110188981102,1.117652722945926
SNX4,644.0,555.4097,0.1892810718928107,1.1595044162894526
NFS1,114.0,89.9008,0.1892810718928107,1.2680643553783726
LILRB1,90.0,77.1464,0.18948105189481051,1.1666130888803625
TRMT112,725.0,600.2374,0.18988101189881013,1.207855425203428
IRF3,210.0,163.7412,0.19018098190180982,1.2825116708562048
FMR1,288.0,225.7959,0.19058094190580943,1.2754881731687777
MCM2,1164.0,1008.6324,0.19118088191180882,1.154037883375549
RBX1,9894.0,7497.8368,0.1912808719128087,1.3195806022345005
SLC18A2,123.0,106.7599,0.19138086191380863,1.1521179768808325
MTMR1,92.0,72.4372,0.19148085191480851,1.2700656568724356
PTK2B,445.0,368.2294,0.19168083191680832,1.20848579716883
LDLR,43.0,43.3419,0.1922807719228077,0.9921115594840096
CTDSP1,3.0,8.9221,0.19268073192680732,0.33624370944060256
GSS,962.0,843.2717,0.1927807219278072,1.1407948351640402
IFNGR1,215.0,174.4507,0.19418058194180582,1.2324398812959765
RALBP1,245.0,206.6367,0.1942805719428057,1.1856557910574452
SAV1,78.0,70.3484,0.1944805519448055,1.1087672214293431
FNTB,113.0,93.6077,0.19458054194580543,1.207165649834362
HPRT1,2082.0,1830.4721,0.19508049195080493,1.137411490729632
ATG12,196.0,151.7944,0.1954804519548045,1.2912202294682809
PPP2R1A,4108.0,3318.5243,0.19558044195580443,1.2378996290610258
KDM2B,77.0,66.0287,0.19558044195580443,1.1661595639471927
MACROH2A1,130.0,110.8481,0.1957804219578042,1.172776078254837
FLNB,63.0,57.254,0.19588041195880412,1.1003598001886332
UBA3,11.0,14.9441,0.1962803719628037,0.7360764448846032
TOM1,75.0,65.9219,0.19658034196580343,1.137709926443261
CNOT9,217.0,164.7789,0.19668033196680332,1.3169161828365161
GK,98.0,87.9857,0.19668033196680332,1.1138173589571942
PPP1R1A,25.0,27.3921,0.1977802219778022,0.9126719017526952
ZDHHC5,12.0,18.0156,0.1977802219778022,0.6660893891960301
CCAR1,177.0,145.2623,0.19788021197880212,1.2184854569974453
PPM1K,13.0,17.731,0.1982801719828017,0.7331791777113529
DLAT,690.0,613.9543,0.19928007199280073,1.1238621506519297
PPIF,451.0,390.847,0.19928007199280073,1.1539042131575783
PDZD11,333.0,273.509,0.19938006199380062,1.217510209901685
PPP3CC,382.0,322.1771,0.1999800019998,1.18568327792385
FBXO32,3.0,6.6861,0.20077992200779923,0.44869206263741196
ELK1,235.0,191.0043,0.20117988201179882,1.230338793419834
IST1,121.0,102.9709,0.20127987201279873,1.1750892727945468
MYCBP2,48.0,48.9665,0.2014798520147985,0.9802620158679913
XRCC5,871.0,760.3402,0.20157984201579843,1.145539851766354
HBS1L,3035.0,2418.7765,0.201979802019798,1.254766614443294
MAGI2,52.0,49.222,0.20207979202079793,1.0564381780504652
RCC1,144.0,115.3252,0.20227977202279773,1.2486429678855966
UBE2E3,24.0,32.261,0.20227977202279773,0.7439323021605033
PPFIA1,22.0,29.2309,0.20277972202779723,0.7526282119264204
MADCAM1,10.0,15.0138,0.20287971202879712,0.6660538970813519
BCL2L11,270.0,212.2694,0.202979702029797,1.271968545631165
SUGCT,18.0,27.9822,0.20377962203779623,0.6432660762913567
FPR1,64.0,57.6242,0.20387961203879612,1.1106444861707407
RIMS1,77.0,62.3308,0.20407959204079593,1.2353443241543507
CUL7,5678.0,4392.0841,0.2044795520447955,1.2927803454401066
EIF2B2,99.0,83.4854,0.20467953204679531,1.1858360863097022
IKBKB,1491.0,1239.1549,0.20487951204879512,1.2032394013048733
STX11,34.0,35.517,0.20507949205079493,0.9572880592392374
RAD18,146.0,131.9956,0.20517948205179481,1.106097475976472
OCRL,436.0,360.363,0.20527947205279473,1.2098911375474175
DPH3,18.0,21.1879,0.2054794520547945,0.8495414835826108
MVK,39.0,43.4162,0.20557944205579443,0.898282208023733
SCAP,22.0,24.9425,0.20627937206279373,0.8820286659316429
SMAD7,203.0,170.9,0.20637936206379362,1.1878291398478642
INHBA,134.0,116.53,0.20637936206379362,1.1499184759289454
RGS2,20.0,24.6216,0.2064793520647935,0.8122948955388765
QRSL1,49.0,48.4743,0.20667933206679331,1.0108449219483313
PYGO2,26.0,33.5058,0.20717928207179281,0.7759850533340497
SAP30BP,66.0,64.1135,0.20767923207679231,1.0294243802007377
CCR1,221.0,182.3617,0.207979202079792,1.2118772746689683
SULT2B1,513.0,449.1411,0.2086791320867913,1.1421800409715344
DCP1A,148.0,126.1263,0.20907909209079092,1.1734269537756994
BAAT,79.0,71.2658,0.2091790820917908,1.108526109297868
CSNK2A2,309.0,258.7184,0.20937906209379062,1.1943487591141566
SOD2,1487.0,1330.9073,0.20957904209579042,1.117282924212678
CYBA,225.0,179.5218,0.20957904209579042,1.2533296791810242
RAD51AP1,44.0,43.4217,0.21007899210078992,1.0133182256797868
RAD51B,43.0,48.3821,0.2111788821117888,0.8887584457888351
RPP38,1689.0,1465.7301,0.21127887211278873,1.1523267482874235
LAMC1,141.0,119.4148,0.21127887211278873,1.1807581639796743
FBXO45,4.0,7.8571,0.21127887211278873,0.5090936859655598
DPAGT1,88.0,76.5592,0.21187881211878812,1.1494372981953833
HAGH,4.0,7.0664,0.21207879212078792,0.5660590965696819
TICAM2,63.0,59.4919,0.2121787821217878,1.0589676914000057
NCK1,323.0,273.085,0.21297870212978703,1.1827819177179268
FDFT1,228.0,185.1975,0.2131786821317868,1.2311181306443122
CHMP1A,138.0,112.8502,0.2131786821317868,1.2228600392378568
PCBP1,23.0,32.442,0.21327867213278673,0.7089575241970285
NAGK,49.0,46.9146,0.21397860213978603,1.0444509811444624
BUB1B,1736.0,1529.1843,0.2141785821417858,1.1352457646864411
NADSYN1,251.0,215.369,0.2141785821417858,1.1654416373758527
ACOT1,123.0,106.3166,0.21427857214278573,1.1569218729718596
NBEA,8.0,14.6487,0.21427857214278573,0.5461235467993747
MCM7,827.0,744.4237,0.2151784821517848,1.1109264791005444
DUSP3,168.0,148.3096,0.2151784821517848,1.1327655121448645
TLR9,65.0,65.3986,0.21537846215378462,0.9939050683042144
MAGED1,20.0,24.5193,0.21577842215778423,0.8156839714021199
BRCA2,1259.0,1092.8306,0.21587841215878412,1.1520541243995182
TBXT,40.0,44.7505,0.21587841215878412,0.8938447615110445
TNKS2,20.0,24.5782,0.21627837216278373,0.8137292397327713
RIMS2,15.0,19.158,0.21627837216278373,0.7829627309740056
EHMT2,546.0,488.893,0.21657834216578342,1.1168087904715347
UGT1A1,466.0,414.7299,0.21707829217078292,1.1236228687635013
TLE3,200.0,164.7634,0.21707829217078292,1.2138618163985448
PLCD1,59.0,59.4038,0.21747825217478253,0.9932024550617975
ADAM10,360.0,325.0988,0.21837816218378162,1.107355671568151
SCNN1A,176.0,156.664,0.21837816218378162,1.1234233774191902
GOLGA7,72.0,70.175,0.21837816218378162,1.0260064125400785
S100A10,9.0,14.8693,0.21907809219078092,0.6052739537167183
PRKAR1A,167.0,143.008,0.21977802219778023,1.1677668382188409
THBD,9.0,15.3232,0.22027797220277973,0.5873446799624099
NOTUM,165.0,148.0454,0.22047795220477953,1.1145229774109833
ITGA2,675.0,603.7644,0.22127787221277873,1.1179857573583338
RXYLT1,3.0,6.7768,0.2216778322167783,0.44268681383543856
GMDS,60.0,57.4404,0.22187781221877811,1.0445609710238788
IL23R,33.0,43.0649,0.22197780221977803,0.7662853042733176
TRADD,712.0,662.9,0.22297770222977703,1.0740684869512747
NDEL1,77.0,71.7647,0.22347765223477653,1.0729509076189268
HERPUD1,9.0,13.0879,0.22427757224277572,0.6876580658470801
PTPRJ,26.0,32.3274,0.22447755224477553,0.8042712992693505
UBXN2B,92.0,84.9953,0.22467753224677534,1.0824127922367472
F8,67.0,67.2623,0.2253774622537746,0.9961003414988784
SGO1,152.0,139.004,0.22567743225677434,1.0934937124111537
COL2A1,138.0,125.8722,0.22567743225677434,1.096350107489978
AMDHD2,18.0,31.3995,0.2258774122587741,0.5732575359480246
OPRM1,251.0,218.6351,0.22667733226677333,1.1480315832178822
UGT8,798.0,734.2079,0.22677732226777322,1.0868856082861544
PIAS1,35.0,38.9447,0.22677732226777322,0.8987102224436189
VMP1,10.0,21.2715,0.22707729227077292,0.4701125919657758
PPP1R11,27.0,40.8724,0.2273772622737726,0.66059247805365
COPS3,687.0,642.482,0.22757724227577242,1.069290657170162
ETS1,48.0,54.2591,0.22757724227577242,0.884644234791952
PLIN1,22.0,30.8901,0.22817718228177183,0.7122022913490083
MXD1,10.0,16.505,0.22877712228777122,0.6058770069675856
PRKCQ,555.0,509.0041,0.22947705229477053,1.090364498046283
TOMM7,90.0,84.0726,0.22977702229777022,1.0705033506754877
NEDD8,561.0,511.1411,0.22997700229977003,1.0975442984334463
CDK6,337.0,303.8872,0.23047695230476953,1.1089641156323793
UBE2G1,57.0,60.8,0.23077692230776922,0.9375
DISC1,10.0,22.1389,0.23117688231176883,0.4516936252478669
HNMT,19.0,26.6456,0.23157684231576842,0.713063320022818
THPO,73.0,72.3865,0.23167683231676833,1.008475337252112
EEF1A1,5006.0,4216.3768,0.23247675232476753,1.1872752928533332
FKBPL,18.0,25.5628,0.2333766623337666,0.7041482153754675
ORC2,590.0,538.8043,0.23367663233676633,1.095017244665642
SLC25A5,514.0,471.9005,0.23367663233676633,1.0892126624150642
ARRB2,955.0,876.4022,0.23457654234576542,1.089682339911972
ITGA4,635.0,586.5549,0.23467653234676533,1.0825926098307252
MEF2C,47.0,50.0366,0.23467653234676533,0.93931242330614
MEF2A,128.0,133.7535,0.2348765123487651,0.9569843032144953
FLT3,226.0,201.4297,0.23517648235176483,1.121979529334552
KITLG,33.0,40.6223,0.23517648235176483,0.8123616831149393
NPAS2,150.0,131.1061,0.23567643235676433,1.1441115249404872
MEIS2,99.0,93.4324,0.23587641235876414,1.0595896070313937
SRD5A3,201.0,188.1789,0.23607639236076391,1.0681325058229163
THRA,251.0,218.6677,0.23687631236876314,1.1478604293180932
LAMB1,100.0,109.93,0.23707629237076291,0.9096697898662784
KDM3A,21.0,28.5363,0.23717628237176283,0.7359047949453853
H3C1,10148.0,8803.6255,0.23757624237576241,1.1527069160313554
ADGRV1,18.0,23.1287,0.23847615238476152,0.7782538577611366
MAP3K20,8.0,13.6255,0.23847615238476152,0.5871344170856115
PDE4B,89.0,89.3938,0.2385761423857614,0.9955947727918492
CASP10,162.0,155.9642,0.23947605239476052,1.0386999067734775
BDP1,164.0,142.83,0.23997600239976002,1.1482181614506755
ATF2,1733.0,1574.1304,0.24037596240375964,1.1009253108891106
TIMP3,7.0,14.5652,0.24047595240475952,0.4805975887732403
SEPHS1,35.0,44.3624,0.2405759424057594,0.7889564135393937
TFAP2B,6.0,15.7529,0.2405759424057594,0.38088225025233446
WASL,339.0,315.4063,0.24147585241475852,1.07480414944153
RANGRF,3.0,6.3236,0.24177582241775822,0.47441330887469163
ANAPC1,1307.0,1228.6183,0.24187581241875813,1.0637966242241386
ABI2,186.0,182.839,0.24187581241875813,1.0172884340868196
FKBP1B,25.0,32.7644,0.24217578242175783,0.763023281366361
FOXO4,460.0,428.943,0.2425757424257574,1.0724035594472925
BAMBI,210.0,186.7246,0.24317568243175683,1.1246509565424159
COL12A1,17.0,23.8287,0.24387561243875613,0.7134254071770596
CTBP2,239.0,213.5527,0.24427557244275572,1.1191616870215175
CCL19,28.0,38.3525,0.24427557244275572,0.7300697477348282
LTBR,56.0,61.4358,0.24527547245275472,0.9115206443148783
BRIP1,189.0,182.5661,0.24547545245475452,1.035241482400073
UBE2B,87.0,95.7357,0.24587541245875413,0.9087519075955992
PIKFYVE,1168.0,1110.734,0.24597540245975402,1.0515568984113208
B3GALT6,4.0,10.1542,0.2460753924607539,0.39392566622678304
AGO1,465.0,454.0549,0.24617538246175383,1.0241052348515565
ALG11,4.0,8.242,0.24637536246375363,0.48531909730647893
PRTN3,4.0,9.316,0.24757524247575244,0.4293688278231
MCC,110.0,117.1705,0.24767523247675233,0.9388028556675955
RAB40AL,11.0,18.7626,0.24887511248875113,0.5862726914180337
CP,54.0,56.6673,0.24937506249375063,0.952930526070591
PDPK1,482.0,457.2008,0.25007499250074994,1.0542413749057307
TBL1X,99.0,99.8567,0.25147485251474855,0.9914207058715139
CCM2,15.0,26.0342,0.25147485251474855,0.5761651980855952
SMURF2,64.0,73.7961,0.25177482251774824,0.8672545026092165
PTBP1,30.0,43.7944,0.25177482251774824,0.685019089198619
NLRP1,210.0,195.7236,0.2528747125287471,1.072941638105982
PPM1B,3.0,9.4719,0.25337466253374663,0.31672631678966207
UFC1,9.0,17.1,0.2535746425357464,0.5263157894736842
TARS3,22.0,34.6327,0.25407459254074594,0.6352377954938541
CX3CL1,25.0,36.0238,0.25437456254374563,0.6939856428250212
RAB22A,17.0,23.1958,0.254974502549745,0.73289129928694
PDE1B,234.0,219.814,0.2552744725527447,1.0645363807582775
PIAS3,6.0,15.9703,0.25547445255474455,0.3756973882769892
ARRDC1,16.0,24.5727,0.25637436256374363,0.6511290985524586
ASB2,8.0,18.5998,0.25647435256474355,0.43011215174356715
GAD1,1303.0,1248.7733,0.25677432256774324,1.043423974551666
GBE1,122.0,116.9814,0.256974302569743,1.0429008372271147
MIA3,3.0,9.3244,0.2575742425757424,0.3217365192398438
VAMP7,408.0,388.2361,0.257974202579742,1.050906909481112
FZD3,108.0,115.8347,0.25847415258474155,0.932363100176372
LIMS1,34.0,44.1878,0.25847415258474155,0.7694431494665948
NEUROD1,18.0,24.8413,0.2585741425857414,0.7245997592718577
FZD4,125.0,128.1031,0.25937406259374063,0.9757765424880428
SP100,70.0,80.4645,0.2595740425957404,0.8699488594349061
SEC22B,498.0,470.6841,0.25977402259774024,1.0580344651540172
DPYSL3,166.0,156.2835,0.26017398260173985,1.0621722702652552
DMXL2,3.0,8.6293,0.2605739426057394,0.34765276441889836
GLUL,997.0,953.2419,0.260973902609739,1.045904507554693
PLXNB3,143.0,135.8976,0.26107389261073893,1.0522628802863332
NADK,19.0,23.7393,0.26107389261073893,0.8003605835049896
SETD3,31.0,40.1556,0.261973802619738,0.7719969319347737
FAF1,427.0,396.1805,0.2633736626337366,1.0777915621793601
CIR1,311.0,303.1357,0.26347365263473654,1.0259431667071877
EEA1,21.0,34.1895,0.2636736326367363,0.6142236651603562
TXNDC5,57.0,64.9826,0.2642735726427357,0.8771578853416144
TFDP1,209.0,203.0461,0.2645735426457354,1.0293228976079816
NOTCH4,302.0,282.9847,0.26547345265473454,1.0671955056227422
DLL1,61.0,75.8607,0.265973402659734,0.8041054195387072
WLS,14.0,23.0942,0.2665733426657334,0.6062128153389162
TRIB1,33.0,44.1693,0.2666733326667333,0.747125265738873
MEIOB,14.0,22.9088,0.2666733326667333,0.6111188713507473
KISS1R,47.0,59.4012,0.266973302669733,0.7912298068052497
DHDDS,86.0,92.2319,0.2675732426757324,0.9324322712640638
GLRB,3.0,16.1673,0.2675732426757324,0.18555974095860162
RNMT,111.0,122.6176,0.26787321267873215,0.9052534057101101
BLNK,136.0,140.9355,0.26807319268073193,0.96498043431215
MST1,3.0,10.644,0.26847315268473154,0.2818489289740699
RARA,231.0,230.3701,0.2685731426857314,1.0027342958135625
UBC,15565.0,13105.931,0.26877312268773124,1.1876302416058806
DHX36,7.0,16.6078,0.268973102689731,0.42148869808162426
GRAP2,220.0,205.3031,0.26917308269173085,1.071586352081386
RNF43,144.0,141.1144,0.2695730426957304,1.0204486572596418
PLCB2,614.0,592.8347,0.2696730326967303,1.0357018575329684
RARS1,102.0,116.5112,0.27147285271472854,0.8754523170304658
TGFB3,110.0,115.8663,0.2715728427157284,0.9493700929433322
TRPC4,8.0,15.8727,0.2716728327167283,0.504010029799593
LTC4S,22.0,29.8893,0.2725727427257274,0.7360493554549622
MORF4L1,902.0,878.8178,0.27287271272872715,1.0263788466733377
DHODH,25.0,40.7167,0.27287271272872715,0.6139986786748435
POLD1,1169.0,1165.8281,0.272972702729727,1.0027207270094107
LMOD1,9.0,16.6476,0.27307269273072693,0.5406184675268507
IKBKE,238.0,230.0324,0.2732726727327267,1.0346368598510471
RAB11FIP2,43.0,51.9607,0.2733726627337266,0.8275485126258884
MTA1,308.0,296.6612,0.2736726327367263,1.0382213784613559
VPS4A,146.0,154.342,0.27487251274872515,0.9459511992847053
MGAT5B,27.0,35.6409,0.27487251274872515,0.757556627357895
COQ7,10.0,23.4577,0.27547245275472454,0.42629925355000703
S100B,51.0,62.3623,0.2756724327567243,0.8178017808836429
G6PC,454.0,444.2161,0.27587241275872415,1.0220250909410984
TYK2,396.0,391.8022,0.2780721927807219,1.0107140797065457
DDX4,36.0,50.9229,0.27817218278172184,0.7069510966578887
IKBKG,2070.0,1960.9295,0.2783721627837216,1.0556218364811178
PUM2,19.0,26.8767,0.2790720927907209,0.7069320266252925
NR1H2,63.0,69.5363,0.2796720327967203,0.9060016135457308
CD28,116.0,125.0878,0.27977202279772023,0.9273486303220617
RPTOR,802.0,788.2914,0.2800719928007199,1.017390269638867
NR4A1,84.0,98.8371,0.2800719928007199,0.849883292812112
RNF144A,4.0,9.1867,0.28057194280571945,0.43541206309120795
IRF1,52.0,61.4928,0.2812718728127187,0.8456274555720344
ESPN,194.0,198.8991,0.2816718328167183,0.9753689182102885
SYT1,223.0,215.8693,0.28217178282171784,1.0330324877136303
GRIN1,618.0,608.2681,0.28277172282771723,1.0159993594929604
CADM1,7.0,16.2535,0.2830716928307169,0.4306764696834528
UNC13B,17.0,28.1321,0.28317168283171684,0.6042918943129023
TGFB2,6.0,14.3692,0.28317168283171684,0.4175597806419286
LRP8,15.0,26.7625,0.28347165283471654,0.560485754320411
FBXL17,22.0,32.4488,0.28357164283571645,0.6779911737876285
PHGDH,17.0,32.7654,0.2840715928407159,0.5188399958492801
KLHDC3,293.0,276.3464,0.28417158284171584,1.0602634953811592
CYC1,2586.0,2506.9306,0.2842715728427157,1.0315403226559203
HEXA,106.0,112.4262,0.28477152284771523,0.9428407257383066
CYLD,303.0,304.0037,0.2852714728527147,0.9966983954471608
MAP3K4,24.0,37.8254,0.28547145285471454,0.6344942816202869
ZRANB1,21.0,33.3121,0.28657134286571345,0.6304015657974129
MFN2,59.0,75.0244,0.286971302869713,0.7864108210128972
REV1,98.0,107.9682,0.28777122287771223,0.9076746671705188
EIF4E2,282.0,279.1354,0.28847115288471153,1.0102624031204928
PINX1,66.0,78.4963,0.28887111288871115,0.8408039614606038
THBS1,273.0,263.6456,0.2893710628937106,1.0354809638393359
FAF2,231.0,237.4821,0.2893710628937106,0.9727048901790913
RRP8,23.0,41.0854,0.28997100289971,0.5598095673889022
BHMT,253.0,250.4519,0.2900709929007099,1.0101740094604992
MZT2A,196.0,202.167,0.29017098290170984,0.9694955160832381
TUBB2A,381.0,385.5111,0.2903709629037096,0.9882983914081851
LTA,29.0,40.223,0.29047095290470953,0.7209805335255949
CD55,15.0,27.0735,0.29047095290470953,0.5540473156407557
NFATC2,193.0,203.399,0.29057094290570945,0.9488738882688705
COL3A1,140.0,139.2809,0.29057094290570945,1.0051629476834225
CABLES1,6.0,12.3604,0.2906709329067093,0.4854211837804602
SMG6,24.0,39.8421,0.29117088291170884,0.6023778867077789
CDC25B,315.0,321.3677,0.29157084291570845,0.9801856253755433
TRRAP,2534.0,2472.3681,0.29177082291770823,1.0249282863664193
UNC119B,17.0,45.9822,0.291970802919708,0.36970827842078025
HUS1,103.0,111.3408,0.29257074292570745,0.9250876587917457
LTBP1,13.0,21.4246,0.2933706629337066,0.6067791230641412
UBE2D1,1914.0,1901.3764,0.29357064293570645,1.0066391904306795
LYPLA2,16.0,28.0556,0.29457054294570545,0.5702961262635624
B4GALT7,10.0,32.8385,0.29487051294870514,0.3045206084321756
NTS,5.0,16.7622,0.29527047295270475,0.29829020057033084
MAD2L1,627.0,645.4516,0.2956704329567043,0.971412883630624
AGPAT1,335.0,329.2744,0.2956704329567043,1.0173885367341038
GABRB3,120.0,130.8662,0.2956704329567043,0.9169671007487037
HSPH1,44.0,60.2987,0.29587041295870414,0.729700640312312
GRB10,37.0,51.0452,0.29587041295870414,0.7248477819657871
P2RX7,79.0,90.297,0.295970402959704,0.8748906386701663
B3GALT4,20.0,31.3649,0.295970402959704,0.637655468373883
GIGYF2,7.0,16.6165,0.29617038296170384,0.4212680167303584
MAP4K1,52.0,66.9087,0.29627037296270375,0.7771784536241176
PROS1,31.0,46.3423,0.2966703329667033,0.6689352923786691
THRAP3,154.0,181.7042,0.29817018298170184,0.8475313173828674
XIRP2,151.0,172.7341,0.29827017298270175,0.8741759733602108
PDE3A,131.0,151.4148,0.29827017298270175,0.8651730213955307
IGF2R,25.0,40.6798,0.29917008299170084,0.6145556271171442
XRCC3,123.0,139.7283,0.29947005299470053,0.8802798001550152
FCGR1A,36.0,54.8472,0.30026997300269975,0.6563689668752462
GTPBP3,237.0,238.9866,0.30046995300469953,0.9916874000466971
SSU72,45.0,58.2952,0.300969903009699,0.7719331951858815
ZC3H13,747.0,764.8269,0.30126987301269875,0.9766915886457446
IL7,3.0,9.6754,0.30146985301469853,0.3100647001674349
TBC1D7,185.0,214.2906,0.3026697330266973,0.8633136497821182
MTMR9,17.0,29.3972,0.3027697230276972,0.578286367409141
CUL1,2996.0,2899.4325,0.30316968303169683,1.0333056555032754
MYL6,579.0,587.1264,0.30356964303569645,0.9861590281070652
GPR161,25.0,37.1251,0.3037696230376962,0.6733988595316914
RRAGA,270.0,291.8316,0.3043695630436956,0.9251911033623501
CCL20,76.0,90.1242,0.3046695330466953,0.8432807170549087
PNPLA2,71.0,82.6791,0.3050694930506949,0.8587418102035459
C4A,62.0,85.1402,0.3053694630536946,0.7282106455000106
SIRT5,200.0,219.2735,0.30586941305869414,0.9121029216936839
PGM3,8.0,19.4761,0.30746925307469253,0.4107598543856316
ECI2,61.0,81.3333,0.30786921307869214,0.7500003073771752
CCR6,10.0,26.064,0.30826917308269175,0.38367096378146104
ADRB1,210.0,214.9217,0.30896910308969106,0.9771000322443011
GATC,174.0,195.5102,0.3090690930906909,0.889979141753218
NBN,97.0,128.1544,0.30986901309869014,0.7568994899901993
CD8A,165.0,192.9472,0.3106689331066893,0.8551562292689399
GRK5,33.0,43.6257,0.3114688531146885,0.7564348537673894
UROS,16.0,30.213,0.31196880311968805,0.5295733624598683
ACTR2,270.0,286.8216,0.3126687331266873,0.941351697361705
ECHS1,92.0,113.769,0.31316868313168683,0.8086561365574102
AKT2,1913.0,1914.0867,0.31466853314668536,0.9994322618719413
FXN,70.0,84.1992,0.31466853314668536,0.8313618181645431
ENG,2.0,7.6486,0.3153684631536846,0.26148576210025365
CCNB1,885.0,938.8255,0.31586841315868414,0.9426671942762526
RNF146,50.0,60.0441,0.3160683931606839,0.8327212831901886
MTMR2,101.0,115.1988,0.3174682531746825,0.876745243874068
EHMT1,150.0,166.3857,0.31766823317668236,0.9015197820485774
MICALL2,16.0,31.4666,0.3180681931806819,0.5084756535501135
MCL1,133.0,148.638,0.31826817318268175,0.8947913723273995
CCL11,384.0,391.596,0.3190680931906809,0.9806024576349094
RUBCN,14.0,24.1397,0.3190680931906809,0.5799574974005476
MBTPS1,13.0,25.0503,0.31926807319268075,0.5189558608080542
MOGAT2,103.0,116.1273,0.3194680531946805,0.8869576748964283
WDR5,6386.0,6005.6729,0.32096790320967905,1.0633279744556186
WASHC2C,69.0,80.1621,0.32096790320967905,0.860755893371057
UBE2M,93.0,113.3727,0.32116788321167883,0.8203033005300218
POLDIP3,13.0,28.918,0.32216778322167783,0.44954699495124145
TRAPPC11,34.0,46.4963,0.32256774322567744,0.7312409804651123
COPS2,499.0,518.5931,0.32266773322667736,0.962218741437169
ARPIN,59.0,71.5557,0.3231676832316768,0.8245324970617295
F11R,114.0,130.6649,0.32386761323867613,0.8724607756176296
MON1A,21.0,34.0285,0.3241675832416758,0.617129758878587
FGF19,12.0,24.1446,0.32456754324567544,0.49700554161178895
ABCC8,46.0,65.022,0.3247675232476752,0.7074528621082095
CIAPIN1,8.0,22.9878,0.3247675232476752,0.3480106839279966
DDIT4,15.0,32.8657,0.32536746325367466,0.4564028759466557
ERLEC1,52.0,73.1457,0.32566743325667435,0.7109098689328286
BOLA1,16.0,29.5646,0.3257674232576742,0.5411877718622948
YES1,129.0,144.5701,0.32586741325867413,0.8923006901150377
PPP1R15B,26.0,41.5491,0.3260673932606739,0.6257656603873489
FLOT1,19.0,32.5928,0.3261673832616738,0.5829508357674088
EFNA1,5.0,16.4683,0.32636736326367366,0.3036136091764177
IFT20,15.0,26.4616,0.3277672232776722,0.5668591468391934
ADGRL3,269.0,295.2695,0.32966703329667035,0.9110321248892961
USP12,64.0,81.4393,0.3301669833016698,0.7858613715982332
TCF4,159.0,195.7102,0.33056694330566944,0.8124257192522414
PTPRF,72.0,88.1489,0.33066693330666935,0.8167997558676285
PAX8,45.0,65.6889,0.33066693330666935,0.6850472454250262
BAG1,45.0,59.78,0.33066693330666935,0.7527601204416192
CD22,2.0,6.4011,0.33086691330866913,0.312446298292481
HUWE1,62.0,86.3494,0.3320667933206679,0.7180130956323958
MAP3K8,105.0,135.8972,0.33256674332566744,0.7726428506253257
GMPR,1158.0,1196.0179,0.3327667233276672,0.9682129339368583
PPP3R1,398.0,436.176,0.33286671332866713,0.9124756978834232
AKIRIN2,222.0,235.4617,0.33396660333966605,0.942828493975878
PLCG2,2876.0,2913.6889,0.33426657334266574,0.9870648853417398
NUF2,128.0,149.0212,0.3344665533446655,0.8589381913445873
PPARA,99.0,128.1324,0.33636636336366366,0.7726383022561039
ACVRL1,49.0,64.3285,0.33636636336366366,0.7617152584002425
SRPK2,231.0,257.4124,0.33666633336666335,0.8973926663983554
AOC1,215.0,223.3857,0.3370662933706629,0.9624608916327231
SNX17,3.0,9.9655,0.33726627337266274,0.3010385831117355
HTR3A,392.0,403.3822,0.3377662233776622,0.9717830880985824
NOTCH3,284.0,298.5836,0.33796620337966204,0.9511573977941187
ATRX,144.0,160.0173,0.33806619338066196,0.8999026980207765
ATF6B,84.0,109.9664,0.3381661833816618,0.7638696911056468
MASP2,48.0,60.0067,0.3391660833916608,0.7999106766411084
CAPZB,532.0,567.2026,0.33966603339666035,0.9379364622094469
NPPC,2.0,8.8787,0.34056594340565943,0.22525820221428813
GPX7,263.0,278.5348,0.34106589341065896,0.9442267178104854
LSM12,21.0,38.5687,0.34106589341065896,0.5444829615724668
PHOSPHO1,14.0,32.1432,0.3411658834116588,0.43555090967918564
CCNE1,299.0,334.562,0.34126587341265874,0.8937058004196531
JAG1,26.0,44.6594,0.34126587341265874,0.5821842657984657
GLI2,210.0,241.9822,0.34156584341565843,0.8678324273438294
RBM3,2.0,8.7188,0.34196580341965804,0.229389365509015
PPP2R3C,34.0,54.2583,0.3428657134286571,0.6266322387542551
CHM,23.0,35.9002,0.3431656834316568,0.6406649545127883
ACADS,474.0,517.7798,0.34326567343265674,0.9154470684256125
PEX14,15.0,30.5733,0.34336566343365665,0.4906241720717096
IKBIP,5.0,15.1845,0.34356564343565643,0.32928315058118474
B3GNT5,11.0,25.0509,0.3438656134386561,0.43910598022426345
TRPC6,6.0,17.2704,0.34436556344365565,0.3474152306837132
IL9R,4.0,15.2436,0.34496550344965504,0.2624052061192894
SPCS2,30.0,48.9268,0.3451654834516548,0.6131608852408087
EID1,1.0,5.0218,0.3457654234576542,0.19913178541558804
ANK2,58.0,72.9405,0.3464653534646535,0.7951686648706823
GNAI2,2355.0,2449.1691,0.3477652234776522,0.9615505928112518
NEFL,84.0,109.2735,0.3484651534846515,0.7687133660036514
CDA,549.0,569.7094,0.34866513348665135,0.9636491867608293
RNF11,10.0,25.0591,0.34896510348965104,0.3990566301263812
KLHL3,595.0,645.0657,0.3491650834916508,0.922386665420282
VCAM1,79.0,114.2738,0.35106489351064896,0.6913220703258315
INPP5A,161.0,192.9006,0.3511648835116488,0.8346267455881423
GNPTG,2.0,9.5716,0.35126487351264873,0.2089514814660036
CPSF3,589.0,610.103,0.35256474352564743,0.9654107585112679
F2RL3,23.0,49.7891,0.35256474352564743,0.46194849876780264
MOGS,55.0,76.6279,0.3534646535346465,0.7177542383387774
LRPAP1,28.0,46.0326,0.35376462353764626,0.6082645777123169
KCTD5,5.0,18.7989,0.3538646135386461,0.2659730090590407
RBM39,78.0,99.8891,0.35396460353964604,0.7808659803722328
EPHB2,22.0,39.16,0.35476452354764526,0.5617977528089888
RAB43,3.0,12.7013,0.35476452354764526,0.23619629486745453
GPC4,60.0,85.4721,0.35566443355664434,0.7019834542499833
SMARCA4,2102.0,2206.2344,0.3558644135586441,0.9527546121119316
ITGB3,1187.0,1280.1112,0.3558644135586441,0.9272631940100203
TNFAIP3,212.0,236.0437,0.35596440355964404,0.898138776845135
RNF20,41.0,61.4374,0.35636436356364365,0.6673459488845557
AP2M1,561.0,625.2831,0.35736426357364265,0.8971936071836901
RIN3,2.0,8.9488,0.3591640835916408,0.22349365278026104
CAPN2,59.0,88.4704,0.3601639836016398,0.6668897167866314
CITED2,19.0,39.381,0.3605639436056394,0.482466163886138
CHD3,219.0,253.6288,0.3608639136086391,0.8634666094702178
BRAF,563.0,633.1955,0.36106389361063895,0.8891408735532706
PEX13,8.0,18.8589,0.36246375362463756,0.42420289624527413
THOC2,153.0,192.003,0.3631636836316368,0.7968625490226716
MMUT,135.0,160.9107,0.36476352364763526,0.8389746611008466
GNA14,2.0,8.7623,0.3648635136486351,0.22825057347956587
EPAS1,249.0,291.3867,0.36546345365463456,0.8545345412127595
TRIM27,5.0,15.2681,0.36566343365663434,0.32748017107564137
MT-CO1,2852.0,3012.4405,0.3671632836716328,0.9467406908119844
S1PR3,51.0,86.1242,0.36726327367263273,0.5921680549717733
DGKA,5.0,15.3773,0.3675632436756324,0.32515461101753884
ERCC6,1521.0,1667.4301,0.36776322367763226,0.9121821658371166
EPO,44.0,72.1893,0.36776322367763226,0.6095086113870061
ZNF217,19.0,39.3233,0.36776322367763226,0.4831740977995234
RIPK2,436.0,494.3276,0.36846315368463156,0.8820061837534461
UBXN1,282.0,311.1034,0.3688631136886311,0.9064510384650247
NHP2,221.0,278.1652,0.36966303369663034,0.794491906248517
INTS3,566.0,603.5748,0.37066293370662934,0.9377462412280964
SYNPO,4.0,14.0711,0.37076292370762925,0.28427059718145703
ATG3,168.0,195.6025,0.37196280371962803,0.8588847279559311
VPS11,206.0,233.8434,0.37206279372062795,0.8809314267582493
MEFV,49.0,65.0132,0.37236276372362764,0.7536930961712391
ZW10,30.0,55.6459,0.37246275372462756,0.5391232777257624
WFS1,5.0,17.4206,0.37306269373062695,0.2870165206709298
SPHK2,355.0,415.7527,0.37336266373362664,0.8538729874754872
ACOT8,17.0,35.437,0.37346265373462656,0.47972458165194576
BRD2,46.0,79.7793,0.37406259374062595,0.5765906695095093
CGN,49.0,72.8161,0.37446255374462556,0.6729281024388837
DERL2,121.0,163.6484,0.37506249375062495,0.7393900581979413
EDN1,34.0,57.9863,0.3752624737526247,0.5863453953778738
HSPA1A,32.0,53.2351,0.37576242375762425,0.601107164258168
YY1,427.0,496.0863,0.3762623737626237,0.8607373354192608
CLIC5,71.0,120.5123,0.3775622437756224,0.5891514808032043
CNOT7,273.0,327.6667,0.37906209379062095,0.8331636995764293
NCBP1,2280.0,2451.131,0.3792620737926207,0.9301828421247171
ING4,460.0,510.4485,0.38006199380061995,0.9011682863207552
TRIP4,338.0,358.3872,0.38016198380161986,0.9431140397871353
PDCD4,9.0,25.6694,0.38036196380361964,0.3506120127466945
AGL,113.0,149.883,0.38096190380961903,0.7539213920191082
RACK1,6352.0,6204.2403,0.38136186381361864,1.023815921507747
BLOC1S1,126.0,163.9614,0.38216178382161786,0.7684735553612009
MTHFR,78.0,112.1286,0.38246175382461756,0.6956298393095071
STMN1,4.0,14.0126,0.38376162383761625,0.28545737407761584
CYP2A6,1597.0,1736.5932,0.3845615438456154,0.9196166379092121
EFNA5,15.0,34.9597,0.38516148385161486,0.4290654668089257
TCL1B,21.0,41.58,0.3855614438556144,0.5050505050505051
SHLD3,6.0,14.5139,0.38616138386161386,0.413396812710574
MTM1,327.0,378.065,0.386961303869613,0.8649306336212027
HBA1,442.0,539.7474,0.38746125387461255,0.8189015824809902
LHFPL5,5.0,28.4645,0.3885611438856114,0.17565739781130882
TUBB,2051.0,2224.3725,0.38986101389861016,0.922057793827248
ADCY7,24.0,50.6488,0.39066093390660933,0.47385130546034654
PPCDC,17.0,35.2337,0.39076092390760925,0.4824926136057241
H1-0,103.0,137.0434,0.3915608439156084,0.75158672362186
RBBP5,1806.0,2038.97,0.39216078392160786,0.8857413301814151
HSPA1L,79.0,106.7784,0.39216078392160786,0.7398500071175443
SEMA4A,13.0,30.4135,0.3932606739326067,0.4274417610600556
PRPF19,2404.0,2646.9337,0.39476052394760525,0.9082207083615279
SNAP29,428.0,490.0403,0.394960503949605,0.8733975552622917
DCAF12,293.0,342.9799,0.39516048395160486,0.8542774664054658
RXRA,476.0,547.9734,0.39566043395660433,0.8686553033413666
COL6A6,1.0,6.2441,0.39616038396160386,0.16015118271648435
CTSL,70.0,105.8109,0.3962603739626037,0.6615575521992535
JUP,174.0,214.19,0.39806019398060194,0.8123628554087492
CACNA1G,102.0,133.5525,0.39986001399860016,0.7637445948222609
MAN1A1,2.0,9.4827,0.40005999400059994,0.21091039471880374
DCAF7,286.0,334.0796,0.40035996400359963,0.8560834004829986
MAPRE2,22.0,44.2474,0.4006599340065993,0.4972043555101543
PILRB,4.0,12.4142,0.40135986401359863,0.3222116608400058
NLK,43.0,72.6457,0.401959804019598,0.5919139054341825
DIABLO,31.0,57.6502,0.40245975402459755,0.5377258014716341
MAP2K5,5.0,18.0144,0.40275972402759724,0.27755573319122484
TIAM1,311.0,375.1943,0.40305969403059694,0.8289038506181997
SMC3,144.0,192.3345,0.40355964403559647,0.7486956318289231
RNF2,2219.0,2474.97,0.403959604039596,0.8965765241598889
PORCN,112.0,149.8969,0.40405959404059594,0.7471802285437524
BAZ2A,15.0,35.3205,0.40415958404159585,0.4246825497940289
CCT4,571.0,682.0217,0.40545945405459455,0.837216763044343
ARPC1B,163.0,213.3641,0.40715928407159285,0.763952323750809
PFDN2,171.0,215.5887,0.40775922407759224,0.7931770078858493
G3BP1,34.0,63.5333,0.407959204079592,0.5351524318743085
BAIAP2L1,7.0,19.4798,0.40805919408059194,0.3593466052012854
CHAMP1,27.0,47.6893,0.40985901409859016,0.566164737163263
PDZD7,9.0,24.021,0.4106589341065893,0.37467216185837393
CDK2,1668.0,1918.853,0.41105889411058893,0.8692692978565841
PRKAB2,381.0,479.385,0.41105889411058893,0.794768296880378
SUMO3,19.0,44.1587,0.41105889411058893,0.4302662895420381
TTLL12,3.0,15.8531,0.41185881411858816,0.18923743621121422
IPO13,5.0,20.3629,0.41235876412358763,0.24554459335359896
DSP,1.0,6.2496,0.41355864413558646,0.16001024065540195
GIT1,27.0,53.9216,0.41375862413758624,0.5007269813952109
RCOR1,572.0,678.4015,0.413958604139586,0.8431585130634291
BCL10,193.0,248.5155,0.413958604139586,0.7766115192010157
CENPC,142.0,191.8214,0.41405859414058593,0.7402719404612832
VGF,1.0,6.4652,0.4146585341465853,0.15467425601682855
ZFYVE9,12.0,29.1725,0.41505849415058493,0.41134630216813783
RAB11FIP3,11.0,30.5787,0.415958404159584,0.3597275227527658
PRKAR2B,138.0,171.67,0.41645835416458354,0.8038678860604649
TNFRSF1A,556.0,669.5322,0.41745825417458254,0.8304305603225656
UBE2J1,14.0,39.8651,0.42125787421257876,0.3511843692854151
DDB1,2283.0,2571.599,0.4223577642235776,0.8877744936127289
CLK3,54.0,81.9684,0.42255774422557746,0.6587904607141288
PKN2,20.0,44.1335,0.42305769423057693,0.4531704940691312
CRHR1,78.0,120.5938,0.42355764423557646,0.6467994208657493
GOLGB1,5.0,17.9566,0.42395760423957607,0.278449149616297
SUCLA2,319.0,377.2857,0.42475752424757524,0.8455130952485079
BDKRB2,130.0,172.9269,0.42605739426057393,0.7517627390533226
TCL1A,19.0,42.9971,0.4273572642735726,0.44189026701800815
TUBGCP4,204.0,259.2648,0.4276572342765723,0.7868403269552983
ITGA5,427.0,531.105,0.4283571642835716,0.8039841462610972
PARD6A,106.0,156.4283,0.4303569643035696,0.6776267465669574
TOMM22,39.0,62.1368,0.4303569643035696,0.6276473844806942
DUSP9,30.0,49.0274,0.43045695430456954,0.6119027319417305
CCL3,9.0,26.0795,0.4313568643135686,0.3450986406947986
YWHAH,302.0,378.1967,0.4316568343165683,0.7985262695311725
EPHA1,6.0,23.5946,0.43215678432156784,0.2542954743882075
IL3,3.0,14.2736,0.4363563643635636,0.21017823114000672
ARID4A,76.0,129.7252,0.43645635436456354,0.585853789394813
LILRB2,9.0,26.5305,0.43765623437656237,0.33923220444394186
REP15,2.0,12.8477,0.4400559944005599,0.15566988643881785
CRTAM,1.0,6.1489,0.4410558944105589,0.16263071443672852
CSPP1,9.0,24.7761,0.44115588441155884,0.36325329652366595
PTPN1,124.0,178.258,0.44155584441555845,0.6956209538982823
PAK5,172.0,221.7229,0.44165583441655837,0.7757430558593632
CDK5RAP2,14.0,32.7604,0.4423557644235576,0.427345209460202
DOCK4,2612.0,3015.2432,0.44275572442755723,0.8662651158619643
MOS,15.0,36.13,0.44285571442855715,0.41516745087185164
RAD23A,175.0,236.5699,0.44365563443655637,0.7397390792319734
SLC7A9,1.0,12.3137,0.44375562443755623,0.08121035919341871
KIF7,22.0,43.8965,0.44485551444855514,0.5011789094802547
CDH5,16.0,40.7043,0.44545545445455453,0.3930788639038136
STARD3,8.0,28.9825,0.44565543445655437,0.2760286379711895
MAML1,60.0,112.9098,0.44595540445955406,0.5313976289037798
BARD1,1258.0,1534.7949,0.44715528447155284,0.8196534924633904
NBR1,102.0,143.6873,0.44815518448155184,0.7098748462807778
CNOT6L,60.0,103.9374,0.44825517448255175,0.5772705493883818
UBE2D2,1296.0,1431.3702,0.44885511448855114,0.9054261434253695
KIF2A,148.0,201.4709,0.44895510448955106,0.7345974033967189
CHAC1,274.0,343.3562,0.44925507449255075,0.798005103737751
HSP90AB1,1101.0,1348.1111,0.44935506449355067,0.8166982676724492
CGAS,39.0,73.2443,0.4497550244975502,0.5324646422998104
GAB2,151.0,233.1552,0.44985501449855014,0.6476372819478184
FOXH1,51.0,95.904,0.44985501449855014,0.5317817817817818
AK3,1368.0,1574.4833,0.4517548245175482,0.8688564686586386
DAAM1,13.0,36.1598,0.45295470452954706,0.35951526280565715
ZRSR2,368.0,433.7955,0.45415458454154584,0.8483259969271235
RHOT2,4.0,18.9883,0.45425457454254575,0.21065603555873882
NPLOC4,234.0,289.1526,0.45445455454454553,0.8092612689631703
TERF2,167.0,222.4647,0.45535446455354467,0.7506808945419206
COL7A1,1.0,10.5043,0.45535446455354467,0.09519910893634036
CYP8B1,7.0,22.6188,0.45625437456254375,0.3094770721700532
CFLAR,103.0,159.0977,0.45715428457154283,0.6474009366571609
RBSN,35.0,60.4229,0.45715428457154283,0.5792505821468351
PIGA,36.0,62.1875,0.4577542245775422,0.578894472361809
PANK2,23.0,49.5471,0.45825417458254175,0.4642047667774703
ADIPOR1,4.0,15.8721,0.45825417458254175,0.2520145412390295
XRCC4,483.0,578.1526,0.4587541245875412,0.8354195760773193
ZBTB17,2.0,12.3501,0.45895410458954106,0.16194200856673227
MAP3K11,21.0,52.4166,0.45915408459154083,0.40063643960119505
XPOT,1.0,9.0894,0.45915408459154083,0.11001826303166326
CAPZA2,104.0,155.0302,0.45965403459654036,0.6708370369128079
EML4,111.0,158.8585,0.46145385461453853,0.6987350377851989
CTNND1,250.0,325.794,0.46265373462653736,0.7673560593503871
PPP1R7,21.0,50.2142,0.46415358464153583,0.41820839523481407
SYNE1,20.0,45.7401,0.46415358464153583,0.4372530886465049
SRGAP2,8.0,25.6149,0.46415358464153583,0.312318221035413
YWHAG,378.0,501.3869,0.46525347465253475,0.7539088077490657
IPMK,167.0,230.7266,0.4654534546545345,0.7238003767229266
TANK,131.0,178.4076,0.46555344465553444,0.7342736520193086
ATG13,30.0,68.8884,0.46625337466253375,0.43548696152037203
GABRA2,25.0,51.5166,0.4664533546645335,0.48528047270200286
TLR7,7.0,26.3156,0.4667533246675332,0.2660019152137895
PRDM1,9.0,28.0506,0.46805319468053197,0.3208487518983551
BMP8A,51.0,90.7533,0.46855314468553144,0.5619630360548873
FXR2,21.0,53.6206,0.46885311468853114,0.3916405262156708
IL12RB1,51.0,93.4134,0.46935306469353066,0.5459602155579393
HLA-DMA,164.0,236.0915,0.47025297470252975,0.6946459317679798
TDP2,12.0,33.9005,0.47025297470252975,0.353977079984071
SCT,15.0,34.915,0.47115288471152883,0.42961477874838894
OTUD5,10.0,31.1724,0.47165283471652836,0.3207966021223903
WDR41,77.0,127.9124,0.47185281471852814,0.6019744762822056
DEPTOR,106.0,154.763,0.47195280471952805,0.6849182298094506
GLS,776.0,906.6053,0.47235276472352766,0.8559402862524629
GRM8,1.0,10.2398,0.47295270472952705,0.09765815738588644
H6PD,909.0,1053.1953,0.47335266473352666,0.8630877862823731
KLK5,4.0,21.253,0.47495250474952505,0.18820872347433304
DYNC1LI1,308.0,376.9304,0.47555244475552444,0.8171269815329302
JAM3,145.0,213.4372,0.47655234476552344,0.6793567381880947
RAP2C,1.0,7.7859,0.47665233476652336,0.12843730333037928
JADE1,14.0,36.5949,0.4771522847715228,0.38256696971435905
GGT1,470.0,563.0813,0.47755224477552244,0.8346929652964855
LIPT2,8.0,25.1925,0.47765223477652236,0.3175548278257418
POU2F1,9.0,29.812,0.47905209479052097,0.30189185562860593
NCS1,1.0,9.7058,0.48185181481851813,0.10303117723423108
ATAD2,4.0,13.7952,0.48375162483751627,0.2899559266991417
NUP43,407.0,513.4331,0.48385161483851613,0.7927030804987057
CHML,8.0,21.7909,0.48395160483951605,0.36712572679421224
RDH10,102.0,159.4074,0.4844515548445156,0.6398699182095687
ACSL1,10.0,31.0463,0.48465153484651535,0.3220995738622638
INPPL1,148.0,221.824,0.48555144485551444,0.6671956145412579
TDG,3.0,12.0207,0.4864513548645136,0.2495694926252215
GAA,89.0,137.0066,0.48735126487351266,0.6496037417175523
KYNU,46.0,92.9024,0.48755124487551244,0.49514329016257924
NTF3,12.0,34.3382,0.48805119488051196,0.3494650272873942
SAP30,97.0,183.8294,0.48825117488251174,0.527663148549688
STIP1,329.0,444.5382,0.48865113488651135,0.7400938771966054
PSTPIP2,1.0,7.9993,0.49025097490250974,0.125010938457115
SEC23A,104.0,163.2063,0.49185081491850813,0.6372303029968819
VIPR2,66.0,108.0633,0.49325067493250674,0.6107531419084925
MYO3A,161.0,228.3147,0.4938506149385061,0.7051670347988982
NES,1.0,8.0516,0.49405059494050596,0.12419891698544387
GLI3,130.0,224.3157,0.49455054494550543,0.5795403531718912
EXOSC1,329.0,441.6032,0.49555044495550443,0.74501271729915
DDRGK1,4.0,17.0203,0.49565043495650435,0.2350134838986387
EOMES,15.0,38.3651,0.49745025497450257,0.39098034411483357
NME3,809.0,983.151,0.49775022497750226,0.8228644430001089
ASCC1,69.0,139.8658,0.49775022497750226,0.4933300349334862
FBXW11,474.0,638.7427,0.49835016498350165,0.7420828449389715
TSSC4,42.0,88.2049,0.49845015498450157,0.47616402263366325
TICAM1,175.0,244.2961,0.49875012498750126,0.7163438139208935
PPP5C,251.0,353.7476,0.4991500849915009,0.7095454499196603
LSM11,366.0,462.7458,0.5003499650034996,0.790931003587715
HLA-DQA1,9.0,26.9179,0.5005499450054994,0.3343500050152501
NTRK2,177.0,272.5414,0.5013498650134987,0.6494426167914306
CXCR2,75.0,129.7292,0.5017498250174982,0.5781273606867229
USP28,23.0,57.3236,0.5018498150184981,0.40123090664229044
TBL1XR1,55.0,95.1177,0.5029497050294971,0.5782309706815871
MED1,14463.0,15320.5661,0.5033496650334967,0.9440251688871992
UBE2L3,346.0,441.4036,0.5051494850514948,0.7838631130330609
CD47,20.0,52.5015,0.506049395060494,0.3809414969096121
ARHGEF6,159.0,236.7641,0.5076492350764924,0.6715545135432271
SSH1,31.0,68.6683,0.5087491250874913,0.45144557241114164
SNRNP27,3.0,17.3285,0.5097490250974902,0.17312519837262316
SLC25A31,244.0,353.7778,0.5101489851014899,0.6896984491395446
PGK1,20.0,50.5586,0.5106489351064893,0.3955805738291804
IL17F,6.0,23.5815,0.5110488951104889,0.2544367406653521
FGF22,1.0,7.2352,0.5113488651134886,0.13821318000884564
NUDT5,64.0,100.7861,0.5121487851214879,0.6350082005355897
PDHA2,491.0,617.6677,0.514048595140486,0.7949258152887062
DHCR24,230.0,304.9769,0.514048595140486,0.7541554786608429
SCD5,46.0,90.5429,0.514048595140486,0.5080464619533944
AMH,12.0,37.6756,0.5157484251574842,0.3185085307201478
RBCK1,173.0,272.379,0.5168483151684832,0.635144412748413
UNG,3.0,16.1753,0.5174482551744826,0.18546796659103695
RHNO1,30.0,61.977,0.5176482351764824,0.48405053487584104
ME1,198.0,269.3594,0.5177482251774822,0.7350773724622196
NUP85,246.0,343.4612,0.519048095190481,0.7162381078270267
PI4KA,166.0,242.0751,0.51994800519948,0.685737607874581
MARS2,2.0,16.8797,0.5201479852014799,0.1184855181075493
ESR2,283.0,417.0056,0.5206479352064793,0.6786479606029271
DEPDC5,157.0,256.3228,0.5207479252074793,0.6125089145405715
FBXW8,8.0,33.9165,0.5207479252074793,0.23587339495525778
ESRRG,13.0,39.6416,0.5261473852614739,0.3279383274136261
TIMELESS,358.0,450.9742,0.5262473752624738,0.7938369866834954
PCLO,14.0,34.7682,0.5264473552644735,0.40266680472385685
TRPV5,19.0,44.8932,0.527047295270473,0.42322668020992044
C9,165.0,265.337,0.5274472552744726,0.6218507030681737
PNPT1,225.0,313.2581,0.5276472352764724,0.718257564608864
GPS1,408.0,527.1435,0.527947205279472,0.7739827959559399
SMARCA2,396.0,585.8721,0.527947205279472,0.6759154429780834
TUBA4A,91.0,155.5405,0.5284471552844715,0.5850566251233601
SETD1A,41.0,89.6974,0.5285471452854714,0.4570924017864509
FES,5.0,26.3674,0.5288471152884712,0.18962810136759786
MMP13,28.0,59.74,0.5291470852914708,0.4686976899899565
BIRC3,411.0,545.0049,0.5293470652934706,0.754121660190578
NOTCH2,214.0,303.6179,0.5293470652934706,0.7048332789338178
NKD1,83.0,153.3937,0.5295470452954705,0.5410913225249798
GIT2,21.0,51.8069,0.5304469553044695,0.40535141071942155
SENP1,5.0,19.8547,0.5306469353064693,0.2518295416198683
CANT1,448.0,586.7582,0.5308469153084692,0.7635172375946344
ATG5,100.0,163.7878,0.5325467453254674,0.6105460846290138
MARCKS,26.0,64.1438,0.5332466753324667,0.4053392533650953
UBE2D3,489.0,625.1046,0.5334466553344666,0.7822690794468637
NPR3,3.0,16.6436,0.5338466153384661,0.18024946525991975
RIN1,15.0,40.8422,0.5341465853414659,0.3672671893286846
PRPF38A,1600.0,2088.6636,0.535946405359464,0.766040065044462
HNRNPR,3.0,16.3313,0.5364463553644635,0.18369633770734725
SPTBN4,25.0,56.3537,0.5366463353664633,0.44362659417216616
ADCY2,15.0,51.305,0.5367463253674633,0.2923691647987526
KCNMA1,71.0,126.1897,0.537046295370463,0.5626449702313263
URI1,123.0,195.0094,0.5373462653734626,0.6307388259232631
EPHB3,8.0,29.2805,0.5377462253774623,0.2732193780843906
TPH1,90.0,155.7145,0.538046195380462,0.5779808559896478
PFDN5,83.0,150.3392,0.5403459654034597,0.5520848853791959
CER1,48.0,87.8262,0.5409459054094591,0.546533950005807
MYL9,482.0,698.1271,0.5413458654134586,0.6904186931004397
PIK3CB,2766.0,3475.2085,0.541945805419458,0.7959234676135258
SMAD3,1431.0,1791.2585,0.5422457754224578,0.7988796703546697
WWC1,13.0,41.8708,0.543045695430457,0.31047890176447546
JMJD7-PLA2G4B,4.0,16.0207,0.5448455154484552,0.24967698040659894
PLCD4,119.0,187.7132,0.5449455054494551,0.6339458279971787
EPHA2,21.0,55.2596,0.545045495450455,0.3800244663370709
TPMT,15.0,38.8495,0.5451454854514548,0.38610535528127776
MAX,460.0,649.6265,0.5461453854614539,0.7080991923820842
HCN1,4.0,18.7374,0.5461453854614539,0.21347678973603593
SQLE,57.0,107.8079,0.5473452654734526,0.5287182108175745
FGFR3,282.0,387.3153,0.5487451254874512,0.7280889755710658
BUB1,555.0,714.2281,0.5492450754924507,0.7770626778755974
DNMT3B,110.0,206.6004,0.5498450154984501,0.5324287852298446
CARD9,150.0,246.2166,0.5502449755024498,0.6092196870560311
VPS16,231.0,330.0066,0.5504449555044496,0.6999860002799945
CLP1,547.0,705.8793,0.5506449355064493,0.7749200181957454
CHD8,213.0,364.5477,0.5523447655234477,0.584285677841336
SIX1,1.0,95.5398,0.5534446555344466,0.01046684209094011
ACOX2,4.0,17.2182,0.5536446355364464,0.2323123206839275
S1PR1,9.0,32.3933,0.5540445955404459,0.2778352313595712
SARS1,139.0,225.1666,0.5541445855414459,0.6173206861053105
EFTUD2,5040.0,6176.2397,0.5544445555444456,0.8160305047746123
CARD10,7.0,27.5184,0.5552444755524447,0.2543752543752544
ACSL4,8.0,27.9909,0.5553444655534446,0.2858071730455255
EPB41L4B,3.0,16.0022,0.5584441555844416,0.18747422229443453
NDC80,244.0,350.8802,0.55994400559944,0.6953940404730732
PCYT1B,35.0,79.5497,0.5606439356064393,0.4399765178247058
SETD7,11.0,34.9025,0.5615438456154385,0.31516367022419595
FOXP2,3.0,14.8279,0.5615438456154385,0.20232129971202936
UBE2W,1.0,11.7144,0.5615438456154385,0.08536502082906508
PLXND1,3.0,16.5721,0.5621437856214379,0.18102714803796743
FPGS,101.0,162.1895,0.5626437356264373,0.6227283517120406
DLST,179.0,307.4768,0.563043695630437,0.5821577432833956
TYMP,178.0,285.4411,0.5642435756424358,0.6235962515559252
PEBP1,419.0,563.463,0.5646435356464353,0.743615818607433
TUBB4B,571.0,805.9752,0.5651434856514349,0.7084585232895504
PRKAA2,344.0,555.0562,0.5668433156684332,0.6197570624380018
SLF2,2.0,15.7615,0.5669433056694331,0.12689147606509532
INPP5K,18.0,53.4411,0.5678432156784322,0.33681941427103856
HDC,3.0,18.0353,0.5680431956804319,0.1663404545530155
POLR2A,7906.0,9159.6023,0.5681431856814319,0.8631379115663133
PIK3C2A,324.0,446.5207,0.5683431656834317,0.7256102572624293
BLOC1S5,55.0,115.921,0.5684431556844316,0.4744610553739184
BBC3,45.0,94.7781,0.5693430656934306,0.4747932275494023
CCND3,173.0,303.6595,0.5695430456954305,0.569717067965929
NKX2-5,3.0,17.4708,0.5698430156984302,0.1717150903221375
THOC1,56.0,107.1466,0.5700429957004299,0.5226484088155854
TUBB2B,401.0,592.7534,0.5717428257174283,0.6765039222044107
FNIP1,23.0,59.8405,0.5732426757324267,0.384355077247015
NEUROG3,3.0,17.66,0.5735426457354265,0.16987542468856173
GIP,69.0,142.001,0.5747425257474252,0.4859120710417532
MBTPS2,17.0,46.3378,0.5747425257474252,0.36687110738964734
STAT2,98.0,174.4312,0.575942405759424,0.5618260953315691
NFYB,7.0,37.8975,0.5763423657634237,0.18470875387558547
ODF2,33.0,69.8959,0.5765423457654234,0.4721306972225839
PELI1,11.0,38.9616,0.5769423057694231,0.28232926779187717
MR1,4.0,15.5324,0.5769423057694231,0.25752620329118486
CUL3,883.0,1249.5174,0.5771422857714229,0.706672832247074
ACSL6,7.0,30.8799,0.5786421357864213,0.22668467190632094
IL13RA1,6.0,27.6173,0.5792420757924207,0.21725512631575136
PI4K2A,135.0,224.7225,0.57994200579942,0.6007409137936789
UBL7,22.0,59.5077,0.5813418658134186,0.3697000556230538
HEPH,19.0,47.8397,0.5817418258174183,0.3971596811852917
WTAP,28.0,68.2283,0.581941805819418,0.4103868922426617
PF4,376.0,507.1998,0.5820417958204179,0.7413252134563145
CIAO2B,13.0,48.484,0.5821417858214178,0.2681296922696147
SARNP,68.0,124.9235,0.5824417558244176,0.5443331318767085
BUB3,123.0,196.1135,0.5834416558344165,0.6271878274570594
NSF,94.0,161.4004,0.5845415458454155,0.5824025219268354
DFFA,2.0,14.8391,0.5846415358464153,0.13477906342028828
UBA7,33.0,76.2096,0.585041495850415,0.4330163129054608
OSMR,10.0,34.4879,0.5852414758524147,0.28995676744597376
UBE2E2,18.0,51.061,0.5854414558544145,0.35251953545758996
PFN1,47.0,100.0274,0.5855414458554145,0.46987125527605433
EPHB4,7.0,34.696,0.5857414258574143,0.20175236338482824
LY96,13.0,42.8386,0.585941405859414,0.3034646323642696
ACD,107.0,170.9064,0.5872412758724127,0.626073687117627
TNNC1,60.0,113.72,0.5872412758724127,0.5276116778051354
SDHB,506.0,724.6454,0.5873412658734126,0.6982725620006696
SKP2,691.0,881.0247,0.5884411558844116,0.7843139925588919
DGKQ,2.0,17.0458,0.5886411358864113,0.11733095542597004
PHF19,32.0,75.5557,0.5888411158884111,0.4235286020776725
BMP4,48.0,110.958,0.5901409859014098,0.4325961174498459
DGKZ,3.0,19.131,0.5902409759024098,0.15681354869060687
NUMBL,12.0,39.8929,0.5913408659134086,0.3008054064758391
RAD50,64.0,122.4735,0.5915408459154085,0.5225620236214364
ACAT1,355.0,541.3755,0.5916408359164084,0.6557370992961448
GPD1,276.0,409.0743,0.5923407659234077,0.674694059245472
NANOGP8,4.0,21.4462,0.5923407659234077,0.18651322845072785
FBXL3,6.0,25.8833,0.5932406759324068,0.23180969969053405
CHMP1B,410.0,583.7073,0.5935406459354065,0.7024068398664879
B4GAT1,2.0,16.0038,0.5941405859414058,0.1249703195491071
SYTL1,2.0,13.5342,0.5943405659434057,0.14777378788550485
GRIA2,491.0,696.6551,0.5949405059494051,0.7047963906386389
BCCIP,59.0,114.8118,0.5951404859514049,0.5138844613532755
TWIST2,4.0,19.9666,0.5953404659534046,0.2003345587130508
NUS1,35.0,78.7717,0.5968403159684031,0.4443220090463961
B4GALNT1,10.0,43.7915,0.5969403059694031,0.22835481771576677
BRAP,15.0,50.8481,0.5976402359764024,0.2949962732137484
TNRC6A,59.0,128.6775,0.5985401459854015,0.45851061762934464
PPY,10.0,33.4434,0.599040095990401,0.29901266019603273
FBXO4,29.0,76.0401,0.6016398360163984,0.38137772043961016
SIKE1,124.0,217.122,0.6017398260173983,0.5711074879560799
RBM7,151.0,260.6415,0.6031396860313969,0.5793398211719929
PPIE,1981.0,2700.2493,0.6036396360363964,0.7336359646496344
ARHGAP26,2.0,19.1955,0.6052394760523948,0.10419108645255398
YBEY,29.0,82.0947,0.6057394260573943,0.3532505752502902
CENPA,736.0,978.7777,0.6062393760623938,0.7519582842968326
EPHA8,1.0,11.7306,0.6066393360663933,0.08524713143402723
CARD11,24.0,71.4196,0.607039296070393,0.3360422069011868
USP37,2.0,15.9609,0.6080391960803919,0.12530621706795983
GCGR,16.0,51.2349,0.6083391660833917,0.3122871324038887
VPS39,173.0,298.7703,0.6097390260973903,0.5790401522507425
DENND10,21.0,61.3497,0.6101389861013898,0.34229996234700416
PTGS1,262.0,381.3353,0.6115388461153884,0.687059393662218
CSTF2,173.0,287.4951,0.6120387961203879,0.6017493863373672
MEN1,32.0,85.3633,0.6120387961203879,0.3748683567762727
BNIP1,179.0,302.8,0.6122387761223878,0.5911492734478203
CASP9,190.0,305.4725,0.6141385861413858,0.62198724926139
MARK3,51.0,109.43,0.6143385661433857,0.4660513570318925
ITGA3,238.0,406.4137,0.6144385561443856,0.5856101799717873
GPR83,16.0,56.6246,0.6148385161483851,0.282562702429686
BMF,2.0,15.0608,0.6148385161483851,0.13279507064697757
KMT2A,1666.0,2363.5128,0.6152384761523848,0.7048830029606779
MPI,235.0,358.0452,0.6162383761623837,0.656341713280893
ATAD5,16.0,54.743,0.6168383161683831,0.29227481139141076
RPIA,152.0,251.0337,0.616938306169383,0.6054963935121062
LAMTOR2,304.0,461.2985,0.6174382561743825,0.6590092965834486
BPTF,124.0,207.5786,0.6178382161783822,0.5973640828100777
TTI1,28.0,65.9728,0.6179382061793821,0.42441733562922895
AMBRA1,256.0,381.8669,0.6185381461853815,0.6703906518213545
HMGCL,208.0,349.7696,0.6185381461853815,0.5946771817790911
TAL1,66.0,122.2082,0.6187381261873812,0.5400619598357557
HDAC5,36.0,98.4633,0.6225377462253775,0.36561845885725947
DES,5.0,25.6219,0.623037696230377,0.1951455590725122
MATK,2.0,11.3995,0.6236376362363764,0.17544629150401334
GET4,10.0,37.2572,0.6239376062393761,0.26840449631212226
CAMK2D,17.0,53.6706,0.6248375162483751,0.31674697133998875
ELAC2,1.0,13.0524,0.6262373762623737,0.07661426251110906
LDHD,103.0,189.1993,0.6268373162683731,0.5443994771650846
ITGA8,312.0,503.3014,0.6276372362763724,0.6199068788602614
PLA2G4E,16.0,49.2149,0.6278372162783722,0.3251047954989241
PCCB,277.0,452.72,0.6282371762823717,0.6118572185898569
TSC2,133.0,306.6283,0.6287371262873712,0.4337499180604008
EFNB2,14.0,52.9862,0.6297370262973703,0.2642197402342497
ANXA1,13.0,46.7435,0.6298370162983702,0.2781135345021233
ACVR1B,3.0,23.0797,0.6315368463153684,0.12998435854885462
TRAPPC8,54.0,114.4732,0.6318368163183682,0.47172613327835683
AMPD1,293.0,454.9847,0.6322367763223677,0.6439776985907438
TUBB8,1.0,14.0463,0.6324367563243676,0.07119312559179286
RPS6KA6,39.0,112.9757,0.6333366663333667,0.3452069781377765
RBBP4,1567.0,2260.8253,0.6335366463353664,0.6931097241348104
PHF20,598.0,928.7341,0.6337366263373663,0.6438872008683648
CD80,4.0,25.1893,0.6337366263373663,0.1587975846887369
FBXO7,55.0,110.7773,0.6338366163383662,0.4964916097431514
NPRL2,105.0,225.1203,0.6348365163483651,0.4664172888895404
TAPBP,81.0,162.0008,0.6361363863613638,0.49999753087639076
DDX21,30.0,76.2382,0.6362363763623637,0.3935035192331403
ABAT,298.0,500.0107,0.6366363363663634,0.5959872458729384
NPPB,2.0,17.3389,0.638936106389361,0.11534757106852223
NUP50,206.0,334.411,0.6394360563943605,0.6160084446982904
CDC16,797.0,1204.7297,0.6399360063993601,0.6615591862639395
PIK3CG,356.0,640.4913,0.6404359564043596,0.5558233187554616
NTPCR,280.0,422.4582,0.6405359464053595,0.6627874663102764
CRKL,116.0,214.8707,0.640935906409359,0.5398595527449764
MAOB,428.0,666.9527,0.641035896410359,0.6417246680311812
AGK,227.0,346.4147,0.641035896410359,0.6552839703395958
KCNJ2,21.0,66.0247,0.642035796420358,0.31806278559387624
FBXL14,2.0,14.1526,0.642935706429357,0.14131678984780183
CAMK1,4.0,21.8589,0.6435356464353564,0.18299182484022528
IARS1,52.0,122.9524,0.644035596440356,0.4229278973000934
PTPRZ1,5.0,29.5197,0.6446355364463554,0.1693784150922943
TWF1,62.0,150.5937,0.6447355264473552,0.4117038096547199
NOX1,29.0,78.5682,0.645035496450355,0.3691060759951227
ALG12,10.0,40.6561,0.6458354164583542,0.24596555006505788
PDHX,18.0,60.635,0.6466353364663534,0.2968582501855364
RNF13,7.0,32.2444,0.6477352264773523,0.2170919601543214
CDC7,119.0,213.3938,0.6496350364963503,0.5576544398197136
CPEB4,4.0,23.6734,0.6516348365163483,0.16896601248658832
RNASEH2B,2.0,18.8983,0.652034796520348,0.1058296248868946
MKLN1,6.0,29.5095,0.6521347865213478,0.20332435317440148
GDF5,18.0,57.7835,0.6523347665233477,0.31150761030397955
KSR1,23.0,66.9684,0.6527347265273473,0.34344556537113025
ITGA1,179.0,333.5192,0.6543345665433457,0.5367007356697905
SNW1,2498.0,3517.1765,0.6546345365463454,0.7102287872104229
FXR1,9.0,43.1847,0.6551344865513449,0.20840714419690307
SNTB1,2.0,16.0221,0.6551344865513449,0.1248275819024972
LIFR,35.0,92.7203,0.6555344465553444,0.3774793653601207
RBBP6,114.0,218.2808,0.6558344165583442,0.5222630666554273
CLSPN,326.0,495.0742,0.6563343665633437,0.6584871520269082
LAMA1,14.0,58.3094,0.6567343265673433,0.24009850898825918
DTL,218.0,372.2095,0.6575342465753424,0.5856916602074906
NRIP1,88.0,173.6107,0.6575342465753424,0.5068812002946823
ASCC3,48.0,139.9878,0.6593340665933407,0.34288702301200535
PDE2A,77.0,162.5469,0.6605339466053395,0.4737094340156595
FKBP5,31.0,77.8348,0.6616338366163383,0.3982794328500876
PMAIP1,20.0,62.683,0.6632336766323368,0.3190657754096007
EIF4G1,840.0,1422.8067,0.6636336366363363,0.5903823759053144
INTS11,503.0,716.403,0.6636336366363363,0.7021187795137652
CDC45,200.0,363.9148,0.6641335866413358,0.5495791872163485
S100A13,4.0,26.7209,0.6654334566543346,0.1496955566616394
S1PR4,6.0,37.2027,0.6673332666733327,0.16127861687458167
NUP98,286.0,510.1433,0.6684331566843316,0.5606267885905784
EIF4A1,716.0,1192.0577,0.6694330566943306,0.6006420662355522
CHUK,932.0,1405.1149,0.6714328567143286,0.6632909522203486
ACSBG2,4.0,22.102,0.6715328467153284,0.1809790969143064
BAZ1B,84.0,165.5545,0.6728327167283271,0.5073857853456113
TIRAP,52.0,130.6316,0.6728327167283271,0.3980660115929071
ENSP00000497443,14.0,47.8329,0.673032696730327,0.2926855783362497
RAC3,2101.0,3003.0967,0.6732326767323268,0.6996111713618812
NAGS,39.0,99.2374,0.6732326767323268,0.3929969950845145
FOSL2,42.0,103.636,0.6734326567343266,0.4052645798757189
MC4R,4.0,24.1437,0.6738326167383262,0.16567468946350394
RAE1,159.0,278.0732,0.6748325167483251,0.5717918878913898
GALR1,12.0,51.6166,0.6748325167483251,0.2324833483801723
EIF4ENIF1,15.0,49.1885,0.6753324667533247,0.3049493275867327
SEC11C,12.0,41.9069,0.6754324567543246,0.2863490260553751
ALDH4A1,362.0,551.4913,0.6755324467553244,0.6564020139574278
IL10RA,5.0,30.5686,0.6758324167583242,0.16356653559534948
EHD3,2.0,16.2982,0.6763323667633236,0.1227129376250138
CDK9,912.0,1431.636,0.6765323467653235,0.6370334358733645
CHD1L,115.0,211.8899,0.6775322467753224,0.542734693819762
MAPK14,1374.0,2095.6135,0.6782321767823217,0.6556552532229822
GEMIN4,122.0,226.8647,0.6792320767923208,0.5377654610875998
EIF4EBP2,4.0,20.6472,0.6793320667933207,0.19373086907667866
ACTR5,289.0,447.3029,0.6798320167983202,0.6460946262588505
RORC,18.0,59.9269,0.6807319268073193,0.30036594584401993
ATG101,112.0,218.5411,0.6808319168083191,0.5124894127466184
RBM10,14.0,55.3645,0.6824317568243176,0.25286961861842877
MCM9,177.0,326.1226,0.6825317468253175,0.5427406748259704
GCDH,16.0,54.6237,0.6825317468253175,0.2929131494204896
FIG4,88.0,169.0759,0.6836316368363163,0.5204763067947591
CTTNBP2,119.0,252.2535,0.6844315568443156,0.47174766653386374
ALG6,5.0,31.3445,0.6848315168483151,0.15951761872098774
VIP,130.0,233.8311,0.6851314868513149,0.5559568423533054
GABBR1,161.0,281.4677,0.6857314268573143,0.5720016897143083
SWI5,21.0,60.0045,0.6859314068593141,0.34997375196860236
CYP7A1,197.0,326.6681,0.6871312868713129,0.6030585784164417
DOCK2,19.0,62.5247,0.6883311668833116,0.3038799066608876
THBS3,20.0,69.4972,0.6912308769123088,0.28778137824257666
SCN9A,7.0,34.3041,0.6916308369163083,0.20405724097119587
RIMKLB,101.0,205.6319,0.692930706929307,0.49116892855631833
DCAF13,1248.0,2029.8141,0.6934306569343066,0.6148346294372474
NOP10,97.0,308.3744,0.6935306469353064,0.31455269957558085
IL37,15.0,53.7488,0.6953304669533047,0.27907599797576876
ALG1,15.0,53.6215,0.6968303169683032,0.2797385377134172
FSHB,108.0,211.4666,0.6976302369763023,0.5107189504158104
HSD11B1,41.0,104.5908,0.698030196980302,0.3920038856190028
PRKRA,99.0,297.5168,0.6986301369863014,0.33275431841159897
NAT10,1088.0,1977.6781,0.6994300569943006,0.5501400859927609
NIPBL,173.0,283.9183,0.7002299770022997,0.6093302192919583
CARD8,66.0,152.7384,0.7005299470052995,0.4321113747426973
TDRD12,12.0,52.2981,0.7005299470052995,0.22945384249140982
ITFG2,10.0,50.2473,0.7012298770122988,0.19901566850358127
NR1I3,9.0,40.1117,0.7031296870312969,0.22437343717668412
SF1,15.0,58.0046,0.7035296470352965,0.25860017998572526
AAK1,12.0,45.7085,0.7037296270372962,0.26253322686152464
FEM1B,186.0,310.8042,0.7041295870412959,0.5984475113270671
CPSF2,360.0,543.2581,0.7050294970502949,0.6626684443361268
HOGA1,24.0,70.1346,0.7057294270572942,0.34219914279114727
CRY1,78.0,168.5321,0.7062293770622937,0.4628198426293863
CECR2,115.0,224.1753,0.7068293170682932,0.5129913955730181
UPF2,83.0,176.1808,0.7085291470852915,0.4711069537656771
RAPGEF4,333.0,510.8313,0.7088291170882912,0.6518786143292316
BAG5,3.0,21.8658,0.7091290870912909,0.13720055977828388
RABEP1,12.0,45.5347,0.710928907109289,0.2635352818839259
SI,50.0,122.3346,0.7110288971102889,0.4087151141214342
GGPS1,36.0,90.8685,0.7113288671132887,0.3961768929827168
NABP2,12.0,47.0401,0.7127287271272873,0.25510149850871916
PSME1,138.0,284.2999,0.7130286971302869,0.48540291431688865
RRAS,412.0,689.5253,0.7143285671432856,0.5975125205703112
SEMA4D,5.0,35.679,0.7144285571442855,0.14013845679531375
GUCY1B1,47.0,124.5467,0.7150284971502849,0.37736848908883175
SEL1L2,2.0,18.845,0.7151284871512849,0.10612894667020431
PDGFRA,238.0,451.3603,0.716028397160284,0.5272949348890454
VPS35,62.0,138.3116,0.716028397160284,0.4482631970131211
LRP6,118.0,277.6693,0.7168283171682832,0.42496595770580325
TTLL1,2.0,17.7855,0.7172282771722828,0.11245115402996823
MEF2D,10.0,52.3161,0.7178282171782822,0.19114574672041684
ASB9,4.0,28.9236,0.718928107189281,0.13829537125392413
MAN2A1,2.0,17.7099,0.7191280871912809,0.11293118538218735
BIRC6,1.0,16.4481,0.7197280271972802,0.06079729573628565
TADA2A,371.0,633.0252,0.7210278972102789,0.5860746144071357
MKNK2,13.0,53.06,0.7213278672132787,0.2450056539766302
FGG,50.0,117.7316,0.7226277372262774,0.4246948143064394
TRIM33,418.0,678.9554,0.7228277172282772,0.6156516319039512
GNAO1,13.0,60.775,0.7231276872312768,0.21390374331550802
RAP1B,804.0,1319.6733,0.7232276772322768,0.6092416964107707
PCK1,388.0,617.0845,0.7233276672332767,0.6287631596645191
CEP152,1.0,18.758,0.7234276572342766,0.05331058748267406
TENT4B,2.0,18.2486,0.7246275372462754,0.10959744857139726
SKI,18.0,68.6117,0.7264273572642735,0.2623459264236275
NCKAP1,54.0,162.1349,0.7266273372662734,0.3330559922632327
VIRMA,21.0,71.3569,0.7303269673032696,0.294295295899906
NOX4,10.0,48.3346,0.7305269473052695,0.2068911297497031
ROBO2,82.0,193.2203,0.7309269073092691,0.4243860505340277
WEE1,26.0,92.5882,0.7309269073092691,0.28081332178398544
LTBP3,1.0,14.93,0.7313268673132687,0.06697923643670463
B3GAT3,2.0,20.7495,0.7316268373162683,0.09638786476782572
RASGRP2,7.0,35.8324,0.7318268173182682,0.19535392549759437
C1D,154.0,302.5866,0.7321267873212679,0.5089452077520948
MYLK4,30.0,82.5591,0.7327267273272673,0.36337605424477737
IMPACT,4.0,25.1145,0.7328267173282672,0.15927054092257462
WRN,89.0,204.7338,0.7330266973302669,0.4347108293794185
B3GALNT2,1.0,17.2703,0.7334266573342666,0.05790287371962271
LIN7B,1.0,17.6044,0.7335266473352665,0.05680398082297608
KIR2DL3,70.0,163.7876,0.7336266373362663,0.427382781114077
RORB,1.0,15.3649,0.7338266173382662,0.06508340438271645
GABRP,1.0,16.6807,0.7343265673432656,0.059949522502053265
CCR3,94.0,210.5376,0.7351264873512648,0.4464760688827079
PIGF,31.0,95.5444,0.7362263773622638,0.32445648305918506
CDC6,193.0,368.6341,0.7364263573642635,0.5235543863142341
SZT2,15.0,69.2959,0.7369263073692631,0.21646302306485665
INSR,369.0,604.324,0.7370262973702629,0.6105996121285933
MAF,1.0,15.3445,0.7371262873712628,0.06516993059402391
ANAPC4,728.0,1256.436,0.7375262473752625,0.5794166992986511
UHRF1,57.0,157.6784,0.7375262473752625,0.3614952967559285
SLC25A24,190.0,359.0229,0.7383261673832616,0.5292141531918995
CD14,12.0,48.6069,0.7388261173882612,0.24687852959147774
AP4E1,97.0,206.789,0.7401259874012599,0.4690771752849523
IFNAR2,52.0,146.6695,0.7409259074092591,0.35453860550421185
SEPTIN2,95.0,206.5638,0.7423257674232576,0.459906334023677
CYP1A2,1156.0,1677.8426,0.7424257574242575,0.6889800032494109
CSNK2B,88.0,207.0486,0.7427257274272573,0.4250209854111547
RSPO1,6.0,34.5002,0.7429257074292571,0.17391203529254903
SNRPA1,2160.0,3385.8047,0.7432256774322568,0.6379576471141409
GNAI3,1615.0,2559.3248,0.7434256574342566,0.631025808056875
SNUPN,4.0,25.6219,0.7438256174382561,0.15611644725800974
INHBB,50.0,133.3478,0.7439256074392561,0.3749593169141148
CCL25,28.0,88.554,0.7444255574442555,0.31619125053639585
CDK5R1,88.0,199.3711,0.7446255374462554,0.44138794439113793
VAV1,321.0,629.7119,0.7459254074592541,0.5097569221734574
KIF5C,136.0,241.0757,0.7476252374762524,0.5641381524558469
NR1H3,25.0,89.0375,0.7483251674832517,0.2807805699845571
CCL1,1.0,15.8615,0.7484251574842515,0.06304573968414084
CEBPE,1.0,16.9866,0.7504249575042495,0.05886993277053678
F7,13.0,55.1539,0.7505249475052495,0.23570409345485996
CCL27,15.0,60.3355,0.7508249175082492,0.24860985655211276
CCL4L2,9.0,45.1133,0.7509249075092491,0.19949770910130715
STK24,334.0,571.6648,0.7511248875112488,0.584258467549515
KAT7,62.0,150.5793,0.7515248475152485,0.41174318116766384
SDAD1,17.0,108.8851,0.7528247175282472,0.15612788159261462
LAMA3,7.0,35.5952,0.7534246575342466,0.19665572886231852
ZBP1,8.0,43.3802,0.7538246175382461,0.18441593169233889
MAPRE3,19.0,77.2356,0.7539246075392461,0.2460005489696461
IFIT3,1.0,14.9502,0.754024597540246,0.06688873727441773
POLE,412.0,719.222,0.7543245675432457,0.5728412089730293
PCSK1,3.0,27.3809,0.7543245675432457,0.1095654269947299
CDK3,77.0,185.8551,0.7545245475452454,0.4143012486609192
ARPC4,117.0,250.6977,0.7553244675532447,0.46669754050396156
DAD1,106.0,250.4328,0.7556244375562444,0.42326723975453695
LIF,1.0,16.5044,0.756024397560244,0.06058990329851433
GSTO1,74.0,197.1445,0.7577242275772422,0.37535919084732267
RANBP3,1.0,13.2844,0.7586241375862414,0.07527626388847068
PGAM1,192.0,365.4049,0.7587241275872413,0.5254445137435212
SAMHD1,1.0,17.433,0.7592240775922408,0.05736247346985602
ADRA2A,8.0,42.0399,0.7599240075992401,0.19029540983684545
HEXIM1,5.0,33.745,0.7603239676032397,0.14817009927396652
MIER2,1.0,14.0171,0.7615238476152385,0.07134143296402252
CCL21,198.0,370.3585,0.7616238376162384,0.53461713447916
FGFR2,404.0,743.8593,0.762023797620238,0.5431134624518373
UBA1,249.0,451.9067,0.7622237776222378,0.5509986906589347
RFC5,54.0,141.7577,0.7623237676232377,0.38093168836684005
ELMO3,4.0,35.5231,0.7627237276272373,0.11260278522989266
DNMT3A,200.0,438.4081,0.7629237076292371,0.4561959507591215
GALC,389.0,639.2215,0.7642235776422358,0.6085527473653499
LPAR4,61.0,138.4174,0.7649235076492351,0.4406960396597538
SEC23B,43.0,123.5896,0.7655234476552345,0.34792571543236644
MEPCE,26.0,96.0699,0.7655234476552345,0.27063627629465625
EGF,53.0,165.8356,0.7658234176582341,0.3195936216349204
UBXN2A,52.0,136.0868,0.7664233576642335,0.3821090656845484
ANGPTL4,1.0,17.3704,0.7665233476652334,0.0575691981762078
PSMC1,737.0,1304.9827,0.767023297670233,0.5647584446904929
RAB8B,11.0,56.0946,0.7672232776722328,0.19609730704916337
HPSE2,1.0,16.4559,0.7674232576742326,0.06076847817500106
BAZ1A,25.0,84.2044,0.7676232376762324,0.29689659922759376
NID1,2.0,23.3376,0.7678232176782321,0.08569861511037982
PMPCA,109.0,271.2496,0.7694230576942306,0.40184391055323215
FOS,579.0,972.4296,0.7696230376962304,0.5954158532401729
SCN5A,209.0,388.9687,0.7703229677032297,0.5373182983617962
ATF3,6.0,35.3213,0.7708229177082292,0.16986917242570346
NAPA,371.0,631.1676,0.7709229077092291,0.5877995004813301
ATXN1L,1.0,16.6014,0.7722227777222278,0.06023588372065006
PTTG1,8.0,39.2618,0.7733226677332267,0.203760398147818
ARPC3,132.0,281.7798,0.7735226477352265,0.4684508967640689
WDR48,51.0,142.9275,0.7735226477352265,0.3568242640499554
TMED3,89.0,206.6681,0.7736226377362264,0.4306421745784666
CD74,7231.0,9885.5655,0.7747225277472253,0.7314705466267963
ADRA1A,6.0,41.7231,0.7751224877512248,0.14380523019622224
ASCL1,4.0,32.6983,0.775922407759224,0.12233051871198196
PC,434.0,714.626,0.776022397760224,0.607310677193385
SEC61A1,1619.0,2841.2077,0.7764223577642235,0.5698281051399375
RAPGEF1,11.0,56.5239,0.7768223177682232,0.194607944603964
DEFB4A,1.0,13.8535,0.7773222677732227,0.07218392463998267
PKMYT1,53.0,141.9532,0.7777222277772223,0.37336248848211945
ARIH2,11.0,48.6254,0.7781221877812219,0.2262192187622107
THYN1,77.0,196.6943,0.7783221677832217,0.3914704188174238
FSHR,19.0,76.089,0.7787221277872213,0.24970757928215642
EXO1,13.0,57.4934,0.7813218678132187,0.22611291035144904
CXCL2,174.0,342.1458,0.7814218578142186,0.5085551247450648
FER,1.0,14.7746,0.7814218578142186,0.06768372747823968
DMAP1,332.0,651.7578,0.7822217778222178,0.5093916789334935
DAAM2,2.0,22.5015,0.7826217378262174,0.08888296335799835
CBX5,332.0,568.033,0.783021697830217,0.584473085190473
PIEZO2,1.0,17.3707,0.7834216578342166,0.0575682039296056
SHARPIN,51.0,162.0975,0.7836216378362164,0.31462545690093924
CD34,136.0,313.7716,0.7851214878512148,0.43343629570043946
GNPDA1,33.0,100.2171,0.7852214778522147,0.3292851220001377
MSMO1,56.0,136.6209,0.7854214578542146,0.4098933618502001
DICER1,625.0,1068.6453,0.785921407859214,0.5848526166727165
RLIM,12.0,56.4829,0.7867213278672133,0.21245368067149525
PSME3,73.0,177.7431,0.7877212278772123,0.41070511316613695
MDN1,2.0,21.0972,0.7881211878812119,0.09479930986102421
TNN,11.0,54.7354,0.7883211678832117,0.200966833164643
CNTFR,3.0,27.4591,0.7886211378862114,0.10925339869114428
WNT4,7.0,47.664,0.7889211078892111,0.14686136287344745
CYTH2,1.0,15.9378,0.789021097890211,0.06274391697724906
G3BP2,1.0,16.5558,0.789021097890211,0.06040179272520808
MBL2,6.0,46.5489,0.7892210778922107,0.12889670862254532
SNU13,2787.0,4423.9241,0.7894210578942106,0.6299836834904107
PIP5K1A,477.0,831.2299,0.7896210378962104,0.5738484623808647
WDR24,40.0,141.4672,0.79002099790021,0.2827510546614339
NDUFAF5,2.0,27.5686,0.7914208579142086,0.07254630267768403
DAPP1,3.0,26.1803,0.794020597940206,0.11458997796052757
DDX41,49.0,131.167,0.7944205579442056,0.37356957161481164
MYH10,137.0,333.4952,0.795020497950205,0.410800515269785
POLH,5.0,39.8603,0.7956204379562044,0.12543809253818963
EXOC4,20.0,85.9061,0.7957204279572043,0.23281233812267116
NSMCE1,20.0,72.8921,0.796020397960204,0.27437815620622813
COPS4,299.0,541.9851,0.7965203479652034,0.5516756825971785
MYBL2,10.0,50.5859,0.7991200879912009,0.19768354422872775
PTGER2,34.0,112.2758,0.7993200679932007,0.30282572023534904
HSPA6,2.0,24.5658,0.7998200179982001,0.08141399832287163
ATP6V1B2,417.0,800.7169,0.8023197680231977,0.5207833130535898
EPHA3,3.0,29.0157,0.8034196580341966,0.10339230140923707
SNRPB,3278.0,5182.0662,0.8047195280471953,0.6325662146114613
SMAD5,56.0,168.5848,0.8051194880511949,0.33217704087201216
RAPGEF2,50.0,156.3185,0.8057194280571943,0.3198597734753084
DHRS4,44.0,136.2337,0.8058194180581941,0.3229744182239784
MFNG,6.0,40.3854,0.805919408059194,0.1485685420968964
MCM3,842.0,1424.3698,0.8065193480651934,0.591138621445077
FLNC,11.0,64.9197,0.8065193480651934,0.16944009291478548
HAT1,102.0,240.4135,0.8067193280671933,0.42426901983457666
SERPINB6,3.0,32.7334,0.8067193280671933,0.09164950784214287
ATP2B3,5.0,33.0505,0.8068193180681932,0.151283641699823
ATXN2L,55.0,149.241,0.8069193080691931,0.36853143573146785
RAD9A,38.0,128.5644,0.8075192480751925,0.29557171347589223
SRSF10,2.0,22.0646,0.8077192280771923,0.0906429303046509
STX4,254.0,506.3283,0.8078192180781922,0.5016508064036713
AFTPH,145.0,297.5346,0.808019198080192,0.4873382793127253
CHMP4A,209.0,420.5882,0.8087191280871913,0.4969231186229191
CDCA7L,1.0,18.1599,0.8087191280871913,0.05506638252413284
CAD,112.0,259.5546,0.8089191080891911,0.43150843791633825
RHOD,3.0,28.2948,0.8129187081291871,0.1060265490478816
RPL11,6949.0,11000.5992,0.814018598140186,0.6316928626942431
BBS1,19.0,78.3849,0.814018598140186,0.24239362428222783
INA,2.0,25.1297,0.8146185381461853,0.07958710211423137
RPRD1A,22.0,88.3703,0.8149185081491851,0.2489524195346174
POLA1,186.0,418.4555,0.815018498150185,0.4444917081983628
ASF1B,145.0,351.613,0.8158184181581842,0.4123852076004016
RAB5C,13.0,60.2462,0.8161183881611839,0.21578124429424594
PDIA3,40.0,137.7185,0.8163183681631837,0.2904475433583723
LIG4,196.0,426.3923,0.8178182181781822,0.45967058973625935
BCL2A1,12.0,55.2291,0.8185181481851814,0.2172767617071435
SERPINC1,6.0,42.9539,0.8195180481951805,0.1396846386474802
CSTF1,2.0,30.2709,0.8198180181981802,0.06607005407833925
IRAK2,5.0,34.3208,0.81991800819918,0.14568424978438732
VIPR1,8.0,51.0293,0.8213178682131786,0.1567726776577378
CBR3,7.0,47.5859,0.822017798220178,0.14710239797923333
MCM4,483.0,881.4192,0.8223177682231777,0.547979894243284
HSD17B1,41.0,127.6064,0.8224177582241776,0.3213004990345312
MMP24,2.0,23.0523,0.8226177382261773,0.086759238774439
SUDS3,118.0,270.1185,0.8231176882311769,0.43684531048410236
FANCA,202.0,415.9661,0.8232176782321767,0.4856164961519701
ALAS2,61.0,155.0777,0.8235176482351765,0.3933512039448612
EXOSC4,178.0,399.7518,0.823917608239176,0.44527629394039003
ALYREF,933.0,1706.956,0.8257174282571743,0.5465870239186014
AHCYL1,35.0,119.9095,0.8261173882611739,0.2918867979601283
INPP5B,129.0,296.2374,0.8269173082691731,0.4354615588713647
ITPKB,11.0,73.1342,0.8269173082691731,0.15040842724744372
CCNT1,483.0,1001.8191,0.8287171282871713,0.4821229701050818
ACOX1,458.0,837.5702,0.829017098290171,0.5468198367133883
H3-3A,2707.0,4107.3884,0.8308169183081692,0.6590562509257708
MRGPRX2,11.0,55.4119,0.831016898310169,0.19851331573181932
PCGF6,709.0,1380.6598,0.8312168783121687,0.5135225926039131
UPB1,113.0,270.5864,0.8316168383161684,0.4176115281477561
BMPR1B,124.0,301.8097,0.8317168283171683,0.41085491950722586
ELP5,3.0,25.9604,0.8318168183181682,0.11556062310287978
BRMS1,27.0,111.7543,0.831916808319168,0.24160144173423304
AKAP1,1.0,26.7459,0.832016798320168,0.03738890820649146
GPCPD1,4.0,42.4218,0.8321167883211679,0.0942911427615047
GDA,4.0,33.4151,0.8321167883211679,0.11970636029818854
PSMC5,820.0,1441.1304,0.8323167683231677,0.5689977811862132
CSNK1A1L,40.0,120.7364,0.8323167683231677,0.3313002541072949
PATL1,143.0,306.7875,0.8327167283271673,0.4661206861426883
RPN2,112.0,291.87,0.8332166783321668,0.3837324836399767
NCOR2,273.0,597.6842,0.8338166183381662,0.45676295274327144
MALT1,64.0,194.7767,0.8342165783421658,0.32858139602940184
RHOJ,8.0,44.4826,0.8344165583441656,0.17984560255021065
CH25H,113.0,262.6224,0.8353164683531646,0.4302755591297619
AMOTL2,7.0,58.9508,0.8353164683531646,0.11874308745598024
ZC3H11A,1.0,22.4079,0.8354164583541646,0.04462711811459351
COPS6,399.0,706.2699,0.8358164183581642,0.5649398339076889
PPP3R2,31.0,158.5751,0.8364163583641636,0.1954909692631441
GNG7,56.0,198.4204,0.8365163483651635,0.2822290449973894
PAK2,169.0,381.8766,0.8366163383661633,0.4425513372644462
GATM,264.0,513.8889,0.8371162883711629,0.5137297186220601
RBM15,16.0,74.371,0.8375162483751625,0.21513762084683546
PTH1R,42.0,145.8222,0.8378162183781622,0.28802198842151605
H3C6,1120.0,2074.1767,0.837916208379162,0.5399732819291625
U2AF1,7.0,59.8714,0.837916208379162,0.11691725932582167
ICAM2,5.0,39.4867,0.8383161683831617,0.12662491421162062
PDCD10,79.0,241.1729,0.8393160683931606,0.32756582518185084
GNA15,4.0,33.9815,0.8404159584041596,0.11771110751438284
PTGES,20.0,87.7994,0.8408159184081592,0.22779198946689838
SULT2A1,2.0,22.6488,0.8422157784221578,0.08830489915580515
PISD,75.0,188.6084,0.8439156084391561,0.3976493093626795
RPEL1,22.0,83.7726,0.8446155384461553,0.26261570012151947
CLNS1A,54.0,179.0352,0.8451154884511549,0.30161666532614817
PRKD3,25.0,99.6679,0.8454154584541546,0.25083301644762257
CSAD,13.0,66.0148,0.846015398460154,0.19692553790968087
FMO1,1.0,19.5241,0.846015398460154,0.05121875016005859
RBM25,496.0,900.7764,0.8463153684631537,0.5506360957058822
SMARCA1,34.0,113.5746,0.8466153384661533,0.2993627096199326
SGK1,4.0,37.9156,0.8469153084691531,0.10549747333551363
COPB2,76.0,198.2858,0.8474152584741526,0.3832851369084423
ANK3,11.0,66.7324,0.8481151884811519,0.16483747025432924
TBC1D17,8.0,53.4415,0.8484151584841516,0.14969639699484483
RPE,13.0,67.7649,0.8493150684931506,0.1918397282368896
STK25,120.0,325.5359,0.8495150484951505,0.3686229383610225
DKC1,491.0,868.1671,0.8499150084991501,0.5655593260790464
LEFTY1,1.0,23.1108,0.8500149985001499,0.04326981324748602
PLAAT3,126.0,299.9878,0.8504149585041496,0.4200170806946149
ALDH1A1,499.0,890.984,0.8505149485051495,0.5600549504817146
TRA2A,9.0,55.5999,0.8516148385161484,0.1618707947316452
AMOTL1,12.0,67.5701,0.8524147585241476,0.17759334380147432
AUTS2,5.0,38.8591,0.8527147285271472,0.1286699897836028
TUBGCP2,29.0,116.5504,0.853014698530147,0.24881939487123167
ADRM1,726.0,1208.988,0.8532146785321468,0.6005022382356152
CD8B2,10.0,65.1625,0.8535146485351465,0.1534624976021485
MRPL11,1662.0,3271.6835,0.8544145585441456,0.5079953485720731
KLRC1,43.0,141.743,0.8565143485651435,0.30336595105225655
CDS1,231.0,461.6282,0.8566143385661434,0.5004027050340513
EMC4,48.0,156.2308,0.8569143085691431,0.30723775337513476
TRUB1,2.0,27.0096,0.8576142385761424,0.07404774598661217
VDAC2,17.0,93.194,0.8584141585841416,0.18241517694272164
MGAM,85.0,227.6321,0.8585141485851415,0.37340954988334246
MT-ATP6,241.0,498.5516,0.8587141285871412,0.4834003140296812
ABCB8,110.0,260.8115,0.859014098590141,0.42176054353431497
NCBP3,83.0,225.5635,0.859014098590141,0.3679673351406588
SART3,37.0,139.604,0.8592140785921408,0.2650353858055643
ZC3HC1,2.0,27.6861,0.8593140685931406,0.0722384156670676
RAD21,37.0,153.5953,0.8594140585941406,0.24089278773504136
ZCCHC8,23.0,89.052,0.8594140585941406,0.25827606342361764
RBM8A,651.0,1347.3876,0.8605139486051395,0.48315718505944394
SCFD1,46.0,142.5418,0.8607139286071392,0.32271235525298547
DTNBP1,27.0,111.2512,0.8607139286071392,0.24269401139043895
RPS6KA5,153.0,383.6309,0.8609139086091391,0.3988208457660736
CYP46A1,30.0,114.0987,0.8614138586141386,0.2629302524919215
ATP2B1,2.0,34.4981,0.8618138186181382,0.05797420727518327
UBE2V2,5.0,39.303,0.8633136686331366,0.12721675190189044
PLB1,24.0,97.6065,0.8638136186381362,0.24588526378878456
SC5D,47.0,143.7247,0.8639136086391361,0.3270140762165445
PNN,12.0,73.126,0.8649135086491351,0.164100319995624
PRIM1,165.0,408.1025,0.8651134886511349,0.4043101916797863
MT-ND4,1054.0,2123.2212,0.8653134686531346,0.49641554068883637
ACTC1,53.0,187.5049,0.8654134586541345,0.2826592798374869
AATF,463.0,1135.1193,0.8655134486551345,0.4078866423996138
TEX10,226.0,514.98,0.8664133586641336,0.43885199425220395
PRIMPOL,13.0,74.8319,0.8665133486651335,0.17372270382016225
TOB1,32.0,118.2802,0.8669133086691331,0.2705440132837111
GALK1,3.0,26.5821,0.8680131986801319,0.11285790061733271
KIR2DL1,33.0,119.0317,0.8683131686831317,0.27723707214128673
CASR,26.0,107.923,0.8694130586941305,0.24091250243228968
PSMG1,1008.0,1890.164,0.8696130386961304,0.5332870586890873
CCT8,361.0,816.6587,0.8709129087091291,0.442045128521866
KMT5A,19.0,100.0061,0.8717128287171283,0.18998841070694686
MYLK2,16.0,90.8487,0.8719128087191281,0.17611699451945928
EVL,6.0,43.5139,0.8722127787221278,0.13788697404737338
EDNRA,9.0,50.1029,0.8737126287371263,0.17963032079979402
MAP2K6,267.0,645.1491,0.8743125687431257,0.41385781984350595
NUP107,159.0,383.1216,0.8755124487551245,0.4150118395830462
SUPT3H,357.0,766.4328,0.8763123687631237,0.4657942614146993
MTR,149.0,364.6253,0.8768123187681232,0.4086386764714352
AIMP1,37.0,131.4288,0.8772122787721228,0.2815212495282617
PQBP1,149.0,382.5507,0.8774122587741225,0.3894908570288853
TUBA8,1.0,19.1125,0.8776122387761224,0.052321778940483975
VAMP1,9.0,62.3668,0.8778122187781222,0.14430754824682362
SMAD4,220.0,506.6126,0.8784121587841216,0.4342568660945267
PAICS,3.0,28.6611,0.8787121287871212,0.10467148853323843
CDC40,3061.0,4909.1231,0.8802119788021198,0.6235329482774633
GDI2,37.0,148.6607,0.8811118888111189,0.24888891280614178
TRAF3IP3,76.0,237.5387,0.8821117888211178,0.31994786533731134
CPS1,9.0,62.9553,0.8822117788221178,0.1429585753701436
NBL1,12.0,69.1601,0.8825117488251175,0.17351044894382744
NR1H4,7.0,51.6434,0.8826117388261174,0.13554490990136203
LGR4,11.0,64.2941,0.8828117188281172,0.1710887935284886
ZNF830,39.0,147.6129,0.8833116688331167,0.2642045512282463
NGLY1,7.0,54.6345,0.8836116388361164,0.12812417062478837
PMPCB,249.0,619.4765,0.8838116188381162,0.4019522935898295
RECQL4,53.0,171.9624,0.8861113888611138,0.3082069103478435
TDO2,3.0,34.5209,0.8862113788621138,0.08690387562317321
SOX2,519.0,1035.7404,0.8864113588641136,0.501090813875755
FBXW5,164.0,398.609,0.8867113288671132,0.41143075043463645
B3GALT5,25.0,105.6953,0.8867113288671132,0.23652896581021104
CNR1,81.0,238.033,0.8872112788721128,0.34028895153193045
YTHDC1,4.0,40.0265,0.8878112188781122,0.09993379386156671
TPRKB,13.0,66.9136,0.888011198880112,0.19428038545228474
WNT5B,4.0,44.3002,0.888011198880112,0.09029304608105608
KLB,1.0,22.4127,0.889011098890111,0.04461756057949288
CCNA1,47.0,168.3814,0.8896110388961104,0.2791282172496487
NELFB,1061.0,1787.9916,0.8898110188981102,0.593403235227727
UBE2D4,24.0,108.0488,0.8903109689031097,0.22212185605022916
EXOC5,15.0,85.3623,0.8903109689031097,0.17572160075349422
CKS1B,150.0,375.635,0.8915108489151085,0.3993238116788904
VPS41,128.0,339.8991,0.8916108389161084,0.3765823445840251
GABRB1,15.0,79.3057,0.8917108289171083,0.18914151189637063
ITGA9,11.0,72.8185,0.8919108089191081,0.15106051346841806
LYPLA1,11.0,68.631,0.8923107689231077,0.1602774256531305
DCTN2,167.0,414.7964,0.8934106589341065,0.402607158596362
AHCYL2,8.0,52.7459,0.8936106389361064,0.15167055638447727
INPP5D,35.0,138.6953,0.8937106289371063,0.25235173794641924
SYNJ1,93.0,255.3229,0.8938106189381062,0.36424464863903705
DDOST,88.0,285.9068,0.8939106089391061,0.30779260933982683
H2BC10,1441.0,2366.3702,0.894010598940106,0.6089495210850779
PDCD6,640.0,1153.0283,0.8942105789421058,0.5550600969637953
MTMR8,15.0,76.7213,0.8944105589441056,0.19551284975619548
FAS,41.0,164.8394,0.8945105489451055,0.2487269427090853
PARVB,18.0,97.5817,0.8945105489451055,0.18446081591118008
ATP6V1B1,221.0,539.2739,0.8948105189481051,0.40981030233430543
LYRM7,8.0,58.2327,0.8954104589541045,0.1373798570219138
MGAT2,4.0,51.1045,0.8959104089591041,0.07827099374810437
MIB2,2.0,37.6617,0.8959104089591041,0.053104347387398866
THBS2,13.0,78.552,0.8963103689631037,0.1654954679702617
RASGRP1,1.0,25.2123,0.8969103089691031,0.039663180273120664
PNKP,1.0,26.4715,0.8973102689731027,0.037776476588028636
H2AC11,1900.0,3218.8553,0.8974102589741025,0.5902719516469099
NFATC3,23.0,145.5116,0.8975102489751025,0.15806299978833305
STK36,1.0,26.3112,0.8976102389761024,0.038006628355985284
MSH2,183.0,522.5308,0.8977102289771023,0.350218589985509
EXOC8,20.0,106.6973,0.8992100789921008,0.1874461678036839
U2SURP,13.0,84.7714,0.8992100789921008,0.15335360746666918
COL4A4,2.0,32.9756,0.8999100089991001,0.06065090551801938
KCNIP2,1.0,28.0992,0.9001099890010998,0.03558820179933948
SETD1B,11.0,79.8687,0.9002099790020998,0.13772604286785686
NT5C,886.0,1536.9684,0.9007099290070993,0.5764594769807889
RAD1,49.0,172.256,0.9009099090090991,0.28446033810143045
PBRM1,220.0,657.1482,0.9012098790120988,0.3347798867896161
PRKD1,40.0,147.4699,0.9013098690130987,0.2712417923928883
SRGAP3,1.0,25.6996,0.9015098490150985,0.038911111456987654
KAT8,481.0,1079.0275,0.9016098390160984,0.4457717713403968
PSMG2,350.0,817.2596,0.9017098290170983,0.4282604939727842
CTC1,54.0,176.7905,0.9019098090190981,0.30544627680786013
FRS2,26.0,120.9478,0.902009799020098,0.21496877165190273
PAPOLA,262.0,558.0118,0.9021097890210978,0.4695241211744985
RPN1,82.0,271.5821,0.9027097290270973,0.3019344794815269
PIWIL2,5.0,49.201,0.9027097290270973,0.10162395073270869
GLDC,320.0,632.1579,0.9033096690330967,0.5062026433585659
PSME2,126.0,339.4196,0.9036096390360964,0.3712219329702822
WNT11,19.0,120.8013,0.9036096390360964,0.15728307559604077
ADPGK,150.0,351.5178,0.9038096190380962,0.4267209228095988
BRF1,25.0,114.4866,0.9045095490450955,0.21836616687018395
RIOK1,238.0,707.3935,0.9049095090490951,0.33644640500654865
TEAD3,7.0,59.1918,0.905009499050095,0.11825962379924246
HSD17B3,79.0,247.0458,0.9051094890510949,0.31977876167091285
ZFC3H1,138.0,345.0353,0.9052094790520948,0.3999590766509977
CYP51A1,20.0,100.3617,0.9054094590540946,0.19927920710789077
CBX2,525.0,1200.5047,0.9064093590640936,0.4373160721486555
MOB4,153.0,413.5863,0.9067093290670933,0.3699348842067544
DPY30,455.0,1000.9013,0.9069093090690931,0.4545902777826345
SEM1,37.0,136.5841,0.907009299070093,0.27089536776242623
CEBPZ,2.0,31.1582,0.9071092890710929,0.0641885603147807
PPA2,3.0,49.5228,0.9084091590840916,0.060578157939373385
OSGEPL1,3.0,34.6911,0.9091090890910909,0.08647751152312841
EXOSC7,186.0,488.7593,0.9099090090990901,0.38055541858743147
VPS25,122.0,345.1972,0.9102089791020898,0.35342117491103636
PLAA,64.0,197.6894,0.9108089191080891,0.3237401701861607
RFC3,36.0,154.6769,0.9113088691130887,0.2327432215153006
CHMP5,23.0,114.6711,0.9115088491150884,0.20057364061215077
HSD17B4,4.0,49.1063,0.9122087791220878,0.08145594353473995
FPR2,17.0,92.5615,0.9125087491250875,0.18366167358999153
NDUFS8,1263.0,2505.663,0.9136086391360864,0.5040582073487136
KPNA6,1.0,30.1587,0.914008599140086,0.03315792789477
AFMID,15.0,79.5421,0.9143085691430857,0.1885793812333343
DDX3X,36.0,150.4442,0.9144085591440856,0.23929137846457357
SKAP1,1.0,26.4363,0.9144085591440856,0.03782677606170304
UBE2R2,1.0,26.5134,0.9144085591440856,0.03771677717682379
CHMP4B,259.0,600.1522,0.9152084791520848,0.43155719499153716
PSEN2,19.0,108.9229,0.9152084791520848,0.1744353115827801
SEH1L,182.0,546.5422,0.9156084391560844,0.3330026482858963
MTX2,43.0,163.5397,0.9162083791620838,0.26293309820184335
CAMSAP1,1.0,23.6388,0.9167083291670833,0.04230333181041339
CYP2C9,985.0,1739.7494,0.9171082891710829,0.5661734960218984
CPT1B,1.0,27.2906,0.9171082891710829,0.0366426535143969
SH2B2,2.0,49.3603,0.9175082491750824,0.040518392311229876
SIK2,1.0,23.9048,0.9179082091790821,0.04183260265720692
ST3GAL1,16.0,89.0453,0.918008199180082,0.1796838238514554
GADD45G,10.0,85.6772,0.918008199180082,0.11671716629394985
RPAP2,93.0,293.6797,0.9184081591840816,0.3166715302419609
STON2,1.0,24.8147,0.9184081591840816,0.040298693919330074
PFKL,168.0,414.3935,0.919008099190081,0.4054117644219805
ADCY10,3.0,35.9034,0.9197080291970803,0.08355754608198666
CSNK2A3,17.0,101.2621,0.92010798920108,0.16788117173157577
CDC34,7.0,64.7026,0.92010798920108,0.10818730622880687
PRPF31,1594.0,2986.2205,0.9203079692030797,0.5337850972491818
UBQLN1,11.0,70.6438,0.921007899210079,0.1557107630110498
CHCHD6,101.0,283.0635,0.9217078292170783,0.3568103976669546
BAIAP2L2,32.0,130.1341,0.9226077392260774,0.2459001906494916
TRAK2,11.0,79.8875,0.9226077392260774,0.13769363166953527
LCLAT1,209.0,479.7011,0.9228077192280771,0.4356879731983104
LARS1,22.0,122.4174,0.9235076492350764,0.1797130146531457
GCK,204.0,490.5644,0.9237076292370763,0.41584754213717917
MARVELD2,6.0,49.2554,0.9244075592440756,0.12181405490565501
MIOS,18.0,121.7569,0.9247075292470753,0.14783556414461932
BCL11A,129.0,428.9416,0.9248075192480751,0.3007402406294936
NEFH,5.0,53.7653,0.9252074792520748,0.09299678417120336
FCGR3A,9.0,81.3015,0.9257074292570743,0.11069906459290418
CYP4A11,483.0,956.0311,0.9259074092590741,0.5052136902240941
GABARAPL1,102.0,279.1415,0.9261073892610739,0.3654060754133656
SLC17A7,9.0,68.1062,0.9263073692630737,0.1321465593440832
EIF2D,140.0,507.3049,0.9265073492650735,0.2759681603706174
MBOAT1,330.0,693.8748,0.9266073392660734,0.47559012086906743
FOSB,23.0,114.0694,0.9273072692730727,0.20163163828336084
ITGB6,179.0,501.167,0.9275072492750724,0.357166373683822
PARD6B,34.0,156.467,0.9276072392760724,0.21729821623728962
RUVBL1,1911.0,3904.117,0.928007199280072,0.4894832813668238
CHRNB4,42.0,179.4033,0.9281071892810719,0.23410940601427063
BRD9,82.0,312.3265,0.9284071592840716,0.262545765408955
PSMD14,1069.0,1921.9211,0.9285071492850715,0.5562143003685219
DRD5,14.0,91.9862,0.9285071492850715,0.15219674255486149
KCNN4,59.0,197.3732,0.9287071292870713,0.29892609533614495
MYL4,3.0,48.6277,0.9287071292870713,0.061693232458043465
ASCC2,1.0,25.3083,0.928907109289071,0.03951272902565561
MOB1B,4.0,56.7284,0.929007099290071,0.07051141932435957
STX12,328.0,796.9286,0.9294070592940706,0.4115801591259242
FAXDC2,6.0,49.7871,0.9295070492950704,0.12051314497128773
HTR6,18.0,101.8126,0.9308069193080692,0.17679540646246142
SLC17A8,39.0,149.3304,0.931006899310069,0.261165844329085
NECAP2,42.0,173.7958,0.9315068493150684,0.24166291705553297
NOS3,71.0,243.5413,0.9316068393160684,0.2915316621862493
GAB1,120.0,323.077,0.9317068293170683,0.37142848299321835
TRAPPC12,2.0,33.3032,0.9322067793220677,0.060054289077325906
AACS,20.0,110.4632,0.9324067593240676,0.1810557724201363
INMT,4.0,49.1156,0.9334066593340666,0.08144051991627914
DLG2,4.0,58.1604,0.9335066493350664,0.06877531791390705
THBS4,7.0,70.381,0.9337066293370663,0.09945866071809153
STK38L,1.0,31.1487,0.9339066093390661,0.032104068548607166
LLGL2,23.0,125.6713,0.934006599340066,0.18301712483279794
IRAK4,237.0,545.741,0.9345065493450655,0.43427193485554505
PRKAG3,58.0,211.2618,0.9347065293470653,0.274540877716653
BIRC7,25.0,134.2094,0.934906509349065,0.1862760730619465
RPE65,6.0,58.6008,0.935006499350065,0.10238768071425647
ARG2,1.0,32.2003,0.935006499350065,0.031055611283124694
COPG2,45.0,181.766,0.9354064593540646,0.24757105289218007
CYP2E1,1481.0,2693.0669,0.9361063893610639,0.5499306385593318
FGFR4,36.0,157.4391,0.9365063493650635,0.22865984371099682
TAF1B,2.0,39.1037,0.9366063393660634,0.05114605523262504
H2AX,428.0,1050.5799,0.9376062393760624,0.4073940497053104
ITGAX,67.0,258.9846,0.9377062293770623,0.2587026410064537
RPS27,4005.0,8642.2329,0.9378062193780622,0.4634219010691091
BRD1,10.0,70.4815,0.938006199380062,0.14188120286883793
PCGF2,473.0,1171.125,0.9381061893810619,0.4038851531646921
CCNB2,192.0,563.5976,0.9384061593840616,0.3406685904979013
ASAH1,105.0,388.9635,0.9388061193880612,0.2699482085079962
EGLN3,4.0,58.2829,0.938906109389061,0.06863076476976952
COL11A1,12.0,83.7274,0.939006099390061,0.1433222577077516
REPS1,2.0,36.0521,0.9391060893910609,0.055475270511287825
PPT1,12.0,83.6941,0.9397060293970603,0.14337928241058806
MSH3,157.0,465.3325,0.9399060093990601,0.3373931543573681
EPHX1,208.0,601.8372,0.9401059894010599,0.34560841370390527
CSNK1E,826.0,2007.8396,0.9403059694030597,0.4113874434989727
NSD3,14.0,110.4199,0.9408059194080592,0.12678874007312088
EZH2,689.0,1700.7304,0.941005899410059,0.40512005900523684
GIPR,39.0,160.6247,0.9412058794120588,0.2428020099025866
TNNT1,3.0,45.3627,0.9422057794220577,0.066133629611994
ALDH7A1,377.0,947.9781,0.9425057494250575,0.3976885120025452
EP400,370.0,998.0536,0.9425057494250575,0.370721572468653
PIGK,6.0,65.4859,0.942905709429057,0.09162277681149683
ATP5F1C,180.0,528.7891,0.9431056894310569,0.34040035999229185
HDAC2,945.0,2419.3232,0.9434056594340566,0.3906051080732
FZD2,9.0,87.5824,0.9436056394360564,0.10276037194687516
PARP2,23.0,132.6439,0.9438056194380562,0.17339659041991376
PNPLA7,21.0,111.4857,0.9439056094390561,0.18836496519284537
RBPJL,30.0,205.8205,0.944005599440056,0.14575807560471382
BBS9,10.0,74.9898,0.9448055194480552,0.13335146913313545
UBE2V1,15.0,115.4964,0.9453054694530547,0.12987417789645392
PLCZ1,32.0,142.6044,0.9454054594540546,0.22439700317802255
INPP5F,438.0,912.2724,0.9456054394560544,0.48011975370514337
GPAM,51.0,191.7748,0.9457054294570543,0.26593692184791745
BCAS2,623.0,1577.0425,0.9458054194580542,0.39504325343166086
TRA2B,9.0,96.2524,0.9458054194580542,0.09350416197414299
ATP5PO,143.0,436.9903,0.9463053694630537,0.3272383849252489
CASP4,1.0,32.4731,0.9463053694630537,0.03079471932153074
UBE4B,11.0,85.0953,0.9476052394760524,0.12926683377342815
NR5A2,2.0,29.7789,0.9476052394760524,0.06716164801251893
CENPU,24.0,133.4789,0.9477052294770523,0.1798036993112769
KCNJ6,15.0,93.294,0.9479052094790521,0.16078204386134157
EEF1A2,12.0,107.6115,0.9485051494850515,0.1115122454384522
RSPO2,2.0,37.2359,0.949005099490051,0.05371160627244138
IDUA,6.0,65.8163,0.9498050194980502,0.09116282744548083
PGD,2.0,37.4398,0.95000499950005,0.05341908877718364
KLC3,25.0,137.5561,0.9503049695030497,0.18174403025383826
TBP,1789.0,3854.0851,0.950904909509049,0.4641827965864065
TKT,797.0,1513.3927,0.950904909509049,0.5266313231192405
ATP2A3,1.0,36.3697,0.950904909509049,0.027495415139525484
SCNN1B,32.0,151.127,0.9512048795120488,0.21174244178737087
PDK3,3.0,49.2016,0.9513048695130487,0.0609736268739228
ADCY4,8.0,77.7696,0.9515048495150485,0.10286795868822779
THRB,59.0,226.0015,0.9522047795220479,0.2610602142021181
YTHDC2,2.0,37.6225,0.9528047195280472,0.05315967838394577
TNFRSF1B,2.0,44.4694,0.952904709529047,0.04497474667973932
KDM6A,17.0,109.8056,0.9533046695330467,0.15481906205148008
PSME3IP1,201.0,658.4375,0.9534046595340466,0.30526815377313715
PPP1R9B,3.0,41.9842,0.9537046295370463,0.0714554522891945
LUC7L3,21.0,125.1988,0.954004599540046,0.1677332370597801
NXF5,7.0,67.2743,0.9541045895410459,0.10405162149587585
WNT10B,1.0,35.6173,0.9542045795420458,0.028076243847793066
ITPKC,5.0,68.7842,0.9543045695430457,0.07269111220309316
COMT,37.0,198.9123,0.955004499550045,0.1860116242183113
UQCRFS1,1487.0,3023.9433,0.9555044495550445,0.49174202439576165
RNASEK,136.0,444.1547,0.9561043895610439,0.3061996191867383
NCKIPSD,12.0,87.788,0.9565043495650435,0.13669294208775687
LILRA4,1.0,33.149,0.9568043195680432,0.030166822528583062
H3-4,1150.0,2882.0588,0.957004299570043,0.39902031145235484
CCNH,1627.0,3372.6894,0.9573042695730427,0.48240433880451605
HLA-E,104.0,364.6526,0.9575042495750425,0.28520295755466984
SAR1A,32.0,162.5852,0.9578042195780422,0.19681988274455486
NR0B2,1.0,31.4748,0.9578042195780422,0.031771448905155875
EIF3F,342.0,1122.1199,0.9579042095790421,0.3047802645688754
RNF168,22.0,112.943,0.9579042095790421,0.19478852164366098
TLE4,10.0,86.0404,0.9585041495850415,0.11622447129488007
TOMM20,1.0,35.7917,0.9585041495850415,0.027939438473165566
ARMC8,9.0,81.4257,0.9592040795920408,0.11053021343384213
ASPA,36.0,178.4506,0.9597040295970403,0.20173650298738138
AUH,3.0,52.6058,0.9602039796020398,0.05702793228123135
KHK,9.0,86.2144,0.9605039496050395,0.10439091381486156
DCAF15,97.0,314.6879,0.9607039296070393,0.3082419120658913
PIK3R5,117.0,428.6954,0.9613038696130387,0.2729210530367249
STAG1,68.0,243.8658,0.9616038396160383,0.27884188762835954
NKAP,3.0,51.0208,0.9621037896210379,0.058799548419468134
IRS4,8.0,102.9576,0.9622037796220378,0.07770188893291996
NOG,5.0,59.9188,0.9626037396260374,0.08344626394387071
RSPO3,1.0,33.1489,0.9627037296270373,0.030166913532575744
CD3EAP,34.0,168.5212,0.9628037196280372,0.2017550314144452
FBXO5,98.0,324.4471,0.9631036896310369,0.3020523222429789
ITGB4,109.0,391.6411,0.9637036296370363,0.278316039864049
ING1,53.0,209.6936,0.9638036196380362,0.2527497262672776
DTYMK,183.0,534.89,0.9639036096390361,0.34212641851595654
SAMM50,40.0,189.1586,0.9641035896410359,0.2114627619362799
PPP2R5A,71.0,317.3955,0.9647035296470353,0.22369567306404783
HEXB,19.0,122.7062,0.9647035296470353,0.154841401656966
ADRA1D,5.0,64.4436,0.9647035296470353,0.07758722355672246
DDX39B,709.0,1663.2949,0.9648035196480352,0.4262623543185276
MPHOSPH10,302.0,1347.3749,0.9652034796520348,0.2241395472039742
SLC8A1,4.0,55.5791,0.9652034796520348,0.07196949932618557
BMP7,5.0,76.709,0.9653034696530347,0.06518139983574286
PGK2,3.0,54.9059,0.9657034296570343,0.0546389367991418
RBM28,8.0,83.8923,0.9659034096590341,0.09536036084360543
TRPV1,9.0,83.7246,0.9661033896610339,0.10749528812320394
GPS2,3.0,50.2474,0.9664033596640336,0.059704581729601934
CYP27A1,33.0,173.9573,0.9667033296670333,0.18970172565336435
SGPP1,108.0,457.9522,0.9672032796720328,0.23583247334547142
HJURP,4.0,64.4829,0.9673032696730327,0.06203194955561862
VPS33A,80.0,312.8189,0.9676032396760323,0.25573902344135857
IFT122,3.0,52.0968,0.9679032096790321,0.05758511079375316
SMN1,105.0,345.4069,0.968003199680032,0.30398929494460014
TBPL1,14.0,136.4627,0.9681031896810319,0.10259213689894747
TLN2,12.0,110.2225,0.9684031596840316,0.10887069337022841
YAF2,45.0,219.6966,0.9685031496850315,0.20482793088286302
NADK2,32.0,177.0297,0.9685031496850315,0.18076062943110677
SCN3A,6.0,79.7702,0.9695030496950305,0.07521605812696971
OPLAH,65.0,263.3056,0.9697030296970303,0.24686144161005308
TBL1Y,6.0,72.0619,0.9697030296970303,0.08326175135543193
WDR19,3.0,52.0594,0.97000299970003,0.057626480520328704
RYK,16.0,114.5661,0.9702029797020298,0.13965736810452656
PEX3,191.0,530.7972,0.9704029597040296,0.3598361106652409
GNG3,20.0,135.282,0.9704029597040296,0.14783932821809256
CHRNA6,30.0,171.3725,0.9705029497050295,0.17505725831157273
TNFRSF10A,2.0,48.1052,0.9705029497050295,0.04157554692631981
MCCC1,5.0,63.9704,0.9706029397060294,0.0781611495316584
XPA,49.0,237.3027,0.9707029297070293,0.2064873261029057
SRPK1,35.0,192.4124,0.9709029097090291,0.18190095856607996
MAGT1,14.0,127.0255,0.9709029097090291,0.11021409087151793
ASMT,20.0,128.0703,0.9715028497150285,0.15616423167588425
SDHD,25.0,176.6011,0.9716028397160283,0.14156197215079633
TNIP1,2.0,53.3016,0.9717028297170283,0.03752232578384138
GRXCR1,11.0,125.4606,0.9719028097190281,0.08767692805550109
CLTCL1,6.0,78.0205,0.9721027897210279,0.07690286527258862
SDR16C5,19.0,128.8893,0.9724027597240276,0.1474133229057804
SEPHS2,1.0,44.8558,0.9729027097290271,0.022293661020425452
MCAT,503.0,1124.2504,0.9735026497350265,0.44740922484884155
CCZ1,15.0,122.7214,0.9735026497350265,0.1222280710617708
ATRIP,10.0,99.5408,0.9736026397360263,0.10046131837397328
USB1,5.0,90.6227,0.9738026197380262,0.05517381406645355
S1PR2,3.0,64.1875,0.9741025897410259,0.04673807205452775
MCM10,38.0,190.546,0.9742025797420258,0.19942691003747126
UBXN10,6.0,69.8249,0.9746025397460254,0.08592923154920379
PDGFRB,207.0,637.7829,0.9747025297470253,0.3245618532575897
SRSF1,835.0,2055.4071,0.9748025197480252,0.406245555929042
CENPS,368.0,901.3183,0.975002499750025,0.4082908335490359
ARPC5,44.0,229.7557,0.9752024797520248,0.19150776237542746
TUBB3,21.0,151.0652,0.9752024797520248,0.13901282360199438
NFKB2,17.0,128.2136,0.9754024597540246,0.13259123837096842
PNLIP,2.0,49.855,0.9754024597540246,0.04011633737839736
UCHL5,699.0,1613.2287,0.9759024097590241,0.43329256416030787
TADA3,231.0,718.635,0.9759024097590241,0.32144273518545574
GNAT2,1.0,45.982,0.9762023797620238,0.02174764038101866
F5,3.0,52.5196,0.9763023697630236,0.05712153177099597
MAML3,28.0,159.7782,0.9765023497650235,0.17524293051242285
CD3G,14.0,115.9621,0.9765023497650235,0.12072910028362714
CHRNB2,28.0,176.154,0.9766023397660234,0.15895182624294651
RELB,2.0,54.6908,0.9766023397660234,0.036569221880096835
EIF1AX,394.0,1404.8333,0.9768023197680232,0.2804603222318264
DHX35,9.0,96.2721,0.9771022897710229,0.09348502837270611
NCF4,25.0,172.9137,0.9773022697730227,0.14458079377169072
EMC6,15.0,112.9896,0.9773022697730227,0.13275558104462712
COPS8,177.0,528.9663,0.9775022497750225,0.3346148894551505
IFT81,8.0,87.3889,0.9775022497750225,0.09154480717802832
SPATA13,1.0,43.8855,0.9775022497750225,0.02278656959588019
NUFIP2,156.0,560.5477,0.9777022297770223,0.27829924197351985
SRD5A2,44.0,214.6691,0.9777022297770223,0.20496662071998253
IMMT,32.0,213.3994,0.9778022197780222,0.14995356125649836
RAB1B,19.0,148.6055,0.9781021897810219,0.1278552947232774
AGO3,218.0,631.2339,0.9784021597840216,0.34535534292438985
WHAMM,2.0,52.6842,0.9786021397860214,0.03796204554686225
REV3L,130.0,418.7036,0.9788021197880212,0.31048216447147814
UBXN6,10.0,100.6784,0.9788021197880212,0.09932617125421143
HADHA,30.0,208.3119,0.979002099790021,0.1440148162442952
DCK,363.0,938.2191,0.9791020897910209,0.38690322974665514
TNKS1BP1,204.0,611.8145,0.9791020897910209,0.3334343988251341
EXOSC3,111.0,423.1276,0.9793020697930207,0.26233221373410764
VPS4B,22.0,158.0836,0.9794020597940206,0.13916687119979557
STK26,52.0,260.9546,0.9795020497950205,0.19926837848422674
PPP4R2,18.0,154.6172,0.9796020397960205,0.11641654356695115
PAK3,39.0,214.6788,0.9797020297970203,0.18166675051285922
MRAS,191.0,569.6296,0.9801019898010199,0.3353056091186273
FBXO2,7.0,86.0325,0.9801019898010199,0.08136460058698748
SLC8A3,4.0,64.9706,0.9802019798020198,0.06156630845336198
SMARCA5,371.0,958.1099,0.9803019698030196,0.38722071445039863
ING3,249.0,818.2489,0.9803019698030196,0.30430838342709654
MGST1,16.0,155.567,0.9805019498050195,0.10284957606690365
KPNA3,2.0,49.363,0.9806019398060194,0.040516176083301256
CDKN2B,1.0,53.3739,0.9806019398060194,0.018735749120824974
TTC5,648.0,1499.1544,0.9807019298070193,0.4322436701649944
PSENEN,4.0,62.5224,0.9808019198080192,0.06397707061789056
UBE2C,215.0,796.481,0.9811018898110189,0.2699373870814244
CCNB3,3.0,70.5139,0.9811018898110189,0.04254480322319429
CYP2C8,343.0,904.5831,0.9812018798120188,0.37918019914367185
CARNS1,88.0,345.2854,0.9813018698130187,0.2548616304077728
ACVR2B,72.0,355.076,0.9813018698130187,0.2027734907456432
TUBGCP3,8.0,95.2847,0.9813018698130187,0.08395891470508907
SNAPIN,12.0,112.5163,0.9814018598140186,0.10665121409075841
CENPF,20.0,144.6832,0.9816018398160185,0.13823304986342574
RPS6KA2,13.0,152.1747,0.9816018398160185,0.085428129643101
STAT5B,40.0,264.2672,0.9817018298170183,0.15136195486991955
HLA-G,16.0,122.249,0.9817018298170183,0.13088041619972351
PIK3AP1,7.0,88.8715,0.9817018298170183,0.0787654084830345
CREM,5.0,78.9581,0.9817018298170183,0.06332472539232833
AVPR1B,1.0,51.5404,0.9817018298170183,0.019402255318158184
CCL15,1.0,46.7721,0.9818018198180182,0.021380267296101735
FZD9,10.0,94.8004,0.982001799820018,0.10548478698402117
CHPT1,105.0,421.6622,0.9822017798220178,0.24901449548951746
PHF1,7.0,89.6717,0.9825017498250175,0.07806253254928812
KCNJ18,7.0,79.1874,0.9827017298270173,0.0883979016863794
IFT43,2.0,56.3976,0.9827017298270173,0.03546250195043761
DHX15,536.0,1433.6136,0.983001699830017,0.37388038171512883
SYNE2,1.0,42.6763,0.983001699830017,0.023432209446460916
H1-1,1.0,45.3812,0.9831016898310169,0.02203555657408795
MED12,132.0,526.6274,0.9832016798320168,0.2506515992141693
GNB4,76.0,423.6166,0.9832016798320168,0.1794075114148029
GUCY2F,12.0,112.1561,0.9833016698330167,0.10699373462522324
STRN4,95.0,409.6727,0.9835016498350165,0.231892435107343
FLCN,18.0,133.6402,0.9837016298370163,0.134690010939822
ARIH1,19.0,163.8805,0.9838016198380162,0.11593813785044589
SPDL1,8.0,100.8515,0.9838016198380162,0.0793245514444505
FAAP100,19.0,155.589,0.9843015698430156,0.12211660207341136
PIGO,5.0,69.7964,0.9843015698430156,0.07163693256385716
ING2,272.0,812.8278,0.9844015598440156,0.3346342238786616
MMP15,1.0,49.4557,0.9846015398460154,0.020220116184787598
MZT2B,39.0,217.3203,0.9849015098490151,0.17945861477275707
COX5B,768.0,1966.4392,0.9851014898510149,0.39055364640818796
RRAGB,31.0,233.0669,0.9851014898510149,0.1330090201568734
CHMP7,119.0,430.851,0.9853014698530147,0.2761975717823563
GYG2,5.0,77.2778,0.9854014598540146,0.06470163488091017
ATP6V1F,162.0,611.3785,0.9858014198580142,0.2649749704969998
GUK1,580.0,1364.4919,0.986001399860014,0.425066649351308
AKR1C1,137.0,557.8058,0.986001399860014,0.24560519091052838
TLR6,2.0,50.9544,0.986001399860014,0.0392507810905437
ADCY8,54.0,284.0563,0.9861013898610139,0.1901031591272575
LAGE3,2.0,45.7261,0.9861013898610139,0.04373869628067996
PIGS,2.0,56.5574,0.9862013798620138,0.035362304490659045
MAPK9,1731.0,4637.0487,0.9863013698630136,0.3732977831352084
TAF5L,204.0,717.6348,0.9863013698630136,0.284267150924119
NDUFAB1,2612.0,5764.037,0.9868013198680132,0.45315462062439915
IGHV3-72,1.0,49.0191,0.9868013198680132,0.020400211346189547
ING5,15.0,122.9812,0.987001299870013,0.12196986206021733
HLA-DRB5,6.0,87.2566,0.987001299870013,0.06876270677518949
PCCA,76.0,358.9302,0.9871012898710129,0.211740332800082
HLA-DPB1,46.0,236.5473,0.9871012898710129,0.19446427839167896
ATG16L2,5.0,74.7203,0.9871012898710129,0.06691621955479302
NME1,290.0,830.6735,0.9872012798720128,0.34911430303241886
CENPT,58.0,267.8215,0.9872012798720128,0.21656215053683142
ATP5F1D,117.0,460.7524,0.9873012698730127,0.2539324808725901
MAP3K14,32.0,198.9174,0.9875012498750125,0.16087079360578815
SDHC,31.0,228.8018,0.9875012498750125,0.13548844458391499
GALR2,2.0,69.6602,0.9875012498750125,0.02871079899282517
FZD6,4.0,94.528,0.9876012398760124,0.042315504400812456
MNAT1,1246.0,3198.2824,0.9877012298770123,0.389584109270651
BRK1,33.0,213.2554,0.9877012298770123,0.15474402992843322
CD3E,8.0,107.7704,0.9877012298770123,0.07423188556412522
SIGMAR1,4.0,66.5522,0.9877012298770123,0.0601031971895745
CUL4A,322.0,1170.9898,0.9878012198780122,0.27498104594933276
LATS2,31.0,209.7298,0.9879012098790121,0.14780922882680478
GID8,5.0,82.1169,0.9879012098790121,0.06088880608011262
SMAD9,19.0,167.3299,0.9882011798820118,0.11354814650579484
CD3D,5.0,88.893,0.9882011798820118,0.0562473985578167
E2F4,4.0,96.4306,0.9882011798820118,0.041480608852376734
IL12RB2,2.0,58.6029,0.9882011798820118,0.03412800390424365
NUDT2,68.0,310.0133,0.9883011698830118,0.21934542808324675
POLR3A,104.0,529.0538,0.9884011598840116,0.196577361319397
PF4V1,42.0,233.3224,0.9884011598840116,0.18000843468093936
BRPF1,87.0,381.2069,0.9885011498850115,0.22822252168048374
UBQLN2,4.0,73.7144,0.9885011498850115,0.054263481762043785
GPAA1,2.0,61.0731,0.9885011498850115,0.03274764176044773
MTMR7,5.0,83.3945,0.9887011298870113,0.05995599230165059
CALML5,117.0,519.704,0.9888011198880112,0.225128149869926
HACD1,6.0,102.5745,0.9888011198880112,0.05849407016363716
ENTPD2,111.0,426.9069,0.9889011098890111,0.26000985226521284
PFN4,2.0,64.7622,0.989001099890011,0.030882212154621055
PNPLA3,5.0,78.1419,0.9892010798920108,0.0639861585141902
UTP20,616.0,2135.3227,0.9894010598940106,0.28848098697213304
PRIM2,95.0,447.6771,0.9895010498950105,0.21220652117340824
TFPT,81.0,352.3148,0.9895010498950105,0.22990802543634273
SCN4B,58.0,286.4615,0.9895010498950105,0.20247048905350282
TJP2,1.0,58.4996,0.9896010398960104,0.017094133976984456
MAPK8IP2,1.0,56.3569,0.9896010398960104,0.017744056184779502
YEATS4,130.0,597.0596,0.9897010298970103,0.21773370698670616
CERS2,101.0,490.3466,0.9897010298970103,0.2059767519546378
HACD2,6.0,103.1595,0.9897010298970103,0.058162360228578076
ARHGDIB,2.0,74.8988,0.9897010298970103,0.02670269750650211
HMGN1,193.0,959.3344,0.9899010098990101,0.20118115226557082
PIP4K2A,99.0,418.5069,0.9899010098990101,0.23655523959103184
UBXN8,5.0,82.1824,0.9899010098990101,0.06084027723697531
PDE4A,1.0,50.2229,0.99000099990001,0.01991123571119947
TUFM,1399.0,4582.2408,0.9902009799020098,0.30530914045372737
ACTR1B,8.0,107.8158,0.9902009799020098,0.07420062736630438
NVL,46.0,243.1008,0.9903009699030098,0.18922191946715108
NOM1,3.0,72.5555,0.9904009599040096,0.041347657999738135
PPP2R2D,113.0,562.624,0.9905009499050095,0.20084461380957797
SCN7A,4.0,74.094,0.9905009499050095,0.053985477906443174
MPHOSPH8,2.0,58.1551,0.9905009499050095,0.034390792896925634
BUD13,530.0,1819.6209,0.9906009399060094,0.2912694616774296
AMY1B,9.0,107.4835,0.9906009399060094,0.08373378239450706
GPR119,8.0,98.1982,0.9906009399060094,0.08146788841343323
GNG2,2241.0,5717.6311,0.9907009299070093,0.39194553842412116
CCND2,21.0,209.7619,0.9907009299070093,0.10011350965070397
ROCK2,78.0,384.3004,0.9908009199080092,0.20296622121652746
PSMB2,625.0,1576.6531,0.9909009099090091,0.39640933062574135
STX6,199.0,709.7676,0.9909009099090091,0.2803734630884813
ALDH6A1,139.0,501.1484,0.9909009099090091,0.2773629527700777
LRAT,50.0,266.97,0.9912008799120088,0.18728696108176948
GNGT1,3.0,75.283,0.9912008799120088,0.03984963404752733
MYL2,72.0,336.9555,0.9913008699130087,0.21367806728188146
CREB3L2,54.0,345.3138,0.9913008699130087,0.15637950177490734
PIP4P1,146.0,514.9586,0.9915008499150085,0.2835179371700948
EMC2,10.0,109.9187,0.9915008499150085,0.09097633068804489
DUSP1,2.0,72.8536,0.9915008499150085,0.027452315328274787
PFKM,97.0,425.3906,0.9917008299170083,0.22802572506303617
GATAD2A,44.0,245.7859,0.9918008199180082,0.17901759214015125
PHC1,275.0,1043.4648,0.9919008099190081,0.2635450663980232
SKA1,11.0,121.864,0.9919008099190081,0.09026455721131753
CDC26,252.0,1016.1021,0.992000799920008,0.24800657335517762
ACOT4,15.0,140.0413,0.992000799920008,0.10711125932135734
GSPT1,547.0,2154.2501,0.9921007899210079,0.25391666455069445
SHC3,37.0,242.8233,0.9921007899210079,0.15237417496591144
GPATCH1,4.0,75.3865,0.9921007899210079,0.05305989799234611
RRP1B,292.0,949.047,0.9922007799220078,0.3076770697341649
ITGB7,99.0,467.9581,0.9922007799220078,0.21155740225460357
MBD3,41.0,252.6058,0.9922007799220078,0.16230822886885415
PLXNB2,25.0,167.3607,0.9924007599240076,0.14937796029772818
GRK3,2.0,57.2475,0.9924007599240076,0.03493602340713568
ASB4,93.0,391.4413,0.9925007499250075,0.2375835150762068
WDR59,5.0,128.8282,0.9925007499250075,0.03881137825414001
TRAF3IP1,4.0,80.1929,0.9925007499250075,0.04987972750704863
EIF4A3,697.0,2205.3183,0.9926007399260074,0.31605414964361384
PIP4K2C,110.0,459.4449,0.9926007399260074,0.23941935148262608
CCL13,64.0,327.6413,0.9926007399260074,0.1953355697221321
H1-4,2.0,70.5514,0.9928007199280072,0.028348126330590178
KCNU1,11.0,124.3652,0.9929007099290071,0.08844918031732349
CYP7B1,11.0,99.0379,0.9929007099290071,0.11106859091317567
KCNMB4,10.0,126.9155,0.9929007099290071,0.07879258246628662
USP14,234.0,829.3537,0.993000699930007,0.28214741189434617
LSM10,99.0,554.208,0.993000699930007,0.17863329291529534
MAT1A,1.0,52.1026,0.9931006899310069,0.019192900162371934
ZSWIM8,233.0,768.6716,0.9932006799320068,0.3031203442406354
PELP1,43.0,372.1981,0.9932006799320068,0.11552987508533762
GABRB2,1.0,60.9783,0.9932006799320068,0.01639927646392241
POLA2,73.0,383.0112,0.9933006699330067,0.1905949486594648
COPA,28.0,201.8363,0.9933006699330067,0.13872628461778183
SF3B1,1113.0,3116.5148,0.9934006599340066,0.35712970142160083
CTNNBL1,308.0,1100.1592,0.9934006599340066,0.27995948222766304
VAMP8,168.0,658.2298,0.9934006599340066,0.25523001237561715
UBE2E1,165.0,573.5622,0.9934006599340066,0.2876758614845958
VPS28,63.0,331.678,0.9934006599340066,0.18994325822032213
XCL2,28.0,196.0318,0.9934006599340066,0.14283396877445395
CDO1,9.0,139.7614,0.9934006599340066,0.06439546255260752
AEBP2,142.0,561.2799,0.9935006499350065,0.25299320356919963
CHCHD3,42.0,246.0689,0.9935006499350065,0.1706839019477878
ERH,3.0,99.8486,0.9935006499350065,0.030045488870149406
EIF3E,244.0,1207.7238,0.9936006399360064,0.20203294826184595
GDF7,1.0,61.7467,0.9936006399360064,0.016195197476140427
NFKBIE,3.0,80.4494,0.9937006299370063,0.03729052050108515
MYH11,55.0,383.1855,0.9938006199380062,0.1435336149201888
RYBP,46.0,291.8284,0.9938006199380062,0.15762687935786923
ULK2,174.0,609.5747,0.9939006099390061,0.28544491757942053
GGA2,1.0,58.1851,0.9939006099390061,0.017186530572259908
VAV3,142.0,592.9611,0.994000599940006,0.23947608030273826
HTATSF1,101.0,552.3531,0.994000599940006,0.1828540475286551
GAN,194.0,700.3186,0.9942005799420058,0.2770167749364361
MGA,112.0,520.2068,0.9942005799420058,0.21529899263139196
VPS33B,57.0,330.0369,0.9942005799420058,0.1727079608371064
CXCL11,51.0,315.4658,0.9942005799420058,0.1616657019556478
GPAT2,31.0,223.2448,0.9942005799420058,0.13886101714351243
CCNE2,38.0,260.5882,0.9943005699430058,0.14582394751565883
EIF2B4,5.0,87.1269,0.9943005699430058,0.057387557688842364
LCP2,47.0,293.9712,0.9945005499450055,0.15987960725404393
CXCL6,22.0,184.8085,0.9945005499450055,0.11904214362434627
CCT7,143.0,671.8891,0.9946005399460054,0.2128327427844863
UPRT,116.0,500.7209,0.9946005399460054,0.23166598398429147
RRAS2,59.0,404.9677,0.9946005399460054,0.1456906316232134
UGT2B7,47.0,265.475,0.9946005399460054,0.17704115265090872
FIP1L1,37.0,240.3203,0.9946005399460054,0.1539611926250092
PYGM,18.0,166.9442,0.9946005399460054,0.10782045737438019
RPAP3,6.0,106.3434,0.9946005399460054,0.05642099086544158
TCIRG1,31.0,246.7062,0.9947005299470053,0.12565553682882716
GNPAT,196.0,660.6648,0.9948005199480052,0.2966708684948858
RPA2,155.0,660.9502,0.9949005099490051,0.23451086027358795
DUT,42.0,313.7738,0.9949005099490051,0.13385438809741285
RASGRF1,36.0,244.7232,0.9949005099490051,0.14710497410952456
TUBA1C,6.0,105.183,0.9949005099490051,0.057043438578477504
PSMA4,476.0,1412.4706,0.9951004899510049,0.3369981647759606
GRIN2B,144.0,608.4773,0.9951004899510049,0.2366563222654321
DPM3,14.0,148.8691,0.9951004899510049,0.09404234995710997
H3C13,5626.0,13608.2172,0.9953004699530047,0.4134266757588202
ALDH3A1,117.0,463.7141,0.9953004699530047,0.2523106370929847
SARDH,14.0,142.5212,0.9954004599540046,0.0982310000196462
HSD17B2,88.0,401.5369,0.9955004499550045,0.2191579404034847
TFIP11,49.0,384.1006,0.9955004499550045,0.12757074578899383
PCID2,8.0,119.6429,0.9955004499550045,0.06686564768991725
SMARCC2,131.0,727.2213,0.9956004399560044,0.1801377379897976
KCNMB3,10.0,125.0496,0.9956004399560044,0.07996826859102309
IFT52,2.0,71.2673,0.9956004399560044,0.02806336145749874
SVIP,1.0,57.7105,0.9956004399560044,0.01732786927855416
LHCGR,10.0,133.7751,0.9957004299570043,0.07475232685305411
LPAR6,3.0,89.1991,0.9958004199580042,0.03363262633815812
ITPR3,80.0,479.4968,0.9959004099590041,0.16684157224824023
DNAJC11,40.0,251.9153,0.9959004099590041,0.1587835276380593
CHRNA4,12.0,156.9306,0.9959004099590041,0.07646692232107696
RFC4,11.0,153.5397,0.9959004099590041,0.07164270869358218
KIF2C,7.0,115.9274,0.996000399960004,0.06038261877692418
BLOC1S3,6.0,108.3115,0.9961003899610039,0.055395779764844916
KPTN,5.0,106.7471,0.9961003899610039,0.04683967995383481
NELFE,249.0,859.1496,0.9962003799620038,0.2898214699744957
YKT6,29.0,221.5576,0.9962003799620038,0.13089147020910138
INTS1,189.0,678.8773,0.9963003699630038,0.27840082441996516
TIPIN,20.0,216.9774,0.9964003599640036,0.09217549846205181
STX10,8.0,137.0842,0.9964003599640036,0.058358293661851614
RRP36,4.0,94.4299,0.9964003599640036,0.04235946453400882
HTR7,13.0,158.7083,0.9965003499650035,0.08191128000236912
AP2A2,96.0,455.2997,0.9966003399660034,0.21085012794868963
TNNT2,5.0,120.8207,0.9966003399660034,0.04138363707543492
CHKB,2.0,84.2997,0.9966003399660034,0.023724876838233114
CACNB1,1.0,63.5265,0.9966003399660034,0.015741462224426028
MAPK12,454.0,1707.1337,0.9967003299670033,0.26594284911603583
GAR1,178.0,652.7884,0.9967003299670033,0.2726764139803955
UBE2S,169.0,849.1072,0.9967003299670033,0.1990325838716242
KCNJ5,6.0,101.395,0.9967003299670033,0.059174515508654275
RPS15,2810.0,10528.9493,0.9969003099690031,0.2668832302193724
BCOR,170.0,831.9024,0.9969003099690031,0.2043508950088376
SINHCAF,24.0,210.8635,0.9969003099690031,0.11381770671548182
SPC24,8.0,123.6362,0.9969003099690031,0.06470596799319293
TM7SF2,6.0,98.1071,0.9969003099690031,0.061157653217758956
PPP2R5E,1.0,78.1917,0.9969003099690031,0.012789081194039776
CBX7,324.0,1349.1216,0.997000299970003,0.24015626167426274
IFT172,3.0,84.0276,0.997000299970003,0.03570255487482684
SUZ12,227.0,1108.9669,0.9971002899710029,0.2046950183995573
RALB,10.0,139.4775,0.9971002899710029,0.07169615170905702
RING1,281.0,1179.0366,0.9972002799720028,0.23833017567054324
CACNB4,218.0,767.9062,0.9972002799720028,0.2838888395483719
LUC7L2,67.0,368.8061,0.9972002799720028,0.18166727719525247
SENP3,34.0,356.6945,0.9972002799720028,0.09531966430657046
PTPN2,3.0,105.274,0.9972002799720028,0.02849706480232536
KLHL20,216.0,789.8221,0.9973002699730027,0.273479306289353
MRPL50,941.0,2840.7873,0.9974002599740026,0.3312462006571207
APC2,28.0,266.3454,0.9974002599740026,0.10512665133319367
STXBP1,1.0,66.3257,0.9974002599740026,0.015077111888755039
CAND1,1.0,63.281,0.9974002599740026,0.0158025315655568
IRS2,121.0,627.1822,0.9975002499750025,0.19292639363808475
POT1,18.0,176.6672,0.9975002499750025,0.10188648487098906
CHRM5,1.0,65.1924,0.9975002499750025,0.015339211319110814
PSIP1,46.0,438.0791,0.9976002399760024,0.10500386802292098
SEPTIN8,9.0,128.6918,0.9976002399760024,0.06993452574289892
NBAS,4.0,97.8544,0.9976002399760024,0.04087705815987835
ACADSB,3.0,111.9077,0.9976002399760024,0.026807806790774897
CCL17,3.0,96.4037,0.9976002399760024,0.03111913754347603
DOT1L,238.0,1010.8338,0.9977002299770023,0.23544919055931846
SNAP23,79.0,457.9309,0.9977002299770023,0.1725151109042871
ATP6V1C2,25.0,252.3162,0.9977002299770023,0.09908202485611307
INTS6,240.0,833.3344,0.9978002199780022,0.28799963136047185
SGIP1,77.0,392.9661,0.9978002199780022,0.19594565536314712
FANCI,73.0,403.7602,0.9978002199780022,0.18080038597167328
NMNAT2,35.0,316.2613,0.9978002199780022,0.11066798245627903
PRKD2,7.0,132.4193,0.9978002199780022,0.052862384863837826
CSH1,5.0,114.4882,0.9978002199780022,0.04367262303014634
ELOC,1236.0,3414.1696,0.9979002099790021,0.3620206799334163
ATXN7,26.0,274.1558,0.9979002099790021,0.09483658562029328
KIR3DL1,20.0,198.6195,0.9979002099790021,0.1006950475658231
CYFIP2,15.0,220.687,0.9979002099790021,0.06796956775886209
CASP5,8.0,135.5708,0.9979002099790021,0.0590097572633635
GNPDA2,5.0,104.7313,0.9979002099790021,0.04774121967358373
KIN,137.0,822.7691,0.998000199980002,0.16651087164065836
SCN4A,23.0,214.9265,0.998000199980002,0.10701332781206599
PTPN5,12.0,148.5281,0.998000199980002,0.0807927927442686
UBE2T,8.0,141.8632,0.998000199980002,0.05639235545229489
STT3B,246.0,1066.0365,0.9981001899810019,0.230761329466674
FBP1,68.0,406.4105,0.9981001899810019,0.1673185117018384
BICRAL,22.0,297.9934,0.9981001899810019,0.07382713845340198
MAPK13,435.0,1697.802,0.9982001799820018,0.25621362208314047
GRIA4,101.0,536.5984,0.9982001799820018,0.18822270062676297
DPF3,84.0,466.3691,0.9982001799820018,0.18011484894689636
TUBGCP6,37.0,271.1277,0.9982001799820018,0.13646705961803238
RPS6KA3,5.0,140.5996,0.9982001799820018,0.035561978839200106
PCF11,3.0,100.7972,0.9982001799820018,0.02976273150444655
ATXN3L,1.0,75.0211,0.9982001799820018,0.013329583277238002
IBA57,1.0,80.3086,0.9982001799820018,0.012451966539075517
MRPS10,1724.0,6373.8589,0.9983001699830018,0.27047978737025385
ACTG1,1629.0,4657.866,0.9983001699830018,0.34973097122158514
MCM6,131.0,689.1672,0.9983001699830018,0.19008449618612147
RBM5,34.0,279.736,0.9983001699830018,0.12154316927388681
RAMP1,16.0,169.8816,0.9983001699830018,0.09418324291742014
CRY2,11.0,156.1179,0.9983001699830018,0.07045956933830137
GNG13,4.0,101.8494,0.9983001699830018,0.039273672697139106
FANCE,1121.0,4094.4112,0.9984001599840016,0.2737878403615152
NMNAT1,40.0,345.6667,0.9984001599840016,0.11571840735598772
MBD2,12.0,157.0532,0.9984001599840016,0.07640723016149942
UCK1,12.0,167.0416,0.9984001599840016,0.07183839235256367
PHF12,10.0,177.1976,0.9984001599840016,0.05643417292333531
NOC2L,572.0,2161.5019,0.9985001499850015,0.26463081064143407
WDR43,185.0,1664.438,0.9985001499850015,0.11114862794528843
GNB2,42.0,347.3999,0.9985001499850015,0.1208981349735564
MGST3,6.0,147.4737,0.9985001499850015,0.0406852204833811
KCNJ9,3.0,87.4462,0.9985001499850015,0.0343068080717058
ADCY6,13.0,196.6062,0.9986001399860014,0.06612202463604912
GNMT,12.0,161.6662,0.9986001399860014,0.07422701838726957
KCNQ2,4.0,108.0979,0.9986001399860014,0.03700349405492614
CXCL13,4.0,105.668,0.9986001399860014,0.03785441193171064
TFB1M,79.0,447.4387,0.9987001299870013,0.17656049867836646
SRSF6,51.0,360.2752,0.9987001299870013,0.1415584530936351
DYNC1I1,36.0,313.1373,0.9987001299870013,0.11496554386845644
STX5,23.0,238.2694,0.9987001299870013,0.09652939068130445
DHRS9,8.0,144.5051,0.9987001299870013,0.0553613678686773
CXCL3,5.0,125.002,0.9987001299870013,0.039999360010239834
GABPB1,5.0,102.307,0.9987001299870013,0.0488725111673688
THOC6,3.0,96.4518,0.9987001299870013,0.03110361859498734
COL5A2,1.0,78.6128,0.9987001299870013,0.012720574766450249
SVBP,1.0,68.1076,0.9987001299870013,0.01468264921976402
PEF1,277.0,1015.9674,0.9988001199880012,0.2726465435800401
SELENOI,54.0,352.7241,0.9988001199880012,0.15309416056345454
ATP1A4,11.0,162.0008,0.9988001199880012,0.0679008992548185
MYLK3,2.0,92.8666,0.9988001199880012,0.021536268152382017
QDPR,1.0,78.157,0.9988001199880012,0.0127947592666044
STXBP5,1.0,69.7965,0.9988001199880012,0.014327365985400416
EEF2,1039.0,4246.4893,0.9989001099890011,0.24467269939900707
U2AF2,199.0,870.2809,0.9989001099890011,0.2286618033326941
INO80C,132.0,793.6338,0.9989001099890011,0.166323561320095
TRAF3,42.0,351.4693,0.9989001099890011,0.11949834594372824
METTL17,37.0,455.3877,0.9989001099890011,0.0812494496447752
LAS1L,32.0,365.9222,0.9989001099890011,0.0874502831476199
POLR1E,22.0,223.7171,0.9989001099890011,0.09833848194885417
ITK,20.0,241.5084,0.9989001099890011,0.08281285454253351
SEC24A,10.0,152.5422,0.9989001099890011,0.06555562985193605
GNG4,8.0,132.0208,0.9989001099890011,0.060596512064765545
SEPTIN12,6.0,135.3759,0.9989001099890011,0.044321034984808966
SIN3B,4.0,151.2601,0.9989001099890011,0.02644451511006538
BMI1,211.0,1117.9447,0.999000099990001,0.1887392104457403
PNO1,203.0,1425.8157,0.999000099990001,0.14237464210837347
ATP6V1E1,97.0,586.6795,0.999000099990001,0.16533729233763922
POP4,64.0,427.4196,0.999000099990001,0.1497357631704302
ATP5PB,16.0,216.5188,0.999000099990001,0.07389658542352905
NAA38,12.0,175.1444,0.999000099990001,0.06851489399603984
ADH6,9.0,164.4857,0.999000099990001,0.0547160026677091
GSTT2B,5.0,157.2081,0.999000099990001,0.03180497697001618
GPX4,73.0,554.6252,0.9991000899910009,0.13162041681481476
CPSF4,28.0,262.7164,0.9991000899910009,0.10657880512979014
RRAGD,6.0,155.441,0.9991000899910009,0.03859985460721431
SOAT1,4.0,107.2622,0.9991000899910009,0.03729179524566902
ABCE1,1478.0,4275.3579,0.9992000799920008,0.34570205221883293
SLU7,320.0,1508.8644,0.9992000799920008,0.212080025216315
VPS72,83.0,595.8871,0.9992000799920008,0.13928813025151912
H2BC17,55.0,465.0421,0.9992000799920008,0.11826886210947353
IMPDH1,53.0,468.0948,0.9992000799920008,0.1132249279419468
RRAGC,20.0,282.3642,0.9992000799920008,0.07083050896678829
LPCAT2,20.0,222.9543,0.9992000799920008,0.08970448203959287
NSL1,12.0,152.237,0.9992000799920008,0.0788244644862944
TMEM258,7.0,178.8065,0.9992000799920008,0.0391484649607257
DSN1,6.0,142.3283,0.9992000799920008,0.04215605750929365
RDH5,2.0,110.7402,0.9992000799920008,0.018060288856259966
MAPK3,2091.0,6658.6031,0.9993000699930007,0.3140298300705143
NIFK,539.0,2504.6022,0.9993000699930007,0.21520383556318845
VAV2,117.0,652.6156,0.9993000699930007,0.1792785829820801
PEX2,102.0,592.4679,0.9993000699930007,0.17216122594996286
ITGB5,80.0,563.5659,0.9993000699930007,0.14195323031432525
EXOSC8,53.0,377.3356,0.9993000699930007,0.14045852021383617
UGT2A2,30.0,260.3035,0.9993000699930007,0.11525008307610156
APOO,22.0,253.5406,0.9993000699930007,0.08677111279219185
PATL2,10.0,154.6561,0.9993000699930007,0.06465958989008516
NAPB,8.0,175.4947,0.9993000699930007,0.04558542223782257
ZNHIT1,3.0,113.8777,0.9993000699930007,0.026344051557065165
CXCL5,1.0,91.1948,0.9993000699930007,0.010965537508717602
PPP2CB,704.0,2610.2531,0.9994000599940006,0.26970564655205276
DHX38,255.0,1505.6272,0.9994000599940006,0.1693646342202107
ITPR2,115.0,596.1474,0.9994000599940006,0.1929053116729185
GRIN2C,95.0,557.37,0.9994000599940006,0.1704433320774351
BPGM,86.0,461.3771,0.9994000599940006,0.1863985013560491
PRDX6,59.0,537.4757,0.9994000599940006,0.10977240459429144
AAAS,53.0,386.7284,0.9994000599940006,0.13704708524121836
MICOS10,25.0,244.628,0.9994000599940006,0.10219598737675165
BCKDHB,22.0,286.5794,0.9994000599940006,0.07676755551864509
DCTN5,20.0,246.9649,0.9994000599940006,0.08098316805343593
WDHD1,13.0,166.7935,0.9994000599940006,0.07794068713708868
NNT,7.0,143.2818,0.9994000599940006,0.048854774297921996
GLB1,7.0,158.1415,0.9994000599940006,0.04426415583512234
FANCD2,6.0,157.2004,0.9994000599940006,0.03816784181210735
NFKBIB,3.0,106.8677,0.9994000599940006,0.02807209287745502
COL5A1,2.0,86.138,0.9994000599940006,0.02321855627017112
LIMK2,2.0,111.7686,0.9994000599940006,0.01789411337352351
CNOT8,2.0,99.3899,0.9994000599940006,0.020122769013752907
MAGOH,242.0,1291.4305,0.9995000499950005,0.18738910069105538
POP1,139.0,674.2143,0.9995000499950005,0.20616590303706106
NR0B1,120.0,588.5639,0.9995000499950005,0.20388610310622177
SNAP25,98.0,563.6565,0.9995000499950005,0.17386475628330372
HLA-B,51.0,417.0815,0.9995000499950005,0.12227825976457839
MDH2,31.0,317.0759,0.9995000499950005,0.09776838920901905
RPRD1B,28.0,325.1604,0.9995000499950005,0.08611134689217999
OGDHL,24.0,359.074,0.9995000499950005,0.06683859037412901
LAT,22.0,266.1401,0.9995000499950005,0.08266322887832385
GINS1,12.0,194.318,0.9995000499950005,0.061754443746847944
SAP30L,10.0,185.2205,0.9995000499950005,0.05398970416341604
LPAR2,6.0,155.0581,0.9995000499950005,0.03869517297064778
CYP21A2,6.0,140.7635,0.9995000499950005,0.04262468608694726
IMPA2,6.0,155.9204,0.9995000499950005,0.03848117372710691
BLOC1S6,2.0,111.6775,0.9995000499950005,0.017908710348995993
SLMAP,2.0,131.6253,0.9995000499950005,0.01519464722967393
CETN3,1.0,111.0797,0.9995000499950005,0.009002545019477006
EIF2B3,1.0,90.4446,0.9995000499950005,0.011056492040431382
RPL23,2783.0,12438.6529,0.9996000399960004,0.2237380544640811
RPL10,1308.0,5014.6709,0.9996000399960004,0.26083466414515855
CACNA1D,288.0,1419.1365,0.9996000399960004,0.20294030912459793
RPP30,197.0,887.6745,0.9996000399960004,0.22192819552662604
CDC27,185.0,1237.1287,0.9996000399960004,0.149539817482207
ANAPC2,178.0,1133.7308,0.9996000399960004,0.15700376138674188
CUL2,149.0,697.8629,0.9996000399960004,0.21350898579076205
HADHB,85.0,595.7288,0.9996000399960004,0.14268237493302321
KAT6A,84.0,512.3884,0.9996000399960004,0.16393813755346529
VAMP3,70.0,535.0565,0.9996000399960004,0.1308273051537548
CALML6,64.0,504.6237,0.9996000399960004,0.12682717835091772
ATP1B2,60.0,425.495,0.9996000399960004,0.14101223281119638
TK2,51.0,378.6121,0.9996000399960004,0.13470250950775214
BAG3,38.0,375.2589,0.9996000399960004,0.10126342106742839
VTI1A,34.0,352.2018,0.9996000399960004,0.0965355656898971
AOC2,18.0,222.7102,0.9996000399960004,0.08082252182432596
IDH3G,17.0,279.3608,0.9996000399960004,0.06085320488772942
TAF15,13.0,185.9556,0.9996000399960004,0.06990916111157718
PFDN6,10.0,199.0328,0.9996000399960004,0.05024297502723169
PLD2,8.0,173.5544,0.9996000399960004,0.04609505722701355
TCF7L1,7.0,203.0191,0.9996000399960004,0.03447951448903083
PDE10A,4.0,125.7738,0.9996000399960004,0.03180312592924759
NCKAP1L,2.0,118.6514,0.9996000399960004,0.01685610115009178
VDAC3,2.0,104.8728,0.9996000399960004,0.019070721864964033
GPAT4,1.0,98.4935,0.9996000399960004,0.0101529542558646
H4C1,5201.0,13124.3195,0.9997000299970003,0.3962872132151309
MRPL13,1096.0,4991.6855,0.9997000299970003,0.2195651148294499
ARL6IP1,323.0,1838.4972,0.9997000299970003,0.17568696868290035
PLPP4,156.0,802.3874,0.9997000299970003,0.19441980270378126
SMARCE1,74.0,734.0257,0.9997000299970003,0.10081390883180248
CHMP2A,62.0,528.2125,0.9997000299970003,0.11737700262678373
EXOSC9,53.0,475.8023,0.9997000299970003,0.11139080244042536
PSMC4,46.0,789.4848,0.9997000299970003,0.058265846283551
CNDP2,41.0,361.9228,0.9997000299970003,0.11328382737976166
STX16,37.0,399.4575,0.9997000299970003,0.09262562350187442
HLA-C,30.0,343.681,0.9997000299970003,0.08729024880630586
STX3,28.0,291.2884,0.9997000299970003,0.09612466545183398
MYLPF,24.0,286.478,0.9997000299970003,0.08377606657404757
CPLX1,22.0,313.6165,0.9997000299970003,0.0701493703296861
NEK2,21.0,277.5716,0.9997000299970003,0.07565615502450539
UPF3A,21.0,262.2378,0.9997000299970003,0.08007998846848166
AFG3L2,19.0,270.9493,0.9997000299970003,0.07012382021285901
PRPF40A,18.0,306.6012,0.9997000299970003,0.05870818509516597
SRSF4,16.0,246.6738,0.9997000299970003,0.06486298909734232
SEPTIN6,14.0,196.8087,0.9997000299970003,0.07113506669166557
PPP2R5C,13.0,279.1291,0.9997000299970003,0.0465734314336986
CTNNA3,12.0,243.9545,0.9997000299970003,0.04918950050111804
ADCY9,9.0,195.0059,0.9997000299970003,0.046152449746392286
GLP1R,8.0,158.2675,0.9997000299970003,0.0505473328383907
PDE1C,8.0,193.6839,0.9997000299970003,0.04130441404783774
QPRT,7.0,172.5923,0.9997000299970003,0.040558008671302256
COL1A2,5.0,145.8688,0.9997000299970003,0.03427737802737803
SCNN1G,5.0,150.2229,0.9997000299970003,0.03328387349731632
SEC24D,4.0,130.251,0.9997000299970003,0.030709936967854373
STX18,4.0,158.1095,0.9997000299970003,0.025298922582134533
CACNA1E,4.0,122.5981,0.9997000299970003,0.03262693304382368
CDK12,3.0,117.8836,0.9997000299970003,0.02544883257722024
TSHB,2.0,138.0861,0.9997000299970003,0.014483717043207101
PRPS2,2.0,122.4356,0.9997000299970003,0.01633511821725054
PPT2,1.0,79.6341,0.9997000299970003,0.012557434566347832
SUPT5H,1060.0,3449.986,0.9998000199980002,0.30724762361354513
CALML4,118.0,884.9641,0.9998000199980002,0.13333874221564468
TARBP2,77.0,552.0703,0.9998000199980002,0.1394749907756313
PLCB3,65.0,560.2198,0.9998000199980002,0.11602588841022757
ATP1B1,46.0,400.3346,0.9998000199980002,0.11490388290195251
POLR3C,46.0,367.187,0.9998000199980002,0.1252767663343201
NUP62,42.0,352.0562,0.9998000199980002,0.11929913462680107
MSH6,25.0,436.5215,0.9998000199980002,0.05727094770818848
CYP4F2,23.0,300.5074,0.9998000199980002,0.07653721672078624
CXCL9,19.0,257.9148,0.9998000199980002,0.07366773833839702
GPT2,17.0,284.04,0.9998000199980002,0.05985072524996479
ARPC5L,14.0,208.2907,0.9998000199980002,0.06721375462274601
POLR1B,13.0,293.9978,0.9998000199980002,0.04421801795795751
PABPN1,11.0,231.0159,0.9998000199980002,0.04761577016993203
PPP2R3A,9.0,212.0747,0.9998000199980002,0.04243787684245221
KLRD1,8.0,199.0699,0.9998000199980002,0.04018688912788925
NPRL3,6.0,207.9498,0.9998000199980002,0.02885311743507327
SS18,5.0,356.9687,0.9998000199980002,0.014006830290722968
RDH12,4.0,142.4296,0.9998000199980002,0.028084049944674422
SMC1B,3.0,127.416,0.9998000199980002,0.023544923714447167
PRPS1L1,3.0,121.5211,0.9998000199980002,0.024687070804987776
RXRB,2.0,98.998,0.9998000199980002,0.020202428331885493
DERL3,1.0,87.6207,0.9998000199980002,0.011412828247206425
DAP3,956.0,4249.8606,0.9999000099990001,0.22494855478318512
NCBP2,917.0,3151.2381,0.9999000099990001,0.2909967355370576
RPL10A,514.0,4438.9019,0.9999000099990001,0.11579440401690337
SF3A3,480.0,2503.2686,0.9999000099990001,0.19174929929612827
UQCRC2,446.0,2195.5245,0.9999000099990001,0.20314052519113315
PSMA1,379.0,1608.8492,0.9999000099990001,0.23557210955507824
EIF6,365.0,2391.3896,0.9999000099990001,0.15263092220523164
ACTL6A,355.0,2281.3376,0.9999000099990001,0.1556104629143885
RBBP7,306.0,1878.5179,0.9999000099990001,0.16289437540094773
PRKCG,250.0,1592.7406,0.9999000099990001,0.156962156926244
NME6,156.0,863.6743,0.9999000099990001,0.18062364481610718
DDX28,156.0,1015.6359,0.9999000099990001,0.1535983515352303
ANAPC10,117.0,958.4128,0.9999000099990001,0.12207683369838133
CFAP20,113.0,783.5966,0.9999000099990001,0.14420685337327907
SCML2,105.0,710.3306,0.9999000099990001,0.1478184946558687
ANAPC11,88.0,793.5701,0.9999000099990001,0.11089127475946989
H2AC18,86.0,747.3408,0.9999000099990001,0.11507467543589217
ABCF1,65.0,759.6437,0.9999000099990001,0.08556643068322689
GRIA3,64.0,587.3661,0.9999000099990001,0.10896100404841207
RRP7A,58.0,1116.1758,0.9999000099990001,0.05196314057337563
DDX46,56.0,513.4247,0.9999000099990001,0.10907149578117296
UGCG,51.0,470.7987,0.9999000099990001,0.10832655230356414
PRORP,49.0,400.4003,0.9999000099990001,0.12237753068616582
CALML3,43.0,514.5221,0.9999000099990001,0.08357269784913028
PPP2R2B,41.0,479.9592,0.9999000099990001,0.08542392770052121
AMPD3,34.0,453.9566,0.9999000099990001,0.07489702760131696
SMARCD3,33.0,462.214,0.9999000099990001,0.07139550078535051
GGCT,32.0,316.5727,0.9999000099990001,0.10108262651833212
GPD1L,29.0,400.6085,0.9999000099990001,0.07238987689976623
AGPAT3,26.0,358.9207,0.9999000099990001,0.07243939956653378
STRN3,25.0,419.4462,0.9999000099990001,0.05960239954492376
AWAT2,25.0,284.0654,0.9999000099990001,0.0880079024055728
MPHOSPH6,23.0,283.8115,0.9999000099990001,0.08103970416984511
BCL7C,22.0,394.4387,0.9999000099990001,0.055775460166560736
FUT1,22.0,269.1428,0.9999000099990001,0.08174099400021104
CCL28,19.0,301.3477,0.9999000099990001,0.06305009130648749
DHCR7,16.0,222.4919,0.9999000099990001,0.07191273030613698
DPF2,15.0,252.5327,0.9999000099990001,0.05939824822686329
AK4,15.0,324.848,0.9999000099990001,0.046175442052898585
PPP1R12A,12.0,223.896,0.9999000099990001,0.05359631257369493
PTDSS1,11.0,221.6615,0.9999000099990001,0.04962521682836217
FAAP24,10.0,187.474,0.9999000099990001,0.053340729914548156
ATP5PF,10.0,229.7729,0.9999000099990001,0.04352123335693635
ATP5F1E,10.0,200.9819,0.9999000099990001,0.049755724271688145
SEPTIN10,8.0,178.5726,0.9999000099990001,0.0447997061139279
TEN1,8.0,171.6203,0.9999000099990001,0.046614532196948735
CTDP1,7.0,208.4965,0.9999000099990001,0.033573705074185896
FUT4,7.0,173.3213,0.9999000099990001,0.040387419203525475
DAO,7.0,221.4777,0.9999000099990001,0.03160589079622915
GSTA1,7.0,198.0218,0.9999000099990001,0.035349643322098875
KIR3DL2,6.0,184.358,0.9999000099990001,0.03254537367513208
CYP11B1,6.0,167.8605,0.9999000099990001,0.035743965971744396
FNIP2,5.0,155.6803,0.9999000099990001,0.03211710152151557
ST3GAL6,5.0,176.3948,0.9999000099990001,0.028345506783646682
OST4,4.0,174.6285,0.9999000099990001,0.022905768531482545
ENO2,3.0,282.2124,0.9999000099990001,0.010630291227458467
PPBP,3.0,156.4117,0.9999000099990001,0.019180150845493016
MGAM2,3.0,136.2867,0.9999000099990001,0.022012419407029447
SRSF3,2.0,184.6621,0.9999000099990001,0.010830592742094886
ORC6,2.0,124.0877,0.9999000099990001,0.016117632932192313
TCTN1,2.0,163.8933,0.9999000099990001,0.012203061382008903
SEC24C,1.0,137.8216,0.9999000099990001,0.007255756717379569
SEC24B,1.0,146.1869,0.9999000099990001,0.006840558216912733
PIK3R4,1.0,103.8052,0.9999000099990001,0.009633428768501
RDH16,1.0,111.9358,0.9999000099990001,0.00893369234864985
MGST2,1.0,152.0223,0.9999000099990001,0.0065779823091743775
CENPN,1.0,131.7633,0.9999000099990001,0.00758936669011781
RBKS,1.0,99.1865,0.9999000099990001,0.010082017210003378
POLR2E,2676.0,7979.1191,1.0,0.33537536743874397
H4C6,2562.0,10558.4675,1.0,0.2426488503184766
UBB,2461.0,10621.4989,1.0,0.23169987806523237
RPS11,2389.0,16095.1512,1.0,0.148429795428079
RPS14,1350.0,16954.9016,1.0,0.07962299232689148
RPS6,1294.0,10299.8455,1.0,0.1256329524554519
SNRPE,1289.0,5562.8205,1.0,0.23171698601455862
TAF4,1284.0,5526.1748,1.0,0.2323487849135717
PRKACB,1241.0,6842.4113,1.0,0.18136881072904812
RPS18,1191.0,14651.5199,1.0,0.08128849485438026
TAF9,1168.0,5987.2345,1.0,0.19508171928124748
TAF10,1168.0,5006.0887,1.0,0.23331588191795322
POLR2C,1132.0,6288.9036,1.0,0.17999957894091428
TAF5,1109.0,4299.5195,1.0,0.2579357995701613
RPL35,1059.0,9937.7131,1.0,0.10656375258005787
SNRPD2,1043.0,4694.5029,1.0,0.22217474825715836
H2AC6,991.0,4730.1991,1.0,0.20950492337626972
NDUFA13,984.0,3098.2335,1.0,0.3176003358042575
MRPS11,979.0,5238.716,1.0,0.18687785327549727
RPS9,971.0,20392.4793,1.0,0.04761559326432662
RPL21,965.0,7936.6008,1.0,0.12158857731637454
H4-16,962.0,7169.583,1.0,0.1341779570722593
TAF1,888.0,4395.9462,1.0,0.2020042920452484
PA2G4,874.0,5125.337,1.0,0.17052537228283718
RPL13A,873.0,8815.1964,1.0,0.09903352805616446
BYSL,843.0,4073.3759,1.0,0.20695364746474784
H4C5,828.0,7049.4614,1.0,0.11745578179915986
RPL23A,800.0,11051.6733,1.0,0.07238722845706994
MRPL17,778.0,6493.044,1.0,0.11982053409772057
H4C8,770.0,6973.7369,1.0,0.11041426010780533
RPLP0,718.0,7833.9554,1.0,0.091652296105745
MED24,716.0,3223.3918,1.0,0.22212627084302938
CDK7,694.0,3504.5299,1.0,0.19802941330305102
RPS7,687.0,11082.9376,1.0,0.06198717567443491
NOP58,682.0,4418.8341,1.0,0.1543393539033294
GTPBP4,680.0,2956.4423,1.0,0.23000618006311166
H2BC11,665.0,7548.2141,1.0,0.08810030971432037
PIK3R2,649.0,3826.3318,1.0,0.1696141458511256
RPL31,634.0,9206.102,1.0,0.0688673664489053
POLR2K,624.0,6459.0295,1.0,0.09660894101815141
RPS2,620.0,10509.6926,1.0,0.05899316217869208
PSMD4,617.0,2095.4025,1.0,0.29445416811328606
H2AC4,615.0,4563.8824,1.0,0.1347536912870498
PRKACG,609.0,8647.0363,1.0,0.07042875487870914
H4C14,589.0,8496.1246,1.0,0.06932572528420781
H4C3,589.0,6816.9532,1.0,0.08640223611920939
H4C15,576.0,8073.0259,1.0,0.07134871201144047
RPL5,573.0,9630.4843,1.0,0.05949856540444181
MRPL46,550.0,4343.7417,1.0,0.126618946978362
RPL35A,545.0,8323.5609,1.0,0.06547678410090085
POLR2D,545.0,6842.4467,1.0,0.07964987144145383
MRPL36,538.0,4980.7443,1.0,0.10801598467923759
MRPL19,524.0,5116.7738,1.0,0.10240827921687685
MT-CO2,521.0,2368.5605,1.0,0.21996482673759019
RPS16,516.0,11499.3544,1.0,0.04487208429718454
RPL8,503.0,8108.9712,1.0,0.062030063690446946
SF3B3,503.0,3104.1992,1.0,0.16203857020515952
MRPS12,489.0,8252.2863,1.0,0.059256305734327226
RPS10,482.0,5760.2294,1.0,0.08367722299393146
RPL30,477.0,8408.1151,1.0,0.05673090750149221
MRPS6,472.0,5058.0578,1.0,0.09331645043676647
FLT3LG,470.0,4934.8305,1.0,0.0952413664461221
SNRNP200,469.0,3317.07,1.0,0.14138984103440685
H4C4,448.0,7706.1685,1.0,0.058135245809898914
MT-ND1,446.0,2247.6939,1.0,0.19842559522895886
MRPL33,445.0,4929.9913,1.0,0.09026385097271876
MRPL3,441.0,5627.8235,1.0,0.07836066642814934
RPL18A,435.0,22375.776,1.0,0.01944066654939699
PRPF8,433.0,3811.9853,1.0,0.1135891053934547
MRPL43,431.0,4471.0708,1.0,0.09639748938889538
ETF1,427.0,2522.2858,1.0,0.16929088686143337
RPL15,425.0,7170.5521,1.0,0.059270192040024365
RPS13,424.0,10543.9756,1.0,0.04021253615192357
RPL18,424.0,8386.6441,1.0,0.050556574828303495
RPL37A,421.0,6406.8915,1.0,0.06571049314632534
PRPF3,408.0,1960.1438,1.0,0.2081479940400291
NDUFS2,406.0,2710.9649,1.0,0.14976217508386036
H2AZ1,398.0,3736.8541,1.0,0.10650670038201385
RPL13,396.0,7249.6323,1.0,0.05462346000637853
RPL7A,395.0,6380.0979,1.0,0.06191127568747809
RPL3,392.0,9038.0251,1.0,0.0433723070762439
BUD31,386.0,2748.3931,1.0,0.14044570261801342
RPL19,385.0,7436.1622,1.0,0.05177401859254765
RPS4X,369.0,6878.5666,1.0,0.05364489747035378
ERCC2,368.0,3126.2262,1.0,0.11771381098399085
MRPL47,364.0,4654.1535,1.0,0.07820971096032822
RPL26L1,357.0,6025.9663,1.0,0.05924361043970657
EIF5A,356.0,2459.7895,1.0,0.14472783138557183
RPS23,355.0,17258.0561,1.0,0.020570103489233642
RPS19,349.0,9809.6743,1.0,0.03557712410492568
UQCR10,349.0,1888.8387,1.0,0.18476961531972
PLRG1,345.0,2978.6954,1.0,0.11582251746855352
RPL14,344.0,7186.8364,1.0,0.04786528882165733
MRPL4,341.0,5185.1314,1.0,0.06576496788490259
SNRPD3,341.0,6461.747,1.0,0.05277210636690047
CWC15,338.0,2803.4678,1.0,0.1205649660038899
MRPL41,329.0,4150.4792,1.0,0.07926795537247844
H4C13,327.0,9223.5494,1.0,0.03545272929312874
TAF7,310.0,5043.0884,1.0,0.06147026889316476
MRPL10,310.0,2947.8331,1.0,0.10516199170163332
RPL24,309.0,6757.1952,1.0,0.04572903266136222
RPS21,303.0,8009.951,1.0,0.03782794676272052
SNRPF,300.0,4984.209,1.0,0.06019009234965869
CACNA1S,299.0,1290.9587,1.0,0.23161081760400237
MT-CYB,298.0,2092.7801,1.0,0.1423943203588375
MRPL24,296.0,5090.283,1.0,0.058150008555516455
RPS28,293.0,10928.2287,1.0,0.02681129833968427
NELFA,292.0,1595.9034,1.0,0.18296846789097637
RSL1D1,291.0,5331.3472,1.0,0.054582826644642465
SF3A2,289.0,2626.0624,1.0,0.11005069795751998
EIF3A,287.0,1642.9023,1.0,0.17469085045410188
CHD4,287.0,1738.1623,1.0,0.1651169168724923
H2BC21,285.0,2302.5708,1.0,0.12377469565756676
MRPL44,284.0,3357.3937,1.0,0.08458942423106351
RPL26,283.0,7398.1887,1.0,0.03825260634403662
PSMC2,281.0,1583.1773,1.0,0.17749117549878968
RSRC1,278.0,2628.4692,1.0,0.10576498290335683
RPL32,277.0,6975.1078,1.0,0.03971264788194385
GTF2H1,267.0,3074.4638,1.0,0.08684441169871637
RPS17,265.0,10132.6813,1.0,0.026152998614493085
MRPL32,265.0,5015.8869,1.0,0.052832132239664334
H2BC12,265.0,2248.722,1.0,0.11784471357508841
SRRM1,264.0,2991.9487,1.0,0.08823680700140347
DDB2,258.0,1652.0156,1.0,0.15617285938462083
RPS5,256.0,12418.7122,1.0,0.020614053685856414
RUVBL2,256.0,3157.3737,1.0,0.08108004446860376
RPL38,254.0,9185.1071,1.0,0.027653460894320983
MRPL16,248.0,3140.8251,1.0,0.0789601433075659
SRP19,248.0,2158.2525,1.0,0.11490777839942268
SRRM2,247.0,3929.1977,1.0,0.06286270604301739
LSM2,245.0,1901.3436,1.0,0.12885624670890627
SNIP1,238.0,2325.3416,1.0,0.10235055357027972
CACNA1F,234.0,1090.8696,1.0,0.21450776518109957
HK2,233.0,1256.0453,1.0,0.1855028636307942
RPL36,232.0,8115.7247,1.0,0.02858647977549066
RPS26,229.0,8364.6931,1.0,0.027376975731482605
CRNKL1,228.0,2942.4841,1.0,0.07748555038921026
MRPS35,226.0,3861.0259,1.0,0.05853366588398177
MRPS7,221.0,5389.1197,1.0,0.04100855284398303
IFI35,217.0,2646.7962,1.0,0.0819859118733811
LEO1,217.0,3117.309,1.0,0.06961132181634865
BRD7,215.0,1229.3178,1.0,0.17489375001321872
NT5C2,214.0,1269.2925,1.0,0.1685978606192032
RPS29,213.0,8946.9126,1.0,0.023807095198403974
ERCC3,213.0,3066.303,1.0,0.0694647593535277
TAF6,213.0,5056.3846,1.0,0.04212496019389031
UQCR11,213.0,1874.4414,1.0,0.11363385379772342
RPS8,211.0,9142.9972,1.0,0.02307777147738818
TCEA1,206.0,2545.0828,1.0,0.0809403921947058
MRPS16,205.0,5823.8501,1.0,0.035200081815292605
ZMAT2,203.0,2145.2605,1.0,0.09462720261711807
H4C11,203.0,6863.3908,1.0,0.029577217138793844
RPS20,202.0,9316.8516,1.0,0.021681143874825698
RPL27A,202.0,5796.3039,1.0,0.03484979453889573
UQCRC1,202.0,1820.7494,1.0,0.11094332915886174
H3-3B,201.0,2813.5313,1.0,0.07144047055740947
RPL9,198.0,8461.9942,1.0,0.023398739743877395
MCRS1,198.0,1483.0692,1.0,0.13350691929951752
SRPRB,196.0,1373.7143,1.0,0.14267886706864738
GFM1,193.0,2559.1544,1.0,0.07541553569413398
MRPL58,192.0,4389.3013,1.0,0.04374272506651571
HEATR1,192.0,1926.2143,1.0,0.09967738272942943
KMT2C,186.0,1059.2464,1.0,0.1755965373118096
GCN1,185.0,2570.5399,1.0,0.07196931664044584
MRPL15,185.0,2328.37,1.0,0.07945472583824736
NDUFS7,185.0,1958.96,1.0,0.09443786498958631
H3C10,185.0,2031.9363,1.0,0.09104616124038928
RPS3A,181.0,10766.2355,1.0,0.016811818764321102
H3C12,177.0,4009.4521,1.0,0.0441456826482601
H4C9,177.0,7511.8009,1.0,0.023562924837371553
SART1,175.0,1839.3892,1.0,0.09514027808796528
RPS12,174.0,6933.3424,1.0,0.025096121028149423
PIK3CD,174.0,1853.6843,1.0,0.09386711642322267
CTR9,173.0,2952.6693,1.0,0.058591051832319996
CDC73,172.0,2731.0598,1.0,0.06297921414975974
MRPL2,171.0,4593.7987,1.0,0.03722409516986454
MT-ND2,171.0,2089.8583,1.0,0.08182372938873415
H3C8,168.0,2004.3677,1.0,0.08381695633989711
MT-CO3,167.0,3110.7027,1.0,0.05368561900820673
POLR2G,167.0,6365.8404,1.0,0.026233771113708726
PHF5A,165.0,2933.6401,1.0,0.05624411801570343
TKTL1,165.0,1324.5032,1.0,0.12457501046430088
PSMD1,164.0,1456.0922,1.0,0.11263023042084834
H4C12,163.0,10284.5714,1.0,0.01584898326438766
MT-ND3,157.0,2159.4029,1.0,0.07270528348368893
SF3B2,157.0,2968.2252,1.0,0.05289356077160184
MLLT1,156.0,1119.8103,1.0,0.13930930980006165
RPL27,155.0,6903.873,1.0,0.02245116617875213
WDR12,155.0,1611.4399,1.0,0.09618726705228038
SNRNP40,154.0,3853.9284,1.0,0.03995922705777305
ENPP3,154.0,4452.4908,1.0,0.03458738196606718
NDUFS1,154.0,2362.3065,1.0,0.06519052459958095
RPS3,152.0,10972.8027,1.0,0.013852431703706838
ITGB2,152.0,1094.7227,1.0,0.13884794752132207
GTF2B,152.0,2779.6477,1.0,0.054683188808423454
UQCRQ,151.0,2043.6929,1.0,0.0738858563338944
RTF1,148.0,2612.8365,1.0,0.05664342181380274
PRPF4,147.0,1747.1311,1.0,0.08413793332395032
RPL36A,145.0,4813.4026,1.0,0.030124220234559226
SETD2,145.0,962.5734,1.0,0.15063786304504156
NCLN,144.0,1378.4029,1.0,0.1044687297161084
RPL4,143.0,10387.7761,1.0,0.013766180424316233
MRPS5,142.0,6703.6526,1.0,0.02118248192037875
MRPL23,142.0,3154.1711,1.0,0.04501975178201335
HK3,142.0,1220.6224,1.0,0.11633409316427423
SYF2,140.0,1540.2983,1.0,0.09089148511038414
EIF3B,139.0,1284.2436,1.0,0.10823491742532336
UTP18,138.0,1597.0605,1.0,0.08640874907368881
GTF2E1,138.0,3844.7651,1.0,0.03589296001464433
SNRPA,136.0,1239.1861,1.0,0.10974945571129309
MED15,136.0,3549.1981,1.0,0.03831851482170014
MRPL34,135.0,4039.3359,1.0,0.03342133542298376
GNL3,134.0,1962.9691,1.0,0.06826393752199156
TAF12,134.0,5382.5718,1.0,0.024895162568941486
NOP56,133.0,943.5891,1.0,0.14095118309442106
MRPL12,131.0,4579.9146,1.0,0.028603153429978802
PES1,131.0,2180.0355,1.0,0.06009076457699886
HKDC1,131.0,1161.8989,1.0,0.11274647045452922
SUPT4H1,129.0,2763.3155,1.0,0.04668305157337264
AKT3,128.0,1779.4916,1.0,0.07193065704833897
PLPP3,128.0,1363.9425,1.0,0.09384559832984161
MRPS14,128.0,4964.2642,1.0,0.02578428440613616
LSM4,128.0,2391.3612,1.0,0.05352600017094867
MRPL49,127.0,4028.5009,1.0,0.0315253746126754
MYL6B,127.0,962.802,1.0,0.1319066640908515
SPOPL,125.0,801.5586,1.0,0.15594617785898623
CYP1B1,124.0,1473.7592,1.0,0.08413857569133411
MRNIP,123.0,4624.7382,1.0,0.02659610007762169
KANSL1,123.0,1024.3585,1.0,0.12007514947159612
PWP2,122.0,1476.6221,1.0,0.08262100370839634
CYP26A1,122.0,1042.6759,1.0,0.11700663648215136
RPL34,121.0,6591.5867,1.0,0.018356733440220093
MRPL40,121.0,3812.7694,1.0,0.03173546241742288
NELFCD,121.0,1337.0722,1.0,0.09049623498267333
EED,121.0,691.4315,1.0,0.17499925878413117
UTP4,119.0,1699.2094,1.0,0.07003256926427079
H4C2,119.0,7317.2724,1.0,0.016262890527350055
MRPL22,117.0,5229.4392,1.0,0.022373335940113807
POLR2L,117.0,6260.2703,1.0,0.018689288863453706
TAF8,117.0,3302.5514,1.0,0.03542715489606006
RPL28,116.0,6478.1128,1.0,0.017906449544997118
RPS24,114.0,9545.6259,1.0,0.011942642755358767
ALDH2,114.0,1295.5636,1.0,0.08799259256743552
NPSR1,112.0,1758.5251,1.0,0.06368973635917963
PPIL2,112.0,1278.5503,1.0,0.08759921295235705
NOL6,111.0,2034.6369,1.0,0.054555188692390275
AKR1B10,111.0,776.776,1.0,0.14289833877462743
RRP9,110.0,2282.4872,1.0,0.048193041345423536
PSMA7,110.0,1495.1965,1.0,0.07356892555593864
PAF1,108.0,2308.8597,1.0,0.04677633725427318
RIOK2,107.0,1488.8106,1.0,0.07186945068768318
TAF2,106.0,4568.3512,1.0,0.023203119760144535
DEGS1,106.0,698.8549,1.0,0.15167669282994223
RPS25,105.0,7472.7214,1.0,0.014051105933107582
NDUFA8,105.0,2204.1446,1.0,0.04763752795528932
RPL12,103.0,4956.1294,1.0,0.020782346804746464
EBNA1BP2,102.0,1667.9458,1.0,0.0611530662447185
RPF1,102.0,1661.1299,1.0,0.061403987731483256
LSM7,102.0,1901.1099,1.0,0.053652868779443
MRPL20,101.0,4563.078,1.0,0.022134182234009585
NOB1,100.0,1025.175,1.0,0.09754432170117297
PIP5K1B,100.0,737.416,1.0,0.13560866593618798
PACRG,100.0,738.7499,1.0,0.13536380850948337
PSMB1,100.0,1481.0145,1.0,0.06752128355259182
OXA1L,99.0,2825.8141,1.0,0.03503415175117146
MRPS9,98.0,5115.1614,1.0,0.019158730748945675
MLLT3,98.0,1798.8405,1.0,0.05447953834706301
RPL39,97.0,6340.678,1.0,0.01529804856830768
IMP3,97.0,1653.0658,1.0,0.05867884992841785
RPS15A,96.0,8744.083,1.0,0.010978852785363542
CBX4,96.0,1072.6694,1.0,0.08949635367616528
MAGOHB,96.0,2279.2403,1.0,0.042119297381675816
UPF3B,96.0,724.011,1.0,0.13259467052296167
MRPL21,94.0,5026.4665,1.0,0.01870100994406309
ARID1A,92.0,976.3664,1.0,0.09422692136886317
POLR2J,92.0,6456.1918,1.0,0.014249886442345162
CBX8,91.0,1080.254,1.0,0.08423944738922513
SF3A1,91.0,2321.3722,1.0,0.03920095191973093
MED8,91.0,2988.591,1.0,0.030449131379971364
FBL,90.0,1591.6815,1.0,0.05654397566347288
ALDH9A1,90.0,857.3737,1.0,0.10497172936375353
PSMD12,90.0,1599.6308,1.0,0.056262982683254165
SNRPD1,88.0,4545.6895,1.0,0.01935899933332446
TNFAIP1,88.0,694.8688,1.0,0.12664261224564982
CACNA1H,88.0,967.1323,1.0,0.09099065350211134
RPP25,88.0,850.8814,1.0,0.10342216905904865
CASC3,86.0,926.306,1.0,0.09284189026088571
GTF2H3,85.0,3212.6425,1.0,0.026457970346840647
UBQLN4,85.0,580.2929,1.0,0.1464777528727303
NDUFA7,85.0,1615.298,1.0,0.052621869153555566
PSMD11,85.0,1453.6625,1.0,0.05847299493520677
ATP6V1D,83.0,656.7744,1.0,0.1263752058545522
MRPS15,83.0,5264.9869,1.0,0.015764521655315042
UBL5,83.0,1850.0889,1.0,0.04486270902982013
MED23,83.0,3357.0145,1.0,0.0247243495671526
MRPL27,82.0,5197.0868,1.0,0.01577807012959645
PSMA6,82.0,1527.5293,1.0,0.05368145802506047
GTF2F2,81.0,3285.9036,1.0,0.024650753600927305
H3C3,81.0,2043.7265,1.0,0.039633483247391466
MRPL9,80.0,5093.3945,1.0,0.0157066176594018
EIF3D,80.0,1142.5824,1.0,0.07001683204642396
CENPX,80.0,580.2722,1.0,0.13786633238676607
POLR2H,80.0,7254.0023,1.0,0.011028394628438427
RPL37,79.0,6500.9056,1.0,0.012152153078488019
SNRPG,79.0,5136.712,1.0,0.01537948789030804
POLE4,79.0,1086.0453,1.0,0.07274098050974485
ERCC4,79.0,559.8957,1.0,0.1410977080195472
CYP3A5,79.0,1409.2079,1.0,0.0560598617138039
WDR75,77.0,1640.6783,1.0,0.046931808630613324
JAK3,77.0,924.4438,1.0,0.08329332729582913
LSM3,77.0,1929.9549,1.0,0.039897305372265435
H2AC20,76.0,1001.4049,1.0,0.07589337739409903
MED26,76.0,2981.6029,1.0,0.02548964518380365
PSMD7,76.0,1109.892,1.0,0.06847513091363844
ENTPD3,76.0,837.8362,1.0,0.09070985474249024
WBP4,75.0,1705.6599,1.0,0.04397125124416655
EFHB,74.0,753.8843,1.0,0.09815829829590561
COX5A,73.0,2071.8776,1.0,0.03523374160712969
NDUFB10,73.0,1945.938,1.0,0.03751404207122735
H2AC8,73.0,2557.2522,1.0,0.028546265401590037
SMARCB1,71.0,1282.6298,1.0,0.05535502137873298
PIP4P2,71.0,529.9418,1.0,0.133976976339666
POLR2I,70.0,7578.729,1.0,0.009236377234230172
CCT3,69.0,747.4779,1.0,0.09231042148537101
H2AC21,69.0,722.1062,1.0,0.09555381189082715
RPL17,68.0,7834.1712,1.0,0.008679922644529393
SF3B4,68.0,2644.1218,1.0,0.025717423456060158
RPL29,67.0,6750.2498,1.0,0.009925558606734821
H3-5,67.0,2435.1693,1.0,0.027513487460604894
XAB2,67.0,2081.3362,1.0,0.03219085892995086
H3C11,67.0,2028.7527,1.0,0.03302521790852084
CFAP45,66.0,722.3181,1.0,0.09137248533575443
SRRT,65.0,1026.2898,1.0,0.06333493716881917
H3C2,65.0,2009.2964,1.0,0.032349632438499365
MRPS18A,63.0,2677.5525,1.0,0.023528950412737008
NOP53,62.0,1729.197,1.0,0.03585479271592537
MALSU1,61.0,1834.9713,1.0,0.03324302674379703
CDS2,61.0,463.8639,1.0,0.13150408988498566
SMU1,60.0,1967.7498,1.0,0.030491681411935603
INTS5,60.0,840.8076,1.0,0.07135996392040224
ENTPD8,60.0,817.5001,1.0,0.07339448643492522
NDUFB9,59.0,2036.1248,1.0,0.02897661282844745
SF3B5,58.0,3116.1222,1.0,0.018612877248523823
ALDH1A2,58.0,909.895,1.0,0.06374361876919865
GTF2A1,58.0,3357.9435,1.0,0.017272476442798994
NCOA2,58.0,530.2492,1.0,0.10938253183597449
UTP3,58.0,1269.1615,1.0,0.04569946377982629
DEGS2,58.0,636.9851,1.0,0.0910539351705401
RPL7,57.0,6294.2429,1.0,0.009055894554053515
AQR,57.0,1772.9846,1.0,0.032149179411936235
ERCC1,57.0,553.9056,1.0,0.10290562146329627
LYAR,55.0,4246.9061,1.0,0.012950604205729908
MRPS2,55.0,2444.6544,1.0,0.022498067620519285
MFAP1,54.0,2396.454,1.0,0.02253329294031932
SULT1E1,54.0,577.3843,1.0,0.09352523094237235
H3C15,54.0,9249.7443,1.0,0.005837999219070304
RPSA,52.0,5906.0656,1.0,0.008804507691211558
PCGF3,51.0,617.0922,1.0,0.08264567272119142
ENTPD4,51.0,628.5969,1.0,0.08113307590285602
PIK3R3,50.0,1505.8444,1.0,0.03320396184360084
ATP6V1H,49.0,434.3252,1.0,0.11281868977439025
COX4I1,49.0,1889.8397,1.0,0.025928125015047574
PPIL1,47.0,2264.1349,1.0,0.020758480424465875
KCTD17,46.0,660.4456,1.0,0.06964994543078189
LDHAL6B,46.0,696.7993,1.0,0.06601613979807384
NOP2,46.0,1613.7885,1.0,0.028504354814772814
NT5C3B,46.0,881.9158,1.0,0.05215917437923212
ATP6V0C,45.0,638.2578,1.0,0.0705044262678811
SNRPB2,45.0,3147.9252,1.0,0.014295130011348427
PIP5K1C,45.0,738.6807,1.0,0.06091942025830646
NDUFB1,45.0,1624.0729,1.0,0.027708115811796382
SSRP1,45.0,1422.4372,1.0,0.031635843044599786
CACNG8,44.0,1153.7232,1.0,0.03813739725438477
MRPL30,43.0,2586.1674,1.0,0.016626920592997963
GGT7,43.0,484.8605,1.0,0.08868530226735319
H3C4,43.0,2009.5118,1.0,0.021398232147728617
EDF1,42.0,3483.9805,1.0,0.012055176543037482
EXOSC5,42.0,522.6484,1.0,0.08035995135544277
SMARCD1,41.0,845.2603,1.0,0.04850576798650073
PSMD2,41.0,1298.8643,1.0,0.031566038114990154
MBOAT2,41.0,693.3271,1.0,0.0591351470323315
H2AC13,41.0,2079.3472,1.0,0.019717726794255427
ATP6V0A1,40.0,465.0348,1.0,0.08601506811963319
DHX37,40.0,852.3729,1.0,0.04692781762536092
MED4,40.0,3014.3407,1.0,0.01326990011447611
TXNL4A,40.0,2010.5186,1.0,0.019895364310481882
MRPS22,40.0,2545.1848,1.0,0.015715951156081084
NME1-NME2,40.0,869.1636,1.0,0.04602125537700843
CAMK2B,39.0,1112.9129,1.0,0.035043173639194944
DDX23,39.0,916.6947,1.0,0.04254415346788849
CACNG4,39.0,1231.9078,1.0,0.03165821338252749
NDUFS5,39.0,1853.284,1.0,0.02104372562435115
TAF13,39.0,3204.3034,1.0,0.012171132109400129
CBX6,39.0,585.6485,1.0,0.06659284536714428
CACTIN,38.0,848.713,1.0,0.044773674964328346
CCNT2,38.0,1350.3849,1.0,0.028140125085818125
EAF1,38.0,704.2461,1.0,0.05395841027731641
ATP1A3,38.0,404.4207,1.0,0.09396156032567077
INO80,38.0,427.3162,1.0,0.08892712235108334
CYP4A22,38.0,901.9897,1.0,0.042129084179120896
NT5C1B-RDH14,38.0,1206.9213,1.0,0.03148506866189204
RPL10L,37.0,5114.419,1.0,0.00723444833127673
SRP54,37.0,2972.3343,1.0,0.012448128731684051
PSMC6,37.0,1320.5267,1.0,0.02801912297570356
CACNG7,37.0,1144.391,1.0,0.03233160694203292
EFL1,37.0,780.3626,1.0,0.04741385607152367
STX7,36.0,715.6578,1.0,0.0503033712481021
PSMD6,36.0,1430.7479,1.0,0.02516166544784025
G6PC2,36.0,433.6045,1.0,0.08302496860618375
CCT6A,35.0,712.0868,1.0,0.049151311328899785
MED16,35.0,3115.8363,1.0,0.011232939291451223
UVSSA,35.0,501.1488,1.0,0.06983953668052283
SUPT16H,35.0,989.5449,1.0,0.035369794740996593
PHC2,34.0,1046.3334,1.0,0.03249442290573922
NDUFA12,34.0,2061.5958,1.0,0.016492078612112035
NDUFB7,34.0,1964.3906,1.0,0.017308166715927067
ALDOC,34.0,1282.0405,1.0,0.026520223035075723
BRD8,33.0,822.2212,1.0,0.040135185032932744
PHF10,33.0,386.7491,1.0,0.0853266368299241
NDUFAF3,33.0,1156.4743,1.0,0.02853500505804582
PLD4,33.0,412.6734,1.0,0.0799663850395979
CYP17A1,33.0,406.2953,1.0,0.08122171238505589
ATP6V0B,32.0,513.2786,1.0,0.062344309698475646
PCGF1,32.0,606.2249,1.0,0.052785690591066116
PSMA5,31.0,1364.6665,1.0,0.022716172779210158
LSM5,31.0,1890.2321,1.0,0.016400102400123243
PSMD8,31.0,1464.9467,1.0,0.02116117944768912
CERS5,31.0,659.7066,1.0,0.046990586421296984
LARP4B,30.0,493.9946,1.0,0.06072940878301099
DYNC1I2,30.0,556.6276,1.0,0.05389599797063602
BOP1,30.0,1932.8564,1.0,0.015521070266782365
UGT1A4,30.0,414.394,1.0,0.07239487058210302
CWC22,30.0,2737.7186,1.0,0.010958029068436763
ENKUR,29.0,822.4906,1.0,0.03525876161988964
NDUFV3,29.0,1683.621,1.0,0.017224779210998197
MRPS25,29.0,4009.5846,1.0,0.007232669439123444
MTRES1,29.0,1442.7301,1.0,0.0201007797646975
MTG1,29.0,1311.4735,1.0,0.022112532201375018
H3C7,29.0,2001.0785,1.0,0.014492185089190653
RPS27L,28.0,4023.5906,1.0,0.006958958498411842
ACAA2,28.0,599.4249,1.0,0.04671143958150554
RBM22,28.0,2424.381,1.0,0.011549339810863063
PSMB4,28.0,1428.6553,1.0,0.01959884935155457
ADH5,28.0,327.1891,1.0,0.08557742296427356
EIF3K,27.0,1087.6397,1.0,0.02482439727052994
HLA-DRB1,27.0,456.6102,1.0,0.059131399167167094
UGT1A3,27.0,416.9891,1.0,0.06474989394207187
PRPF6,27.0,2156.2761,1.0,0.012521587564783563
MED30,27.0,3154.3661,1.0,0.008559564471606513
VAMP4,27.0,356.3026,1.0,0.07577828508688964
KYAT3,27.0,356.1133,1.0,0.0758185667314307
CYP2D6,27.0,611.6296,1.0,0.04414436449772869
BRIX1,27.0,518.4576,1.0,0.05207754693922898
NDUFS3,26.0,2617.7994,1.0,0.009932006249218332
POP7,26.0,662.3352,1.0,0.03925504789719767
VTI1B,26.0,462.7929,1.0,0.05618063717053568
UQCRB,26.0,1896.0872,1.0,0.013712449511815702
AKR1C4,26.0,415.6306,1.0,0.06255554812374257
CREB5,26.0,439.854,1.0,0.05911052303718962
PELO,25.0,2115.9246,1.0,0.011815165814509648
IDH2,25.0,368.9893,1.0,0.06775264214978591
MED14,25.0,3177.9745,1.0,0.007866645877743828
ALDH3B1,25.0,375.3503,1.0,0.06660444923049215
NDUFA2,25.0,1944.8035,1.0,0.012854769132202817
PCK2,25.0,547.7764,1.0,0.04563906002522197
INTS9,25.0,723.7989,1.0,0.03453998064932124
KCTD19,25.0,463.0977,1.0,0.05398428884444902
RPP21,25.0,666.2345,1.0,0.03752432514377445
RPF2,25.0,332.2527,1.0,0.07524393330738922
RPL3L,24.0,5942.5105,1.0,0.004038697112945783
ISY1,24.0,744.3794,1.0,0.0322416230218085
SNRPN,24.0,1656.1531,1.0,0.014491413867473968
PPP2R1B,24.0,768.3703,1.0,0.031234939715915618
EIF2S3,23.0,1295.2076,1.0,0.017757771032226803
MRPS18C,23.0,2415.7459,1.0,0.009520868896020895
NOL11,23.0,973.7337,1.0,0.02362042106584172
ANAPC15,23.0,866.0854,1.0,0.026556272626232932
ALDH3A2,23.0,1340.9937,1.0,0.01715146014481649
GBA2,23.0,498.2445,1.0,0.046162075045484696
TRAF5,23.0,645.3309,1.0,0.03564063025650871
ALDH1A3,23.0,906.2742,1.0,0.025378632647823366
DYNC1LI2,23.0,481.6424,1.0,0.04775327089143314
NT5C1B,23.0,1314.1085,1.0,0.017502359964949622
GGT5,23.0,505.0318,1.0,0.04554168668190795
DIS3,23.0,338.4484,1.0,0.06795718342884764
KCTD13,23.0,777.4507,1.0,0.02958386943377889
CYP2A13,23.0,397.615,1.0,0.057844900217547124
LAMTOR4,22.0,409.0654,1.0,0.05378113133010027
ACSS2,22.0,824.628,1.0,0.026678696333376987
DHX8,22.0,854.4928,1.0,0.025746267259361345
XCL1,22.0,283.2852,1.0,0.07766025192985727
TRIM24,22.0,304.2894,1.0,0.07229959374201007
TAF6L,22.0,601.6167,1.0,0.036568133830061564
CERS4,22.0,674.1531,1.0,0.0326335368034353
CERS6,22.0,660.4999,1.0,0.033308104967161994
PLPP5,22.0,820.3309,1.0,0.02681844606853161
BECN2,22.0,319.023,1.0,0.06896054516445523
RPL6,21.0,7068.5108,1.0,0.002970922814463267
PSMC3,21.0,1197.7517,1.0,0.017532849254148417
GPKOW,21.0,1060.7695,1.0,0.019796949290114392
DHX16,21.0,2100.6965,1.0,0.00999668443299639
COX7C,21.0,1864.8252,1.0,0.011261109084111477
ATP1B3,21.0,448.299,1.0,0.04684373598870397
PGAM4,21.0,369.2433,1.0,0.056873069870191285
PSMD3,21.0,1369.3871,1.0,0.01533532775356216
DIS3L,21.0,333.8428,1.0,0.06290385774382434
ADH4,21.0,318.693,1.0,0.06589413636320848
CYP2C19,21.0,341.168,1.0,0.06155325235661023
CREB3L3,21.0,311.2327,1.0,0.06747362985958737
H3C14,21.0,8180.4975,1.0,0.0025670810363306144
WDR61,21.0,2364.6366,1.0,0.008880857210786639
DDX18,20.0,2560.3573,1.0,0.007811409759098857
EIF5B,20.0,3281.0205,1.0,0.006095664443425452
UGT1A6,20.0,389.2191,1.0,0.051384939742165785
CCL8,20.0,255.0391,1.0,0.07841934824895477
MED21,20.0,2774.8308,1.0,0.007207646678853355
NUP88,20.0,391.2756,1.0,0.05111486634995895
NDUFB2,20.0,1667.9426,1.0,0.011990820307605309
PSMB5,20.0,1420.9329,1.0,0.014075259992924367
MRPL38,20.0,2624.2652,1.0,0.007621180969057549
WDR3,20.0,740.1912,1.0,0.027020045631453063
CCDC105,20.0,803.1279,1.0,0.02490263381461409
MED31,19.0,3376.9578,1.0,0.0056263658373225745
MED7,19.0,2879.53,1.0,0.006598299027966369
MED6,19.0,3029.5546,1.0,0.006271548959705166
MED18,19.0,2766.4682,1.0,0.006867962552398036
MED17,19.0,2953.9625,1.0,0.006432038321407262
ATP1A2,19.0,436.2346,1.0,0.04355454610890562
MTHFD1,19.0,359.2308,1.0,0.052890787760960366
INTS2,19.0,685.0126,1.0,0.027736716083762547
AK8,19.0,355.3753,1.0,0.05346460488390724
ACTL6B,18.0,687.7278,1.0,0.026173145828916614
ATP6V1A,18.0,599.5812,1.0,0.03002095462632918
ACOX3,18.0,551.0863,1.0,0.032662760805340287
CDK8,18.0,626.3446,1.0,0.02873817384232258
PSMA2,18.0,1394.6929,1.0,0.012906066991521933
LSM6,18.0,1941.1216,1.0,0.009272989389227342
H2BC18,18.0,350.7403,1.0,0.05132002225008076
TADA1,18.0,513.2224,1.0,0.035072514371937
IDH3A,18.0,300.5034,1.0,0.059899488658031824
LPCAT3,18.0,299.3224,1.0,0.06013582678743722
MORF4L2,17.0,587.8713,1.0,0.028917894103692422
RNPC3,17.0,364.6625,1.0,0.04661844856545436
GTF2H2,17.0,3200.5309,1.0,0.005311618769248564
ELOA,17.0,575.4647,1.0,0.029541342848657788
ALDOB,17.0,1312.5716,1.0,0.012951674407704693
PSMB7,17.0,1339.4348,1.0,0.012691920502588107
LTV1,17.0,935.1954,1.0,0.01817801926741727
TKTL2,17.0,1361.0859,1.0,0.012490027264260102
HMGCS1,17.0,324.4524,1.0,0.05239597549594332
EIF3H,16.0,1130.3978,1.0,0.01415430921751617
LAMTOR5,16.0,414.353,1.0,0.03861441814105364
TADA2B,16.0,516.5689,1.0,0.030973602940478996
MRPL45,16.0,2897.0089,1.0,0.005522937813549693
INTS4,16.0,692.726,1.0,0.023097155296610782
DDC,16.0,257.7614,1.0,0.06207290928742629
GLUD2,16.0,1711.9008,1.0,0.009346335955915204
NT5C1A,16.0,1226.9021,1.0,0.013040975314982344
MYH6,16.0,403.1757,1.0,0.03968493140831652
MED20,16.0,3221.8664,1.0,0.004966065632019999
SUCLG1,16.0,311.8524,1.0,0.05130632311952706
CXCL10,15.0,277.3199,1.0,0.054089158405148705
RBMX2,15.0,1912.2559,1.0,0.007844138433564253
NDUFA10,15.0,1723.4197,1.0,0.008703625704174092
TAB3,15.0,355.6422,1.0,0.042177221938228926
MRPS18B,15.0,2469.789,1.0,0.006073393314165704
AK7,15.0,364.1591,1.0,0.041190787213610754
UGT2B11,15.0,239.3247,1.0,0.062676355595557
GOT1L1,15.0,826.0646,1.0,0.01815838616011387
RPS6KB2,15.0,591.3421,1.0,0.025366027549873417
ITGB8,14.0,408.0805,1.0,0.034306956593123175
PIK3R6,14.0,426.8132,1.0,0.032801234825914474
MYH7,14.0,286.8663,1.0,0.04880322296484459
UGT1A7,14.0,413.8248,1.0,0.03383074189850391
AKR1D1,14.0,582.3328,1.0,0.024041235527176213
ORC3,14.0,375.0015,1.0,0.037333184000597326
CCL26,14.0,306.9077,1.0,0.04561632047680785
GTF2F1,14.0,2655.7637,1.0,0.005271553338875744
MED27,14.0,2924.3369,1.0,0.004787410096285418
DCTN3,14.0,293.8191,1.0,0.047648365950341554
DCTPP1,14.0,369.4472,1.0,0.03789445420076265
GCNT1,14.0,303.3953,1.0,0.04614441950814663
DBT,14.0,370.8915,1.0,0.03774688824090064
FTSJ3,14.0,519.732,1.0,0.026936959817752227
RPL22,13.0,7905.7206,1.0,0.0016443788817935205
DIMT1,13.0,839.978,1.0,0.015476595815604696
UGT1A9,13.0,410.4299,1.0,0.03167410561462506
RPA3,13.0,381.7082,1.0,0.03405742920901359
CHMP6,13.0,416.3397,1.0,0.031224502491595207
VPS37A,13.0,380.4785,1.0,0.03416750223731433
NDUFAF1,13.0,1336.821,1.0,0.009724562974399715
MED25,13.0,3691.8314,1.0,0.0035212875647571557
CERK,12.0,365.9058,1.0,0.03279532601013704
CWC27,12.0,1951.0808,1.0,0.006150437234583007
YJU2,12.0,843.1026,1.0,0.014233143154818878
GRIN3B,12.0,353.2123,1.0,0.03397390181485752
MED11,12.0,2971.307,1.0,0.00403862677266267
IK,12.0,1919.1066,1.0,0.006252909556978231
ENTPD5,12.0,692.8304,1.0,0.017320256155041694
MRPL52,12.0,3161.3832,1.0,0.0037958068480910506
CYP2J2,12.0,414.6959,1.0,0.028936866749828007
INTS7,12.0,681.3776,1.0,0.017611380239092096
DESI1,12.0,517.886,1.0,0.023171122602271544
GGT6,12.0,378.4409,1.0,0.03170904624737971
H2BC4,12.0,905.284,1.0,0.01325550876851905
GNL3L,12.0,442.8686,1.0,0.027096073191912904
CERS3,11.0,504.6412,1.0,0.021797665351144534
SMARCD2,11.0,421.095,1.0,0.026122371436374213
SERBP1,11.0,3023.6841,1.0,0.003637946173014569
UTP15,11.0,961.9466,1.0,0.011435146192106714
ANAPC13,11.0,877.9357,1.0,0.012529391389369404
ZC3H8,11.0,491.9611,1.0,0.022359491431334713
CACNA2D1,11.0,717.3336,1.0,0.015334566790123868
PPIL3,11.0,354.5272,1.0,0.031027238530640246
SNRPC,11.0,1136.5319,1.0,0.00967856687524565
FANCG,11.0,370.9501,1.0,0.029653584134362004
INO80B,11.0,443.3674,1.0,0.024810123613057705
DYNLRB1,11.0,420.1737,1.0,0.02617964903562503
PSMD13,11.0,1559.1864,1.0,0.007054961485041172
ADH7,11.0,324.9204,1.0,0.033854445581133104
UGT2B4,11.0,237.6598,1.0,0.04628464721421124
MYL5,11.0,298.6715,1.0,0.0368297611255175
INTS8,11.0,606.5005,1.0,0.018136835831132868
TCEA2,11.0,608.0872,1.0,0.018089510846470702
GPN3,11.0,304.449,1.0,0.03613084621726463
BCL7A,10.0,394.9912,1.0,0.02531701972094568
HMGCLL1,10.0,350.775,1.0,0.02850830304326135
RPL41,10.0,378.8167,1.0,0.0263979914296281
ECHDC1,10.0,323.5908,1.0,0.030903227162206094
PCGF5,10.0,612.087,1.0,0.01633754678664961
SF3B6,10.0,2589.8193,1.0,0.0038612732556282977
LPIN2,10.0,242.5159,1.0,0.04123440978509038
AFF4,10.0,587.9346,1.0,0.017008694504456787
ELL,10.0,636.7131,1.0,0.015705660838452984
NDUFB3,10.0,1909.9182,1.0,0.005235826330153825
PHF8,10.0,316.5258,1.0,0.03159300126561563
ATXN7L3,10.0,471.8648,1.0,0.021192511075206286
RAMP3,10.0,208.1996,1.0,0.0480308319516464
H2AJ,10.0,384.3235,1.0,0.026019746385531978
MTNR1B,10.0,319.197,1.0,0.0313286152438776
ADH1B,10.0,387.2781,1.0,0.025821238019913855
ADSS2,10.0,845.8311,1.0,0.011822691315086429
HMGCS2,10.0,315.4943,1.0,0.03169629372067895
GSTA4,10.0,246.017,1.0,0.04064759752374836
NT5M,10.0,1189.0597,1.0,0.008410006663248279
ELOF1,10.0,309.837,1.0,0.03227503493772532
POLD3,9.0,381.0271,1.0,0.02362036716023611
NDUFV2,9.0,2320.82,1.0,0.0038779396937289406
NDUFB8,9.0,1800.4817,1.0,0.004998662302427178
NDUFA6,9.0,2069.8072,1.0,0.004348231081619582
PGAM2,9.0,363.9606,1.0,0.024727951322203557
PSMB3,9.0,1511.0411,1.0,0.005956158307010974
FEM1A,9.0,266.5119,1.0,0.033769599031037635
GTF2E2,9.0,3292.6212,1.0,0.002733384575182836
DET1,9.0,266.5498,1.0,0.0337647974224704
EMG1,9.0,723.4854,1.0,0.012439781093025511
H2AC16,9.0,2194.3174,1.0,0.004101503273865485
ATP6V0A2,8.0,293.4829,1.0,0.027258828367853802
SRP14,8.0,2082.7128,1.0,0.003841144107819379
HMGN2,8.0,828.1755,1.0,0.009659788293664808
MCM5,8.0,636.1606,1.0,0.012575440855658145
KAT6B,8.0,472.2351,1.0,0.01694071448733904
COPS7B,8.0,411.916,1.0,0.019421435438293243
THEMIS,8.0,185.4854,1.0,0.043130079240738084
WDR74,8.0,1295.8218,1.0,0.006173688388326235
MT-ND6,8.0,1929.219,1.0,0.004146755759714164
DCTN6,8.0,234.7909,1.0,0.03407287079695167
GCLM,8.0,552.0524,1.0,0.014491377992378984
MRPL53,8.0,3474.4758,1.0,0.00230250560386692
MRPS30,8.0,2698.3085,1.0,0.002964820368019446
MRPS33,8.0,2444.9122,1.0,0.0032721011413006976
ALOX15B,8.0,328.5377,1.0,0.024350325700825202
SUPT6H,8.0,2012.26,1.0,0.003975629391828094
MTHFD2L,8.0,281.8309,1.0,0.028385815749798905
NIT2,8.0,264.1755,1.0,0.030282899057634035
NIP7,8.0,547.3355,1.0,0.01461626369932153
SGPP2,7.0,476.7873,1.0,0.014681599111385727
ASAH2,7.0,383.5442,1.0,0.01825083002167677
CREB3L1,7.0,338.1004,1.0,0.020703909252991124
ACTR3,7.0,254.0346,1.0,0.027555301521918665
UGT1A8,7.0,400.3541,1.0,0.0174845218270526
EPC1,7.0,526.6887,1.0,0.013290583223068957
CXCL14,7.0,255.5473,1.0,0.02739218923463484
NDC1,7.0,357.6565,1.0,0.01957185176279475
CACNB2,7.0,737.8182,1.0,0.009487431998831147
UQCRH,7.0,1859.9573,1.0,0.0037635272594698814
EZH1,7.0,546.8419,1.0,0.01280077477603673
LDHC,7.0,758.7466,1.0,0.009225741505793899
PTCD3,7.0,2547.5393,1.0,0.0027477495636671827
POLR1D,7.0,572.6417,1.0,0.012224048650316593
CREB3L4,7.0,312.5691,1.0,0.022395048006984695
RBL1,7.0,312.9343,1.0,0.022368912580052747
POLR2M,7.0,239.1917,1.0,0.029265229520924013
LOC102724159,7.0,743.6303,1.0,0.009413279690190138
ENO3,7.0,438.7675,1.0,0.015953779621325645
ATP6V0A4,6.0,439.6593,1.0,0.01364693070293293
SRP68,6.0,2144.407,1.0,0.002797976316995794
NME2,6.0,601.6298,1.0,0.009972910251453634
POLD2,6.0,368.2649,1.0,0.016292619796239066
STRIP1,6.0,213.9264,1.0,0.028047029258660924
LSM8,6.0,2361.4576,1.0,0.0025408036121419243
CALCRL,6.0,197.4874,1.0,0.030381685110037398
GTF2H4,6.0,3066.4537,1.0,0.001956657620494971
MED10,6.0,2771.3198,1.0,0.0021650334255902187
NUP205,6.0,365.3391,1.0,0.016423098431019294
TAF9B,6.0,1518.6536,1.0,0.003950868058390669
NDUFC2,6.0,1796.7265,1.0,0.003339406414944066
LDHAL6A,6.0,687.3763,1.0,0.008728843284238924
MRPL57,6.0,3253.7113,1.0,0.0018440480567529147
MRPL35,6.0,2864.4236,1.0,0.0020946622559596282
AGPAT2,6.0,329.833,1.0,0.018191023942419345
GLS2,6.0,360.9888,1.0,0.01662101428077547
RMI1,6.0,182.1487,1.0,0.03294011980321573
CYP3A7,6.0,430.6114,1.0,0.013933676628161725
UGT2B15,6.0,247.2098,1.0,0.024270882465015544
SHC2,6.0,240.8337,1.0,0.024913456879165997
H2AC17,6.0,2092.2167,1.0,0.0028677717752659177
ITGA11,5.0,241.2436,1.0,0.02072593842904019
EIF3L,5.0,1018.3403,1.0,0.00490995004322229
CDC23,5.0,1088.0137,1.0,0.004595530368781202
ANAPC5,5.0,1072.0523,1.0,0.004663951562810882
SRSF5,5.0,251.5353,1.0,0.019877925682796806
MED9,5.0,2774.4082,1.0,0.0018021861382906813
UBAP1,5.0,375.7617,1.0,0.013306305565468753
AP4M1,5.0,214.9717,1.0,0.023258875470585198
FANCF,5.0,253.6311,1.0,0.019713670760407538
NDUFS6,5.0,2019.3693,1.0,0.002476020607028145
AK2,5.0,281.786,1.0,0.01774396172982334
APOOL,5.0,240.1931,1.0,0.020816584656261985
MRPL55,5.0,2871.1577,1.0,0.0017414578098583716
MRPL18,5.0,2653.9049,1.0,0.0018840162659935554
AURKAIP1,5.0,2407.0064,1.0,0.0020772690924295008
PRAME,5.0,268.8781,1.0,0.01859578745907532
POLR3D,5.0,341.0925,1.0,0.01465878024289599
UCK2,5.0,231.3505,1.0,0.021612229063693398
CYP27C1,5.0,254.3931,1.0,0.019654621135557528
RBL2,5.0,334.7773,1.0,0.014935301766278657
NME4,5.0,880.0704,1.0,0.005681363672724364
ARID1B,4.0,423.3773,1.0,0.009447837661584597
ATP6V0D2,4.0,361.082,1.0,0.011077816119330236
RPLP2,4.0,2685.4213,1.0,0.0014895241949559274
MT-ND5,4.0,2037.5928,1.0,0.0019631007726372022
ANAPC16,4.0,876.1956,1.0,0.00456519069486311
UGT2B28,4.0,242.3966,1.0,0.016501881627052524
MBTD1,4.0,496.5926,1.0,0.008054892481281436
HLA-DOB,4.0,242.468,1.0,0.01649702228747711
POP5,4.0,656.0312,1.0,0.006097270983453226
CHMP2B,4.0,420.058,1.0,0.009522494512662537
CACNG1,4.0,691.5381,1.0,0.005784207695859418
COX7B,4.0,1930.1113,1.0,0.0020724193470086413
COX6A2,4.0,1869.247,1.0,0.002139899114456249
NDUFB11,4.0,1763.2461,1.0,0.0022685432283105576
NDUFA3,4.0,1703.9042,1.0,0.0023475498211695234
NDUFS4,4.0,2141.0725,1.0,0.0018682225847092985
NDUFB6,4.0,1637.1676,1.0,0.002443244051494789
TAF11,4.0,2823.7405,1.0,0.001416560763993717
IDH3B,4.0,294.7101,1.0,0.013572660047958993
RAMP2,4.0,177.9438,1.0,0.022479007416948495
MICOS13,4.0,241.6584,1.0,0.016552290340414402
GAPDHS,4.0,281.5495,1.0,0.014207093246480635
MRPL51,4.0,2834.9099,1.0,0.0014109795870408438
GTF2A2,4.0,3427.7703,1.0,0.0011669393366294117
POLR3H,4.0,456.4867,1.0,0.008762577310576627
POLR3E,4.0,378.8415,1.0,0.010558505337984355
GAD2,4.0,655.642,1.0,0.006100890424957522
SPTLC2,4.0,196.3664,1.0,0.02037008368030376
FCF1,4.0,705.9939,1.0,0.005665771333151745
PSMB10,4.0,932.0878,1.0,0.004291441214014388
SHC4,4.0,242.5029,1.0,0.01649464810523915
RPL39L,3.0,3026.6398,1.0,0.0009911982258344716
EIF3G,3.0,1076.0855,1.0,0.0027878825613763965
EIF3J,3.0,1153.3453,1.0,0.0026011290807705202
NACA,3.0,964.5038,1.0,0.0031104076521004894
PHC3,3.0,1048.0642,1.0,0.0028624200693049147
ARPC2,3.0,235.5281,1.0,0.012737333676958291
EXOSC6,3.0,268.5957,1.0,0.011169203378907405
UTP25,3.0,184.2419,1.0,0.016282941068236922
DHFR2,3.0,508.7442,1.0,0.005896873124057238
UGT1A10,3.0,423.6179,1.0,0.0070818537177017304
RNF113A,3.0,1881.2229,1.0,0.0015947073576448596
SDE2,3.0,690.3537,1.0,0.004345598495379977
AKR1C2,3.0,288.3651,1.0,0.010403478090795315
ORC4,3.0,316.1096,1.0,0.009490379286171632
RALGDS,3.0,213.1172,1.0,0.014076761519013952
CACNG3,3.0,1229.4325,1.0,0.002440150231915945
MED28,3.0,3183.3109,1.0,0.0009424150182754691
EAF2,3.0,557.7869,1.0,0.0053783980943259875
MED13,3.0,433.3217,1.0,0.0069232627860547945
MYH14,3.0,473.0108,1.0,0.006342349899833154
ZNF219,3.0,198.7018,1.0,0.015098001125304352
AOC3,3.0,215.0123,1.0,0.013952690148424067
MAML2,3.0,166.0331,1.0,0.01806868630411647
LSG1,3.0,1252.3471,1.0,0.002395502013778768
NDUFA9,3.0,1759.1551,1.0,0.00170536412622173
TAF3,3.0,3527.9277,1.0,0.0008503575625997097
CALCR,3.0,192.2975,1.0,0.015600826843822722
CDC42EP4,3.0,135.7405,1.0,0.022100994176388035
PSMB6,3.0,1225.854,1.0,0.0024472734926018922
MRPS27,3.0,2425.144,1.0,0.0012370399448445124
MRM2,3.0,1256.6992,1.0,0.0023872061030992936
MTERF4,3.0,1204.0242,1.0,0.0024916442709374113
GTF2H5,3.0,3220.2699,1.0,0.0009315989321267761
PLD3,3.0,383.3187,1.0,0.00782638572028967
GNB3,3.0,237.2267,1.0,0.012646131316584517
MTHFD2,3.0,277.109,1.0,0.010826064833693602
EEFSEC,3.0,1140.9291,1.0,0.002629435957063414
UGT1A5,3.0,241.0913,1.0,0.012443418738046542
GSTA5,3.0,176.7192,1.0,0.016976084092730163
PPP2R5D,3.0,141.9992,1.0,0.021126879588054016
G6PC3,3.0,452.231,1.0,0.006633777870159277
AK5,3.0,321.7887,1.0,0.009322887969652135
SUCLG2,3.0,235.0285,1.0,0.012764409422687036
ENO4,3.0,367.7695,1.0,0.00815728329837031
SMARCC1,2.0,443.972,1.0,0.0045047885902714585
POLR3B,2.0,602.1017,1.0,0.003321697978929473
RPS4Y1,2.0,2551.2592,1.0,0.000783926619451289
ANAPC7,2.0,992.6819,1.0,0.00201474409878935
SMPD1,2.0,345.4598,1.0,0.005789385624608131
DDX47,2.0,153.2851,1.0,0.013047582576519178
HLA-F,2.0,288.9316,1.0,0.00692205352408667
PSMB8,2.0,961.683,1.0,0.002079687381392829
PPWD1,2.0,832.2938,1.0,0.002402997595320306
SRSF2,2.0,231.5951,1.0,0.008635761292013518
PIP5KL1,2.0,283.9124,1.0,0.007044426379404352
MAP2K2,2.0,678.8675,1.0,0.0029460829985232763
DDX20,2.0,260.2688,1.0,0.0076843632429242385
CDK2AP1,2.0,180.9378,1.0,0.011053522260135803
COX6B1,2.0,1821.0306,1.0,0.0010982791832273439
NDUFV1,2.0,2291.7275,1.0,0.0008727041064000847
TOMM5,2.0,176.0794,1.0,0.01135851212577962
PFKP,2.0,405.4718,1.0,0.004932525517187632
PSMD5,2.0,374.5335,1.0,0.005339976263805508
MRPL37,2.0,2796.8907,1.0,0.0007150797848482245
GEMIN2,2.0,258.5208,1.0,0.0077363214101147755
CNDP1,2.0,223.1369,1.0,0.008963107401778908
CXCL17,2.0,213.0413,1.0,0.00938785108802847
DCTD,2.0,195.974,1.0,0.010205435414901978
NSUN6,2.0,715.4253,1.0,0.0027955399396694526
ENSP00000480571,2.0,249.0038,1.0,0.008032005937258788
FBP2,2.0,463.0821,1.0,0.00431888859448465
RSAD1,2.0,816.5691,1.0,0.002449272204887498
RPL17-C18orf32,2.0,1373.3654,1.0,0.0014562766762581903
OSTC,2.0,179.1292,1.0,0.011165125507175827
PSMD10,1.0,325.3702,1.0,0.0030734222126058254
EIF1,1.0,1318.3924,1.0,0.0007584995180494063
HABP4,1.0,1628.203,1.0,0.0006141740311251116
EIF3I,1.0,1127.3131,1.0,0.0008870650043896411
DENR,1.0,572.0881,1.0,0.0017479825222723561
SRSF7,1.0,183.5822,1.0,0.005447151194396842
SMPD4,1.0,361.0783,1.0,0.0027694824086631625
PSMB9,1.0,998.4363,1.0,0.0010015661489871713
FRG1,1.0,601.5274,1.0,0.0016624346621616905
CWC25,1.0,726.8631,1.0,0.0013757748880084846
KLRC2,1.0,120.2465,1.0,0.00831625036903361
H2BC15,1.0,190.1709,1.0,0.005258428077061212
CHD5,1.0,182.9469,1.0,0.005466066929803129
PI4K2B,1.0,222.5048,1.0,0.004494285067108665
CACNB3,1.0,669.6,1.0,0.0014934289127837513
EFHC2,1.0,701.5879,1.0,0.0014253381507862378
TMEM67,1.0,162.0903,1.0,0.006169400636558757
COX6C,1.0,347.2558,1.0,0.0028797215194101868
SUPT7L,1.0,508.9706,1.0,0.001964750026818838
BCAT2,1.0,164.9952,1.0,0.00606078237427513
PSMA3,1.0,1429.8259,1.0,0.0006993858483050279
DYNLT1,1.0,156.6949,1.0,0.006381828636413821
MRPL48,1.0,2641.2298,1.0,0.0003786115089266371
ERAL1,1.0,511.4972,1.0,0.0019550449152018817
MRPS23,1.0,2548.873,1.0,0.0003923302573333391
MRPS34,1.0,2507.5592,1.0,0.0003987941740318633
MRPS31,1.0,2416.9201,1.0,0.00041374971394379155
PAPOLG,1.0,130.5499,1.0,0.007659906288706463
KLHDC10,1.0,279.4911,1.0,0.003577931461860503
POLR3F,1.0,461.9942,1.0,0.0021645293382471036
H2AC14,1.0,173.187,1.0,0.005774105446713668
RXRG,1.0,95.3872,1.0,0.010483586896355066
GPX5,1.0,146.043,1.0,0.006847298398416904
ADH1C,1.0,218.8162,1.0,0.004570045545073902
CYP4F3,1.0,287.7482,1.0,0.0034752606619259476
ME3,1.0,225.0635,1.0,0.004443190477354169
PIP4K2B,1.0,186.363,1.0,0.005365871981026277
CUL4B,1.0,514.076,1.0,0.0019452376691384153
UGT2B17,1.0,240.5813,1.0,0.004156599037414795
RBM17,1.0,134.5323,1.0,0.007433159174413877
APOH,1.0,573.5851,1.0,0.0017434204619331988
DVL3,1.0,185.1518,1.0,0.005400973687536389
PAPOLB,1.0,153.7894,1.0,0.006502398734893302
CSTF2T,1.0,193.9848,1.0,0.005155043075539939
MED19,1.0,3341.9425,1.0,0.00029922717102403765
MED22,1.0,3065.0927,1.0,0.00032625440659592446
POLR2J3,1.0,279.7733,1.0,0.003574322496106669
GUF1,1.0,316.1972,1.0,0.003162583349884186
MRTO4,1.0,1255.5272,1.0,0.0007964781647104101
TWISTNB,1.0,219.8434,1.0,0.004548692387399394
RRP12,1.0,251.5953,1.0,0.0039746370460815444
FBLL1,1.0,718.576,1.0,0.001391641246019906
ME2,1.0,249.4787,1.0,0.004008358228578231
FGFR1OP2,1.0,186.7148,1.0,0.005355761835698081
RRP1,0.0,863.2403,1.0,0.0
TMA16,0.0,1558.4042,1.0,0.0
BUD23,0.0,416.0738,1.0,0.0
SURF6,0.0,9.2442,1.0,0.0
RRS1,0.0,63.2665,1.0,0.0
STRADB,0.0,32.8398,1.0,0.0
STRADA,0.0,31.2587,1.0,0.0
IL1RL1,0.0,7.0506,1.0,0.0
TEC,0.0,58.6821,1.0,0.0
PDGFC,0.0,76.9305,1.0,0.0
PDGFB,0.0,95.437,1.0,0.0
THY1,0.0,12.0332,1.0,0.0
VEGFD,0.0,22.0015,1.0,0.0
ANGPT1,0.0,16.2504,1.0,0.0
ANGPT4,0.0,17.3589,1.0,0.0
EFNA3,0.0,8.2974,1.0,0.0
FCER1A,0.0,23.1591,1.0,0.0
FCGR3B,0.0,55.8415,1.0,0.0
CAPZA3,0.0,14.5992,1.0,0.0
CAPG,0.0,16.2793,1.0,0.0
ADD2,0.0,15.7143,1.0,0.0
HSPB8,0.0,254.1694,1.0,0.0
BMT2,0.0,15.2913,1.0,0.0
SESN3,0.0,6.159,1.0,0.0
SESN1,0.0,6.4941,1.0,0.0
GAS1,0.0,44.204,1.0,0.0
HHIP,0.0,15.2628,1.0,0.0
CDON,0.0,39.0699,1.0,0.0
ACER2,0.0,328.0233,1.0,0.0
ACER3,0.0,171.7936,1.0,0.0
SGPL1,0.0,39.1756,1.0,0.0
BCL7B,0.0,336.127,1.0,0.0
BCL11B,0.0,326.3261,1.0,0.0
E2F3,0.0,73.3109,1.0,0.0
E2F2,0.0,72.8521,1.0,0.0
L3MBTL1,0.0,4.3051,1.0,0.0
DKK1,0.0,7.1119,1.0,0.0
AXIN2,0.0,123.9289,1.0,0.0
APOA5,0.0,390.981,1.0,0.0
ZNF385A,0.0,8.3409,1.0,0.0
EPHA7,0.0,21.8852,1.0,0.0
EPHA5,0.0,10.9318,1.0,0.0
AZIN2,0.0,12.4203,1.0,0.0
NANOS2,0.0,27.4652,1.0,0.0
DDN,0.0,7.4324,1.0,0.0
CCDC115,0.0,290.9825,1.0,0.0
TMEM199,0.0,293.9911,1.0,0.0
ATP6V0E2,0.0,310.0603,1.0,0.0
ATP6V1G3,0.0,39.768,1.0,0.0
ATP6V1G2,0.0,322.6809,1.0,0.0
ATP6V1C1,0.0,482.0401,1.0,0.0
ATP6V1G1,0.0,338.7953,1.0,0.0
ATP4A,0.0,36.8911,1.0,0.0
SLC4A1,0.0,34.7987,1.0,0.0
PLA2R1,0.0,7.5853,1.0,0.0
MRC2,0.0,8.9643,1.0,0.0
MRC1,0.0,7.8848,1.0,0.0
TREM2,0.0,20.8949,1.0,0.0
MTTP,0.0,7.8433,1.0,0.0
P3H1,0.0,6.5838,1.0,0.0
PPIB,0.0,6.8935,1.0,0.0
CRTAP,0.0,9.0688,1.0,0.0
PRKCSH,0.0,6.4843,1.0,0.0
SEMA3A,0.0,5.6,1.0,0.0
ITGA10,0.0,253.5658,1.0,0.0
LAMA2,0.0,57.8587,1.0,0.0
IBSP,0.0,14.3445,1.0,0.0
COL6A3,0.0,14.9878,1.0,0.0
COL6A1,0.0,15.8926,1.0,0.0
COL6A2,0.0,7.5918,1.0,0.0
COL4A1,0.0,13.2954,1.0,0.0
COL4A2,0.0,13.8901,1.0,0.0
LAMB3,0.0,16.3026,1.0,0.0
ITGA7,0.0,6.322,1.0,0.0
TIGIT,0.0,13.4522,1.0,0.0
CD86,0.0,19.8804,1.0,0.0
FGF4,0.0,7.8904,1.0,0.0
LAMB2,0.0,92.1241,1.0,0.0
CDH2,0.0,49.8954,1.0,0.0
FGF7,0.0,7.6076,1.0,0.0
FGF18,0.0,7.843,1.0,0.0
MUC1,0.0,6.5809,1.0,0.0
FGF8,0.0,14.0157,1.0,0.0
FGF3,0.0,8.5322,1.0,0.0
FGF17,0.0,8.8909,1.0,0.0
FGF16,0.0,8.7446,1.0,0.0
MEAK7,0.0,187.5974,1.0,0.0
SLC38A9,0.0,109.4538,1.0,0.0
CTSH,0.0,20.5038,1.0,0.0
CSTA,0.0,8.8137,1.0,0.0
TGFBR3,0.0,6.3095,1.0,0.0
SMAD6,0.0,52.2688,1.0,0.0
MERTK,0.0,7.664,1.0,0.0
NOX3,0.0,8.411,1.0,0.0
GNRH1,0.0,39.8243,1.0,0.0
NOXO1,0.0,40.5621,1.0,0.0
MTCP1,0.0,32.4655,1.0,0.0
NKX3-1,0.0,13.6145,1.0,0.0
EIF5,0.0,1283.645,1.0,0.0
MRRF,0.0,3902.0228,1.0,0.0
RPLP1,0.0,2791.8126,1.0,0.0
EIF3M,0.0,1070.5265,1.0,0.0
EIF3C,0.0,1108.382,1.0,0.0
EEF1D,0.0,25.2877,1.0,0.0
EEF1B2,0.0,19.1088,1.0,0.0
POLR2F,0.0,6037.1095,1.0,0.0
IFRD2,0.0,976.7595,1.0,0.0
DHX29,0.0,458.3912,1.0,0.0
MCTS1,0.0,503.757,1.0,0.0
MT-ND4L,0.0,1591.9832,1.0,0.0
CTPS1,0.0,142.9131,1.0,0.0
C1orf131,0.0,671.9277,1.0,0.0
FSCN2,0.0,109.3694,1.0,0.0
PLS1,0.0,114.4886,1.0,0.0
TSPAN33,0.0,238.1105,1.0,0.0
PLEKHA7,0.0,229.643,1.0,0.0
C8A,0.0,251.3214,1.0,0.0
C6,0.0,236.5143,1.0,0.0
C7,0.0,238.7308,1.0,0.0
C8B,0.0,246.8275,1.0,0.0
NFYC,0.0,26.3585,1.0,0.0
SP3,0.0,5.5412,1.0,0.0
PTPA,0.0,141.2423,1.0,0.0
NFATC4,0.0,86.4271,1.0,0.0
HTR4,0.0,19.6671,1.0,0.0
GNG5,0.0,123.3504,1.0,0.0
ADRA2B,0.0,20.8612,1.0,0.0
ADRA2C,0.0,23.2417,1.0,0.0
ADRA1B,0.0,45.2364,1.0,0.0
AKAP13,0.0,22.0086,1.0,0.0
ADGRG1,0.0,13.7716,1.0,0.0
ACSS3,0.0,330.8336,1.0,0.0
ECI1,0.0,5.8443,1.0,0.0
PEX10,0.0,11.2389,1.0,0.0
ACSL5,0.0,26.6548,1.0,0.0
ACSL3,0.0,25.3561,1.0,0.0
ACADM,0.0,10.3718,1.0,0.0
CTNNA2,0.0,239.2934,1.0,0.0
NECTIN1,0.0,35.0839,1.0,0.0
PTPRM,0.0,5.9984,1.0,0.0
FOXR1,0.0,118.2494,1.0,0.0
PIAS2,0.0,20.3238,1.0,0.0
H2BC14,0.0,236.7586,1.0,0.0
NLRP9,0.0,123.3448,1.0,0.0
NLRP6,0.0,125.688,1.0,0.0
NECTIN4,0.0,33.7228,1.0,0.0
CPSF6,0.0,39.9914,1.0,0.0
NUDT21,0.0,70.9501,1.0,0.0
MYL12B,0.0,278.067,1.0,0.0
TPM2,0.0,36.5938,1.0,0.0
TNNI2,0.0,46.6322,1.0,0.0
TNNT3,0.0,38.9547,1.0,0.0
GAS2L1,0.0,5.493,1.0,0.0
BMP10,0.0,19.4545,1.0,0.0
GDF2,0.0,28.6196,1.0,0.0
AMHR2,0.0,25.7414,1.0,0.0
SKIL,0.0,22.3236,1.0,0.0
CARD16,0.0,24.1802,1.0,0.0
ENPP7,0.0,370.868,1.0,0.0
SMPD3,0.0,354.8211,1.0,0.0
SGMS2,0.0,456.6617,1.0,0.0
SGMS1,0.0,444.4267,1.0,0.0
SLC12A2,0.0,45.2944,1.0,0.0
SLC2A3,0.0,8.2335,1.0,0.0
HIF3A,0.0,19.7205,1.0,0.0
FHL2,0.0,8.5022,1.0,0.0
LEFTY2,0.0,22.3336,1.0,0.0
TBX21,0.0,16.0226,1.0,0.0
FST,0.0,24.6177,1.0,0.0
TNFSF10,0.0,33.8684,1.0,0.0
DUSP6,0.0,9.44,1.0,0.0
RRAD,0.0,6.3013,1.0,0.0
FOSL1,0.0,67.3196,1.0,0.0
MAPK8IP3,0.0,55.7053,1.0,0.0
KIF3B,0.0,25.6095,1.0,0.0
KIF3A,0.0,19.9063,1.0,0.0
APLP1,0.0,8.7298,1.0,0.0
PRDX2,0.0,24.3947,1.0,0.0
SHANK2,0.0,6.0647,1.0,0.0
NLGN4X,0.0,8.3086,1.0,0.0
NLGN1,0.0,8.8779,1.0,0.0
RAMAC,0.0,81.5616,1.0,0.0
ARVCF,0.0,20.0168,1.0,0.0
PKP3,0.0,20.3383,1.0,0.0
CELF1,0.0,6.8068,1.0,0.0
LSM14A,0.0,12.8385,1.0,0.0
TENM4,0.0,7.2305,1.0,0.0
FLRT2,0.0,16.2773,1.0,0.0
TENM3,0.0,6.8385,1.0,0.0
TENM1,0.0,5.2446,1.0,0.0
TENM2,0.0,6.5639,1.0,0.0
IQGAP2,0.0,32.1644,1.0,0.0
EXOC7,0.0,53.2885,1.0,0.0
EXOC1,0.0,72.2995,1.0,0.0
TOR1A,0.0,23.6104,1.0,0.0
EXOC3L1,0.0,26.6317,1.0,0.0
EXOC6B,0.0,52.044,1.0,0.0
EXOC3,0.0,56.801,1.0,0.0
MYRIP,0.0,6.4905,1.0,0.0
SCIN,0.0,59.2535,1.0,0.0
CFL2,0.0,48.6669,1.0,0.0
FGD1,0.0,8.0915,1.0,0.0
TEK,0.0,15.3667,1.0,0.0
HOMER1,0.0,8.7917,1.0,0.0
VASH1,0.0,16.108,1.0,0.0
DYNC2H1,0.0,222.022,1.0,0.0
BLOC1S4,0.0,112.6766,1.0,0.0
HPS6,0.0,117.0007,1.0,0.0
HPS4,0.0,75.2827,1.0,0.0
PEX6,0.0,8.6804,1.0,0.0
PEX26,0.0,5.3556,1.0,0.0
DCAF8,0.0,208.0354,1.0,0.0
EXOSC2,0.0,424.563,1.0,0.0
RTCA,0.0,108.7147,1.0,0.0
DDX49,0.0,130.5514,1.0,0.0
DDX27,0.0,19.7012,1.0,0.0
PUM3,0.0,58.092,1.0,0.0
ANG,0.0,13.2124,1.0,0.0
PDLIM4,0.0,85.9322,1.0,0.0
DUSP22,0.0,89.6046,1.0,0.0
MYO1A,0.0,94.0478,1.0,0.0
GAK,0.0,6.7657,1.0,0.0
DNM3,0.0,12.4162,1.0,0.0
SNX18,0.0,7.0475,1.0,0.0
PMEPA1,0.0,16.4759,1.0,0.0
METTL3,0.0,52.9823,1.0,0.0
METTL14,0.0,55.6576,1.0,0.0
BCL3,0.0,21.063,1.0,0.0
OAS3,0.0,6.7431,1.0,0.0
OAS1,0.0,9.0927,1.0,0.0
OAS2,0.0,5.3709,1.0,0.0
IFNB1,0.0,7.5075,1.0,0.0
IFNL1,0.0,6.6721,1.0,0.0
TAP1,0.0,42.5631,1.0,0.0
GBP2,0.0,19.3373,1.0,0.0
GBP3,0.0,8.8153,1.0,0.0
GBP1,0.0,8.1859,1.0,0.0
IL21,0.0,15.763,1.0,0.0
SOCS4,0.0,57.1991,1.0,0.0
BMP6,0.0,95.2591,1.0,0.0
DLX5,0.0,7.8513,1.0,0.0
SLC34A1,0.0,8.1442,1.0,0.0
SLC34A3,0.0,7.5447,1.0,0.0
SPRY2,0.0,15.8299,1.0,0.0
FGF21,0.0,14.6886,1.0,0.0
VAPA,0.0,35.4846,1.0,0.0
GFRA3,0.0,10.0054,1.0,0.0
ARTN,0.0,8.0072,1.0,0.0
NRTN,0.0,6.4724,1.0,0.0
GFRA2,0.0,17.9062,1.0,0.0
GFRA1,0.0,8.9256,1.0,0.0
GDNF,0.0,19.1283,1.0,0.0
EREG,0.0,8.828,1.0,0.0
NRG1,0.0,45.0338,1.0,0.0
MYO9A,0.0,65.8113,1.0,0.0
MYO18B,0.0,61.6308,1.0,0.0
SYP,0.0,53.955,1.0,0.0
SYN1,0.0,52.8974,1.0,0.0
TXK,0.0,75.1634,1.0,0.0
PTGES2,0.0,69.8832,1.0,0.0
SCNM1,0.0,592.7757,1.0,0.0
PRCC,0.0,51.9466,1.0,0.0
TUBB6,0.0,12.6875,1.0,0.0
KLHL2,0.0,555.3288,1.0,0.0
CARD14,0.0,12.9959,1.0,0.0
IL13RA2,0.0,13.1639,1.0,0.0
IL5,0.0,7.172,1.0,0.0
IL5RA,0.0,5.3041,1.0,0.0
IL17RC,0.0,14.7995,1.0,0.0
CRLF2,0.0,7.0628,1.0,0.0
IL11RA,0.0,7.7657,1.0,0.0
H4C7,0.0,47.4698,1.0,0.0
UCN2,0.0,23.2207,1.0,0.0
UCN3,0.0,17.6962,1.0,0.0
RFC1,0.0,49.8229,1.0,0.0
RAD17,0.0,89.532,1.0,0.0
DONSON,0.0,134.5905,1.0,0.0
HELB,0.0,13.0127,1.0,0.0
RPA4,0.0,131.7151,1.0,0.0
POLD4,0.0,24.5586,1.0,0.0
PCLAF,0.0,8.0999,1.0,0.0
RAD51D,0.0,50.872,1.0,0.0
HCFC2,0.0,31.2348,1.0,0.0
KMT2B,0.0,38.6651,1.0,0.0
KANSL3,0.0,411.6282,1.0,0.0
KANSL2,0.0,407.3598,1.0,0.0
MSL2,0.0,410.9777,1.0,0.0
MSL1,0.0,419.1216,1.0,0.0
MSL3,0.0,449.6743,1.0,0.0
FOXK2,0.0,14.4029,1.0,0.0
STRIP2,0.0,152.2155,1.0,0.0
HEG1,0.0,5.2109,1.0,0.0
DOCK5,0.0,15.7981,1.0,0.0
FMNL1,0.0,6.0519,1.0,0.0
ARHGEF25,0.0,6.609,1.0,0.0
FGD3,0.0,7.8811,1.0,0.0
MCF2L,0.0,17.3614,1.0,0.0
ARAP1,0.0,19.5399,1.0,0.0
ECT2,0.0,8.7048,1.0,0.0
ULBP1,0.0,14.3568,1.0,0.0
ULBP2,0.0,16.694,1.0,0.0
ULBP3,0.0,18.2143,1.0,0.0
MICB,0.0,7.5617,1.0,0.0
RAET1E,0.0,9.9321,1.0,0.0
CD79B,0.0,18.3439,1.0,0.0
NRCAM,0.0,7.1581,1.0,0.0
SPTBN1,0.0,94.5883,1.0,0.0
KCNQ3,0.0,112.0469,1.0,0.0
MAK,0.0,152.3741,1.0,0.0
MOK,0.0,143.1562,1.0,0.0
MCM8,0.0,117.3806,1.0,0.0
MASTL,0.0,8.5901,1.0,0.0
SMC2,0.0,49.3282,1.0,0.0
SMC4,0.0,43.3062,1.0,0.0
TTK,0.0,5.8101,1.0,0.0
NCAPH,0.0,34.4833,1.0,0.0
NCAPD3,0.0,45.7714,1.0,0.0
NCAPG,0.0,37.2697,1.0,0.0
NCAPD2,0.0,30.9231,1.0,0.0
SKA3,0.0,84.7322,1.0,0.0
SPC25,0.0,126.6083,1.0,0.0
H1-5,0.0,16.0327,1.0,0.0
CENPE,0.0,58.3487,1.0,0.0
H2BC3,0.0,1154.1936,1.0,0.0
CLASP1,0.0,33.0502,1.0,0.0
CDKN3,0.0,7.6409,1.0,0.0
STIL,0.0,8.5406,1.0,0.0
CDCA5,0.0,73.2169,1.0,0.0
CENPH,0.0,220.6695,1.0,0.0
CENPI,0.0,224.2831,1.0,0.0
SLK,0.0,13.8303,1.0,0.0
RCC2,0.0,15.3975,1.0,0.0
ZWILCH,0.0,8.6346,1.0,0.0
KNTC1,0.0,8.9871,1.0,0.0
KIF14,0.0,13.8995,1.0,0.0
PRC1,0.0,13.5067,1.0,0.0
FAM83D,0.0,8.4594,1.0,0.0
WEE2,0.0,31.856,1.0,0.0
CNIH1,0.0,9.8957,1.0,0.0
CNIH3,0.0,367.0528,1.0,0.0
CNIH2,0.0,355.6823,1.0,0.0
FGFRL1,0.0,8.1882,1.0,0.0
SPRED2,0.0,8.8359,1.0,0.0
JADE3,0.0,19.0174,1.0,0.0
JADE2,0.0,23.1756,1.0,0.0
BRPF3,0.0,63.5791,1.0,0.0
DNAJC19,0.0,5.7778,1.0,0.0
ERLIN1,0.0,11.1022,1.0,0.0
MCU,0.0,19.307,1.0,0.0
MICU1,0.0,19.9593,1.0,0.0
MICU2,0.0,21.915,1.0,0.0
NMU,0.0,20.0738,1.0,0.0
PRX,0.0,6.79,1.0,0.0
H2BC5,0.0,193.9224,1.0,0.0
POU3F2,0.0,8.3431,1.0,0.0
JAG2,0.0,30.9739,1.0,0.0
HDAC7,0.0,6.2668,1.0,0.0
IGFBP2,0.0,7.2656,1.0,0.0
UBASH3A,0.0,8.4996,1.0,0.0
EPN3,0.0,7.5027,1.0,0.0
UCHL1,0.0,23.74,1.0,0.0
ERRFI1,0.0,10.6535,1.0,0.0
FSTL3,0.0,15.5343,1.0,0.0
CX3CR1,0.0,34.8659,1.0,0.0
CCL22,0.0,27.403,1.0,0.0
CCL7,0.0,30.1663,1.0,0.0
GDF3,0.0,16.9032,1.0,0.0
GFRAL,0.0,7.8062,1.0,0.0
ZBTB16,0.0,35.2549,1.0,0.0
ETS2,0.0,27.6814,1.0,0.0
MTA3,0.0,234.4301,1.0,0.0
SIPA1L1,0.0,8.4774,1.0,0.0
SIPA1,0.0,16.2082,1.0,0.0
RAPGEF5,0.0,77.7587,1.0,0.0
RAP1GAP2,0.0,6.866,1.0,0.0
HTR1A,0.0,15.5599,1.0,0.0
PTGER3,0.0,50.6717,1.0,0.0
HTR1B,0.0,6.6576,1.0,0.0
DEFB1,0.0,8.2772,1.0,0.0
CCL24,0.0,45.9601,1.0,0.0
CCL16,0.0,6.6368,1.0,0.0
RGS12,0.0,6.0811,1.0,0.0
NARS1,0.0,26.0638,1.0,0.0
NARS2,0.0,23.9631,1.0,0.0
GRK4,0.0,14.919,1.0,0.0
NSRP1,0.0,6.2425,1.0,0.0
DDX17,0.0,8.0069,1.0,0.0
MTA2,0.0,208.831,1.0,0.0
TMEM30A,0.0,74.0709,1.0,0.0
ATP10D,0.0,48.7451,1.0,0.0
ATP10B,0.0,43.5556,1.0,0.0
ATP10A,0.0,47.6037,1.0,0.0
ATP11A,0.0,44.0867,1.0,0.0
ATP8B1,0.0,57.5193,1.0,0.0
ATP8A1,0.0,45.9385,1.0,0.0
ATP11C,0.0,6.0227,1.0,0.0
HLA-DOA,0.0,229.2938,1.0,0.0
HLA-DMB,0.0,248.5233,1.0,0.0
HLA-DPA1,0.0,234.9844,1.0,0.0
CD8B,0.0,66.7956,1.0,0.0
ICAM3,0.0,33.691,1.0,0.0
TSLP,0.0,9.2824,1.0,0.0
TLR8,0.0,8.0304,1.0,0.0
KLHL24,0.0,678.5914,1.0,0.0
KLHL40,0.0,661.017,1.0,0.0
KLHL25,0.0,635.4902,1.0,0.0
KBTBD6,0.0,637.1205,1.0,0.0
KLHL21,0.0,643.3897,1.0,0.0
ENC1,0.0,625.2265,1.0,0.0
KLHL7,0.0,629.2313,1.0,0.0
KLHL41,0.0,624.9637,1.0,0.0
KLHL9,0.0,615.6771,1.0,0.0
KLHL22,0.0,622.9215,1.0,0.0
CHMP4C,0.0,86.0441,1.0,0.0
SAR1B,0.0,20.029,1.0,0.0
LMNB2,0.0,25.1287,1.0,0.0
CTSC,0.0,17.1803,1.0,0.0
APOA2,0.0,432.4258,1.0,0.0
PRR5L,0.0,45.5002,1.0,0.0
UVRAG,0.0,45.3954,1.0,0.0
SOST,0.0,7.6957,1.0,0.0
SOX17,0.0,20.4133,1.0,0.0
WNT7B,0.0,22.1937,1.0,0.0
S100A1,0.0,7.542,1.0,0.0
S100A6,0.0,4.91,1.0,0.0
IGFBP5,0.0,14.9687,1.0,0.0
IGFALS,0.0,14.8241,1.0,0.0
IGFBP6,0.0,6.7861,1.0,0.0
HDGFL2,0.0,25.0792,1.0,0.0
EFNB1,0.0,27.1815,1.0,0.0
CRADD,0.0,10.6812,1.0,0.0
OLFM2,0.0,309.6783,1.0,0.0
GRIN2D,0.0,538.2268,1.0,0.0
GRIN3A,0.0,350.9608,1.0,0.0
CACNG5,0.0,309.0541,1.0,0.0
SHISA9,0.0,297.5477,1.0,0.0
GRM7,0.0,6.1627,1.0,0.0
GRM3,0.0,23.4094,1.0,0.0
GJA3,0.0,32.3761,1.0,0.0
GJB4,0.0,32.0593,1.0,0.0
GJD3,0.0,27.2598,1.0,0.0
GJB2,0.0,33.1789,1.0,0.0
GJA8,0.0,30.7571,1.0,0.0
LMO7,0.0,14.8268,1.0,0.0
PDLIM1,0.0,13.7969,1.0,0.0
TPM4,0.0,40.4689,1.0,0.0
FLOT2,0.0,33.4652,1.0,0.0
CTNND2,0.0,20.8568,1.0,0.0
CDC14B,0.0,8.8084,1.0,0.0
PJVK,0.0,25.9795,1.0,0.0
TRIOBP,0.0,25.3815,1.0,0.0
TEAD2,0.0,74.8253,1.0,0.0
MPDZ,0.0,15.8062,1.0,0.0
PPL,0.0,9.4873,1.0,0.0
PRICKLE3,0.0,14.7423,1.0,0.0
PRICKLE1,0.0,14.8009,1.0,0.0
SLC17A6,0.0,46.3496,1.0,0.0
KCNA5,0.0,9.544,1.0,0.0
KCNJ4,0.0,74.5722,1.0,0.0
CAMK2G,0.0,24.8505,1.0,0.0
DLG5,0.0,16.429,1.0,0.0
CYTH4,0.0,9.982,1.0,0.0
RAB11FIP4,0.0,9.6635,1.0,0.0
CYTH3,0.0,8.8237,1.0,0.0
ASAP3,0.0,9.0453,1.0,0.0
MYOG,0.0,16.6938,1.0,0.0
COPS9,0.0,185.0884,1.0,0.0
COPS7A,0.0,330.5108,1.0,0.0
TESPA1,0.0,171.2706,1.0,0.0
SH2D2A,0.0,14.1091,1.0,0.0
IL15RA,0.0,15.4518,1.0,0.0
PTGER4,0.0,31.5537,1.0,0.0
PTPRA,0.0,6.7772,1.0,0.0
ZFP36L2,0.0,10.2619,1.0,0.0
ZDHHC9,0.0,36.146,1.0,0.0
BCAR3,0.0,9.5375,1.0,0.0
NPHP1,0.0,7.8011,1.0,0.0
TGFB1I1,0.0,6.4507,1.0,0.0
ESPNL,0.0,98.4271,1.0,0.0
EPS8L2,0.0,88.2511,1.0,0.0
SRY,0.0,6.9229,1.0,0.0
DMRT1,0.0,9.542,1.0,0.0
LGR5,0.0,83.7268,1.0,0.0
EXTL3,0.0,17.4748,1.0,0.0
CLIC4,0.0,6.7013,1.0,0.0
AHNAK,0.0,8.4714,1.0,0.0
RAB11FIP5,0.0,27.1769,1.0,0.0
SNX1,0.0,77.9538,1.0,0.0
PACSIN2,0.0,19.315,1.0,0.0
CDK13,0.0,112.7434,1.0,0.0
ELL2,0.0,460.0166,1.0,0.0
ICE2,0.0,439.1843,1.0,0.0
ICE1,0.0,452.3247,1.0,0.0
ELL3,0.0,453.6532,1.0,0.0
AFF1,0.0,462.7981,1.0,0.0
HEXIM2,0.0,6.2047,1.0,0.0
RIC1,0.0,85.4269,1.0,0.0
RGP1,0.0,82.4965,1.0,0.0
DMC1,0.0,27.2618,1.0,0.0
BCL2L10,0.0,8.6161,1.0,0.0
ABI3,0.0,65.0004,1.0,0.0
SRA1,0.0,74.9815,1.0,0.0
SSR4,0.0,66.6452,1.0,0.0
MAD2L1BP,0.0,13.1001,1.0,0.0
SKA2,0.0,100.2293,1.0,0.0
CENPW,0.0,89.4289,1.0,0.0
CLASP2,0.0,18.9679,1.0,0.0
RARG,0.0,9.0894,1.0,0.0
MAB21L2,0.0,7.8338,1.0,0.0
PBX2,0.0,7.7839,1.0,0.0
MVB12B,0.0,341.4006,1.0,0.0
MVB12A,0.0,348.1625,1.0,0.0
VPS37C,0.0,308.021,1.0,0.0
CHMP3,0.0,328.0905,1.0,0.0
MGRN1,0.0,15.9979,1.0,0.0
MEGF8,0.0,7.2256,1.0,0.0
ADGRA2,0.0,56.082,1.0,0.0
DLL4,0.0,44.7807,1.0,0.0
AMER1,0.0,47.2778,1.0,0.0
BCL9L,0.0,53.6882,1.0,0.0
EMD,0.0,7.753,1.0,0.0
BANF1,0.0,8.1405,1.0,0.0
TLE2,0.0,15.3162,1.0,0.0
CBY1,0.0,15.4817,1.0,0.0
MYO7B,0.0,7.846,1.0,0.0
ANKS4B,0.0,7.1116,1.0,0.0
REEP2,0.0,7.9102,1.0,0.0
REEP1,0.0,8.1001,1.0,0.0
PROCR,0.0,11.9381,1.0,0.0
VKORC1,0.0,15.7528,1.0,0.0
NUP58,0.0,280.4353,1.0,0.0
NUP160,0.0,275.747,1.0,0.0
NUP54,0.0,292.6708,1.0,0.0
NUP93,0.0,373.7495,1.0,0.0
NUTF2,0.0,5.2052,1.0,0.0
DDX39A,0.0,44.4652,1.0,0.0
THOC3,0.0,86.6215,1.0,0.0
NXT1,0.0,22.9342,1.0,0.0
NXF3,0.0,70.2904,1.0,0.0
MCM3AP,0.0,98.8274,1.0,0.0
RBM15B,0.0,58.8808,1.0,0.0
DPF1,0.0,175.581,1.0,0.0
SS18L1,0.0,45.5238,1.0,0.0
RNF139,0.0,54.4736,1.0,0.0
DUOX1,0.0,17.6154,1.0,0.0
DUOX2,0.0,8.4345,1.0,0.0
SCARA5,0.0,11.0652,1.0,0.0
MICA,0.0,7.94,1.0,0.0
RAET1G,0.0,8.4109,1.0,0.0
MARCKSL1,0.0,17.2888,1.0,0.0
PTGFRN,0.0,8.1041,1.0,0.0
PKN3,0.0,15.3365,1.0,0.0
PPP1R12B,0.0,7.4649,1.0,0.0
TLE6,0.0,13.8383,1.0,0.0
NLRP5,0.0,17.7398,1.0,0.0
OOEP,0.0,15.2957,1.0,0.0
COL18A1,0.0,26.0521,1.0,0.0
DSPP,0.0,15.4408,1.0,0.0
YPEL5,0.0,14.2356,1.0,0.0
MAEA,0.0,23.1839,1.0,0.0
WDR26,0.0,25.6629,1.0,0.0
RMND5B,0.0,16.6554,1.0,0.0
HFE,0.0,18.5934,1.0,0.0
ZSCAN10,0.0,26.1057,1.0,0.0
MYO3B,0.0,89.5527,1.0,0.0
LILRB3,0.0,8.1187,1.0,0.0
LILRA2,0.0,8.8492,1.0,0.0
NR1D1,0.0,8.0445,1.0,0.0
H2BC13,0.0,24.8746,1.0,0.0
H2AC7,0.0,186.2433,1.0,0.0
H2AC1,0.0,38.5171,1.0,0.0
H2BC9,0.0,227.7779,1.0,0.0
H2AZ2,0.0,34.7742,1.0,0.0
TLR5,0.0,46.8949,1.0,0.0
IRAK3,0.0,18.4581,1.0,0.0
IL18R1,0.0,13.2708,1.0,0.0
ARSB,0.0,55.4811,1.0,0.0
HYAL3,0.0,6.1236,1.0,0.0
HYAL2,0.0,15.5041,1.0,0.0
SPAM1,0.0,9.0491,1.0,0.0
HYAL1,0.0,10.2864,1.0,0.0
ACKR4,0.0,84.37,1.0,0.0
TNFRSF8,0.0,9.4915,1.0,0.0
GRN,0.0,22.4917,1.0,0.0
SLC25A1,0.0,26.1966,1.0,0.0
DBH,0.0,75.0237,1.0,0.0
MUSK,0.0,8.1724,1.0,0.0
AGO4,0.0,588.5404,1.0,0.0
HAUS4,0.0,56.3376,1.0,0.0
HAUS2,0.0,61.6103,1.0,0.0
HAUS8,0.0,55.3695,1.0,0.0
HAUS7,0.0,57.8953,1.0,0.0
HAUS6,0.0,59.0736,1.0,0.0
HAUS5,0.0,59.9078,1.0,0.0
HAUS1,0.0,59.1448,1.0,0.0
HAUS3,0.0,59.6253,1.0,0.0
TUBG2,0.0,43.9788,1.0,0.0
NINL,0.0,9.0889,1.0,0.0
GATAD2B,0.0,202.5908,1.0,0.0
OSBP,0.0,8.2197,1.0,0.0
PITPNM1,0.0,7.3701,1.0,0.0
VPS37B,0.0,340.1486,1.0,0.0
ZFYVE19,0.0,7.6505,1.0,0.0
MAP4K5,0.0,4.865,1.0,0.0
PTPRE,0.0,10.2671,1.0,0.0
NECAP1,0.0,10.4269,1.0,0.0
VPS37D,0.0,347.7247,1.0,0.0
SNF8,0.0,346.9243,1.0,0.0
N4BP1,0.0,14.5501,1.0,0.0
SCARB1,0.0,15.3635,1.0,0.0
ADIPOR2,0.0,13.513,1.0,0.0
PPM1F,0.0,6.2071,1.0,0.0
IL11,0.0,7.4663,1.0,0.0
MCMBP,0.0,52.7248,1.0,0.0
LRWD1,0.0,44.89,1.0,0.0
TGS1,0.0,18.3091,1.0,0.0
SH2D4A,0.0,6.4947,1.0,0.0
SAA1,0.0,8.5826,1.0,0.0
RTN3,0.0,13.3604,1.0,0.0
SLIT1,0.0,7.9156,1.0,0.0
SLIT3,0.0,6.1898,1.0,0.0
PHIP,0.0,9.1995,1.0,0.0
SNX7,0.0,7.0535,1.0,0.0
TBC1D5,0.0,65.7127,1.0,0.0
VPS26B,0.0,80.1398,1.0,0.0
SNX6,0.0,68.7398,1.0,0.0
SNX2,0.0,65.9268,1.0,0.0
SNX5,0.0,67.0524,1.0,0.0
COLGALT1,0.0,7.7096,1.0,0.0
AARS2,0.0,20.6302,1.0,0.0
CARS2,0.0,5.4079,1.0,0.0
COL8A1,0.0,5.6814,1.0,0.0
FAM89B,0.0,42.7131,1.0,0.0
DNAJC8,0.0,126.8221,1.0,0.0
TUT1,0.0,25.2892,1.0,0.0
MZB1,0.0,6.855,1.0,0.0
LARGE1,0.0,9.6204,1.0,0.0
POMGNT2,0.0,34.9149,1.0,0.0
POMT1,0.0,24.2339,1.0,0.0
SGCB,0.0,61.1866,1.0,0.0
DYSF,0.0,39.174,1.0,0.0
VPS18,0.0,241.5116,1.0,0.0
TGFBRAP1,0.0,64.4441,1.0,0.0
VPS8,0.0,58.5346,1.0,0.0
GALR3,0.0,16.5165,1.0,0.0
SPX,0.0,22.9958,1.0,0.0
KRT5,0.0,27.0074,1.0,0.0
TMEM249,0.0,672.2365,1.0,0.0
CATSPER2,0.0,660.9469,1.0,0.0
CATSPER3,0.0,641.2786,1.0,0.0
CATSPERD,0.0,642.5405,1.0,0.0
CATSPERE,0.0,638.5561,1.0,0.0
EFCAB9,0.0,629.3997,1.0,0.0
TMEM262,0.0,619.6643,1.0,0.0
CATSPERB,0.0,622.1867,1.0,0.0
STAC3,0.0,605.714,1.0,0.0
CATSPER4,0.0,612.0147,1.0,0.0
CATSPER1,0.0,612.9069,1.0,0.0
CATSPERZ,0.0,607.2421,1.0,0.0
CACNG6,0.0,600.5371,1.0,0.0
CACNA2D4,0.0,582.2042,1.0,0.0
KCNE3,0.0,23.0115,1.0,0.0
KCNE1,0.0,28.836,1.0,0.0
HTR2B,0.0,112.0716,1.0,0.0
HTR2C,0.0,112.9466,1.0,0.0
CASQ2,0.0,46.7656,1.0,0.0
SCN2B,0.0,169.1197,1.0,0.0
SCN3B,0.0,149.1599,1.0,0.0
STIM1,0.0,15.2849,1.0,0.0
DPP6,0.0,8.8288,1.0,0.0
KCNIP4,0.0,5.0546,1.0,0.0
FBXO31,0.0,22.5378,1.0,0.0
PTPRN,0.0,12.7007,1.0,0.0
IWS1,0.0,360.4388,1.0,0.0
PPP1R16B,0.0,6.894,1.0,0.0
UBN1,0.0,17.6648,1.0,0.0
ADAR,0.0,7.2475,1.0,0.0
NKRF,0.0,5.2052,1.0,0.0
ARFGAP3,0.0,14.8456,1.0,0.0
COPZ1,0.0,139.1912,1.0,0.0
COPE,0.0,137.3155,1.0,0.0
ARF3,0.0,11.5979,1.0,0.0
AP4B1,0.0,155.1723,1.0,0.0
PRDX3,0.0,8.1017,1.0,0.0
P2RX5,0.0,91.8954,1.0,0.0
P2RX4,0.0,88.6426,1.0,0.0
P2RX1,0.0,98.9827,1.0,0.0
P2RX3,0.0,86.8316,1.0,0.0
DNAJB5,0.0,25.585,1.0,0.0
NMB,0.0,15.8015,1.0,0.0
GRPR,0.0,8.8269,1.0,0.0
CCK,0.0,7.8255,1.0,0.0
PEX11G,0.0,8.8261,1.0,0.0
PEX11A,0.0,9.8808,1.0,0.0
PEX1,0.0,8.609,1.0,0.0
PEX5L,0.0,15.5628,1.0,0.0
PTPN7,0.0,127.7624,1.0,0.0
SH2D1B,0.0,9.0885,1.0,0.0
SLAMF6,0.0,9.4688,1.0,0.0
MPIG6B,0.0,8.2904,1.0,0.0
HEY2,0.0,6.845,1.0,0.0
NRARP,0.0,7.6587,1.0,0.0
LHPP,0.0,39.5627,1.0,0.0
PRDM16,0.0,7.7233,1.0,0.0
OTOF,0.0,49.6585,1.0,0.0
BSN,0.0,6.3337,1.0,0.0
WIZ,0.0,6.3913,1.0,0.0
AQP2,0.0,15.2286,1.0,0.0
GSKIP,0.0,9.2749,1.0,0.0
KCNMB2,0.0,142.3061,1.0,0.0
AKAP4,0.0,24.3482,1.0,0.0
MAP2,0.0,8.1485,1.0,0.0
SCN1A,0.0,25.6288,1.0,0.0
TTF1,0.0,47.1233,1.0,0.0
ATP2B2,0.0,31.0753,1.0,0.0
KCNK2,0.0,28.1578,1.0,0.0
GDPD1,0.0,26.6138,1.0,0.0
GDPD3,0.0,23.4819,1.0,0.0
LFNG,0.0,39.9707,1.0,0.0
HEYL,0.0,9.4766,1.0,0.0
UBA2,0.0,51.1574,1.0,0.0
SAE1,0.0,42.8014,1.0,0.0
NSMCE2,0.0,75.2373,1.0,0.0
NR4A3,0.0,10.4415,1.0,0.0
SYCE2,0.0,20.5179,1.0,0.0
SYCE1,0.0,23.2624,1.0,0.0
LILRA5,0.0,8.9338,1.0,0.0
TEX12,0.0,16.5193,1.0,0.0
SYCE3,0.0,16.1694,1.0,0.0
RAD21L1,0.0,140.1892,1.0,0.0
STAG3,0.0,85.1363,1.0,0.0
ADM,0.0,167.3261,1.0,0.0
STAG2,0.0,214.8579,1.0,0.0
PDS5B,0.0,109.4969,1.0,0.0
WAPL,0.0,84.7667,1.0,0.0
PDS5A,0.0,106.9298,1.0,0.0
TEKT2,0.0,811.8774,1.0,0.0
CFAP77,0.0,783.1842,1.0,0.0
SPACA9,0.0,758.8019,1.0,0.0
CFAP161,0.0,743.9548,1.0,0.0
SPAG8,0.0,745.0554,1.0,0.0
MNS1,0.0,740.4648,1.0,0.0
CFAP126,0.0,710.1942,1.0,0.0
CFAP52,0.0,725.1,1.0,0.0
CFAP53,0.0,695.6449,1.0,0.0
TEKT4,0.0,696.713,1.0,0.0
RIBC2,0.0,695.0573,1.0,0.0
TEKT3,0.0,678.5838,1.0,0.0
EFHC1,0.0,719.446,1.0,0.0
TEKT1,0.0,679.3634,1.0,0.0
PTGER1,0.0,24.1808,1.0,0.0
SIK1,0.0,15.0754,1.0,0.0
USH1G,0.0,6.4222,1.0,0.0
USH2A,0.0,13.4208,1.0,0.0
MAFA,0.0,7.9814,1.0,0.0
MPP2,0.0,13.5402,1.0,0.0
INSIG2,0.0,15.9196,1.0,0.0
PIWIL1,0.0,8.178,1.0,0.0
TDRKH,0.0,38.2604,1.0,0.0
TDRD6,0.0,8.5261,1.0,0.0
PIWIL4,0.0,14.4776,1.0,0.0
TDRD9,0.0,17.0261,1.0,0.0
MOV10L1,0.0,38.2245,1.0,0.0
MAEL,0.0,20.7401,1.0,0.0
USP39,0.0,1002.3098,1.0,0.0
CHERP,0.0,67.5167,1.0,0.0
DDX42,0.0,81.1788,1.0,0.0
PER3,0.0,178.9104,1.0,0.0
FUT6,0.0,156.3053,1.0,0.0
FUT9,0.0,158.5065,1.0,0.0
B4GALT4,0.0,226.5408,1.0,0.0
FUT2,0.0,243.0781,1.0,0.0
ST3GAL2,0.0,89.1536,1.0,0.0
FUT7,0.0,8.2683,1.0,0.0
STX8,0.0,203.317,1.0,0.0
NSMCE4A,0.0,57.2079,1.0,0.0
EID3,0.0,57.7517,1.0,0.0
SMC5,0.0,56.6496,1.0,0.0
PMS1,0.0,9.5541,1.0,0.0
SGCD,0.0,57.0057,1.0,0.0
TRAPPC2,0.0,23.9566,1.0,0.0
TRAPPC2B,0.0,14.7639,1.0,0.0
IP6K3,0.0,24.6915,1.0,0.0
IP6K2,0.0,28.7585,1.0,0.0
PPIP5K1,0.0,32.2956,1.0,0.0
FANCB,0.0,165.2243,1.0,0.0
FANCL,0.0,246.4735,1.0,0.0
RPS6KA4,0.0,46.7558,1.0,0.0
PTPRR,0.0,127.3787,1.0,0.0
DUSP4,0.0,6.798,1.0,0.0
DUSP16,0.0,13.6694,1.0,0.0
DUSP7,0.0,24.4057,1.0,0.0
ZNF622,0.0,1099.8535,1.0,0.0
RALY,0.0,10.1367,1.0,0.0
KHDRBS3,0.0,15.1358,1.0,0.0
DLGAP5,0.0,6.3927,1.0,0.0
ANGPTL8,0.0,6.4574,1.0,0.0
TMEM107,0.0,144.7796,1.0,0.0
TMEM17,0.0,142.9453,1.0,0.0
AHI1,0.0,168.1327,1.0,0.0
MKS1,0.0,161.7187,1.0,0.0
TCTN3,0.0,93.1834,1.0,0.0
TCTN2,0.0,160.7427,1.0,0.0
TMEM216,0.0,166.22,1.0,0.0
TMEM231,0.0,148.1021,1.0,0.0
CC2D2A,0.0,163.9458,1.0,0.0
B9D1,0.0,175.2443,1.0,0.0
JMY,0.0,8.026,1.0,0.0
ASZ1,0.0,33.4908,1.0,0.0
PLK5,0.0,7.2464,1.0,0.0
IKZF3,0.0,5.5204,1.0,0.0
NDUFB4,0.0,2256.7992,1.0,0.0
NDUFB5,0.0,1787.4835,1.0,0.0
NDUFC1,0.0,1671.8506,1.0,0.0
NDUFA1,0.0,1616.8402,1.0,0.0
NDUFA11,0.0,1676.1047,1.0,0.0
COX7A2L,0.0,250.2967,1.0,0.0
COX6A1,0.0,281.4679,1.0,0.0
PWWP3A,0.0,296.5867,1.0,0.0
COX7A2,0.0,100.9453,1.0,0.0
BCS1L,0.0,59.678,1.0,0.0
COA6,0.0,100.5236,1.0,0.0
ATP5PD,0.0,211.9025,1.0,0.0
APOBEC3F,0.0,6.2683,1.0,0.0
AIRE,0.0,31.0425,1.0,0.0
CPLX2,0.0,211.6413,1.0,0.0
STX2,0.0,63.8658,1.0,0.0
BET1,0.0,87.2306,1.0,0.0
NAPG,0.0,76.8308,1.0,0.0
ACTL7A,0.0,7.184,1.0,0.0
TES,0.0,6.5936,1.0,0.0
ESRP1,0.0,8.4812,1.0,0.0
ESRP2,0.0,6.0531,1.0,0.0
CEP85,0.0,6.8506,1.0,0.0
SOX5,0.0,6.2221,1.0,0.0
SOX13,0.0,8.126,1.0,0.0
WNT7A,0.0,21.6423,1.0,0.0
CCDC61,0.0,66.4636,1.0,0.0
CEP128,0.0,64.2107,1.0,0.0
CEP170,0.0,60.3853,1.0,0.0
BBS5,0.0,75.3516,1.0,0.0
BBS7,0.0,62.6953,1.0,0.0
BBS2,0.0,58.1445,1.0,0.0
RMDN3,0.0,7.6948,1.0,0.0
MARCHF5,0.0,16.0058,1.0,0.0
FBXL7,0.0,17.4166,1.0,0.0
WTIP,0.0,39.4683,1.0,0.0
ZP1,0.0,15.1216,1.0,0.0
ZP4,0.0,16.0572,1.0,0.0
ZP2,0.0,14.3715,1.0,0.0
ZP3,0.0,15.7727,1.0,0.0
CLEC4D,0.0,7.9636,1.0,0.0
GPR183,0.0,17.4069,1.0,0.0
DLX3,0.0,6.0273,1.0,0.0
EMC10,0.0,100.921,1.0,0.0
EMC9,0.0,95.2674,1.0,0.0
EMC8,0.0,91.1895,1.0,0.0
MMGT1,0.0,109.0063,1.0,0.0
EMC7,0.0,102.0608,1.0,0.0
PPARD,0.0,15.468,1.0,0.0
ID2,0.0,13.4241,1.0,0.0
KAT14,0.0,453.9059,1.0,0.0
TAF1L,0.0,178.491,1.0,0.0
NASP,0.0,89.052,1.0,0.0
USP2,0.0,20.6633,1.0,0.0
CTSF,0.0,12.2836,1.0,0.0
ATF7,0.0,18.3217,1.0,0.0
CRTC3,0.0,7.4454,1.0,0.0
ASRGL1,0.0,143.731,1.0,0.0
ASNS,0.0,134.9292,1.0,0.0
FGL1,0.0,54.6852,1.0,0.0
DARS1,0.0,121.7618,1.0,0.0
EEF1E1,0.0,118.0588,1.0,0.0
PAXX,0.0,428.7614,1.0,0.0
NHEJ1,0.0,422.3887,1.0,0.0
KDM4A,0.0,58.0219,1.0,0.0
ZMYM2,0.0,16.4243,1.0,0.0
GABRA6,0.0,13.9734,1.0,0.0
GABRD,0.0,35.9987,1.0,0.0
APTX,0.0,7.1552,1.0,0.0
NEIL1,0.0,8.7187,1.0,0.0
SET,0.0,24.0882,1.0,0.0
ANP32A,0.0,23.1248,1.0,0.0
ZNF423,0.0,16.3159,1.0,0.0
TRAF1,0.0,88.4087,1.0,0.0
TRIM31,0.0,5.1583,1.0,0.0
JMJD6,0.0,23.7813,1.0,0.0
TLE5,0.0,12.6833,1.0,0.0
CBFA2T2,0.0,10.0403,1.0,0.0
CBFA2T3,0.0,9.4849,1.0,0.0
IFITM1,0.0,7.3477,1.0,0.0
ALOX12,0.0,288.6135,1.0,0.0
PAFAH2,0.0,33.4322,1.0,0.0
RNF125,0.0,50.2147,1.0,0.0
NLRC5,0.0,6.9988,1.0,0.0
ANP32E,0.0,374.3569,1.0,0.0
NFRKB,0.0,322.5969,1.0,0.0
ACTR8,0.0,340.3279,1.0,0.0
INO80E,0.0,320.4306,1.0,0.0
TRIM72,0.0,32.1135,1.0,0.0
ANXA6,0.0,34.2011,1.0,0.0
SNTG1,0.0,57.8802,1.0,0.0
SGCE,0.0,62.5311,1.0,0.0
FERMT1,0.0,8.3133,1.0,0.0
ENTPD6,0.0,447.0431,1.0,0.0
INAVA,0.0,7.6803,1.0,0.0
CNGB1,0.0,45.0894,1.0,0.0
CNGA1,0.0,13.7668,1.0,0.0
PIEZO1,0.0,12.1458,1.0,0.0
TMEM30B,0.0,8.3158,1.0,0.0
VAMP5,0.0,35.7989,1.0,0.0
STXBP2,0.0,9.3699,1.0,0.0
GABRG2,0.0,27.1511,1.0,0.0
KRT10,0.0,26.8609,1.0,0.0
SNTB2,0.0,13.7103,1.0,0.0
PPM1A,0.0,27.4548,1.0,0.0
SLC34A2,0.0,8.603,1.0,0.0
ATG4B,0.0,58.7793,1.0,0.0
SLC18A3,0.0,92.3178,1.0,0.0
TRPM4,0.0,156.294,1.0,0.0
SCNN1D,0.0,150.4264,1.0,0.0
SCN10A,0.0,152.1156,1.0,0.0
CNTNAP1,0.0,8.0812,1.0,0.0
SLC26A3,0.0,14.2981,1.0,0.0
RSPH1,0.0,7.0218,1.0,0.0
TRIB2,0.0,17.7312,1.0,0.0
SEPTIN14,0.0,60.2725,1.0,0.0
CT55,0.0,4.8529,1.0,0.0
DNAH5,0.0,26.734,1.0,0.0
DNAH2,0.0,27.1452,1.0,0.0
CFAP70,0.0,26.3959,1.0,0.0
DNAH8,0.0,29.3938,1.0,0.0
DNAH17,0.0,26.0566,1.0,0.0
CYP26B1,0.0,329.5739,1.0,0.0
BCO1,0.0,314.8258,1.0,0.0
RDH11,0.0,179.6908,1.0,0.0
LCA5,0.0,7.2467,1.0,0.0
DUOXA2,0.0,7.839,1.0,0.0
SYNE4,0.0,6.5901,1.0,0.0
SYNE3,0.0,21.5416,1.0,0.0
GPAT3,0.0,98.9683,1.0,0.0
GK2,0.0,88.4711,1.0,0.0
GALK2,0.0,8.0051,1.0,0.0
IQCG,0.0,15.2766,1.0,0.0
KIFC3,0.0,23.8837,1.0,0.0
NEU1,0.0,25.7151,1.0,0.0
NEU4,0.0,29.0647,1.0,0.0
GAL3ST1,0.0,65.383,1.0,0.0
MTX3,0.0,229.3403,1.0,0.0
MTX1,0.0,153.4139,1.0,0.0
PLCH2,0.0,17.0453,1.0,0.0
CEP89,0.0,24.7854,1.0,0.0
CEP83,0.0,22.5384,1.0,0.0
TRPV6,0.0,5.5824,1.0,0.0
RIBC1,0.0,5.1279,1.0,0.0
TSC22D4,0.0,16.0972,1.0,0.0
TSC22D1,0.0,9.4295,1.0,0.0
NRBP2,0.0,7.8589,1.0,0.0
TSPOAP1,0.0,8.4443,1.0,0.0
CPT1C,0.0,23.5585,1.0,0.0
DBI,0.0,482.4339,1.0,0.0
PCYOX1,0.0,478.822,1.0,0.0
PLTP,0.0,475.2037,1.0,0.0
VAC14,0.0,9.3288,1.0,0.0
TECPR1,0.0,19.3727,1.0,0.0
WDFY3,0.0,8.7228,1.0,0.0
CAMSAP3,0.0,7.3369,1.0,0.0
KIF1A,0.0,8.3758,1.0,0.0
IFT140,0.0,51.7081,1.0,0.0
WDR35,0.0,52.2077,1.0,0.0
CNGA4,0.0,27.7027,1.0,0.0
CNGA2,0.0,26.4087,1.0,0.0
NALCN,0.0,27.9826,1.0,0.0
UNC79,0.0,29.8869,1.0,0.0
UNC80,0.0,27.9605,1.0,0.0
ASPH,0.0,58.6379,1.0,0.0
NOX5,0.0,7.0062,1.0,0.0
DAPK2,0.0,89.0511,1.0,0.0
CEP97,0.0,10.9543,1.0,0.0
TULP3,0.0,36.6904,1.0,0.0
DYNC2LI1,0.0,212.4809,1.0,0.0
MEP1A,0.0,50.7796,1.0,0.0
AGTR2,0.0,19.3465,1.0,0.0
ATP7B,0.0,9.3884,1.0,0.0
EIF4G2,0.0,35.0543,1.0,0.0
ABCB6,0.0,237.6523,1.0,0.0
ABCG8,0.0,238.8353,1.0,0.0
ABCG5,0.0,236.3379,1.0,0.0
ABCA2,0.0,238.0182,1.0,0.0
SNX33,0.0,7.9508,1.0,0.0
LMOD2,0.0,11.3018,1.0,0.0
TNNC2,0.0,92.4198,1.0,0.0
SLN,0.0,7.3838,1.0,0.0
SRR,0.0,106.9342,1.0,0.0
SEMA4C,0.0,17.8026,1.0,0.0
MTMR3,0.0,74.6386,1.0,0.0
MTMR14,0.0,48.5166,1.0,0.0
RPH3A,0.0,8.8552,1.0,0.0
PPP1R10,0.0,51.791,1.0,0.0
TOX4,0.0,49.165,1.0,0.0
ISCU,0.0,16.8162,1.0,0.0
BOLA3,0.0,7.6668,1.0,0.0
NAA80,0.0,12.1604,1.0,0.0
RAB27B,0.0,43.8103,1.0,0.0
ARFGEF1,0.0,9.6258,1.0,0.0
CARTPT,0.0,6.2244,1.0,0.0
MON1B,0.0,26.6672,1.0,0.0
GUCA1B,0.0,13.822,1.0,0.0
PNPLA4,0.0,75.7804,1.0,0.0
PSMD9,0.0,305.8664,1.0,0.0
GUCA1A,0.0,15.3504,1.0,0.0
GPR52,0.0,19.274,1.0,0.0
DYNLRB2,0.0,111.7153,1.0,0.0
DYNLT3,0.0,154.8273,1.0,0.0
EMB,0.0,9.6906,1.0,0.0
DGUOK,0.0,137.5222,1.0,0.0
NT5C3A,0.0,1021.6631,1.0,0.0
SYTL3,0.0,7.1616,1.0,0.0
SYTL2,0.0,6.9166,1.0,0.0
CEP76,0.0,15.0155,1.0,0.0
CEP72,0.0,8.5203,1.0,0.0
CEP131,0.0,6.6996,1.0,0.0
CCDC14,0.0,24.8334,1.0,0.0
TMSB4X,0.0,8.0327,1.0,0.0
HACE1,0.0,8.0861,1.0,0.0
CARMIL1,0.0,6.9942,1.0,0.0
LIMS2,0.0,5.7245,1.0,0.0
RSU1,0.0,54.5234,1.0,0.0
DCXR,0.0,14.5751,1.0,0.0
NUP37,0.0,284.4734,1.0,0.0
NXT2,0.0,23.4053,1.0,0.0
CASQ1,0.0,43.5257,1.0,0.0
PPP1R42,0.0,7.0262,1.0,0.0
SH3BP5,0.0,7.6925,1.0,0.0
MYO5B,0.0,14.3281,1.0,0.0
CHIA,0.0,26.0026,1.0,0.0
WNT2,0.0,12.9859,1.0,0.0
WNT2B,0.0,27.2901,1.0,0.0
CCDC9,0.0,116.8714,1.0,0.0
PYM1,0.0,113.1882,1.0,0.0
EDC4,0.0,26.5676,1.0,0.0
PNRC2,0.0,6.2037,1.0,0.0
LGSN,0.0,15.3175,1.0,0.0
RAB9B,0.0,90.7145,1.0,0.0
RAB6B,0.0,16.4428,1.0,0.0
ADGRG3,0.0,6.624,1.0,0.0
DNAJB6,0.0,9.5327,1.0,0.0
DNAJA2,0.0,7.5208,1.0,0.0
GRPEL1,0.0,6.824,1.0,0.0
HSPA4L,0.0,19.1294,1.0,0.0
CHORDC1,0.0,7.7168,1.0,0.0
EVC,0.0,6.6808,1.0,0.0
EVC2,0.0,6.8927,1.0,0.0
MKKS,0.0,47.2023,1.0,0.0
PFDN4,0.0,135.3253,1.0,0.0
WRAP53,0.0,192.9649,1.0,0.0
CCDC47,0.0,1186.7285,1.0,0.0
SCTR,0.0,24.9084,1.0,0.0
RASD1,0.0,13.7632,1.0,0.0
ADGRG2,0.0,13.8785,1.0,0.0
CALCA,0.0,122.9539,1.0,0.0
CALCB,0.0,122.9625,1.0,0.0
ADM2,0.0,37.2438,1.0,0.0
NMUR2,0.0,26.7802,1.0,0.0
NMUR1,0.0,22.0421,1.0,0.0
HRH1,0.0,15.7468,1.0,0.0
HTR5A,0.0,16.2794,1.0,0.0
HTR1E,0.0,16.023,1.0,0.0
GPR88,0.0,17.8575,1.0,0.0
HTR1F,0.0,15.6336,1.0,0.0
TRPM3,0.0,8.83,1.0,0.0
ADCYAP1R1,0.0,27.426,1.0,0.0
HTR1D,0.0,15.109,1.0,0.0
EHD2,0.0,38.4564,1.0,0.0
TOM1L1,0.0,7.6977,1.0,0.0
DNAJB12,0.0,7.1344,1.0,0.0
TAP2,0.0,51.1766,1.0,0.0
SRXN1,0.0,6.468,1.0,0.0
ATP5IF1,0.0,82.7833,1.0,0.0
GPRC6A,0.0,35.728,1.0,0.0
P2RY1,0.0,10.7983,1.0,0.0
CHCHD10,0.0,67.38,1.0,0.0
RBM45,0.0,12.4647,1.0,0.0
GPR158,0.0,7.5944,1.0,0.0
DNAJB14,0.0,7.9132,1.0,0.0
RINT1,0.0,47.7339,1.0,0.0
PSMF1,0.0,379.4708,1.0,0.0
PSME4,0.0,373.3076,1.0,0.0
UBOX5,0.0,7.8941,1.0,0.0
ZFAND2B,0.0,54.7177,1.0,0.0
NEMF,0.0,1123.7493,1.0,0.0
LTN1,0.0,1096.0184,1.0,0.0
VCPKMT,0.0,5.5547,1.0,0.0
ANKZF1,0.0,5.871,1.0,0.0
FOXRED1,0.0,1061.2949,1.0,0.0
NDUFAF4,0.0,1056.4629,1.0,0.0
SLC25A41,0.0,324.158,1.0,0.0
SLC25A23,0.0,367.7066,1.0,0.0
SLC25A25,0.0,365.725,1.0,0.0
ACAD9,0.0,81.3555,1.0,0.0
OTUB2,0.0,19.6835,1.0,0.0
TRIM23,0.0,30.3198,1.0,0.0
USP30,0.0,22.1712,1.0,0.0
KLF1,0.0,25.3815,1.0,0.0
USP34,0.0,24.1975,1.0,0.0
OTUD7B,0.0,23.9423,1.0,0.0
TIMM21,0.0,16.0142,1.0,0.0
PAM16,0.0,17.8761,1.0,0.0
TRIL,0.0,20.9914,1.0,0.0
TCP11L2,0.0,7.1519,1.0,0.0
SCO1,0.0,40.1711,1.0,0.0
COX11,0.0,15.2225,1.0,0.0
MRPL28,0.0,3178.0558,1.0,0.0
MRPL39,0.0,2931.3151,1.0,0.0
MRPL14,0.0,2858.5569,1.0,0.0
MRPL54,0.0,2706.2225,1.0,0.0
MRPS28,0.0,2580.1842,1.0,0.0
MRPL42,0.0,2643.0094,1.0,0.0
MRPS26,0.0,2589.8712,1.0,0.0
MRPS17,0.0,2543.266,1.0,0.0
MRPS21,0.0,2496.9499,1.0,0.0
MRPS24,0.0,2521.0875,1.0,0.0
MTG2,0.0,1206.8728,1.0,0.0
SPTB,0.0,23.4106,1.0,0.0
EPB41L2,0.0,28.0396,1.0,0.0
UBR1,0.0,13.2863,1.0,0.0
SRP72,0.0,854.1206,1.0,0.0
SBDS,0.0,4.9302,1.0,0.0
TIMM10B,0.0,12.7382,1.0,0.0
POLG,0.0,197.4191,1.0,0.0
POLG2,0.0,193.7142,1.0,0.0
CHCHD4,0.0,13.2446,1.0,0.0
BICDL1,0.0,141.8614,1.0,0.0
GSTM3,0.0,213.6414,1.0,0.0
GSTM1,0.0,168.0859,1.0,0.0
AP5M1,0.0,151.3057,1.0,0.0
SMARCAL1,0.0,23.5747,1.0,0.0
ABRAXAS1,0.0,40.3882,1.0,0.0
FAHD1,0.0,30.9411,1.0,0.0
AQP1,0.0,11.9951,1.0,0.0
RHAG,0.0,14.973,1.0,0.0
SLC29A3,0.0,11.9318,1.0,0.0
SLC29A1,0.0,7.726,1.0,0.0
SLC29A2,0.0,10.7593,1.0,0.0
TRPM2,0.0,8.2508,1.0,0.0
HTR3B,0.0,13.3733,1.0,0.0
NAPRT,0.0,157.1215,1.0,0.0
PANK1,0.0,34.6486,1.0,0.0
CHRND,0.0,149.7093,1.0,0.0
CHRNB1,0.0,143.4591,1.0,0.0
RP2,0.0,8.6198,1.0,0.0
UNC119,0.0,18.4893,1.0,0.0
BBIP1,0.0,55.445,1.0,0.0
TFE3,0.0,7.6534,1.0,0.0
NEK6,0.0,6.9546,1.0,0.0
ANKS3,0.0,8.0848,1.0,0.0
NEU3,0.0,23.2696,1.0,0.0
PERP,0.0,6.5254,1.0,0.0
WNT10A,0.0,17.8611,1.0,0.0
SPATA2,0.0,49.0093,1.0,0.0
TBX3,0.0,7.3789,1.0,0.0
PEA15,0.0,11.7784,1.0,0.0
COG3,0.0,74.5449,1.0,0.0
COG8,0.0,55.7893,1.0,0.0
COG6,0.0,61.6197,1.0,0.0
COG4,0.0,56.672,1.0,0.0
VPS54,0.0,37.2198,1.0,0.0
VPS53,0.0,35.6388,1.0,0.0
RABGAP1,0.0,7.5652,1.0,0.0
BICD1,0.0,7.3415,1.0,0.0
PLA2G15,0.0,25.9322,1.0,0.0
OSBP2,0.0,8.6248,1.0,0.0
DNMT3L,0.0,62.4571,1.0,0.0
NONO,0.0,6.9482,1.0,0.0
GATAD1,0.0,51.002,1.0,0.0
KMT2E,0.0,265.1334,1.0,0.0
H2AB2,0.0,16.1274,1.0,0.0
HPF1,0.0,38.5621,1.0,0.0
TOP2B,0.0,9.1675,1.0,0.0
CHFR,0.0,14.1134,1.0,0.0
TMED2,0.0,70.0552,1.0,0.0
TBC1D20,0.0,8.0957,1.0,0.0
SEC16A,0.0,84.5989,1.0,0.0
WASHC3,0.0,50.1777,1.0,0.0
WASHC5,0.0,55.0941,1.0,0.0
WASHC1,0.0,55.5871,1.0,0.0
WASHC4,0.0,55.4234,1.0,0.0
CARMIL2,0.0,9.5078,1.0,0.0
PLEKHM2,0.0,7.3437,1.0,0.0
RFWD3,0.0,25.5609,1.0,0.0
RAD9B,0.0,51.3271,1.0,0.0
SFR1,0.0,51.1291,1.0,0.0
ACTR6,0.0,95.8888,1.0,0.0
CHRM3,0.0,70.7188,1.0,0.0
P2RY12,0.0,15.1411,1.0,0.0
ERC1,0.0,27.3512,1.0,0.0
LRRC14,0.0,9.5648,1.0,0.0
KRT2,0.0,32.2482,1.0,0.0
KRT1,0.0,32.1375,1.0,0.0
KRT77,0.0,21.387,1.0,0.0
RTCB,0.0,41.9665,1.0,0.0
DDX1,0.0,61.7828,1.0,0.0
HNRNPH3,0.0,17.7126,1.0,0.0
WDR62,0.0,10.7621,1.0,0.0
TERF2IP,0.0,204.8749,1.0,0.0
INIP,0.0,17.3836,1.0,0.0
WDR20,0.0,27.2009,1.0,0.0
C2CD2,0.0,6.9325,1.0,0.0
TPCN1,0.0,7.1468,1.0,0.0
TPCN2,0.0,7.728,1.0,0.0
SOX11,0.0,27.0805,1.0,0.0
RASSF6,0.0,8.3873,1.0,0.0
PDXP,0.0,26.8046,1.0,0.0
EIF4G3,0.0,51.5426,1.0,0.0
EXD1,0.0,7.0395,1.0,0.0
GAPVD1,0.0,17.7019,1.0,0.0
FAM83H,0.0,7.8136,1.0,0.0
MAP3K6,0.0,7.7669,1.0,0.0
DIS3L2,0.0,158.5799,1.0,0.0
IGFBP7,0.0,12.5144,1.0,0.0
LTF,0.0,7.8692,1.0,0.0
EPPIN,0.0,10.4497,1.0,0.0
SEMG1,0.0,9.2166,1.0,0.0
KDELR2,0.0,12.883,1.0,0.0
KDELR1,0.0,9.0391,1.0,0.0
PRMT8,0.0,8.8802,1.0,0.0
ALDH1L2,0.0,176.3222,1.0,0.0
AGPAT4,0.0,354.0845,1.0,0.0
ALOX12B,0.0,270.8725,1.0,0.0
PTGIS,0.0,59.5731,1.0,0.0
ABCD1,0.0,8.2799,1.0,0.0
RASGRP4,0.0,16.4232,1.0,0.0
ORAI3,0.0,17.0741,1.0,0.0
ORAI2,0.0,27.4921,1.0,0.0
PMVK,0.0,7.3221,1.0,0.0
GTPBP1,0.0,256.2943,1.0,0.0
SUPV3L1,0.0,258.3215,1.0,0.0
ABCD2,0.0,6.7892,1.0,0.0
ABCA6,0.0,10.2538,1.0,0.0
TMED1,0.0,6.2014,1.0,0.0
TMCO1,0.0,1230.1079,1.0,0.0
TMED5,0.0,8.1737,1.0,0.0
TMED4,0.0,17.0665,1.0,0.0
TMED9,0.0,7.8538,1.0,0.0
SLC36A1,0.0,11.7566,1.0,0.0
SLC36A2,0.0,25.097,1.0,0.0
SLC36A4,0.0,20.0298,1.0,0.0
FARSB,0.0,7.6819,1.0,0.0
FARS2,0.0,7.5117,1.0,0.0
FARSA,0.0,9.1365,1.0,0.0
RNF40,0.0,49.2618,1.0,0.0
GRAMD1B,0.0,8.5847,1.0,0.0
GRAMD2B,0.0,6.8787,1.0,0.0
CIPC,0.0,8.8638,1.0,0.0
VPS35L,0.0,28.1485,1.0,0.0
AP4S1,0.0,200.2662,1.0,0.0
AP5B1,0.0,181.6443,1.0,0.0
AP5S1,0.0,175.0346,1.0,0.0
AP5Z1,0.0,174.033,1.0,0.0
KLHDC1,0.0,69.5206,1.0,0.0
RIT2,0.0,13.2983,1.0,0.0
RIT1,0.0,9.6841,1.0,0.0
MOB2,0.0,10.2244,1.0,0.0
GEMIN8,0.0,267.0387,1.0,0.0
GEMIN7,0.0,263.237,1.0,0.0
STRAP,0.0,246.4592,1.0,0.0
GEMIN6,0.0,260.7399,1.0,0.0
GEMIN5,0.0,231.1023,1.0,0.0
RIOK3,0.0,21.6349,1.0,0.0
CIAO3,0.0,24.0033,1.0,0.0
CIAO2A,0.0,28.3911,1.0,0.0
CPSF7,0.0,59.7454,1.0,0.0
PABPC4,0.0,17.0812,1.0,0.0
SYT10,0.0,8.1909,1.0,0.0
SYT6,0.0,8.4222,1.0,0.0
SYT3,0.0,10.0906,1.0,0.0
REEP4,0.0,8.9575,1.0,0.0
LSM14B,0.0,16.6832,1.0,0.0
ERI1,0.0,25.7945,1.0,0.0
INTS13,0.0,114.4404,1.0,0.0
INTS12,0.0,179.6482,1.0,0.0
INTS10,0.0,156.5162,1.0,0.0
FOLH1,0.0,22.7163,1.0,0.0
TENT5C,0.0,9.9329,1.0,0.0
NOLC1,0.0,5.9935,1.0,0.0
ABRAXAS2,0.0,24.7894,1.0,0.0
CYBRD1,0.0,7.2222,1.0,0.0
HMOX2,0.0,66.5121,1.0,0.0
RSPO4,0.0,38.505,1.0,0.0
LGR6,0.0,47.2004,1.0,0.0
BTN3A1,0.0,8.3802,1.0,0.0
AP3B1,0.0,9.8547,1.0,0.0
AP3M1,0.0,7.0398,1.0,0.0
MOGAT3,0.0,112.0296,1.0,0.0
PAIP2,0.0,8.1303,1.0,0.0
CLEC12A,0.0,16.9739,1.0,0.0
DGAT2,0.0,65.7278,1.0,0.0
AGPAT5,0.0,339.2234,1.0,0.0
IFNK,0.0,7.7641,1.0,0.0
PSMA8,0.0,1033.2027,1.0,0.0
ECPAS,0.0,252.7757,1.0,0.0
PPM1D,0.0,6.9149,1.0,0.0
LRRC8A,0.0,33.3994,1.0,0.0
DGKH,0.0,18.2379,1.0,0.0
NAA50,0.0,68.0038,1.0,0.0
NAA30,0.0,63.8957,1.0,0.0
NAA11,0.0,65.7958,1.0,0.0
NAA16,0.0,65.2798,1.0,0.0
NAA15,0.0,60.9348,1.0,0.0
UFL1,0.0,8.2819,1.0,0.0
DCLRE1B,0.0,8.708,1.0,0.0
KLHDC2,0.0,267.7449,1.0,0.0
M6PR,0.0,7.3031,1.0,0.0
FIS1,0.0,8.6618,1.0,0.0
PMF1,0.0,116.9924,1.0,0.0
C2orf49,0.0,29.378,1.0,0.0
RTRAF,0.0,55.0004,1.0,0.0
FAM98B,0.0,38.3834,1.0,0.0
ELP3,0.0,13.5825,1.0,0.0
FBXO6,0.0,14.4472,1.0,0.0
EIF2A,0.0,32.4282,1.0,0.0
EIF2B5,0.0,85.4377,1.0,0.0
NOL9,0.0,40.5936,1.0,0.0
HCN2,0.0,20.1872,1.0,0.0
HCN3,0.0,7.9208,1.0,0.0
NAP1L4,0.0,6.6249,1.0,0.0
LLPH,0.0,1259.0806,1.0,0.0
TMEM147,0.0,1276.3062,1.0,0.0
PIGQ,0.0,58.2984,1.0,0.0
PIGC,0.0,65.3911,1.0,0.0
BORCS5,0.0,15.9708,1.0,0.0
TEX35,0.0,6.536,1.0,0.0
RARB,0.0,24.6219,1.0,0.0
MID2,0.0,7.7802,1.0,0.0
BLVRA,0.0,13.6249,1.0,0.0
GGH,0.0,17.8372,1.0,0.0
DAZAP1,0.0,8.9525,1.0,0.0
FBXL15,0.0,6.6256,1.0,0.0
FBXO28,0.0,9.163,1.0,0.0
FBXO11,0.0,6.8549,1.0,0.0
FBXO9,0.0,6.6294,1.0,0.0
FBXL2,0.0,16.8312,1.0,0.0
PTDSS2,0.0,132.3816,1.0,0.0
PAXBP1,0.0,18.375,1.0,0.0
DGKD,0.0,15.0677,1.0,0.0
DCUN1D5,0.0,5.3281,1.0,0.0
MTMR12,0.0,7.4807,1.0,0.0
A1CF,0.0,7.0609,1.0,0.0
ADA2,0.0,140.9144,1.0,0.0
OGG1,0.0,6.3848,1.0,0.0
CARNMT1,0.0,5.3363,1.0,0.0
FADS1,0.0,47.9331,1.0,0.0
HACD3,0.0,105.9654,1.0,0.0
HACD4,0.0,101.6147,1.0,0.0
BOD1,0.0,78.7785,1.0,0.0
NEU2,0.0,21.0819,1.0,0.0
EBP,0.0,24.201,1.0,0.0
GREB1,0.0,6.7275,1.0,0.0
NSMCE3,0.0,51.9686,1.0,0.0
SMDT1,0.0,23.3092,1.0,0.0
IL18RAP,0.0,14.616,1.0,0.0
IL17D,0.0,20.4054,1.0,0.0
FERD3L,0.0,7.5933,1.0,0.0
PRMT7,0.0,6.1841,1.0,0.0
COG7,0.0,65.7681,1.0,0.0
DAW1,0.0,99.9175,1.0,0.0
COG1,0.0,60.6233,1.0,0.0
COG5,0.0,60.0099,1.0,0.0
COG2,0.0,61.8501,1.0,0.0
GET1,0.0,8.8593,1.0,0.0
PIGU,0.0,63.6137,1.0,0.0
PIGT,0.0,61.7618,1.0,0.0
NR1I2,0.0,10.2272,1.0,0.0
BDH1,0.0,48.3599,1.0,0.0
CHTF8,0.0,57.4751,1.0,0.0
TRPM8,0.0,17.0142,1.0,0.0
NPFF,0.0,8.1816,1.0,0.0
NPFFR1,0.0,11.0121,1.0,0.0
NPFFR2,0.0,9.5236,1.0,0.0
DIPK2A,0.0,144.3274,1.0,0.0
SCYL1,0.0,140.8181,1.0,0.0
SEC16B,0.0,7.5246,1.0,0.0
SPINDOC,0.0,50.1988,1.0,0.0
RSF1,0.0,71.4887,1.0,0.0
POLR3K,0.0,239.883,1.0,0.0
THOC7,0.0,75.1862,1.0,0.0
MMS22L,0.0,11.5627,1.0,0.0
FCN3,0.0,22.5376,1.0,0.0
FCN1,0.0,19.1394,1.0,0.0
FCN2,0.0,18.8568,1.0,0.0
ELN,0.0,8.9096,1.0,0.0
DBF4B,0.0,11.2944,1.0,0.0
MGAT5,0.0,24.6808,1.0,0.0
MGAT4D,0.0,15.8012,1.0,0.0
MGAT3,0.0,8.5775,1.0,0.0
DGKG,0.0,16.1588,1.0,0.0
DGKE,0.0,17.5582,1.0,0.0
LPGAT1,0.0,38.0095,1.0,0.0
CCDC22,0.0,50.8082,1.0,0.0
COMMD7,0.0,27.1647,1.0,0.0
BOD1L1,0.0,14.2813,1.0,0.0
BTBD2,0.0,57.7709,1.0,0.0
BTBD1,0.0,32.4695,1.0,0.0
TAC4,0.0,10.3022,1.0,0.0
RILP,0.0,79.8774,1.0,0.0
DSCC1,0.0,64.0167,1.0,0.0
MAF1,0.0,45.0555,1.0,0.0
POLR3G,0.0,252.3495,1.0,0.0
HMGXB4,0.0,74.8259,1.0,0.0
MTF2,0.0,46.7822,1.0,0.0
EPOP,0.0,9.253,1.0,0.0
FAN1,0.0,15.3653,1.0,0.0
TRIM40,0.0,13.8626,1.0,0.0
NOA1,0.0,632.0212,1.0,0.0
METTL15,0.0,565.8786,1.0,0.0
TLK2,0.0,13.1029,1.0,0.0
CEP57,0.0,6.4733,1.0,0.0
MBOAT7,0.0,17.4877,1.0,0.0
TMEM86B,0.0,26.3042,1.0,0.0
ENPP6,0.0,28.4908,1.0,0.0
PAGR1,0.0,93.7551,1.0,0.0
ZNF397,0.0,8.0552,1.0,0.0
ZNF24,0.0,16.8838,1.0,0.0
ZKSCAN3,0.0,18.3018,1.0,0.0
ZNF396,0.0,10.2481,1.0,0.0
TAF1C,0.0,30.271,1.0,0.0
TAF1A,0.0,30.5016,1.0,0.0
PUS7,0.0,152.9562,1.0,0.0
HOOK1,0.0,15.6429,1.0,0.0
MARK4,0.0,104.1893,1.0,0.0
PSPC1,0.0,10.2475,1.0,0.0
LACTB,0.0,7.8305,1.0,0.0
EIPR1,0.0,41.5934,1.0,0.0
VPS50,0.0,41.2139,1.0,0.0
HBB,0.0,6.9682,1.0,0.0
USP11,0.0,9.2651,1.0,0.0
TRMT10C,0.0,7.4776,1.0,0.0
UQCC2,0.0,13.9024,1.0,0.0
GLRX5,0.0,9.0408,1.0,0.0
MORC3,0.0,302.4536,1.0,0.0
UBR2,0.0,16.836,1.0,0.0
CCDC92,0.0,355.0055,1.0,0.0
CSRNP2,0.0,7.436,1.0,0.0
MAP4K4,0.0,10.452,1.0,0.0
MGAT1,0.0,10.81,1.0,0.0
TEPSIN,0.0,18.4153,1.0,0.0
TP53I13,0.0,343.6154,1.0,0.0
MOSPD2,0.0,8.5473,1.0,0.0
KMO,0.0,25.6348,1.0,0.0
SCAF4,0.0,9.109,1.0,0.0
RMC1,0.0,19.2215,1.0,0.0
SCAF8,0.0,9.6395,1.0,0.0
CDK20,0.0,42.073,1.0,0.0
DNAJC30,0.0,7.5269,1.0,0.0
KATNAL2,0.0,108.2313,1.0,0.0
PIGP,0.0,71.6622,1.0,0.0
PIGH,0.0,71.1276,1.0,0.0
PIGV,0.0,43.0165,1.0,0.0
TRIM66,0.0,38.0588,1.0,0.0
MCRIP2,0.0,9.7889,1.0,0.0
HCRTR1,0.0,6.9642,1.0,0.0
TRAM1,0.0,17.6539,1.0,0.0
MADD,0.0,6.8234,1.0,0.0
TMEM70,0.0,6.3962,1.0,0.0
SPCS1,0.0,32.6139,1.0,0.0
SPCS3,0.0,31.798,1.0,0.0
STAP1,0.0,9.3258,1.0,0.0
THEM5,0.0,41.597,1.0,0.0
ACOT7,0.0,29.3306,1.0,0.0
SHLD2,0.0,7.9954,1.0,0.0
SPTSSA,0.0,28.4526,1.0,0.0
ORMDL3,0.0,40.3853,1.0,0.0
CLDND1,0.0,10.2808,1.0,0.0
ELOVL3,0.0,19.1072,1.0,0.0
ELOVL7,0.0,19.6215,1.0,0.0
ELOVL1,0.0,32.1428,1.0,0.0
POLR3GL,0.0,246.6659,1.0,0.0
CHRNA5,0.0,18.4237,1.0,0.0
WDR73,0.0,16.6008,1.0,0.0
CDK5RAP1,0.0,9.6718,1.0,0.0
HTR3C,0.0,15.681,1.0,0.0
HTR3D,0.0,20.4994,1.0,0.0
VKORC1L1,0.0,17.2849,1.0,0.0
PTRH2,0.0,9.3496,1.0,0.0
COX16,0.0,7.6381,1.0,0.0
DPCD,0.0,9.6408,1.0,0.0
CEP350,0.0,9.4742,1.0,0.0
PAN2,0.0,10.0308,1.0,0.0
TPSB2,0.0,10.569,1.0,0.0
ETFDH,0.0,7.2659,1.0,0.0
ELOVL2,0.0,74.406,1.0,0.0
ZBTB14,0.0,8.1567,1.0,0.0
CHRNA7,0.0,190.4489,1.0,0.0
CHRNA2,0.0,169.2037,1.0,0.0
SPTY2D1,0.0,8.6971,1.0,0.0
ALG14,0.0,19.2972,1.0,0.0
ALG13,0.0,16.8761,1.0,0.0
PYCR3,0.0,73.5229,1.0,0.0
PRODH,0.0,73.9403,1.0,0.0
PYCR2,0.0,97.1881,1.0,0.0
BDH2,0.0,57.813,1.0,0.0
SEC11A,0.0,34.6303,1.0,0.0
NAIF1,0.0,15.5802,1.0,0.0
ERGIC2,0.0,33.4327,1.0,0.0
TPD52L2,0.0,10.7938,1.0,0.0
TPD52,0.0,9.2509,1.0,0.0
TPBG,0.0,8.7178,1.0,0.0
MLANA,0.0,7.1053,1.0,0.0
STAB1,0.0,10.1491,1.0,0.0
GYPC,0.0,7.2418,1.0,0.0
TAPBPL,0.0,11.235,1.0,0.0
C9orf78,0.0,55.4787,1.0,0.0
GCFC2,0.0,109.9318,1.0,0.0
ECD,0.0,30.9393,1.0,0.0
SBF1,0.0,9.4923,1.0,0.0
ST6GALNAC1,0.0,273.3259,1.0,0.0
BTN3A2,0.0,12.4078,1.0,0.0
FAM50A,0.0,92.3992,1.0,0.0
C5AR2,0.0,8.159,1.0,0.0
BROX,0.0,7.3632,1.0,0.0
CDY1,0.0,43.5947,1.0,0.0
H2AC12,0.0,233.508,1.0,0.0
SHQ1,0.0,18.191,1.0,0.0
YLPM1,0.0,8.5323,1.0,0.0
H3Y1,0.0,46.8751,1.0,0.0
IPO9,0.0,29.4596,1.0,0.0
CDC123,0.0,9.12,1.0,0.0
LEPROT,0.0,17.1293,1.0,0.0
RASSF2,0.0,30.2765,1.0,0.0
PAN3,0.0,9.8993,1.0,0.0
TPD52L1,0.0,13.188,1.0,0.0
OPN3,0.0,33.5282,1.0,0.0
TRIM62,0.0,10.2413,1.0,0.0
DPP9,0.0,6.8976,1.0,0.0
ELOVL4,0.0,78.1629,1.0,0.0
ST6GAL1,0.0,10.6757,1.0,0.0
PHETA2,0.0,18.0594,1.0,0.0
PHETA1,0.0,22.1638,1.0,0.0
SERPINF1,0.0,9.3324,1.0,0.0
RBPMS2,0.0,10.0481,1.0,0.0
NABP1,0.0,32.2286,1.0,0.0
CDAN1,0.0,8.392,1.0,0.0
GON7,0.0,33.5358,1.0,0.0
HOOK2,0.0,21.5325,1.0,0.0
KATNBL1,0.0,21.1394,1.0,0.0
KATNB1,0.0,22.8122,1.0,0.0
KATNA1,0.0,8.0814,1.0,0.0
KATNAL1,0.0,9.0086,1.0,0.0
SGSH,0.0,12.5579,1.0,0.0
ALG8,0.0,9.2826,1.0,0.0
RNF152,0.0,10.8129,1.0,0.0
MRM1,0.0,20.577,1.0,0.0
MPV17,0.0,8.8883,1.0,0.0
MPV17L,0.0,9.1913,1.0,0.0
MPV17L2,0.0,10.6665,1.0,0.0
EML2,0.0,8.8194,1.0,0.0
RSRP1,0.0,9.1911,1.0,0.0
RMDN2,0.0,10.0574,1.0,0.0
TPGS1,0.0,12.0324,1.0,0.0
ESYT1,0.0,8.9153,1.0,0.0
ESYT3,0.0,10.305,1.0,0.0
ESYT2,0.0,10.3422,1.0,0.0
TIMM29,0.0,17.4625,1.0,0.0
SNCAIP,0.0,35.4198,1.0,0.0
LRTOMT,0.0,48.1898,1.0,0.0
STMN4,0.0,43.8629,1.0,0.0
VASH2,0.0,30.1334,1.0,0.0
MAP7,0.0,7.3237,1.0,0.0
TUBAL3,0.0,19.6426,1.0,0.0
TUBA3D,0.0,15.1461,1.0,0.0
KIAA0895L,0.0,8.047,1.0,0.0
C11orf1,0.0,1018.3112,1.0,0.0
FAM166C,0.0,968.8168,1.0,0.0
C1orf189,0.0,934.4216,1.0,0.0
FAM166B,0.0,896.8176,1.0,0.0
C15orf65,0.0,880.2414,1.0,0.0
C1orf158,0.0,859.8958,1.0,0.0
C5orf49,0.0,844.51,1.0,0.0
C9orf135,0.0,827.3698,1.0,0.0
C1orf194,0.0,815.291,1.0,0.0
CCDC173,0.0,794.0556,1.0,0.0
C9orf116,0.0,785.7802,1.0,0.0
FAM183A,0.0,787.7093,1.0,0.0
NACA2,0.0,1370.5044,1.0,0.0
BTF3,0.0,1314.8462,1.0,0.0
RPL36AL,0.0,1362.5491,1.0,0.0
NR3C2,0.0,11.1963,1.0,0.0
HSD11B2,0.0,35.7073,1.0,0.0
PLOD1,0.0,27.0389,1.0,0.0
COL5A3,0.0,49.2546,1.0,0.0
COL6A5,0.0,5.9804,1.0,0.0
COL14A1,0.0,13.278,1.0,0.0
MMP1,0.0,24.4636,1.0,0.0
LTB,0.0,7.8769,1.0,0.0
TNFRSF4,0.0,6.8568,1.0,0.0
AZI2,0.0,31.6916,1.0,0.0
TBKBP1,0.0,31.7007,1.0,0.0
IL1RN,0.0,5.7493,1.0,0.0
IL1R2,0.0,25.6555,1.0,0.0
REN,0.0,7.1865,1.0,0.0
CCL3L1,0.0,15.5938,1.0,0.0
CD163,0.0,13.5886,1.0,0.0
GPX6,0.0,144.1697,1.0,0.0
GPX3,0.0,146.7317,1.0,0.0
GPX8,0.0,145.8736,1.0,0.0
TNFSF11,0.0,9.4808,1.0,0.0
CSH2,0.0,99.2659,1.0,0.0
SST,0.0,153.8325,1.0,0.0
GH2,0.0,101.6628,1.0,0.0
GHRHR,0.0,23.7248,1.0,0.0
GHRH,0.0,32.8893,1.0,0.0
GPR50,0.0,6.6399,1.0,0.0
MTNR1A,0.0,34.5992,1.0,0.0
GNG11,0.0,33.5356,1.0,0.0
GNG10,0.0,71.9667,1.0,0.0
GNGT2,0.0,45.8537,1.0,0.0
GNG8,0.0,35.6406,1.0,0.0
PNOC,0.0,7.0396,1.0,0.0
GRK6,0.0,14.2816,1.0,0.0
OSM,0.0,14.6143,1.0,0.0
NFKBIZ,0.0,6.4187,1.0,0.0
IL20RB,0.0,8.9342,1.0,0.0
CTF1,0.0,7.3607,1.0,0.0
IDO2,0.0,134.4585,1.0,0.0
HIBADH,0.0,307.5803,1.0,0.0
ACYP1,0.0,53.1728,1.0,0.0
ACYP2,0.0,56.7788,1.0,0.0
ACOT12,0.0,69.7237,1.0,0.0
GADL1,0.0,93.8523,1.0,0.0
BBOX1,0.0,36.4077,1.0,0.0
RASGRF2,0.0,77.4618,1.0,0.0
CYP4F8,0.0,210.1889,1.0,0.0
CYP2U1,0.0,258.2668,1.0,0.0
MT-ATP8,0.0,151.3219,1.0,0.0
PLA2G6,0.0,36.2691,1.0,0.0
BATF3,0.0,7.2484,1.0,0.0
MS4A2,0.0,33.896,1.0,0.0
COL11A2,0.0,60.4945,1.0,0.0
DLL3,0.0,45.9119,1.0,0.0
PYDC1,0.0,14.5071,1.0,0.0
NMBR,0.0,6.7307,1.0,0.0
RAG2,0.0,6.165,1.0,0.0
JCHAIN,0.0,15.9641,1.0,0.0
MASP1,0.0,55.4222,1.0,0.0
COLEC11,0.0,10.3763,1.0,0.0
NFIL3,0.0,5.9971,1.0,0.0
MAPKAPK3,0.0,39.7401,1.0,0.0
LRCH1,0.0,8.2249,1.0,0.0
MPP1,0.0,78.8118,1.0,0.0
BATF2,0.0,8.6649,1.0,0.0
C1GALT1,0.0,26.8601,1.0,0.0
DAPL1,0.0,472.6064,1.0,0.0
SELENOP,0.0,223.8307,1.0,0.0
PARP3,0.0,24.7315,1.0,0.0
ABL2,0.0,56.8805,1.0,0.0
DMP1,0.0,8.9894,1.0,0.0
MAB21L1,0.0,16.0435,1.0,0.0
TRIO,0.0,14.7057,1.0,0.0
HOXB13,0.0,9.1412,1.0,0.0
GALNT11,0.0,6.0863,1.0,0.0
ST3GAL4,0.0,9.1456,1.0,0.0
SLC8A2,0.0,53.1371,1.0,0.0
PRKRIP1,0.0,35.6189,1.0,0.0
FREM1,0.0,32.9225,1.0,0.0
DISP1,0.0,16.5957,1.0,0.0
TAS1R3,0.0,11.3254,1.0,0.0
PDSS2,0.0,7.305,1.0,0.0
BORCS8,0.0,7.4108,1.0,0.0
PACSIN3,0.0,10.1837,1.0,0.0
TAS2R46,0.0,7.692,1.0,0.0
CRLF1,0.0,6.9596,1.0,0.0
PLS3,0.0,7.5572,1.0,0.0
STEAP3,0.0,7.141,1.0,0.0
RAB33A,0.0,8.1081,1.0,0.0
TRPC5,0.0,24.8619,1.0,0.0
IL18BP,0.0,7.1789,1.0,0.0
FGF12,0.0,14.8203,1.0,0.0
DHX34,0.0,17.1405,1.0,0.0
SMG9,0.0,7.6662,1.0,0.0
SMG8,0.0,6.4372,1.0,0.0
RRN3,0.0,177.8543,1.0,0.0
SNAPC4,0.0,6.3958,1.0,0.0
AMY2A,0.0,85.2021,1.0,0.0
INSRR,0.0,23.8709,1.0,0.0
DARS2,0.0,7.3562,1.0,0.0
KLHL13,0.0,717.7615,1.0,0.0
POMT2,0.0,20.8336,1.0,0.0
TARS2,0.0,7.8098,1.0,0.0
AMPD2,0.0,551.3809,1.0,0.0
MTHFS,0.0,50.6479,1.0,0.0
IVD,0.0,23.0015,1.0,0.0
PGP,0.0,12.2945,1.0,0.0
COX7A1,0.0,282.5712,1.0,0.0
COX4I2,0.0,7.7265,1.0,0.0
ISYNA1,0.0,21.2272,1.0,0.0
C1GALT1C1,0.0,19.9948,1.0,0.0
GAS2,0.0,6.9265,1.0,0.0
DHRS11,0.0,46.5655,1.0,0.0
PFKFB3,0.0,102.5857,1.0,0.0
FUT5,0.0,150.6578,1.0,0.0
B3GNT4,0.0,132.516,1.0,0.0
GCNT2,0.0,135.8328,1.0,0.0
FUT3,0.0,220.8853,1.0,0.0
B3GNT2,0.0,165.47,1.0,0.0
B3GNT3,0.0,159.5154,1.0,0.0
B3GALT1,0.0,34.1827,1.0,0.0
SOAT2,0.0,82.7764,1.0,0.0
CYP2C18,0.0,221.8303,1.0,0.0
CYP2S1,0.0,262.96,1.0,0.0
NOXA1,0.0,12.6133,1.0,0.0
PDK1,0.0,30.7928,1.0,0.0
FAAH,0.0,8.1379,1.0,0.0
PIK3C2G,0.0,102.5934,1.0,0.0
SECISBP2,0.0,1058.1663,1.0,0.0
PLA2G4D,0.0,23.2983,1.0,0.0
DUSP10,0.0,16.8177,1.0,0.0
DUSP5,0.0,6.6651,1.0,0.0
DUSP8,0.0,8.0766,1.0,0.0
GMPR2,0.0,6.7183,1.0,0.0
SSH2,0.0,20.5385,1.0,0.0
ATG4A,0.0,7.9095,1.0,0.0
GNAT3,0.0,21.8568,1.0,0.0
DGKI,0.0,14.8546,1.0,0.0
HADH,0.0,7.4403,1.0,0.0
FBXO3,0.0,16.8209,1.0,0.0
FBXL19,0.0,7.0512,1.0,0.0
SWSAP1,0.0,463.5696,1.0,0.0
TRIR,0.0,6.2708,1.0,0.0
DMGDH,0.0,23.5004,1.0,0.0
PDK4,0.0,6.1924,1.0,0.0
GUCY2C,0.0,80.86,1.0,0.0
TRPC4AP,0.0,254.5727,1.0,0.0
DDA1,0.0,251.1178,1.0,0.0
NOL7,0.0,530.8861,1.0,0.0
SNRNP35,0.0,353.8082,1.0,0.0
LSM1,0.0,83.8888,1.0,0.0
RNASEH2C,0.0,6.7782,1.0,0.0
DBF4,0.0,85.848,1.0,0.0
TRMT6,0.0,13.0656,1.0,0.0
ATP5MG,0.0,224.5728,1.0,0.0
KRTCAP2,0.0,131.5536,1.0,0.0
UBE3D,0.0,7.9357,1.0,0.0
ATP5ME,0.0,165.287,1.0,0.0
ATP5MF,0.0,158.0815,1.0,0.0
LTA4H,0.0,25.4931,1.0,0.0
GSPT2,0.0,23.878,1.0,0.0
GALNTL6,0.0,7.1912,1.0,0.0
GALNTL5,0.0,6.7008,1.0,0.0
GALNT16,0.0,9.9024,1.0,0.0
GALNT18,0.0,6.4987,1.0,0.0
GALNT1,0.0,6.6957,1.0,0.0
GALNT2,0.0,7.3018,1.0,0.0
GALNT4,0.0,9.4769,1.0,0.0
GALNT6,0.0,8.6945,1.0,0.0
GRK7,0.0,16.1979,1.0,0.0
DGKB,0.0,15.923,1.0,0.0
ST6GAL2,0.0,9.0328,1.0,0.0
CNOT6,0.0,37.5782,1.0,0.0
KLHL8,0.0,819.2508,1.0,0.0
KBTBD7,0.0,788.0233,1.0,0.0
KBTBD8,0.0,768.1476,1.0,0.0
KLHL42,0.0,735.3669,1.0,0.0
DPH2,0.0,6.3125,1.0,0.0
ITPK1,0.0,34.938,1.0,0.0
CYP11B2,0.0,158.2713,1.0,0.0
RPP40,0.0,666.3395,1.0,0.0
UBE2J2,0.0,13.659,1.0,0.0
SAT2,0.0,20.8281,1.0,0.0
LARGE2,0.0,10.0561,1.0,0.0
PDF,0.0,435.8779,1.0,0.0
PARP8,0.0,44.055,1.0,0.0
PARP6,0.0,44.8405,1.0,0.0
ZSWIM7,0.0,474.7407,1.0,0.0
CUL9,0.0,12.6767,1.0,0.0
XYLT2,0.0,11.6891,1.0,0.0
MGAT4A,0.0,35.1223,1.0,0.0
MGAT4B,0.0,38.4275,1.0,0.0
CHIT1,0.0,21.7758,1.0,0.0
CYP24A1,0.0,7.1122,1.0,0.0
CYP2R1,0.0,9.04,1.0,0.0
HMBS,0.0,7.8953,1.0,0.0
UBE3C,0.0,25.7253,1.0,0.0
TREH,0.0,7.6268,1.0,0.0
RNF25,0.0,8.492,1.0,0.0
PNPO,0.0,27.1097,1.0,0.0
APPBP2,0.0,219.2742,1.0,0.0
ZYG11B,0.0,219.9646,1.0,0.0
ZER1,0.0,213.3316,1.0,0.0
PRAMEF6,0.0,220.1291,1.0,0.0
FEM1C,0.0,206.6324,1.0,0.0
NSUN4,0.0,194.8775,1.0,0.0
RERE,0.0,8.2647,1.0,0.0
USP5,0.0,12.0868,1.0,0.0
ZMPSTE24,0.0,5.5944,1.0,0.0
CSDE1,0.0,8.7519,1.0,0.0
EXTL2,0.0,9.4241,1.0,0.0
EXTL1,0.0,7.7243,1.0,0.0
TPO,0.0,38.3833,1.0,0.0
TSPO,0.0,9.0847,1.0,0.0
GSTM2,0.0,270.3836,1.0,0.0
GSTM5,0.0,276.477,1.0,0.0
GSTM4,0.0,281.3277,1.0,0.0
GSTO2,0.0,216.1369,1.0,0.0
ALKBH3,0.0,18.208,1.0,0.0
GFM2,0.0,138.4208,1.0,0.0
HPR,0.0,524.6919,1.0,0.0
PFDN1,0.0,25.5648,1.0,0.0
NRP2,0.0,7.4481,1.0,0.0
FGB,0.0,120.428,1.0,0.0
TSEN2,0.0,28.0714,1.0,0.0
TSEN54,0.0,26.0882,1.0,0.0
GBGT1,0.0,15.6681,1.0,0.0
NAGA,0.0,17.0019,1.0,0.0
TBCE,0.0,8.8964,1.0,0.0
ZBTB8OS,0.0,33.8109,1.0,0.0
FAM98A,0.0,10.2828,1.0,0.0
PPIP5K2,0.0,29.8491,1.0,0.0
HCCS,0.0,7.5966,1.0,0.0
MCEE,0.0,7.5593,1.0,0.0
CSGALNACT1,0.0,10.0751,1.0,0.0
CSGALNACT2,0.0,7.0356,1.0,0.0
CHST13,0.0,7.4237,1.0,0.0
CHST12,0.0,9.227,1.0,0.0
CHST11,0.0,10.214,1.0,0.0
ALG9,0.0,28.0384,1.0,0.0
FMO2,0.0,20.9106,1.0,0.0
FMO5,0.0,20.2956,1.0,0.0
FMO3,0.0,18.3455,1.0,0.0
YAE1,0.0,10.4141,1.0,0.0
LTO1,0.0,10.1496,1.0,0.0
RNF216,0.0,9.0939,1.0,0.0
LAMC2,0.0,43.8048,1.0,0.0
SV2A,0.0,10.2897,1.0,0.0
SV2C,0.0,10.0973,1.0,0.0
SV2B,0.0,8.023,1.0,0.0
CATSPERG,0.0,861.6831,1.0,0.0
PSMB11,0.0,401.4929,1.0,0.0
POMP,0.0,367.224,1.0,0.0
KIAA2012,0.0,182.0957,1.0,0.0
PSMG3,0.0,36.7093,1.0,0.0
UBXN7,0.0,8.3436,1.0,0.0
LAMC3,0.0,39.1815,1.0,0.0
TNR,0.0,76.1261,1.0,0.0
TNXB,0.0,49.3084,1.0,0.0
PARVG,0.0,69.9642,1.0,0.0
CACNA2D2,0.0,59.4301,1.0,0.0
KCNMB1,0.0,167.8145,1.0,0.0
LPA,0.0,532.8085,1.0,0.0
APOM,0.0,513.4853,1.0,0.0
APOC3,0.0,508.7141,1.0,0.0
TFPI,0.0,7.4013,1.0,0.0
CFI,0.0,6.8447,1.0,0.0
F2RL2,0.0,6.2739,1.0,0.0
F13A1,0.0,6.0055,1.0,0.0
F13B,0.0,9.5909,1.0,0.0
LPAR5,0.0,146.2532,1.0,0.0
LPAR3,0.0,140.3629,1.0,0.0
SERPINE2,0.0,6.0643,1.0,0.0
TPH2,0.0,86.3334,1.0,0.0
ATF1,0.0,121.3169,1.0,0.0
USF2,0.0,15.5451,1.0,0.0
USF1,0.0,15.8898,1.0,0.0
KLF2,0.0,5.9,1.0,0.0
GATA2,0.0,19.1388,1.0,0.0
EGR3,0.0,14.4746,1.0,0.0
KDM6B,0.0,22.7636,1.0,0.0
MED13L,0.0,21.3196,1.0,0.0
EBF1,0.0,18.668,1.0,0.0
CEBPD,0.0,9.4278,1.0,0.0
MAFK,0.0,4.8123,1.0,0.0
RASSF4,0.0,13.7336,1.0,0.0
RASSF3,0.0,8.0639,1.0,0.0
CRMP1,0.0,6.0956,1.0,0.0
FADS6,0.0,6.8869,1.0,0.0
CTPS2,0.0,121.862,1.0,0.0
KCNJ11,0.0,40.9702,1.0,0.0
GPR156,0.0,5.5897,1.0,0.0
GABRA4,0.0,19.7187,1.0,0.0
MEP1B,0.0,36.1811,1.0,0.0
PRCP,0.0,44.0074,1.0,0.0
XPNPEP2,0.0,43.7937,1.0,0.0
GLP2R,0.0,31.5694,1.0,0.0
CYP26C1,0.0,262.6691,1.0,0.0
KIR3DL3,0.0,125.679,1.0,0.0
KLRC4,0.0,77.4959,1.0,0.0
KLRC3-2,0.0,109.6565,1.0,0.0
AP1B1,0.0,33.1739,1.0,0.0
AP1S3,0.0,37.5182,1.0,0.0
AP1M1,0.0,32.5085,1.0,0.0
TRDV1,0.0,12.1637,1.0,0.0
CETP,0.0,428.7716,1.0,0.0
AP3M2,0.0,12.6778,1.0,0.0
NAT2,0.0,13.8381,1.0,0.0
APOC4,0.0,393.7131,1.0,0.0
APOL1,0.0,395.2552,1.0,0.0
APOA4,0.0,392.0155,1.0,0.0
PON1,0.0,390.5161,1.0,0.0
APOF,0.0,7.2838,1.0,0.0
APOC1,0.0,381.1014,1.0,0.0
LIPC,0.0,6.0626,1.0,0.0
TBCE-2,0.0,7.0423,1.0,0.0
MMP7,0.0,6.9955,1.0,0.0
NRG2,0.0,41.0502,1.0,0.0
BTC,0.0,6.4913,1.0,0.0
NRG4,0.0,15.4842,1.0,0.0
DIABLO-2,0.0,21.7528,1.0,0.0
P4HA1,0.0,43.4874,1.0,0.0
P4HA2,0.0,46.5242,1.0,0.0
LOC102724788,0.0,50.8244,1.0,0.0
CHAC2,0.0,240.2968,1.0,0.0
UBE2L5,0.0,152.7181,1.0,0.0
CDKN1C,0.0,214.7326,1.0,0.0
CKS2,0.0,155.1539,1.0,0.0
LIN9,0.0,33.0274,1.0,0.0
LIN37,0.0,42.1452,1.0,0.0
CDKN2D,0.0,32.099,1.0,0.0
SPDYE1,0.0,15.1909,1.0,0.0
TFDP2,0.0,97.0771,1.0,0.0
E2F5,0.0,55.2275,1.0,0.0
SPDYE16,0.0,16.6622,1.0,0.0
SPDYE6,0.0,14.3015,1.0,0.0
SPDYE2,0.0,16.4114,1.0,0.0
SPDYE2B,0.0,19.7376,1.0,0.0
SPDYE5,0.0,15.3793,1.0,0.0
SPDYE3,0.0,14.0677,1.0,0.0
SPDYE11,0.0,17.124,1.0,0.0
SPDYC,0.0,13.4972,1.0,0.0
GYPB,0.0,8.1208,1.0,0.0
EPB42,0.0,14.431,1.0,0.0
MYL3,0.0,334.8905,1.0,0.0
ACTG2,0.0,125.288,1.0,0.0
IGHD,0.0,6.9283,1.0,0.0
NTF4,0.0,12.7773,1.0,0.0
SH2B3,0.0,32.3698,1.0,0.0
LPIN3,0.0,140.7397,1.0,0.0
DGKK,0.0,10.9575,1.0,0.0
SRSF9,0.0,210.433,1.0,0.0
LUC7L,0.0,16.0934,1.0,0.0
L7N2F9_HUMAN,0.0,46.3133,1.0,0.0
STX1B,0.0,102.7348,1.0,0.0
BET1L,0.0,48.1185,1.0,0.0
SYT5,0.0,16.1016,1.0,0.0
SNAP47,0.0,27.6665,1.0,0.0
CPLX3,0.0,8.9925,1.0,0.0
STX19,0.0,11.1623,1.0,0.0
SGK2,0.0,24.3411,1.0,0.0
SGK3,0.0,28.088,1.0,0.0
FAM199X,0.0,5.8405,1.0,0.0
GNAL,0.0,48.3099,1.0,0.0
DYRK1B,0.0,15.9535,1.0,0.0
PCBD1,0.0,8.7498,1.0,0.0
PCBD2,0.0,8.4238,1.0,0.0
EDN3,0.0,8.5647,1.0,0.0
IMPAD1,0.0,65.1895,1.0,0.0
INPP4B,0.0,61.6959,1.0,0.0
INPP1,0.0,37.6363,1.0,0.0
CNR2,0.0,9.6243,1.0,0.0
CACNA1I,0.0,47.9387,1.0,0.0
ADRB3,0.0,52.1723,1.0,0.0
ADORA3,0.0,13.5016,1.0,0.0
GABRQ,0.0,7.9682,1.0,0.0
GABRE,0.0,52.9956,1.0,0.0
DCC,0.0,48.2015,1.0,0.0
GUCY1A2,0.0,91.6571,1.0,0.0
OXTR,0.0,9.8729,1.0,0.0
FGF6,0.0,11.0187,1.0,0.0
HTRA1,0.0,8.0993,1.0,0.0
ACAN,0.0,7.2209,1.0,0.0
OXSM,0.0,25.5694,1.0,0.0
FOXG1,0.0,7.8864,1.0,0.0
MYH8,0.0,266.4237,1.0,0.0
COL9A3,0.0,20.5352,1.0,0.0
CHRNE,0.0,145.4757,1.0,0.0
INO80D,0.0,8.4944,1.0,0.0
CHAT,0.0,24.881,1.0,0.0
SSTR5,0.0,15.9209,1.0,0.0
SSTR2,0.0,19.1619,1.0,0.0
EIF4E3,0.0,6.8207,1.0,0.0
PNMT,0.0,27.0175,1.0,0.0
DCAF5,0.0,51.0112,1.0,0.0
PTHLH,0.0,8.04,1.0,0.0
CYSLTR1,0.0,9.8994,1.0,0.0
CDKN2C,0.0,18.2838,1.0,0.0
KRR1,0.0,41.6439,1.0,0.0
NOP14,0.0,1165.4649,1.0,0.0
GCC1,0.0,9.1792,1.0,0.0
NDUFAF2,0.0,821.2201,1.0,0.0
NDUFA4,0.0,1201.2662,1.0,0.0
ASPSCR1,0.0,6.6915,1.0,0.0
COX8A,0.0,15.6814,1.0,0.0
SSTR1,0.0,16.9272,1.0,0.0
SSTR3,0.0,13.0499,1.0,0.0
ABCC9,0.0,7.5829,1.0,0.0
PRKAB1,0.0,257.1039,1.0,0.0
LIPF,0.0,6.5727,1.0,0.0
PDE5A,0.0,84.6689,1.0,0.0
FGL2,0.0,62.7412,1.0,0.0
CCR4,0.0,7.8941,1.0,0.0
CKM,0.0,8.0969,1.0,0.0
CLCF1,0.0,9.4113,1.0,0.0
NPY2R,0.0,38.3199,1.0,0.0
NPY1R,0.0,8.1735,1.0,0.0
COL9A2,0.0,18.5626,1.0,0.0
SSTR4,0.0,18.2047,1.0,0.0
RLN1,0.0,11.2646,1.0,0.0
STS,0.0,37.0809,1.0,0.0
PDE6B,0.0,83.3184,1.0,0.0
NTSR2,0.0,8.9342,1.0,0.0
ROGDI,0.0,19.2045,1.0,0.0
KCTD10,0.0,762.8331,1.0,0.0
TPTEP2-CSNK1E,0.0,8.4413,1.0,0.0
UBAP2L,0.0,18.5991,1.0,0.0
EIF4A2,0.0,17.5869,1.0,0.0
NRXN2,0.0,41.8256,1.0,0.0
NLGN2,0.0,7.8732,1.0,0.0
CHRM4,0.0,8.4534,1.0,0.0
CHRNB3,0.0,148.4361,1.0,0.0
SMN2,0.0,275.1916,1.0,0.0
AMY2B,0.0,49.3512,1.0,0.0
RABEPK,0.0,8.5007,1.0,0.0
FGF20,0.0,7.3983,1.0,0.0
SOS2,0.0,228.6799,1.0,0.0
PDGFD,0.0,66.3036,1.0,0.0
FGF5,0.0,9.9381,1.0,0.0
MTRNR2L8,0.0,40.0633,1.0,0.0
MTRNR2L12,0.0,38.2202,1.0,0.0
FRAT2,0.0,40.7474,1.0,0.0
FRAT1,0.0,53.4337,1.0,0.0
AKAP11,0.0,18.1756,1.0,0.0
PARD6G,0.0,66.7911,1.0,0.0
CTNNBIP1,0.0,87.4257,1.0,0.0
RCAN1,0.0,23.6242,1.0,0.0
KLC4,0.0,83.3077,1.0,0.0
KLC2,0.0,94.2951,1.0,0.0
EDN2,0.0,7.346,1.0,0.0
C4B,0.0,51.4629,1.0,0.0
C1QA,0.0,15.939,1.0,0.0
LIPG,0.0,7.2769,1.0,0.0
ELK4,0.0,73.5367,1.0,0.0
ERF,0.0,19.1368,1.0,0.0
GJD2,0.0,15.0527,1.0,0.0
FXYD2,0.0,130.4004,1.0,0.0
GNRH2,0.0,57.8953,1.0,0.0
PLA2G4F,0.0,15.8925,1.0,0.0
DUSP2,0.0,7.9236,1.0,0.0
ADGRF1,0.0,25.1593,1.0,0.0
H2BS1,0.0,6.419,1.0,0.0
NSD2,0.0,28.1731,1.0,0.0
TCERG1,0.0,7.1279,1.0,0.0
TSR1,0.0,776.817,1.0,0.0
WDR5B,0.0,41.9351,1.0,0.0
C17orf49,0.0,437.7758,1.0,0.0
H2AC15,0.0,2136.6799,1.0,0.0
MLLT10,0.0,4.7928,1.0,0.0
MLLT6,0.0,7.7794,1.0,0.0
NUP155,0.0,6.7714,1.0,0.0
H2BC6,0.0,446.7326,1.0,0.0
H2BC7,0.0,465.0241,1.0,0.0
H2BC8,0.0,441.787,1.0,0.0
NEIL2,0.0,5.7531,1.0,0.0
RDH8,0.0,40.3768,1.0,0.0
DHRS3,0.0,66.7846,1.0,0.0
MLH3,0.0,9.7792,1.0,0.0
TOP3B,0.0,47.4383,1.0,0.0
RMI2,0.0,72.4041,1.0,0.0
EME1,0.0,8.0959,1.0,0.0
RAD54L,0.0,6.3457,1.0,0.0
MTHFD1L,0.0,161.6539,1.0,0.0
BHMT2,0.0,66.3687,1.0,0.0
GINS2,0.0,58.3587,1.0,0.0
ADAT3,0.0,5.3199,1.0,0.0
NCOA4,0.0,7.4029,1.0,0.0
FTL,0.0,16.1489,1.0,0.0
SDSL,0.0,218.7007,1.0,0.0
SPTLC3,0.0,132.109,1.0,0.0
ALAS1,0.0,123.4864,1.0,0.0
DGCR8,0.0,390.7042,1.0,0.0
PAH,0.0,65.2626,1.0,0.0
PTS,0.0,34.9804,1.0,0.0
TXNRD3,0.0,36.8924,1.0,0.0
SCLY,0.0,37.6224,1.0,0.0
SUPT20H,0.0,159.0193,1.0,0.0
IARS2,0.0,8.2012,1.0,0.0
SARS2-2,0.0,10.6986,1.0,0.0
PDE8B,0.0,60.9533,1.0,0.0
PDE8A,0.0,62.1692,1.0,0.0
PDE3B,0.0,148.1963,1.0,0.0
PDE11A,0.0,131.5219,1.0,0.0
PDE7B,0.0,48.1791,1.0,0.0
PDE7A,0.0,50.4277,1.0,0.0
KIF2B,0.0,62.6828,1.0,0.0
PFN3,0.0,35.7015,1.0,0.0
PHOSPHO2,0.0,26.7287,1.0,0.0
FDX2,0.0,9.9659,1.0,0.0
TRDN,0.0,53.2963,1.0,0.0
SEPTIN1,0.0,125.2308,1.0,0.0
PFKFB4,0.0,50.6267,1.0,0.0
ACOT2,0.0,49.1962,1.0,0.0
PGS1,0.0,22.7734,1.0,0.0
DOCK3,0.0,18.5854,1.0,0.0
SRSF11,0.0,170.1679,1.0,0.0
MYH4,0.0,248.623,1.0,0.0
MYH3,0.0,268.6267,1.0,0.0
MYH1,0.0,244.4037,1.0,0.0
MYH13,0.0,239.3831,1.0,0.0
MYH2,0.0,244.0478,1.0,0.0
MYL1,0.0,296.5712,1.0,0.0
MYL10,0.0,10.0054,1.0,0.0
MYL7,0.0,6.7173,1.0,0.0
PPP1R12C,0.0,59.1273,1.0,0.0
MYO1F,0.0,60.6431,1.0,0.0
PPP2R5B,0.0,30.8366,1.0,0.0
PPP2R3B,0.0,87.5031,1.0,0.0
PPP2R2C,0.0,125.7386,1.0,0.0
MYBPC3,0.0,16.4217,1.0,0.0
ATP5MC2,0.0,143.0028,1.0,0.0
ATP5MC1,0.0,145.204,1.0,0.0
ATP5MC3,0.0,145.8617,1.0,0.0
ATP6V1E2,0.0,126.324,1.0,0.0
ATP4B,0.0,36.6825,1.0,0.0
TPSD1,0.0,17.7773,1.0,0.0
FCGRT,0.0,25.6191,1.0,0.0
HPS5,0.0,8.0457,1.0,0.0
HPS3,0.0,6.4877,1.0,0.0
PPP1R15A,0.0,23.322,1.0,0.0
WIPF1,0.0,16.7674,1.0,0.0
TNNI1,0.0,33.0539,1.0,0.0
ACTR10,0.0,66.7499,1.0,0.0
SERPINB2,0.0,6.5685,1.0,0.0
PGA5,0.0,5.7973,1.0,0.0
PGA3,0.0,7.5534,1.0,0.0
PGA4,0.0,11.6324,1.0,0.0
RAD54B,0.0,8.743,1.0,0.0
UCKL1,0.0,61.2534,1.0,0.0
CES2,0.0,9.5106,1.0,0.0
PDE6A,0.0,85.7608,1.0,0.0
PDE6G,0.0,120.0294,1.0,0.0
PDE6H,0.0,56.1624,1.0,0.0
PDE6C,0.0,50.6147,1.0,0.0
NUDCD1,0.0,8.8005,1.0,0.0
ARFGAP2,0.0,15.0945,1.0,0.0
COPZ2,0.0,162.0017,1.0,0.0
MEF2B,0.0,9.1439,1.0,0.0
MED29,0.0,3447.7808,1.0,0.0
TCEA3,0.0,99.7884,1.0,0.0
GPN1,0.0,138.7188,1.0,0.0
POLR2J2,0.0,257.6116,1.0,0.0
CCNC,0.0,475.0258,1.0,0.0
CDK19,0.0,510.9575,1.0,0.0
GTF2H2C,0.0,112.9043,1.0,0.0
FBXW12,0.0,30.2653,1.0,0.0
PHF3,0.0,7.5057,1.0,0.0
RPRD2,0.0,14.8171,1.0,0.0
ATP23,0.0,401.6898,1.0,0.0
PHF21A,0.0,411.9998,1.0,0.0
DCLRE1C,0.0,404.7733,1.0,0.0
CENPM,0.0,104.026,1.0,0.0
CENPO,0.0,92.2558,1.0,0.0
CENPK,0.0,93.4792,1.0,0.0
CENPQ,0.0,91.9489,1.0,0.0
PTTG2,0.0,7.3986,1.0,0.0
NCAPG2,0.0,12.4766,1.0,0.0
SFI1,0.0,8.6876,1.0,0.0
WDR36,0.0,715.6458,1.0,0.0
TBL3,0.0,724.5731,1.0,0.0
BMS1,0.0,948.1906,1.0,0.0
RPL7L1,0.0,1186.4985,1.0,0.0
MRPL1,0.0,463.637,1.0,0.0
MTIF2,0.0,612.9466,1.0,0.0
ZNRD1,0.0,138.0192,1.0,0.0
BRF2,0.0,84.7083,1.0,0.0
GTF3C4,0.0,32.2437,1.0,0.0
GTF3C2,0.0,30.2989,1.0,0.0
GTF3C1,0.0,34.8686,1.0,0.0
GTF3C5,0.0,30.9676,1.0,0.0
GTF3C3,0.0,56.4758,1.0,0.0
ENSP00000487094,0.0,54.4331,1.0,0.0
SEC61A2,0.0,101.5422,1.0,0.0
HMGN4,0.0,254.1664,1.0,0.0
TEX48,0.0,166.4166,1.0,0.0
SEC62,0.0,45.8354,1.0,0.0
SEC63,0.0,45.7435,1.0,0.0
SEC61G,0.0,47.2228,1.0,0.0
NUDT9,0.0,51.6409,1.0,0.0
GBA,0.0,405.2279,1.0,0.0
REXO1,0.0,14.9686,1.0,0.0
REXO5,0.0,14.3237,1.0,0.0
REXO2,0.0,6.4935,1.0,0.0
SIK1B,0.0,10.2296,1.0,0.0
WDR46,0.0,887.4807,1.0,0.0
NOL10,0.0,732.3254,1.0,0.0
ESF1,0.0,44.6581,1.0,0.0
DDX10,0.0,35.5497,1.0,0.0
TAF1D,0.0,28.1136,1.0,0.0
DQX1,0.0,9.2313,1.0,0.0
DHX32,0.0,7.4125,1.0,0.0
NOC3L,0.0,510.5292,1.0,0.0
NLE1,0.0,83.0824,1.0,0.0
TMBIM6,0.0,9.1766,1.0,0.0
SSR3,0.0,101.8777,1.0,0.0
F5H5P2_HUMAN,0.0,22.7802,1.0,0.0
L2HGDH,0.0,24.2382,1.0,0.0
CIB2,0.0,6.9636,1.0,0.0
TMIE,0.0,13.4678,1.0,0.0
ST20-MTHFS,0.0,52.9902,1.0,0.0
ANKS6,0.0,7.9838,1.0,0.0
OXCT2,0.0,162.9485,1.0,0.0
ACAT2,0.0,327.0989,1.0,0.0
MCCC2,0.0,35.6701,1.0,0.0
RGPD5,0.0,9.3683,1.0,0.0
RANBP1,0.0,37.6333,1.0,0.0
PHAX,0.0,16.8795,1.0,0.0
NCBP2L,0.0,16.345,1.0,0.0
SKAP2,0.0,17.2731,1.0,0.0
CAV2,0.0,27.9391,1.0,0.0
CHAD,0.0,8.2883,1.0,0.0
NPNT,0.0,35.4993,1.0,0.0
FRAS1,0.0,39.4114,1.0,0.0
COL4A5,0.0,24.9519,1.0,0.0
COL4A6,0.0,7.2745,1.0,0.0
CHRAC1,0.0,277.1954,1.0,0.0
NLGN4Y,0.0,6.732,1.0,0.0
TINF2,0.0,56.2028,1.0,0.0
ALDH3B2,0.0,16.6491,1.0,0.0
CAB39L,0.0,49.7717,1.0,0.0
ICK,0.0,160.1631,1.0,0.0
ALG10,0.0,86.4715,1.0,0.0
CTTNBP2NL,0.0,178.1552,1.0,0.0
HSPE1-MOB4,0.0,9.7906,1.0,0.0
C4orf19,0.0,28.6983,1.0,0.0
PGM2L1,0.0,53.8674,1.0,0.0
SH3GL1,0.0,6.5012,1.0,0.0
SH3GL3,0.0,11.5457,1.0,0.0
KCNE1B,0.0,35.9691,1.0,0.0
ARHGDIG,0.0,51.6523,1.0,0.0
AKAP10,0.0,9.4747,1.0,0.0
PRKAR1B,0.0,65.3474,1.0,0.0
CSNK1G2,0.0,28.2607,1.0,0.0
CSNK1G3,0.0,30.7186,1.0,0.0
NACA-2,0.0,17.9284,1.0,0.0
KDM3B,0.0,25.7936,1.0,0.0
PKIA,0.0,17.6643,1.0,0.0
