Compound,Protein,Neighborhood_1,Tag
Choline,GNA11,1Neigh,Cholie-1Neigh
Choline,GNAQ,1Neigh,Cholie-1Neigh
Choline,GRM5,1Neigh,Cholie-1Neigh
Choline,GNG12,1Neigh,Cholie-1Neigh
Choline,GNG3,1Neigh,Cholie-1Neigh
Choline,GNAI2,1Neigh,Cholie-1Neigh
Choline,GNG2,1Neigh,Cholie-1Neigh
Choline,GNG10,1Neigh,Cholie-1Neigh
Choline,GNB1,1Neigh,Cholie-1Neigh
Choline,GNA15,1Neigh,Cholie-1Neigh
Choline,F2R,1Neigh,Cholie-1Neigh
Choline,LPAR3,1Neigh,Cholie-1Neigh
Choline,LPAR1,1Neigh,Cholie-1Neigh
Choline,GNA14,1Neigh,Cholie-1Neigh
Choline,LPAR6,1Neigh,Cholie-1Neigh
Choline,FKBP2,1Neigh,Cholie-1Neigh
Choline,LPAR5,1Neigh,Cholie-1Neigh
Choline,ARRB2,1Neigh,Cholie-1Neigh
Choline,LPAR4,1Neigh,Cholie-1Neigh
Choline,GNB4,1Neigh,Cholie-1Neigh
Choline,GNG11,1Neigh,Cholie-1Neigh
Choline,GNB5,1Neigh,Cholie-1Neigh
Choline,SST,1Neigh,Cholie-1Neigh
Choline,NPY,1Neigh,Cholie-1Neigh
Choline,GNG4,1Neigh,Cholie-1Neigh
Choline,ARRB1,1Neigh,Cholie-1Neigh
Choline,PIK3CG,1Neigh,Cholie-1Neigh
Choline,IGHV3-16,1Neigh,Cholie-1Neigh
Choline,CHRNB3,1Neigh,Cholie-1Neigh
Choline,CHRNA5,1Neigh,Cholie-1Neigh
Choline,CHRNB1,1Neigh,Cholie-1Neigh
Choline,CHRFAM7A,1Neigh,Cholie-1Neigh
Choline,SLURP1,1Neigh,Cholie-1Neigh
Choline,KCNQ2,1Neigh,Cholie-1Neigh
Choline,ABCC2,1Neigh,Cholie-1Neigh
Choline,DOK7,1Neigh,Cholie-1Neigh
Choline,GNA12,1Neigh,Cholie-1Neigh
Choline,CYSLTR2,1Neigh,Cholie-1Neigh
Choline,ADRA1B,1Neigh,Cholie-1Neigh
Choline,ADRA1D,1Neigh,Cholie-1Neigh
Choline,FKBP4,1Neigh,Cholie-1Neigh
Choline,KRT14,1Neigh,Cholie-1Neigh
Choline,MAPK13,1Neigh,Cholie-1Neigh
Choline,MAPK12,1Neigh,Cholie-1Neigh
Choline,PIK3R2,1Neigh,Cholie-1Neigh
Choline,CCND1,1Neigh,Cholie-1Neigh
Choline,MAPK14,1Neigh,Cholie-1Neigh
Choline,TBP,1Neigh,Cholie-1Neigh
Choline,NR3C1,1Neigh,Cholie-1Neigh
Choline,FOXA1,1Neigh,Cholie-1Neigh
Choline,PIK3R3,1Neigh,Cholie-1Neigh
Choline,EP300,1Neigh,Cholie-1Neigh
Choline,PIK3CA,1Neigh,Cholie-1Neigh
Choline,STAT3,1Neigh,Cholie-1Neigh
Choline,EGF,1Neigh,Cholie-1Neigh
Choline,CDK2,1Neigh,Cholie-1Neigh
Choline,RB1,1Neigh,Cholie-1Neigh
Choline,NCOR1,1Neigh,Cholie-1Neigh
Choline,TP53,1Neigh,Cholie-1Neigh
Choline,ERBB2,1Neigh,Cholie-1Neigh
Choline,EGFR,1Neigh,Cholie-1Neigh
Choline,TFF1,1Neigh,Cholie-1Neigh
Choline,STAT5B,1Neigh,Cholie-1Neigh
Choline,HSPA4,1Neigh,Cholie-1Neigh
Choline,PRKACA,1Neigh,Cholie-1Neigh
Choline,MAPK11,1Neigh,Cholie-1Neigh
Choline,HSP90AA1,1Neigh,Cholie-1Neigh
Choline,STAT5A,1Neigh,Cholie-1Neigh
Choline,ERBB4,1Neigh,Cholie-1Neigh
Choline,NR3C2,1Neigh,Cholie-1Neigh
Choline,STIP1,1Neigh,Cholie-1Neigh
Choline,PRKACB,1Neigh,Cholie-1Neigh
Choline,HSP90AB1,1Neigh,Cholie-1Neigh
Choline,NCOA3,1Neigh,Cholie-1Neigh
Choline,SRC,1Neigh,Cholie-1Neigh
Choline,AR,1Neigh,Cholie-1Neigh
Choline,PRKACG,1Neigh,Cholie-1Neigh
Choline,PIK3CD,1Neigh,Cholie-1Neigh
Choline,BRCA2,1Neigh,Cholie-1Neigh
Choline,MAPK8,1Neigh,Cholie-1Neigh
Choline,NCOR2,1Neigh,Cholie-1Neigh
Choline,RELA,1Neigh,Cholie-1Neigh
Choline,NCOA1,1Neigh,Cholie-1Neigh
Choline,MAPK9,1Neigh,Cholie-1Neigh
Choline,NCOA2,1Neigh,Cholie-1Neigh
Choline,ESR1,1Neigh,Cholie-1Neigh
Choline,BRCA1,1Neigh,Cholie-1Neigh
Choline,PIK3R1,1Neigh,Cholie-1Neigh
Choline,FKBP5,1Neigh,Cholie-1Neigh
Choline,IGF1R,1Neigh,Cholie-1Neigh
Choline,GNB3,1Neigh,Cholie-1Neigh
Choline,GNG13,1Neigh,Cholie-1Neigh
Choline,CRH,1Neigh,Cholie-1Neigh
Choline,GALR1,1Neigh,Cholie-1Neigh
Choline,GNB2,1Neigh,Cholie-1Neigh
Choline,GHRL,1Neigh,Cholie-1Neigh
Choline,EDN3,1Neigh,Cholie-1Neigh
Choline,HTR7,1Neigh,Cholie-1Neigh
Choline,MAOA,1Neigh,Cholie-1Neigh
Choline,GNAI3,1Neigh,Cholie-1Neigh
Choline,HTR1B,1Neigh,Cholie-1Neigh
Choline,GNG7,1Neigh,Cholie-1Neigh
Choline,SNRPD3,1Neigh,Cholie-1Neigh
Choline,GAR1,1Neigh,Cholie-1Neigh
Choline,SRSF9,1Neigh,Cholie-1Neigh
Choline,WDR77,1Neigh,Cholie-1Neigh
Choline,TARDBP,1Neigh,Cholie-1Neigh
Choline,COIL,1Neigh,Cholie-1Neigh
Choline,SRSF1,1Neigh,Cholie-1Neigh
Choline,SNRPF,1Neigh,Cholie-1Neigh
Choline,GEMIN7,1Neigh,Cholie-1Neigh
Choline,GEMIN6,1Neigh,Cholie-1Neigh
Choline,GEMIN5,1Neigh,Cholie-1Neigh
Choline,LSM11,1Neigh,Cholie-1Neigh
Choline,KPNB1,1Neigh,Cholie-1Neigh
Choline,SNRPD1,1Neigh,Cholie-1Neigh
Choline,GEMIN2,1Neigh,Cholie-1Neigh
Choline,PRMT5,1Neigh,Cholie-1Neigh
Choline,LSM10,1Neigh,Cholie-1Neigh
Choline,GEMIN4,1Neigh,Cholie-1Neigh
Choline,HNRNPA1,1Neigh,Cholie-1Neigh
Choline,SNRPD2,1Neigh,Cholie-1Neigh
Choline,HNRNPA2B1,1Neigh,Cholie-1Neigh
Choline,SYNCRIP,1Neigh,Cholie-1Neigh
Choline,DDX20,1Neigh,Cholie-1Neigh
Choline,RBMX,1Neigh,Cholie-1Neigh
Choline,SRSF3,1Neigh,Cholie-1Neigh
Choline,GEMIN8,1Neigh,Cholie-1Neigh
Choline,SMN1,1Neigh,Cholie-1Neigh
Choline,SMN2,1Neigh,Cholie-1Neigh
Choline,STRAP,1Neigh,Cholie-1Neigh
Choline,SNRPG,1Neigh,Cholie-1Neigh
Choline,SNRPE,1Neigh,Cholie-1Neigh
Choline,SNRPB,1Neigh,Cholie-1Neigh
Choline,LSM4,1Neigh,Cholie-1Neigh
Choline,GLA,1Neigh,Cholie-1Neigh
Choline,SI,1Neigh,Cholie-1Neigh
Choline,HK2,1Neigh,Cholie-1Neigh
Choline,HK3,1Neigh,Cholie-1Neigh
Choline,AMY1B,1Neigh,Cholie-1Neigh
Choline,HKDC1,1Neigh,Cholie-1Neigh
Choline,AMY2B,1Neigh,Cholie-1Neigh
Choline,MGAM2,1Neigh,Cholie-1Neigh
Choline,MGAM,1Neigh,Cholie-1Neigh
Choline,SPX,1Neigh,Cholie-1Neigh
Choline,GAL,1Neigh,Cholie-1Neigh
Choline,VAMP3,1Neigh,Cholie-1Neigh
Choline,VPS18,1Neigh,Cholie-1Neigh
Choline,PLIN3,1Neigh,Cholie-1Neigh
Choline,RAB9B,1Neigh,Cholie-1Neigh
Choline,NAPA,1Neigh,Cholie-1Neigh
Choline,VPS33A,1Neigh,Cholie-1Neigh
Choline,GCC2,1Neigh,Cholie-1Neigh
Choline,VPS41,1Neigh,Cholie-1Neigh
Choline,RABGGTB,1Neigh,Cholie-1Neigh
Choline,VPS33B,1Neigh,Cholie-1Neigh
Choline,CHM,1Neigh,Cholie-1Neigh
Choline,CHML,1Neigh,Cholie-1Neigh
Choline,STX12,1Neigh,Cholie-1Neigh
Choline,PLEKHM2,1Neigh,Cholie-1Neigh
Choline,GDI2,1Neigh,Cholie-1Neigh
Choline,VPS16,1Neigh,Cholie-1Neigh
Choline,VTI1A,1Neigh,Cholie-1Neigh
Choline,NDE1,1Neigh,Cholie-1Neigh
Choline,HLA-A,1Neigh,Cholie-1Neigh
Choline,GDI1,1Neigh,Cholie-1Neigh
Choline,KNG1,1Neigh,Cholie-1Neigh
Choline,GNAI1,1Neigh,Cholie-1Neigh
Choline,PLCB3,1Neigh,Cholie-1Neigh
Choline,LPAR2,1Neigh,Cholie-1Neigh
Choline,LOC114841035,1Neigh,Cholie-1Neigh
Choline,CHRNE,1Neigh,Cholie-1Neigh
Choline,JAK2,1Neigh,Cholie-1Neigh
Choline,SLURP2,1Neigh,Cholie-1Neigh
Choline,KCNQ3,1Neigh,Cholie-1Neigh
Choline,ABCG2,1Neigh,Cholie-1Neigh
Choline,MUSK,1Neigh,Cholie-1Neigh
Choline,GNA13,1Neigh,Cholie-1Neigh
Choline,CYSLTR1,1Neigh,Cholie-1Neigh
Choline,AAMP,1Neigh,Cholie-1Neigh
Choline,PTGES3,1Neigh,Cholie-1Neigh
Choline,KRT5,1Neigh,Cholie-1Neigh
Choline,PIK3CB,1Neigh,Cholie-1Neigh
Choline,CUEDC2,1Neigh,Cholie-1Neigh
Choline,GATA3,1Neigh,Cholie-1Neigh
Choline,PARP1,1Neigh,Cholie-1Neigh
Choline,GREB1,1Neigh,Cholie-1Neigh
Choline,HIF1A,1Neigh,Cholie-1Neigh
Choline,MYC,1Neigh,Cholie-1Neigh
Choline,ARID1A,1Neigh,Cholie-1Neigh
Choline,PIAS1,1Neigh,Cholie-1Neigh
Choline,GPER1,1Neigh,Cholie-1Neigh
Choline,FGFR2,1Neigh,Cholie-1Neigh
Choline,HTR2A,1Neigh,Cholie-1Neigh
Choline,GRM4,1Neigh,Cholie-1Neigh
Choline,EDN1,1Neigh,Cholie-1Neigh
Choline,MAOB,1Neigh,Cholie-1Neigh
Choline,HNRNPC,1Neigh,Cholie-1Neigh
Choline,CLNS1A,1Neigh,Cholie-1Neigh
Choline,SNRNP70,1Neigh,Cholie-1Neigh
Choline,TRA2B,1Neigh,Cholie-1Neigh
Choline,FUS,1Neigh,Cholie-1Neigh
Choline,SNUPN,1Neigh,Cholie-1Neigh
Choline,HNRNPDL,1Neigh,Cholie-1Neigh
Choline,HNRNPR,1Neigh,Cholie-1Neigh
Choline,HNRNPH1,1Neigh,Cholie-1Neigh
Choline,HK1,1Neigh,Cholie-1Neigh
Choline,AMY2A,1Neigh,Cholie-1Neigh
Choline,GYG1,1Neigh,Cholie-1Neigh
Choline,GALR2,1Neigh,Cholie-1Neigh
Choline,RABEPK,1Neigh,Cholie-1Neigh
Choline,VPS11,1Neigh,Cholie-1Neigh
Choline,NSF,1Neigh,Cholie-1Neigh
Choline,RABGGTA,1Neigh,Cholie-1Neigh
Choline,B2M,1Neigh,Cholie-1Neigh
Choline,CA5B,1Neigh,Folic acid-1Neigh
Choline,FGF4,1Neigh,Choline-1Neigh
Choline,FGF20,1Neigh,Choline-1Neigh
Choline,FGF22,1Neigh,Choline-1Neigh
Choline,SOS2,1Neigh,Choline-1Neigh
Choline,FGF6,1Neigh,Choline-1Neigh
Choline,FGF23,1Neigh,Choline-1Neigh
Choline,PLCG1,1Neigh,Choline-1Neigh
Choline,KRAS,1Neigh,Choline-1Neigh
Choline,KLB,1Neigh,Choline-1Neigh
Choline,MDM2,1Neigh,Choline-1Neigh
Choline,GAB1,1Neigh,Choline-1Neigh
Choline,CBL,1Neigh,Choline-1Neigh
Choline,FGF2,1Neigh,Choline-1Neigh
Choline,SHC2,1Neigh,Choline-1Neigh
Choline,FGF10,1Neigh,Choline-1Neigh
Choline,FGF7,1Neigh,Choline-1Neigh
Choline,FGF18,1Neigh,Choline-1Neigh
Choline,FGFR4,1Neigh,Choline-1Neigh
Choline,FGF19,1Neigh,Choline-1Neigh
Choline,VEGFD,1Neigh,Choline-1Neigh
Choline,CRK,1Neigh,Choline-1Neigh
Choline,IRS1,1Neigh,Choline-1Neigh
Choline,VEGFB,1Neigh,Choline-1Neigh
Choline,FGF5,1Neigh,Choline-1Neigh
Choline,ANGPT2,1Neigh,Choline-1Neigh
Choline,FGF8,1Neigh,Choline-1Neigh
Choline,SHC4,1Neigh,Choline-1Neigh
Choline,PDGFB,1Neigh,Choline-1Neigh
Choline,FGF3,1Neigh,Choline-1Neigh
Choline,CRKL,1Neigh,Choline-1Neigh
Choline,PDGFA,1Neigh,Choline-1Neigh
Choline,FGF17,1Neigh,Choline-1Neigh
Choline,NGF,1Neigh,Choline-1Neigh
Choline,NRAS,1Neigh,Choline-1Neigh
Choline,SHC3,1Neigh,Choline-1Neigh
Choline,KL,1Neigh,Choline-1Neigh
Choline,FGF9,1Neigh,Choline-1Neigh
Choline,GRB2,1Neigh,Choline-1Neigh
Choline,IGF1,1Neigh,Choline-1Neigh
Choline,PDGFD,1Neigh,Choline-1Neigh
Choline,INS,1Neigh,Choline-1Neigh
Choline,SOS1,1Neigh,Choline-1Neigh
Choline,FGFR1,1Neigh,Choline-1Neigh
Choline,FGF16,1Neigh,Choline-1Neigh
Choline,SHC1,1Neigh,Choline-1Neigh
Choline,TGFA,1Neigh,Choline-1Neigh
Choline,HRAS,1Neigh,Choline-1Neigh
Choline,FRS2,1Neigh,Choline-1Neigh
Choline,LOC102723407,1Neigh,Choline-1Neigh
Choline,PLCG2,1Neigh,Choline-1Neigh
Choline,PTPN11,1Neigh,Choline-1Neigh
Choline,JAK1,1Neigh,Choline-1Neigh
Choline,HEBP1,1Neigh,Choline-1Neigh
Choline,APP,1Neigh,Choline-1Neigh
Choline,FPR3,1Neigh,Choline-1Neigh
Choline,MTRNR2L8,1Neigh,Choline-1Neigh
Choline,FPR1,1Neigh,Choline-1Neigh
Choline,SCT,1Neigh,Choline-1Neigh
Choline,IAPP,1Neigh,Choline-1Neigh
Choline,FFAR1,1Neigh,Choline-1Neigh
Choline,TSHB,1Neigh,Choline-1Neigh
Choline,GLP2R,1Neigh,Choline-1Neigh
Choline,GNAO1,1Neigh,Choline-1Neigh
Choline,CCKAR,1Neigh,Choline-1Neigh
Choline,ALB,1Neigh,Choline-1Neigh
Choline,NPY2R,1Neigh,Choline-1Neigh
Choline,GIP,1Neigh,Choline-1Neigh
Choline,DPP4,1Neigh,Choline-1Neigh
Choline,VIP,1Neigh,Choline-1Neigh
Choline,GNAS,1Neigh,Choline-1Neigh
Choline,GHRH,1Neigh,Choline-1Neigh
Choline,NPPA,1Neigh,Choline-1Neigh
Choline,POMC,1Neigh,Choline-1Neigh
Choline,GCG,1Neigh,Choline-1Neigh
Choline,FSHB,1Neigh,Choline-1Neigh
Choline,ADCYAP1,1Neigh,Choline-1Neigh
Choline,GIPR,1Neigh,Choline-1Neigh
Choline,SLC9A3R1,1Neigh,Choline-1Neigh
Choline,ARRDC3,1Neigh,Choline-1Neigh
Choline,CACNA1C,1Neigh,Choline-1Neigh
Choline,PTGER1,1Neigh,Choline-1Neigh
Choline,ADCY9,1Neigh,Choline-1Neigh
Choline,GRK2,1Neigh,Choline-1Neigh
Choline,GRK3,1Neigh,Choline-1Neigh
Choline,GNAL,1Neigh,Choline-1Neigh
Choline,EZR,1Neigh,Choline-1Neigh
Choline,CAV3,1Neigh,Choline-1Neigh
Choline,ADRB3,1Neigh,Choline-1Neigh
Choline,GRK6,1Neigh,Choline-1Neigh
Choline,AGT,1Neigh,Choline-1Neigh
Choline,ADRB1,1Neigh,Choline-1Neigh
Choline,USP33,1Neigh,Choline-1Neigh
Choline,GRK5,1Neigh,Choline-1Neigh
Choline,RAPGEF4,1Neigh,Choline-1Neigh
Choline,CXCR4,1Neigh,Choline-1Neigh
Choline,OPRM1,1Neigh,Choline-1Neigh
Choline,RAPGEF3,1Neigh,Choline-1Neigh
Choline,CLTC,1Neigh,Choline-1Neigh
Choline,EPHA8,1Neigh,Choline-1Neigh
Choline,STUB1,1Neigh,Choline-1Neigh
Choline,CDKN1B,1Neigh,Choline-1Neigh
Choline,DOK1,1Neigh,Choline-1Neigh
Choline,VASP,1Neigh,Choline-1Neigh
Choline,ATG14,1Neigh,Choline-1Neigh
Choline,YWHAH,1Neigh,Choline-1Neigh
Choline,RAC2,1Neigh,Choline-1Neigh
Choline,CDK4,1Neigh,Choline-1Neigh
Choline,CCND2,1Neigh,Choline-1Neigh
Choline,PIK3C3,1Neigh,Choline-1Neigh
Choline,PRDX1,1Neigh,Choline-1Neigh
Choline,TCF3,1Neigh,Choline-1Neigh
Choline,YWHAE,1Neigh,Choline-1Neigh
Choline,PXN,1Neigh,Choline-1Neigh
Choline,EPHA1,1Neigh,Choline-1Neigh
Choline,NTRK2,1Neigh,Choline-1Neigh
Choline,ATM,1Neigh,Choline-1Neigh
Choline,EPHA4,1Neigh,Choline-1Neigh
Choline,ABI2,1Neigh,Choline-1Neigh
Choline,IL3,1Neigh,Choline-1Neigh
Choline,NPM1,1Neigh,Choline-1Neigh
Choline,RUNX1,1Neigh,Choline-1Neigh
Choline,BCR,1Neigh,Choline-1Neigh
Choline,RAC3,1Neigh,Choline-1Neigh
Choline,YWHAG,1Neigh,Choline-1Neigh
Choline,RIN1,1Neigh,Choline-1Neigh
Choline,PRKDC,1Neigh,Choline-1Neigh
Choline,MRE11,1Neigh,Choline-1Neigh
Choline,SOCS3,1Neigh,Choline-1Neigh
Choline,EPHB3,1Neigh,Choline-1Neigh
Choline,EPHA3,1Neigh,Choline-1Neigh
Choline,FYN,1Neigh,Choline-1Neigh
Choline,FN1,1Neigh,Choline-1Neigh
Choline,EPHB4,1Neigh,Choline-1Neigh
Choline,EPHA2,1Neigh,Choline-1Neigh
Choline,RAD52,1Neigh,Choline-1Neigh
Choline,XRCC6,1Neigh,Choline-1Neigh
Choline,NTRK3,1Neigh,Choline-1Neigh
Choline,NCKAP1,1Neigh,Choline-1Neigh
Choline,GAB2,1Neigh,Choline-1Neigh
Choline,BECN1,1Neigh,Choline-1Neigh
Choline,ENAH,1Neigh,Choline-1Neigh
Choline,MCL1,1Neigh,Choline-1Neigh
Choline,EPHA7,1Neigh,Choline-1Neigh
Choline,JUN,1Neigh,Choline-1Neigh
Choline,RUNX2,1Neigh,Choline-1Neigh
Choline,RAPGEF1,1Neigh,Choline-1Neigh
Choline,YWHAB,1Neigh,Choline-1Neigh
Choline,BCL2L1,1Neigh,Choline-1Neigh
Choline,ABI1,1Neigh,Choline-1Neigh
Choline,TP73,1Neigh,Choline-1Neigh
Choline,YWHAQ,1Neigh,Choline-1Neigh
Choline,LRRK1,1Neigh,Choline-1Neigh
Choline,WASF1,1Neigh,Choline-1Neigh
Choline,YWHAZ,1Neigh,Choline-1Neigh
Choline,CDKN1A,1Neigh,Choline-1Neigh
Choline,NCK1,1Neigh,Choline-1Neigh
Choline,ROBO2,1Neigh,Choline-1Neigh
Choline,CDKN2A,1Neigh,Choline-1Neigh
Choline,WWTR1,1Neigh,Choline-1Neigh
Choline,ROBO1,1Neigh,Choline-1Neigh
Choline,SH3BP2,1Neigh,Choline-1Neigh
Choline,VAV1,1Neigh,Choline-1Neigh
Choline,FBXW7,1Neigh,Choline-1Neigh
Choline,YAP1,1Neigh,Choline-1Neigh
Choline,S1PR4,1Neigh,Choline-1Neigh
Choline,CXCR5,1Neigh,Choline-1Neigh
Choline,SPHK1,1Neigh,Choline-1Neigh
Choline,ACER2,1Neigh,Choline-1Neigh
Choline,DVL2,1Neigh,Choline-1Neigh
Choline,SNAI2,1Neigh,Choline-1Neigh
Choline,AKAP11,1Neigh,Choline-1Neigh
Choline,CREB3L3,1Neigh,Choline-1Neigh
Choline,SIRT1,1Neigh,Choline-1Neigh
Choline,TAB1,1Neigh,Choline-1Neigh
Choline,RBX1,1Neigh,Choline-1Neigh
Choline,PARD6A,1Neigh,Choline-1Neigh
Choline,TSC2,1Neigh,Choline-1Neigh
Choline,GSK3A,1Neigh,Choline-1Neigh
Choline,PPIF,1Neigh,Choline-1Neigh
Choline,WNT3,1Neigh,Choline-1Neigh
Choline,NFKB1,1Neigh,Choline-1Neigh
Choline,SKP1,1Neigh,Choline-1Neigh
Choline,PPP3R1,1Neigh,Choline-1Neigh
Choline,SNAI1,1Neigh,Choline-1Neigh
Choline,SOX9,1Neigh,Choline-1Neigh
Choline,APOE,1Neigh,Choline-1Neigh
Choline,NOTCH2,1Neigh,Choline-1Neigh
Choline,APC,1Neigh,Choline-1Neigh
Choline,KLC4,1Neigh,Choline-1Neigh
Choline,GYS2,1Neigh,Choline-1Neigh
Choline,LRP6,1Neigh,Choline-1Neigh
Choline,CDH1,1Neigh,Choline-1Neigh
Choline,CSNK1A1,1Neigh,Choline-1Neigh
Choline,AXIN1,1Neigh,Choline-1Neigh
Choline,CCNE1,1Neigh,Choline-1Neigh
Choline,MAP2K2,1Neigh,Choline-1Neigh
Choline,PPARGC1A,1Neigh,Choline-1Neigh
Choline,FBXW11,1Neigh,Choline-1Neigh
Choline,LEF1,1Neigh,Choline-1Neigh
Choline,PRUNE1,1Neigh,Choline-1Neigh
Choline,CREB3L4,1Neigh,Choline-1Neigh
Choline,WNT3A,1Neigh,Choline-1Neigh
Choline,FZD1,1Neigh,Choline-1Neigh
Choline,ARAF,1Neigh,Choline-1Neigh
Choline,CALM3,1Neigh,Choline-1Neigh
Choline,WNT1,1Neigh,Choline-1Neigh
Choline,LRP5,1Neigh,Choline-1Neigh
Choline,RICTOR,1Neigh,Choline-1Neigh
Choline,TLR3,1Neigh,Choline-1Neigh
Choline,TSC1,1Neigh,Choline-1Neigh
Choline,LRRK2,1Neigh,Choline-1Neigh
Choline,NFATC3,1Neigh,Choline-1Neigh
Choline,MAP2K1,1Neigh,Choline-1Neigh
Choline,AXIN2,1Neigh,Choline-1Neigh
Choline,CALML6,1Neigh,Choline-1Neigh
Choline,KIF5B,1Neigh,Choline-1Neigh
Choline,CASP3,1Neigh,Choline-1Neigh
Choline,CALML3,1Neigh,Choline-1Neigh
Choline,DVL3,1Neigh,Choline-1Neigh
Choline,GYS1,1Neigh,Choline-1Neigh
Choline,CDK5R1,1Neigh,Choline-1Neigh
Choline,STK11,1Neigh,Choline-1Neigh
Choline,PSEN1,1Neigh,Choline-1Neigh
Choline,CUL1,1Neigh,Choline-1Neigh
Choline,CREB3L2,1Neigh,Choline-1Neigh
Choline,TBK1,1Neigh,Choline-1Neigh
Choline,SMAD3,1Neigh,Choline-1Neigh
Choline,ATF4,1Neigh,Choline-1Neigh
Choline,CAV1,1Neigh,Choline-1Neigh
Choline,FOXO3,1Neigh,Choline-1Neigh
Choline,DYRK1A,1Neigh,Choline-1Neigh
Choline,MAPT,1Neigh,Choline-1Neigh
Choline,CREB3,1Neigh,Choline-1Neigh
Choline,PARD6G,1Neigh,Choline-1Neigh
Choline,PDPK1,1Neigh,Choline-1Neigh
Choline,ATF3,1Neigh,Choline-1Neigh
Choline,SREBF1,1Neigh,Choline-1Neigh
Choline,SIAH1,1Neigh,Choline-1Neigh
Choline,CREB5,1Neigh,Choline-1Neigh
Choline,STAT1,1Neigh,Choline-1Neigh
Choline,MTOR,1Neigh,Choline-1Neigh
Choline,TAB2,1Neigh,Choline-1Neigh
Choline,CACYBP,1Neigh,Choline-1Neigh
Choline,MAP3K7,1Neigh,Choline-1Neigh
Choline,SUFU,1Neigh,Choline-1Neigh
Choline,BTRC,1Neigh,Choline-1Neigh
Choline,FRAT2,1Neigh,Choline-1Neigh
Choline,FRAT1,1Neigh,Choline-1Neigh
Choline,XIAP,1Neigh,Choline-1Neigh
Choline,PARD6B,1Neigh,Choline-1Neigh
Choline,PTEN,1Neigh,Choline-1Neigh
Choline,OGT,1Neigh,Choline-1Neigh
Choline,PARD3,1Neigh,Choline-1Neigh
Choline,AMER1,1Neigh,Choline-1Neigh
Choline,CTNNBIP1,1Neigh,Choline-1Neigh
Choline,PRKCZ,1Neigh,Choline-1Neigh
Choline,DVL1,1Neigh,Choline-1Neigh
Choline,FOXO1,1Neigh,Choline-1Neigh
Choline,CSNK1A1L,1Neigh,Choline-1Neigh
Choline,CALML5,1Neigh,Choline-1Neigh
Choline,RCAN1,1Neigh,Choline-1Neigh
Choline,KLC3,1Neigh,Choline-1Neigh
Choline,AKT2,1Neigh,Choline-1Neigh
Choline,PTPA,1Neigh,Choline-1Neigh
Choline,KIF7,1Neigh,Choline-1Neigh
Choline,PPP3CB,1Neigh,Choline-1Neigh
Choline,PPP3CA,1Neigh,Choline-1Neigh
Choline,GLI3,1Neigh,Choline-1Neigh
Choline,NFATC2,1Neigh,Choline-1Neigh
Choline,ILK,1Neigh,Choline-1Neigh
Choline,CSNK1E,1Neigh,Choline-1Neigh
Choline,NFE2L2,1Neigh,Choline-1Neigh
Choline,PPP3CC,1Neigh,Choline-1Neigh
Choline,BCL2,1Neigh,Choline-1Neigh
Choline,CTNND1,1Neigh,Choline-1Neigh
Choline,CREB1,1Neigh,Choline-1Neigh
Choline,NFATC1,1Neigh,Choline-1Neigh
Choline,KIF5C,1Neigh,Choline-1Neigh
Choline,KLC2,1Neigh,Choline-1Neigh
Choline,RAF1,1Neigh,Choline-1Neigh
Choline,DISC1,1Neigh,Choline-1Neigh
Choline,ADGRA2,1Neigh,Choline-1Neigh
Choline,KIF5A,1Neigh,Choline-1Neigh
Choline,PPP2R5D,1Neigh,Choline-1Neigh
Choline,PPP2CA,1Neigh,Choline-1Neigh
Choline,TRAF6,1Neigh,Choline-1Neigh
Choline,APC2,1Neigh,Choline-1Neigh
Choline,AKT1,1Neigh,Choline-1Neigh
Choline,TBC1D7,1Neigh,Choline-1Neigh
Choline,TNFAIP3,1Neigh,Choline-1Neigh
Choline,IKBKG,1Neigh,Choline-1Neigh
Choline,MUC1,1Neigh,Choline-1Neigh
Choline,ACTB,1Neigh,Choline-1Neigh
Choline,SERPINE1,1Neigh,Choline-1Neigh
Choline,HTR2B,1Neigh,Choline-1Neigh
Choline,REN,1Neigh,Choline-1Neigh
Choline,ACE,1Neigh,Choline-1Neigh
Choline,F2,1Neigh,Choline-1Neigh
Choline,AGTR2,1Neigh,Choline-1Neigh
Choline,EDN2,1Neigh,Choline-1Neigh
Choline,AVP,1Neigh,Choline-1Neigh
Choline,APLN,1Neigh,Choline-1Neigh
Choline,BDKRB2,1Neigh,Choline-1Neigh
Choline,C5,1Neigh,Choline-1Neigh
Choline,C3,1Neigh,Choline-1Neigh
Choline,SERPING1,1Neigh,Choline-1Neigh
Choline,CCR5,1Neigh,Choline-1Neigh
Choline,CXCL8,1Neigh,Choline-1Neigh
Choline,CR1,1Neigh,Choline-1Neigh
Choline,CD55,1Neigh,Choline-1Neigh
Choline,MBL2,1Neigh,Choline-1Neigh
Choline,C1QA,1Neigh,Choline-1Neigh
Choline,C4A,1Neigh,Choline-1Neigh
Choline,GNGT1,1Neigh,Choline-1Neigh
Choline,GNG8,1Neigh,Choline-1Neigh
Choline,GNG5,1Neigh,Choline-1Neigh
Choline,GNGT2,1Neigh,Choline-1Neigh
Choline,APOH,1Neigh,Choline-1Neigh
Choline,PON1,1Neigh,Choline-1Neigh
Choline,APOC3,1Neigh,Choline-1Neigh
Choline,APOB,1Neigh,Choline-1Neigh
Choline,APOA1,1Neigh,Choline-1Neigh
Choline,LIPG,1Neigh,Choline-1Neigh
Choline,SCARB1,1Neigh,Choline-1Neigh
Choline,LCAT,1Neigh,Choline-1Neigh
Choline,PLA2G7,1Neigh,Choline-1Neigh
Choline,LIPC,1Neigh,Choline-1Neigh
Choline,PCSK9,1Neigh,Choline-1Neigh
Choline,CLU,1Neigh,Choline-1Neigh
Choline,APOL1,1Neigh,Choline-1Neigh
Choline,LPA,1Neigh,Choline-1Neigh
Choline,APOA4,1Neigh,Choline-1Neigh
Choline,PEX3,1Neigh,Choline-1Neigh
Choline,APOA2,1Neigh,Choline-1Neigh
Choline,APOM,1Neigh,Choline-1Neigh
Choline,SELENOS,1Neigh,Choline-1Neigh
Choline,PCYOX1,1Neigh,Choline-1Neigh
Choline,PLTP,1Neigh,Choline-1Neigh
Choline,HPR,1Neigh,Choline-1Neigh
Choline,APOA5,1Neigh,Choline-1Neigh
Choline,APOC1,1Neigh,Choline-1Neigh
Choline,APOC2,1Neigh,Choline-1Neigh
Choline,APOC4,1Neigh,Choline-1Neigh
Choline,TRIP13,1Neigh,Choline-1Neigh
Choline,CDC6,1Neigh,Choline-1Neigh
Choline,MYBL2,1Neigh,Choline-1Neigh
Choline,NCAPH,1Neigh,Choline-1Neigh
Choline,TUBG1,1Neigh,Choline-1Neigh
Choline,NCAPG,1Neigh,Choline-1Neigh
Choline,CCNB1,1Neigh,Choline-1Neigh
Choline,ESPL1,1Neigh,Choline-1Neigh
Choline,KIF23,1Neigh,Choline-1Neigh
Choline,KIF11,1Neigh,Choline-1Neigh
Choline,NDC80,1Neigh,Choline-1Neigh
Choline,AJUBA,1Neigh,Choline-1Neigh
Choline,ASF1B,1Neigh,Choline-1Neigh
Choline,SGO1,1Neigh,Choline-1Neigh
Choline,MCM6,1Neigh,Choline-1Neigh
Choline,UBE2S,1Neigh,Choline-1Neigh
Choline,CPEB4,1Neigh,Choline-1Neigh
Choline,CENPE,1Neigh,Choline-1Neigh
Choline,CPEB3,1Neigh,Choline-1Neigh
Choline,NUF2,1Neigh,Choline-1Neigh
Choline,MYCN,1Neigh,Choline-1Neigh
Choline,BUB1B,1Neigh,Choline-1Neigh
Choline,CCNB2,1Neigh,Choline-1Neigh
Choline,MAD2L1,1Neigh,Choline-1Neigh
Choline,PLK1,1Neigh,Choline-1Neigh
Choline,BIRC5,1Neigh,Choline-1Neigh
Choline,BUB1,1Neigh,Choline-1Neigh
Choline,AURKC,1Neigh,Choline-1Neigh
Choline,CDC25A,1Neigh,Choline-1Neigh
Choline,HNRNPD,1Neigh,Choline-1Neigh
Choline,AURKB,1Neigh,Choline-1Neigh
Choline,EZH2,1Neigh,Choline-1Neigh
Choline,CDC25C,1Neigh,Choline-1Neigh
Choline,TACC1,1Neigh,Choline-1Neigh
Choline,TACC3,1Neigh,Choline-1Neigh
Choline,CDKN3,1Neigh,Choline-1Neigh
Choline,CENPA,1Neigh,Choline-1Neigh
Choline,FOXM1,1Neigh,Choline-1Neigh
Choline,UBE2C,1Neigh,Choline-1Neigh
Choline,RRM2,1Neigh,Choline-1Neigh
Choline,CENPF,1Neigh,Choline-1Neigh
Choline,NEK2,1Neigh,Choline-1Neigh
Choline,GADD45A,1Neigh,Choline-1Neigh
Choline,KIF2C,1Neigh,Choline-1Neigh
Choline,CDC20,1Neigh,Choline-1Neigh
Choline,CDCA8,1Neigh,Choline-1Neigh
Choline,MAPRE1,1Neigh,Choline-1Neigh
Choline,CKS2,1Neigh,Choline-1Neigh
Choline,NIN,1Neigh,Choline-1Neigh
Choline,ECT2,1Neigh,Choline-1Neigh
Choline,HMMR,1Neigh,Choline-1Neigh
Choline,PTTG1,1Neigh,Choline-1Neigh
Choline,KIF20A,1Neigh,Choline-1Neigh
Choline,FZR1,1Neigh,Choline-1Neigh
Choline,CDK1,1Neigh,Choline-1Neigh
Choline,CDC45,1Neigh,Choline-1Neigh
Choline,ANAPC4,1Neigh,Choline-1Neigh
Choline,CDC27,1Neigh,Choline-1Neigh
Choline,VCL,1Neigh,Choline-1Neigh
Choline,ATP1B4,1Neigh,Choline-1Neigh
Choline,PPP2CB,1Neigh,Choline-1Neigh
Choline,ERF,1Neigh,Choline-1Neigh
Choline,RPS6KB1,1Neigh,Choline-1Neigh
Choline,DUSP3,1Neigh,Choline-1Neigh
Choline,DUSP1,1Neigh,Choline-1Neigh
Choline,EGR1,1Neigh,Choline-1Neigh
Choline,DUSP4,1Neigh,Choline-1Neigh
Choline,GNRH2,1Neigh,Choline-1Neigh
Choline,ATP1B2,1Neigh,Choline-1Neigh
Choline,MKNK2,1Neigh,Choline-1Neigh
Choline,TBX3,1Neigh,Choline-1Neigh
Choline,CYBA,1Neigh,Choline-1Neigh
Choline,SMAD2,1Neigh,Choline-1Neigh
Choline,CREBBP,1Neigh,Choline-1Neigh
Choline,CSNK2A2,1Neigh,Choline-1Neigh
Choline,RPS6KA6,1Neigh,Choline-1Neigh
Choline,MAPK3,1Neigh,Choline-1Neigh
Choline,PRKCG,1Neigh,Choline-1Neigh
Choline,SLC9A1,1Neigh,Choline-1Neigh
Choline,ATF2,1Neigh,Choline-1Neigh
Choline,IQGAP1,1Neigh,Choline-1Neigh
Choline,GNRH1,1Neigh,Choline-1Neigh
Choline,GJA1,1Neigh,Choline-1Neigh
Choline,PTPRR,1Neigh,Choline-1Neigh
Choline,ATP1B3,1Neigh,Choline-1Neigh
Choline,PPARG,1Neigh,Choline-1Neigh
Choline,DUSP2,1Neigh,Choline-1Neigh
Choline,NCF1,1Neigh,Choline-1Neigh
Choline,FXYD2,1Neigh,Choline-1Neigh
Choline,PCYT1A,1Neigh,Choline-1Neigh
Choline,DUSP16,1Neigh,Choline-1Neigh
Choline,CEBPB,1Neigh,Choline-1Neigh
Choline,SMAD1,1Neigh,Choline-1Neigh
Choline,FOS,1Neigh,Choline-1Neigh
Choline,CYCS,1Neigh,Choline-1Neigh
Choline,RPS6KB2,1Neigh,Choline-1Neigh
Choline,PTPN7,1Neigh,Choline-1Neigh
Choline,PPP2R1B,1Neigh,Choline-1Neigh
Choline,ROCK2,1Neigh,Choline-1Neigh
Choline,PPP2R1A,1Neigh,Choline-1Neigh
Choline,SP1,1Neigh,Choline-1Neigh
Choline,CASP9,1Neigh,Choline-1Neigh
Choline,PRKCD,1Neigh,Choline-1Neigh
Choline,SMAD4,1Neigh,Choline-1Neigh
Choline,ESR2,1Neigh,Choline-1Neigh
Choline,MAP2K3,1Neigh,Choline-1Neigh
Choline,HMGB1,1Neigh,Choline-1Neigh
Choline,DUSP9,1Neigh,Choline-1Neigh
Choline,ELK4,1Neigh,Choline-1Neigh
Choline,CASP8,1Neigh,Choline-1Neigh
Choline,PTPN5,1Neigh,Choline-1Neigh
Choline,ETS2,1Neigh,Choline-1Neigh
Choline,ATP1A2,1Neigh,Choline-1Neigh
Choline,DUSP10,1Neigh,Choline-1Neigh
Choline,MAPKAPK2,1Neigh,Choline-1Neigh
Choline,NCF2,1Neigh,Choline-1Neigh
Choline,ATP1B1,1Neigh,Choline-1Neigh
Choline,ATP1A4,1Neigh,Choline-1Neigh
Choline,DUSP5,1Neigh,Choline-1Neigh
Choline,L1CAM,1Neigh,Choline-1Neigh
Choline,CARD9,1Neigh,Choline-1Neigh
Choline,FOXO4,1Neigh,Choline-1Neigh
Choline,ELK1,1Neigh,Choline-1Neigh
Choline,CYBB,1Neigh,Choline-1Neigh
Choline,PCYT1B,1Neigh,Choline-1Neigh
Choline,RPS6KA3,1Neigh,Choline-1Neigh
Choline,SMAD9,1Neigh,Choline-1Neigh
Choline,PTPRA,1Neigh,Choline-1Neigh
Choline,IL6ST,1Neigh,Choline-1Neigh
Choline,BCL2L11,1Neigh,Choline-1Neigh
Choline,BAD,1Neigh,Choline-1Neigh
Choline,NCF4,1Neigh,Choline-1Neigh
Choline,KSR1,1Neigh,Choline-1Neigh
Choline,MAP3K1,1Neigh,Choline-1Neigh
Choline,ROCK1,1Neigh,Choline-1Neigh
Choline,IL6,1Neigh,Choline-1Neigh
Choline,DAPK1,1Neigh,Choline-1Neigh
Choline,PTPN6,1Neigh,Choline-1Neigh
Choline,PRKCA,1Neigh,Choline-1Neigh
Choline,BRAF,1Neigh,Choline-1Neigh
Choline,RPS6KA2,1Neigh,Choline-1Neigh
Choline,LYN,1Neigh,Choline-1Neigh
Choline,RPS6KA1,1Neigh,Choline-1Neigh
Choline,NR4A1,1Neigh,Choline-1Neigh
Choline,DAPK3,1Neigh,Choline-1Neigh
Choline,ATP1A3,1Neigh,Choline-1Neigh
Choline,ITGB3,1Neigh,Choline-1Neigh
Choline,SPHK2,1Neigh,Choline-1Neigh
Choline,NOS1,1Neigh,Choline-1Neigh
Choline,RPS6KA5,1Neigh,Choline-1Neigh
Choline,MALT1,1Neigh,Choline-1Neigh
Choline,CX3CL1,1Neigh,Choline-1Neigh
Choline,CD4,1Neigh,Choline-1Neigh
Choline,CCL22,1Neigh,Choline-1Neigh
Choline,CCL17,1Neigh,Choline-1Neigh
Choline,CCL2,1Neigh,Choline-1Neigh
Choline,CCL1,1Neigh,Choline-1Neigh
Choline,CCL13,1Neigh,Choline-1Neigh
Choline,CXCL6,1Neigh,Choline-1Neigh
Choline,PF4V1,1Neigh,Choline-1Neigh
Choline,CCR7,1Neigh,Choline-1Neigh
Choline,CCL21,1Neigh,Choline-1Neigh
Choline,CCL27,1Neigh,Choline-1Neigh
Choline,TYROBP,1Neigh,Choline-1Neigh
Choline,ICAM1,1Neigh,Choline-1Neigh
Choline,CSF1R,1Neigh,Choline-1Neigh
Choline,CXCL13,1Neigh,Choline-1Neigh
Choline,CCR2,1Neigh,Choline-1Neigh
Choline,CXCR1,1Neigh,Choline-1Neigh
Choline,CXCL3,1Neigh,Choline-1Neigh
Choline,CXCL5,1Neigh,Choline-1Neigh
Choline,PPBP,1Neigh,Choline-1Neigh
Choline,PF4,1Neigh,Choline-1Neigh
Choline,CCR1,1Neigh,Choline-1Neigh
Choline,CCL11,1Neigh,Choline-1Neigh
Choline,CXCL10,1Neigh,Choline-1Neigh
Choline,CXCL11,1Neigh,Choline-1Neigh
Choline,CD200R1,1Neigh,Choline-1Neigh
Choline,CXCR2,1Neigh,Choline-1Neigh
Choline,CXCL14,1Neigh,Choline-1Neigh
Choline,CCR6,1Neigh,Choline-1Neigh
Choline,CCR9,1Neigh,Choline-1Neigh
Choline,CCL20,1Neigh,Choline-1Neigh
Choline,CD163,1Neigh,Choline-1Neigh
Choline,CXCL9,1Neigh,Choline-1Neigh
Choline,CD47,1Neigh,Choline-1Neigh
Choline,XCL1,1Neigh,Choline-1Neigh
Choline,XCL2,1Neigh,Choline-1Neigh
Choline,FCGR3A,1Neigh,Choline-1Neigh
Choline,TREM2,1Neigh,Choline-1Neigh
Choline,CCL7,1Neigh,Choline-1Neigh
Choline,CCL25,1Neigh,Choline-1Neigh
Choline,CCL8,1Neigh,Choline-1Neigh
Choline,CCL26,1Neigh,Choline-1Neigh
Choline,CXCL1,1Neigh,Choline-1Neigh
Choline,CXCL12,1Neigh,Choline-1Neigh
Choline,CCL24,1Neigh,Choline-1Neigh
Choline,CXCL2,1Neigh,Choline-1Neigh
Choline,CCR3,1Neigh,Choline-1Neigh
Choline,CCL5,1Neigh,Choline-1Neigh
Choline,CCL3,1Neigh,Choline-1Neigh
Choline,CCL4,1Neigh,Choline-1Neigh
Choline,CCL15,1Neigh,Choline-1Neigh
Choline,PLCB2,1Neigh,Choline-1Neigh
Choline,TAS1R3,1Neigh,Choline-1Neigh
Choline,H4C6,1Neigh,Choline-1Neigh
Choline,TRIM28,1Neigh,Choline-1Neigh
Choline,RARA,1Neigh,Choline-1Neigh
Choline,H3-3B,1Neigh,Choline-1Neigh
Choline,SSRP1,1Neigh,Choline-1Neigh
Choline,NRIP1,1Neigh,Choline-1Neigh
Choline,H3C13,1Neigh,Choline-1Neigh
Choline,H3-5,1Neigh,Choline-1Neigh
Choline,TRIM33,1Neigh,Choline-1Neigh
Choline,H3C12,1Neigh,Choline-1Neigh
Choline,H3-4,1Neigh,Choline-1Neigh
Choline,H3C14,1Neigh,Choline-1Neigh
Choline,H3C10,1Neigh,Choline-1Neigh
Choline,H3C4,1Neigh,Choline-1Neigh
Choline,MORC3,1Neigh,Choline-1Neigh
Choline,H3C15,1Neigh,Choline-1Neigh
Choline,H3C1,1Neigh,Choline-1Neigh
Choline,H3C11,1Neigh,Choline-1Neigh
Choline,H3C7,1Neigh,Choline-1Neigh
Choline,H3C8,1Neigh,Choline-1Neigh
Choline,H3C3,1Neigh,Choline-1Neigh
Choline,H3C2,1Neigh,Choline-1Neigh
Choline,H3C6,1Neigh,Choline-1Neigh
Choline,COMT,1Neigh,Choline-1Neigh
Choline,ADRA2C,1Neigh,Choline-1Neigh
Choline,CFTR,1Neigh,Choline-1Neigh
Choline,KAT2A,1Neigh,Choline-1Neigh
Choline,KAT2B,1Neigh,Choline-1Neigh
Choline,RPS27A,1Neigh,Choline-1Neigh
Choline,H2BC1,1Neigh,Choline-1Neigh
Choline,H2BC5,1Neigh,Choline-1Neigh
Choline,H2AZ1,1Neigh,Choline-1Neigh
Choline,H2AZ2,1Neigh,Choline-1Neigh
Choline,HCLS1,1Neigh,Choline-1Neigh
Choline,H2BC4,1Neigh,Choline-1Neigh
Choline,HSPA5,1Neigh,Choline-1Neigh
Choline,H2AC20,1Neigh,Choline-1Neigh
Choline,TUBA1B,1Neigh,Choline-1Neigh
Choline,PARK7,1Neigh,Choline-1Neigh
Choline,RBPJ,1Neigh,Choline-1Neigh
Choline,HTT,1Neigh,Choline-1Neigh
Choline,H2BC12,1Neigh,Choline-1Neigh
Choline,VCP,1Neigh,Choline-1Neigh
Choline,DCTN1,1Neigh,Choline-1Neigh
Choline,PRKN,1Neigh,Choline-1Neigh
Choline,BAG3,1Neigh,Choline-1Neigh
Choline,H2BC21,1Neigh,Choline-1Neigh
Choline,H2AC18,1Neigh,Choline-1Neigh
Choline,RBBP4,1Neigh,Choline-1Neigh
Choline,HDAC1,1Neigh,Choline-1Neigh
Choline,CTTN,1Neigh,Choline-1Neigh
Choline,H2BC13,1Neigh,Choline-1Neigh
Choline,ATXN3L,1Neigh,Choline-1Neigh
Choline,SQSTM1,1Neigh,Choline-1Neigh
Choline,PLAA,1Neigh,Choline-1Neigh
Choline,UBA52,1Neigh,Choline-1Neigh
Choline,CYLD,1Neigh,Choline-1Neigh
Choline,RHOA,1Neigh,Choline-1Neigh
Choline,HSF1,1Neigh,Choline-1Neigh
Choline,H2AX,1Neigh,Choline-1Neigh
Choline,HSPA8,1Neigh,Choline-1Neigh
Choline,UBC,1Neigh,Choline-1Neigh
Choline,H2BC18,1Neigh,Choline-1Neigh
Choline,H2BC11,1Neigh,Choline-1Neigh
Choline,H2BC17,1Neigh,Choline-1Neigh
Choline,H2BC14,1Neigh,Choline-1Neigh
Choline,UBB,1Neigh,Choline-1Neigh
Choline,H2BC9,1Neigh,Choline-1Neigh
Choline,H2BC3,1Neigh,Choline-1Neigh
Choline,RFC2,1Neigh,Choline-1Neigh
Choline,CBX5,1Neigh,Choline-1Neigh
Choline,SUPT16H,1Neigh,Choline-1Neigh
Choline,SPI1,1Neigh,Choline-1Neigh
Choline,CRBN,1Neigh,Choline-1Neigh
Choline,SMARCC1,1Neigh,Choline-1Neigh
Choline,CDK7,1Neigh,Choline-1Neigh
Choline,VHL,1Neigh,Choline-1Neigh
Choline,CCNT1,1Neigh,Choline-1Neigh
Choline,RBM25,1Neigh,Choline-1Neigh
Choline,ELOB,1Neigh,Choline-1Neigh
Choline,DDX18,1Neigh,Choline-1Neigh
Choline,CCNT2,1Neigh,Choline-1Neigh
Choline,NIPBL,1Neigh,Choline-1Neigh
Choline,SMARCA5,1Neigh,Choline-1Neigh
Choline,TCERG1,1Neigh,Choline-1Neigh
Choline,MED1,1Neigh,Choline-1Neigh
Choline,HEXIM2,1Neigh,Choline-1Neigh
Choline,BRD3,1Neigh,Choline-1Neigh
Choline,MEPCE,1Neigh,Choline-1Neigh
Choline,TAF7,1Neigh,Choline-1Neigh
Choline,ATAD5,1Neigh,Choline-1Neigh
Choline,NSD3,1Neigh,Choline-1Neigh
Choline,MED14,1Neigh,Choline-1Neigh
Choline,HEXIM1,1Neigh,Choline-1Neigh
Choline,CBX3,1Neigh,Choline-1Neigh
Choline,KAT5,1Neigh,Choline-1Neigh
Choline,SMARCB1,1Neigh,Choline-1Neigh
Choline,RPS2,1Neigh,Choline-1Neigh
Choline,SMARCA4,1Neigh,Choline-1Neigh
Choline,E2F1,1Neigh,Choline-1Neigh
Choline,WDR5,1Neigh,Choline-1Neigh
Choline,DNMT1,1Neigh,Choline-1Neigh
Choline,TOP1,1Neigh,Choline-1Neigh
Choline,MED23,1Neigh,Choline-1Neigh
Choline,GATAD2B,1Neigh,Choline-1Neigh
Choline,DMAP1,1Neigh,Choline-1Neigh
Choline,CDK9,1Neigh,Choline-1Neigh
Choline,ATRX,1Neigh,Choline-1Neigh
Choline,MED12,1Neigh,Choline-1Neigh
Choline,RFC3,1Neigh,Choline-1Neigh
Choline,PSIP1,1Neigh,Choline-1Neigh
Choline,CDK8,1Neigh,Choline-1Neigh
Choline,RFC1,1Neigh,Choline-1Neigh
Choline,TP53BP1,1Neigh,Choline-1Neigh
Choline,NSD2,1Neigh,Choline-1Neigh
Choline,RTF1,1Neigh,Choline-1Neigh
Choline,CCNK,1Neigh,Choline-1Neigh
Choline,RFC4,1Neigh,Choline-1Neigh
Choline,SPOP,1Neigh,Choline-1Neigh
Choline,SMARCD1,1Neigh,Choline-1Neigh
Choline,AFF1,1Neigh,Choline-1Neigh
Choline,EHMT2,1Neigh,Choline-1Neigh
Choline,BICRA,1Neigh,Choline-1Neigh
Choline,DOT1L,1Neigh,Choline-1Neigh
Choline,KDM1A,1Neigh,Choline-1Neigh
Choline,TAF1,1Neigh,Choline-1Neigh
Choline,CUL2,1Neigh,Choline-1Neigh
Choline,MACROH2A1,1Neigh,Choline-1Neigh
Choline,HDAC2,1Neigh,Choline-1Neigh
Choline,CHD4,1Neigh,Choline-1Neigh
Choline,CRY1,1Neigh,Choline-1Neigh
Choline,RPS12,1Neigh,Choline-1Neigh
Choline,BYSL,1Neigh,Choline-1Neigh
Choline,SMO,1Neigh,Choline-1Neigh
Choline,PER2,1Neigh,Choline-1Neigh
Choline,PNO1,1Neigh,Choline-1Neigh
Choline,TP63,1Neigh,Choline-1Neigh
Choline,NOB1,1Neigh,Choline-1Neigh
Choline,RPS11,1Neigh,Choline-1Neigh
Choline,RPS3,1Neigh,Choline-1Neigh
Choline,RIOK2,1Neigh,Choline-1Neigh
Choline,RPS23,1Neigh,Choline-1Neigh
Choline,TSR1,1Neigh,Choline-1Neigh
Choline,PER1,1Neigh,Choline-1Neigh
Choline,RPP25,1Neigh,Choline-1Neigh
Choline,RPS15A,1Neigh,Choline-1Neigh
Choline,NPAS2,1Neigh,Choline-1Neigh
Choline,RPS21,1Neigh,Choline-1Neigh
Choline,RPS3A,1Neigh,Choline-1Neigh
Choline,FBXL3,1Neigh,Choline-1Neigh
Choline,AKAP9,1Neigh,Choline-1Neigh
Choline,RPS26,1Neigh,Choline-1Neigh
Choline,LTV1,1Neigh,Choline-1Neigh
Choline,RPS16,1Neigh,Choline-1Neigh
Choline,RIOK1,1Neigh,Choline-1Neigh
Choline,RPP40,1Neigh,Choline-1Neigh
Choline,RPS6,1Neigh,Choline-1Neigh
Choline,FAM83H,1Neigh,Choline-1Neigh
Choline,RPS9,1Neigh,Choline-1Neigh
Choline,GAPVD1,1Neigh,Choline-1Neigh
Choline,RPS29,1Neigh,Choline-1Neigh
Choline,RPS8,1Neigh,Choline-1Neigh
Choline,ARNTL,1Neigh,Choline-1Neigh
Choline,RPS14,1Neigh,Choline-1Neigh
Choline,RPP30,1Neigh,Choline-1Neigh
Choline,RPSA,1Neigh,Choline-1Neigh
Choline,RPS18,1Neigh,Choline-1Neigh
Choline,RPP21,1Neigh,Choline-1Neigh
Choline,RPP14,1Neigh,Choline-1Neigh
Choline,RPS24,1Neigh,Choline-1Neigh
Choline,CLOCK,1Neigh,Choline-1Neigh
Choline,RPS20,1Neigh,Choline-1Neigh
Choline,FAU,1Neigh,Choline-1Neigh
Choline,RPS25,1Neigh,Choline-1Neigh
Choline,RPS13,1Neigh,Choline-1Neigh
Choline,RPS15,1Neigh,Choline-1Neigh
Choline,RPS19,1Neigh,Choline-1Neigh
Choline,RPS28,1Neigh,Choline-1Neigh
Choline,RPS5,1Neigh,Choline-1Neigh
Choline,CRY2,1Neigh,Choline-1Neigh
Choline,RPP38,1Neigh,Choline-1Neigh
Choline,RPS10,1Neigh,Choline-1Neigh
Choline,RPS7,1Neigh,Choline-1Neigh
Choline,HCFC2,1Neigh,Choline-1Neigh
Choline,JUND,1Neigh,Choline-1Neigh
Choline,KMT2C,1Neigh,Choline-1Neigh
Choline,CDKN2C,1Neigh,Choline-1Neigh
Choline,RBBP5,1Neigh,Choline-1Neigh
Choline,DAXX,1Neigh,Choline-1Neigh
Choline,KMT2D,1Neigh,Choline-1Neigh
Choline,HCFC1,1Neigh,Choline-1Neigh
Choline,SENP3,1Neigh,Choline-1Neigh
Choline,WDR5B,1Neigh,Choline-1Neigh
Choline,ASH2L,1Neigh,Choline-1Neigh
Choline,HOXA9,1Neigh,Choline-1Neigh
Choline,DPY30,1Neigh,Choline-1Neigh
Choline,PYGO2,1Neigh,Choline-1Neigh
Choline,CXXC1,1Neigh,Choline-1Neigh
Choline,CASR,1Neigh,Choline-1Neigh
Choline,MGA,1Neigh,Choline-1Neigh
Choline,MLLT1,1Neigh,Choline-1Neigh
Choline,TAF4,1Neigh,Choline-1Neigh
Choline,SETD1A,1Neigh,Choline-1Neigh
Choline,ELL,1Neigh,Choline-1Neigh
Choline,DNMT3A,1Neigh,Choline-1Neigh
Choline,AFF4,1Neigh,Choline-1Neigh
Choline,KAT6A,1Neigh,Choline-1Neigh
Choline,MEIS1,1Neigh,Choline-1Neigh
Choline,PELP1,1Neigh,Choline-1Neigh
Choline,H2AC8,1Neigh,Choline-1Neigh
Choline,MLLT10,1Neigh,Choline-1Neigh
Choline,KMT2E,1Neigh,Choline-1Neigh
Choline,RUVBL1,1Neigh,Choline-1Neigh
Choline,PRPF31,1Neigh,Choline-1Neigh
Choline,MYB,1Neigh,Choline-1Neigh
Choline,H4C11,1Neigh,Choline-1Neigh
Choline,MCRS1,1Neigh,Choline-1Neigh
Choline,PHF8,1Neigh,Choline-1Neigh
Choline,MAX,1Neigh,Choline-1Neigh
Choline,H2AC13,1Neigh,Choline-1Neigh
Choline,H2AC11,1Neigh,Choline-1Neigh
Choline,H2AC17,1Neigh,Choline-1Neigh
Choline,H3-3A,1Neigh,Choline-1Neigh
Choline,RNF2,1Neigh,Choline-1Neigh
Choline,PPIE,1Neigh,Choline-1Neigh
Choline,PHF20,1Neigh,Choline-1Neigh
Choline,LAS1L,1Neigh,Choline-1Neigh
Choline,TEX10,1Neigh,Choline-1Neigh
Choline,H4C2,1Neigh,Choline-1Neigh
Choline,H2AC6,1Neigh,Choline-1Neigh
Choline,H4C3,1Neigh,Choline-1Neigh
Choline,KDM6A,1Neigh,Choline-1Neigh
Choline,MLLT3,1Neigh,Choline-1Neigh
Choline,TAF9,1Neigh,Choline-1Neigh
Choline,E2F6,1Neigh,Choline-1Neigh
Choline,KANSL1,1Neigh,Choline-1Neigh
Choline,INO80C,1Neigh,Choline-1Neigh
Choline,TAF6,1Neigh,Choline-1Neigh
Choline,KAT8,1Neigh,Choline-1Neigh
Choline,H4-16,1Neigh,Choline-1Neigh
Choline,C17ORF49,1Neigh,Choline-1Neigh
Choline,H4C15,1Neigh,Choline-1Neigh
Choline,H4C14,1Neigh,Choline-1Neigh
Choline,RUVBL2,1Neigh,Choline-1Neigh
Choline,H4C1,1Neigh,Choline-1Neigh
Choline,H4C4,1Neigh,Choline-1Neigh
Choline,H4C12,1Neigh,Choline-1Neigh
Choline,H4C13,1Neigh,Choline-1Neigh
Choline,H4C9,1Neigh,Choline-1Neigh
Choline,H2AC15,1Neigh,Choline-1Neigh
Choline,H2AC16,1Neigh,Choline-1Neigh
Choline,H2AC4,1Neigh,Choline-1Neigh
Choline,H4C5,1Neigh,Choline-1Neigh
Choline,H4C8,1Neigh,Choline-1Neigh
Choline,KAT7,1Neigh,Choline-1Neigh
Choline,KAT6B,1Neigh,Choline-1Neigh
Choline,BRPF3,1Neigh,Choline-1Neigh
Choline,MEAF6,1Neigh,Choline-1Neigh
Choline,ING4,1Neigh,Choline-1Neigh
Choline,BRD1,1Neigh,Choline-1Neigh
Choline,MCM5,1Neigh,Choline-1Neigh
Choline,GMNN,1Neigh,Choline-1Neigh
Choline,MLH1,1Neigh,Choline-1Neigh
Choline,ORC2,1Neigh,Choline-1Neigh
Choline,H1-1,1Neigh,Choline-1Neigh
Choline,CDC25B,1Neigh,Choline-1Neigh
Choline,NEDD8,1Neigh,Choline-1Neigh
Choline,RPA1,1Neigh,Choline-1Neigh
Choline,CCNA1,1Neigh,Choline-1Neigh
Choline,CABLES1,1Neigh,Choline-1Neigh
Choline,SPDYE1,1Neigh,Choline-1Neigh
Choline,BARD1,1Neigh,Choline-1Neigh
Choline,ANAPC5,1Neigh,Choline-1Neigh
Choline,MCM4,1Neigh,Choline-1Neigh
Choline,RBL2,1Neigh,Choline-1Neigh
Choline,E2F3,1Neigh,Choline-1Neigh
Choline,MCM2,1Neigh,Choline-1Neigh
Choline,NBN,1Neigh,Choline-1Neigh
Choline,DBF4,1Neigh,Choline-1Neigh
Choline,CDK6,1Neigh,Choline-1Neigh
Choline,SKP2,1Neigh,Choline-1Neigh
Choline,CDKN2B,1Neigh,Choline-1Neigh
Choline,CDT1,1Neigh,Choline-1Neigh
Choline,LIN37,1Neigh,Choline-1Neigh
Choline,FEN1,1Neigh,Choline-1Neigh
Choline,MCM7,1Neigh,Choline-1Neigh
Choline,CKS1B,1Neigh,Choline-1Neigh
Choline,CLSPN,1Neigh,Choline-1Neigh
Choline,ANAPC2,1Neigh,Choline-1Neigh
Choline,ATRIP,1Neigh,Choline-1Neigh
Choline,PGR,1Neigh,Choline-1Neigh
Choline,LIN9,1Neigh,Choline-1Neigh
Choline,SPDYE4,1Neigh,Choline-1Neigh
Choline,SPDYE3,1Neigh,Choline-1Neigh
Choline,H1-5,1Neigh,Choline-1Neigh
Choline,SPDYA,1Neigh,Choline-1Neigh
Choline,ANAPC1,1Neigh,Choline-1Neigh
Choline,SFN,1Neigh,Choline-1Neigh
Choline,ATR,1Neigh,Choline-1Neigh
Choline,H1-0,1Neigh,Choline-1Neigh
Choline,CDC16,1Neigh,Choline-1Neigh
Choline,E2F2,1Neigh,Choline-1Neigh
Choline,EXO1,1Neigh,Choline-1Neigh
Choline,ORC1,1Neigh,Choline-1Neigh
Choline,CCND3,1Neigh,Choline-1Neigh
Choline,RBL1,1Neigh,Choline-1Neigh
Choline,RPA2,1Neigh,Choline-1Neigh
Choline,TFDP1,1Neigh,Choline-1Neigh
Choline,CCNB3,1Neigh,Choline-1Neigh
Choline,MDC1,1Neigh,Choline-1Neigh
Choline,SPDYC,1Neigh,Choline-1Neigh
Choline,POLA1,1Neigh,Choline-1Neigh
Choline,PCNA,1Neigh,Choline-1Neigh
Choline,E2F4,1Neigh,Choline-1Neigh
Choline,ARIH1,1Neigh,Choline-1Neigh
Choline,CDC23,1Neigh,Choline-1Neigh
Choline,RBBP8,1Neigh,Choline-1Neigh
Choline,CHEK1,1Neigh,Choline-1Neigh
Choline,CDC7,1Neigh,Choline-1Neigh
Choline,E2F5,1Neigh,Choline-1Neigh
Choline,CDK3,1Neigh,Choline-1Neigh
Choline,CDKN1C,1Neigh,Choline-1Neigh
Choline,MCM10,1Neigh,Choline-1Neigh
Choline,ANAPC13,1Neigh,Choline-1Neigh
Choline,POLR2A,1Neigh,Choline-1Neigh
Choline,ANAPC10,1Neigh,Choline-1Neigh
Choline,MCM3,1Neigh,Choline-1Neigh
Choline,CCNA2,1Neigh,Choline-1Neigh
Choline,FGF21,1Neigh,Choline-1Neigh
Choline,PDGFC,1Neigh,Choline-1Neigh
Choline,FGF1,1Neigh,Choline-1Neigh
Choline,VEGFC,1Neigh,Choline-1Neigh
Choline,ANGPT1,1Neigh,Choline-1Neigh
Choline,IGF2,1Neigh,Choline-1Neigh
Choline,MTRNR2L12,1Neigh,Choline-1Neigh
Choline,ANXA1,1Neigh,Choline-1Neigh
Choline,CCK,1Neigh,Choline-1Neigh
Choline,PYY,1Neigh,Choline-1Neigh
Choline,TCF7L2,1Neigh,Choline-1Neigh
Choline,GPBAR1,1Neigh,Choline-1Neigh
Choline,NEDD4,1Neigh,Choline-1Neigh
Choline,USP20,1Neigh,Choline-1Neigh
Choline,GRIA1,1Neigh,Choline-1Neigh
Choline,AKAP5,1Neigh,Choline-1Neigh
Choline,AVPR2,1Neigh,Choline-1Neigh
Choline,AP2B1,1Neigh,Choline-1Neigh
Choline,CDK5,1Neigh,Choline-1Neigh
Choline,CDC42,1Neigh,Choline-1Neigh
Choline,ABL2,1Neigh,Choline-1Neigh
Choline,WASF2,1Neigh,Choline-1Neigh
Choline,RAD51,1Neigh,Choline-1Neigh
Choline,CTNNB1,1Neigh,Choline-1Neigh
Choline,GRB10,1Neigh,Choline-1Neigh
Choline,NTRK1,1Neigh,Choline-1Neigh
Choline,SORBS1,1Neigh,Choline-1Neigh
Choline,BCAR1,1Neigh,Choline-1Neigh
Choline,KITLG,1Neigh,Choline-1Neigh
Choline,SNCA,1Neigh,Choline-1Neigh
Choline,SOCS1,1Neigh,Choline-1Neigh
Choline,NEDD9,1Neigh,Choline-1Neigh
Choline,EPHB6,1Neigh,Choline-1Neigh
Choline,EPHA6,1Neigh,Choline-1Neigh
Choline,EPHB1,1Neigh,Choline-1Neigh
Choline,EPHB2,1Neigh,Choline-1Neigh
Choline,EPHA5,1Neigh,Choline-1Neigh
Choline,SLIT2,1Neigh,Choline-1Neigh
Choline,NOTCH1,1Neigh,Choline-1Neigh
Choline,CREB3L1,1Neigh,Choline-1Neigh
Choline,AKT3,1Neigh,Choline-1Neigh
Choline,MAP2K7,1Neigh,Choline-1Neigh
Choline,GSKIP,1Neigh,Choline-1Neigh
Choline,PPP3R2,1Neigh,Choline-1Neigh
Choline,KLC1,1Neigh,Choline-1Neigh
Choline,PPP1CA,1Neigh,Choline-1Neigh
Choline,FZD2,1Neigh,Choline-1Neigh
Choline,FZD5,1Neigh,Choline-1Neigh
Choline,DKK1,1Neigh,Choline-1Neigh
Choline,GLI2,1Neigh,Choline-1Neigh
Choline,HNF4A,1Neigh,Choline-1Neigh
Choline,ANXA2,1Neigh,Choline-1Neigh
Choline,GAPDH,1Neigh,Choline-1Neigh
Choline,PRNP,1Neigh,Choline-1Neigh
Choline,CALML4,1Neigh,Choline-1Neigh
Choline,DPYSL2,1Neigh,Choline-1Neigh
Choline,ATP6AP2,1Neigh,Choline-1Neigh
Choline,ACE2,1Neigh,Choline-1Neigh
Choline,C5AR2,1Neigh,Choline-1Neigh
Choline,C3AR1,1Neigh,Choline-1Neigh
Choline,C4B,1Neigh,Choline-1Neigh
Choline,CFP,1Neigh,Choline-1Neigh
Choline,ITGAM,1Neigh,Choline-1Neigh
Choline,APELA,1Neigh,Choline-1Neigh
Choline,DBI,1Neigh,Choline-1Neigh
Choline,APOF,1Neigh,Choline-1Neigh
Choline,LPL,1Neigh,Choline-1Neigh
Choline,SAA1,1Neigh,Choline-1Neigh
Choline,HDLBP,1Neigh,Choline-1Neigh
Choline,ABCA1,1Neigh,Choline-1Neigh
Choline,VLDLR,1Neigh,Choline-1Neigh
Choline,CALU,1Neigh,Choline-1Neigh
Choline,PHLDA1,1Neigh,Choline-1Neigh
Choline,CPEB2,1Neigh,Choline-1Neigh
Choline,CEP192,1Neigh,Choline-1Neigh
Choline,CPEB1,1Neigh,Choline-1Neigh
Choline,INCENP,1Neigh,Choline-1Neigh
Choline,TPX2,1Neigh,Choline-1Neigh
Choline,CCNE2,1Neigh,Choline-1Neigh
Choline,SMC2,1Neigh,Choline-1Neigh
Choline,RACGAP1,1Neigh,Choline-1Neigh
Choline,KIF15,1Neigh,Choline-1Neigh
Choline,ZWINT,1Neigh,Choline-1Neigh
Choline,CKAP5,1Neigh,Choline-1Neigh
Choline,LATS2,1Neigh,Choline-1Neigh
Choline,KIF2A,1Neigh,Choline-1Neigh
Choline,HNRNPK,1Neigh,Choline-1Neigh
Choline,UBE2I,1Neigh,Choline-1Neigh
Choline,TTK,1Neigh,Choline-1Neigh
Choline,BORA,1Neigh,Choline-1Neigh
Choline,HJURP,1Neigh,Choline-1Neigh
Choline,FAM83D,1Neigh,Choline-1Neigh
Choline,BCL10,1Neigh,Choline-1Neigh
Choline,MAP2K6,1Neigh,Choline-1Neigh
Choline,NPAS4,1Neigh,Choline-1Neigh
Choline,SH3GL2,1Neigh,Choline-1Neigh
Choline,BDNF,1Neigh,Choline-1Neigh
Choline,JMJD7-PLA2G4B,1Neigh,Choline-1Neigh
Choline,GJD2,1Neigh,Choline-1Neigh
Choline,PLA2G4D,1Neigh,Choline-1Neigh
Choline,PLA2G4F,1Neigh,Choline-1Neigh
Choline,PLA2G4E,1Neigh,Choline-1Neigh
Choline,PLA2G4B,1Neigh,Choline-1Neigh
Choline,PLA2G4C,1Neigh,Choline-1Neigh
Choline,THRB,1Neigh,Choline-1Neigh
Choline,DAPK2,1Neigh,Choline-1Neigh
Choline,SMAD5,1Neigh,Choline-1Neigh
Choline,PRKCB,1Neigh,Choline-1Neigh
Choline,MITF,1Neigh,Choline-1Neigh
Choline,ATP1A1,1Neigh,Choline-1Neigh
Choline,STMN1,1Neigh,Choline-1Neigh
Choline,CALD1,1Neigh,Choline-1Neigh
Choline,MBP,1Neigh,Choline-1Neigh
Choline,LAMTOR3,1Neigh,Choline-1Neigh
Choline,PLA2G4A,1Neigh,Choline-1Neigh
Choline,EIF4EBP1,1Neigh,Choline-1Neigh
Choline,ETS1,1Neigh,Choline-1Neigh
Choline,DUSP6,1Neigh,Choline-1Neigh
Choline,PEA15,1Neigh,Choline-1Neigh
Choline,MKNK1,1Neigh,Choline-1Neigh
Choline,TNF,1Neigh,Choline-1Neigh
Choline,DUSP7,1Neigh,Choline-1Neigh
Choline,MEF2A,1Neigh,Choline-1Neigh
Choline,PTGS2,1Neigh,Choline-1Neigh
Choline,DUSP8,1Neigh,Choline-1Neigh
Choline,CD8A,1Neigh,Choline-1Neigh
Choline,CCL4L2,1Neigh,Choline-1Neigh
Choline,CCR8,1Neigh,Choline-1Neigh
Choline,CCL19,1Neigh,Choline-1Neigh
Choline,SIRPA,1Neigh,Choline-1Neigh
Choline,IL34,1Neigh,Choline-1Neigh
Choline,CCL3L1,1Neigh,Choline-1Neigh
Choline,CCL16,1Neigh,Choline-1Neigh
Choline,CCL18,1Neigh,Choline-1Neigh
Choline,CD200,1Neigh,Choline-1Neigh
Choline,IL10,1Neigh,Choline-1Neigh
Choline,FCGR3B,1Neigh,Choline-1Neigh
Choline,JAK3,1Neigh,Choline-1Neigh
Choline,TAS1R2,1Neigh,Choline-1Neigh
Choline,RXRA,1Neigh,Choline-1Neigh
Choline,H3-2,1Neigh,Choline-1Neigh
Choline,FGFR1OP,1Neigh,Choline-1Neigh
Choline,ADCY5,1Neigh,Choline-1Neigh
Choline,DBH,1Neigh,Choline-1Neigh
Choline,SIRT2,1Neigh,Choline-1Neigh
Choline,ATXN3,1Neigh,Choline-1Neigh
Choline,H2BC15,1Neigh,Choline-1Neigh
Choline,H2BU1,1Neigh,Choline-1Neigh
Choline,TUBA1A,1Neigh,Choline-1Neigh
Choline,DYNLL1,1Neigh,Choline-1Neigh
Choline,H2BS1,1Neigh,Choline-1Neigh
Choline,HDAC9,1Neigh,Choline-1Neigh
Choline,RFC5,1Neigh,Choline-1Neigh
Choline,H4C7,1Neigh,Choline-1Neigh
Choline,JMJD6,1Neigh,Choline-1Neigh
Choline,BRD2,1Neigh,Choline-1Neigh
Choline,BRD9,1Neigh,Choline-1Neigh
Choline,ELOC,1Neigh,Choline-1Neigh
Choline,LARP7,1Neigh,Choline-1Neigh
Choline,HTATSF1,1Neigh,Choline-1Neigh
Choline,GTPBP4,1Neigh,Choline-1Neigh
Choline,CTCF,1Neigh,Choline-1Neigh
Choline,ZC3H18,1Neigh,Choline-1Neigh
Choline,NUMA1,1Neigh,Choline-1Neigh
Choline,ZNF592,1Neigh,Choline-1Neigh
Choline,TOP2A,1Neigh,Choline-1Neigh
Choline,EP400,1Neigh,Choline-1Neigh
Choline,SMC1A,1Neigh,Choline-1Neigh
Choline,CHD8,1Neigh,Choline-1Neigh
Choline,EIF4G1,1Neigh,Choline-1Neigh
Choline,PER3,1Neigh,Choline-1Neigh
Choline,RPS17,1Neigh,Choline-1Neigh
Choline,KMT2B,1Neigh,Choline-1Neigh
Choline,CDC73,1Neigh,Choline-1Neigh
Choline,FOSL1,1Neigh,Choline-1Neigh
Choline,PAXIP1,1Neigh,Choline-1Neigh
Choline,SETD1B,1Neigh,Choline-1Neigh
Choline,PBX1,1Neigh,Choline-1Neigh
Choline,GATA2,1Neigh,Choline-1Neigh
Choline,CBFB,1Neigh,Choline-1Neigh
Choline,MLLT6,1Neigh,Choline-1Neigh
Choline,SIN3A,1Neigh,Choline-1Neigh
Choline,ING5,1Neigh,Choline-1Neigh
Choline,UBE2L5,1Neigh,Choline-1Neigh
Choline,COPS5,1Neigh,Choline-1Neigh
Choline,CDKN2D,1Neigh,Choline-1Neigh
Choline,CCNF,1Neigh,Choline-1Neigh
Choline,RCC1,1Neigh,Choline-1Neigh
Choline,CCNH,1Neigh,Choline-1Neigh
Choline,PRIM2,1Neigh,Choline-1Neigh
Choline,WEE1,1Neigh,Choline-1Neigh
Choline,CEBPA,1Neigh,Choline-1Neigh
Choline,TFDP2,1Neigh,Choline-1Neigh
Choline,SPDYE16,1Neigh,Choline-1Neigh
Choline,SPDYE6,1Neigh,Choline-1Neigh
Choline,SPDYE2,1Neigh,Choline-1Neigh
Choline,SPDYE2B,1Neigh,Choline-1Neigh
Choline,SPDYE5,1Neigh,Choline-1Neigh
Choline,SPDYE11,1Neigh,Choline-1Neigh
Choline,SUN1,1Neigh,Choline-1Neigh
Choline,CCNG1,1Neigh,Choline-1Neigh
Choline,SAMHD1,1Neigh,Choline-1Neigh
Choline,CHRND,1Neigh,Choline-1Neigh
Choline,CHRNA3,1Neigh,Choline-1Neigh
Choline,CHRM3,1Neigh,Choline-1Neigh
Choline,CHRM5,1Neigh,Choline-1Neigh
Choline,CHRM2,1Neigh,Choline-1Neigh
Choline,CHKA,1Neigh,Choline-1Neigh
Choline,SLC18A3,1Neigh,Choline-1Neigh
Choline,GPCPD1,1Neigh,Choline-1Neigh
Choline,CHKB,1Neigh,Choline-1Neigh
Choline,CKB,1Neigh,Choline-1Neigh
Choline,CKMT1B,1Neigh,Choline-1Neigh
Choline,GATM,1Neigh,Choline-1Neigh
Choline,NRXN2,1Neigh,Choline-1Neigh
Choline,GPX7,1Neigh,Choline-1Neigh
Choline,PHOSPHO1,1Neigh,Choline-1Neigh
Choline,SLC18A2,1Neigh,Choline-1Neigh
Choline,GAMT,1Neigh,Choline-1Neigh
Choline,HSPG2,1Neigh,Choline-1Neigh
Choline,NRXN1,1Neigh,Choline-1Neigh
Choline,BACE1,1Neigh,Choline-1Neigh
Choline,GPX8,1Neigh,Choline-1Neigh
Choline,PNPLA6,1Neigh,Choline-1Neigh
Choline,LHCGR,1Neigh,Choline-1Neigh
Choline,TRH,1Neigh,Choline-1Neigh
Choline,IGLL5,1Neigh,Choline-1Neigh
Choline,SLC36A4,1Neigh,Choline-1Neigh
Choline,RRAGC,1Neigh,Choline-1Neigh
Choline,GSK3B,1Neigh,Choline-1Neigh
Choline,XBP1,1Neigh,Choline-1Neigh
Choline,GZMB,1Neigh,Choline-1Neigh
Choline,NUP155,1Neigh,Choline-1Neigh
Choline,LMNB1,1Neigh,Choline-1Neigh
Choline,DSG2,1Neigh,Choline-1Neigh
Choline,CASP6,1Neigh,Choline-1Neigh
Choline,TMPO,1Neigh,Choline-1Neigh
Choline,WRN,1Neigh,Choline-1Neigh
Choline,NUP98,1Neigh,Choline-1Neigh
Choline,LMNB2,1Neigh,Choline-1Neigh
Choline,SYNE2,1Neigh,Choline-1Neigh
Choline,SYNE1,1Neigh,Choline-1Neigh
Choline,EMD,1Neigh,Choline-1Neigh
Choline,ERCC1,1Neigh,Choline-1Neigh
Choline,MSH6,1Neigh,Choline-1Neigh
Choline,PARP2,1Neigh,Choline-1Neigh
Choline,XRCC1,1Neigh,Choline-1Neigh
Choline,LIG1,1Neigh,Choline-1Neigh
Choline,POLB,1Neigh,Choline-1Neigh
Choline,NEIL2,1Neigh,Choline-1Neigh
Choline,ERCC4,1Neigh,Choline-1Neigh
Choline,PNKP,1Neigh,Choline-1Neigh
Choline,SIRT6,1Neigh,Choline-1Neigh
Choline,TDP1,1Neigh,Choline-1Neigh
Choline,H2BC7,1Neigh,Choline-1Neigh
Choline,SET,1Neigh,Choline-1Neigh
Choline,XPA,1Neigh,Choline-1Neigh
Choline,H2BC10,1Neigh,Choline-1Neigh
Choline,LIG3,1Neigh,Choline-1Neigh
Choline,ERCC2,1Neigh,Choline-1Neigh
Choline,XRCC5,1Neigh,Choline-1Neigh
Choline,H2BC8,1Neigh,Choline-1Neigh
Choline,XRCC3,1Neigh,Choline-1Neigh
Choline,POLD1,1Neigh,Choline-1Neigh
Choline,CYP26B1,1Neigh,Choline-1Neigh
Choline,ADH1A,1Neigh,Choline-1Neigh
Choline,CYP3A5,1Neigh,Choline-1Neigh
Choline,CYP26A1,1Neigh,Choline-1Neigh
Choline,NANOG,1Neigh,Choline-1Neigh
Choline,RDH10,1Neigh,Choline-1Neigh
Choline,ALDH1A2,1Neigh,Choline-1Neigh
Choline,RDH5,1Neigh,Choline-1Neigh
Choline,BCO1,1Neigh,Choline-1Neigh
Choline,POU5F1,1Neigh,Choline-1Neigh
Choline,CYP2C9,1Neigh,Choline-1Neigh
Choline,CYP2C18,1Neigh,Choline-1Neigh
Choline,ADH5,1Neigh,Choline-1Neigh
Choline,CYP2A6,1Neigh,Choline-1Neigh
Choline,UGT1A6,1Neigh,Choline-1Neigh
Choline,UGT1A1,1Neigh,Choline-1Neigh
Choline,ADH1B,1Neigh,Choline-1Neigh
Choline,CYP2S1,1Neigh,Choline-1Neigh
Choline,CYP4A11,1Neigh,Choline-1Neigh
Choline,CYP2B6,1Neigh,Choline-1Neigh
Choline,DHRS4,1Neigh,Choline-1Neigh
Choline,ALDH1A3,1Neigh,Choline-1Neigh
Choline,CYP3A7,1Neigh,Choline-1Neigh
Choline,CYP1A2,1Neigh,Choline-1Neigh
Choline,UGT1A10,1Neigh,Choline-1Neigh
Choline,CYP2C8,1Neigh,Choline-1Neigh
Choline,CYP4A22,1Neigh,Choline-1Neigh
Choline,UGT1A4,1Neigh,Choline-1Neigh
Choline,UGT1A7,1Neigh,Choline-1Neigh
Choline,UGT1A8,1Neigh,Choline-1Neigh
Choline,AOX1,1Neigh,Choline-1Neigh
Choline,RDH11,1Neigh,Choline-1Neigh
Choline,CYP1A1,1Neigh,Choline-1Neigh
Choline,DHRS9,1Neigh,Choline-1Neigh
Choline,SDR16C5,1Neigh,Choline-1Neigh
Choline,HSD17B6,1Neigh,Choline-1Neigh
Choline,ENSP00000480571,1Neigh,Choline-1Neigh
Choline,CYP26C1,1Neigh,Choline-1Neigh
Choline,CGA,1Neigh,Choline-1Neigh
Choline,TRHR,1Neigh,Choline-1Neigh
Choline,CTLA4,1Neigh,Choline-1Neigh
Choline,SLC36A2,1Neigh,Choline-1Neigh
Choline,SLC38A9,1Neigh,Choline-1Neigh
Choline,NUP153,1Neigh,Choline-1Neigh
Choline,SUN2,1Neigh,Choline-1Neigh
Choline,DSC2,1Neigh,Choline-1Neigh
Choline,GJA5,1Neigh,Choline-1Neigh
Choline,BANF1,1Neigh,Choline-1Neigh
Choline,LIG4,1Neigh,Choline-1Neigh
Choline,FCGR2A,1Neigh,Choline-1Neigh
Choline,H2BC6,1Neigh,Choline-1Neigh
Choline,APEX2,1Neigh,Choline-1Neigh
Choline,TXN,1Neigh,Choline-1Neigh
Choline,RECQL4,1Neigh,Choline-1Neigh
Choline,POLD2,1Neigh,Choline-1Neigh
Choline,APTX,1Neigh,Choline-1Neigh
Choline,NEIL1,1Neigh,Choline-1Neigh
Choline,YBX1,1Neigh,Choline-1Neigh
Choline,ANP32A,1Neigh,Choline-1Neigh
Choline,CYP3A4,1Neigh,Choline-1Neigh
Choline,ADH1C,1Neigh,Choline-1Neigh
Choline,ADH4,1Neigh,Choline-1Neigh
Choline,ADH7,1Neigh,Choline-1Neigh
Choline,RDH8,1Neigh,Choline-1Neigh
Choline,RDH12,1Neigh,Choline-1Neigh
Choline,RDH16,1Neigh,Choline-1Neigh
Choline,ADH6,1Neigh,Choline-1Neigh
Choline,DHRS3,1Neigh,Choline-1Neigh
Choline,CD44,1Neigh,Choline-1Neigh
Choline,SOX2,1Neigh,Choline-1Neigh
Choline,EPHX2,1Neigh,Choline-1Neigh
Choline,BRD4,1Neigh,Choline-1Neigh
Choline,DMC1,1Neigh,Choline-1Neigh
Choline,RPA3,1Neigh,Choline-1Neigh
Choline,FANCE,1Neigh,Choline-1Neigh
Choline,MSH2,1Neigh,Choline-1Neigh
Choline,RIF1,1Neigh,Choline-1Neigh
Choline,SLX1A,1Neigh,Choline-1Neigh
Choline,TERF2,1Neigh,Choline-1Neigh
Choline,HUS1,1Neigh,Choline-1Neigh
Choline,BRIP1,1Neigh,Choline-1Neigh
Choline,TOPBP1,1Neigh,Choline-1Neigh
Choline,PALB2,1Neigh,Choline-1Neigh
Choline,TIPIN,1Neigh,Choline-1Neigh
Choline,MSH4,1Neigh,Choline-1Neigh
Choline,RAD18,1Neigh,Choline-1Neigh
Choline,FANCM,1Neigh,Choline-1Neigh
Choline,TERF1,1Neigh,Choline-1Neigh
Choline,FANCD2,1Neigh,Choline-1Neigh
Choline,FANCC,1Neigh,Choline-1Neigh
Choline,SLX4,1Neigh,Choline-1Neigh
Choline,MUS81,1Neigh,Choline-1Neigh
Choline,CENPS,1Neigh,Choline-1Neigh
Choline,RMI2,1Neigh,Choline-1Neigh
Choline,FANCI,1Neigh,Choline-1Neigh
Choline,RAD9A,1Neigh,Choline-1Neigh
Choline,RMI1,1Neigh,Choline-1Neigh
Choline,TOP3A,1Neigh,Choline-1Neigh
Choline,PIF1,1Neigh,Choline-1Neigh
Choline,FANCF,1Neigh,Choline-1Neigh
Choline,FAAP100,1Neigh,Choline-1Neigh
Choline,ERCC6L,1Neigh,Choline-1Neigh
Choline,RAD51C,1Neigh,Choline-1Neigh
Choline,POT1,1Neigh,Choline-1Neigh
Choline,XRCC2,1Neigh,Choline-1Neigh
Choline,SMC5,1Neigh,Choline-1Neigh
Choline,RAD54L,1Neigh,Choline-1Neigh
Choline,RPA4,1Neigh,Choline-1Neigh
Choline,FANCG,1Neigh,Choline-1Neigh
Choline,RAD50,1Neigh,Choline-1Neigh
Choline,FBH1,1Neigh,Choline-1Neigh
Choline,RAD1,1Neigh,Choline-1Neigh
Choline,CHEK2,1Neigh,Choline-1Neigh
Choline,FANCA,1Neigh,Choline-1Neigh
Choline,RAD51B,1Neigh,Choline-1Neigh
Choline,RAD17,1Neigh,Choline-1Neigh
Choline,TIMELESS,1Neigh,Choline-1Neigh
Choline,CENPX,1Neigh,Choline-1Neigh
Choline,MLH3,1Neigh,Choline-1Neigh
Choline,DNA2,1Neigh,Choline-1Neigh
Choline,MSH5,1Neigh,Choline-1Neigh
Choline,TOP3B,1Neigh,Choline-1Neigh
Choline,RAD51D,1Neigh,Choline-1Neigh
Choline,SUMO2,1Neigh,Choline-1Neigh
Choline,EME1,1Neigh,Choline-1Neigh
Choline,SMC6,1Neigh,Choline-1Neigh
Choline,CHRNA10,1Neigh,Choline-1Neigh
Choline,ACHE,1Neigh,Choline-1Neigh
Choline,CHRNA9,1Neigh,Choline-1Neigh
Choline,CHAT,1Neigh,Choline-1Neigh
Choline,CHRM5,Target,Cholie-Target
Choline,CHRM4,Target,Cholie-Target
Choline,CHRM1,Target,Cholie-Target
Choline,CHRM3,Target,Cholie-Target
Choline,CHRM2,Target,Cholie-Target
Choline,CHRNB4,Target,Cholie-Target
Choline,CHRNA7,Target,Cholie-Target
Choline,CHRNA2,Target,Cholie-Target
Choline,CHRNA9,Target,Cholie-Target
Choline,CHRNA10,Target,Cholie-Target
Choline,CHRNA4,Target,Cholie-Target
Choline,CHRNA6,Target,Cholie-Target
Choline,CHRNB2,Target,Cholie-Target
Choline,SLC22A1,Target,Cholie-Target
Choline,CHRND,Target,Cholie-Target
Choline,SLC22A5,Target,Cholie-Target
Choline,CHRNA3,Target,Cholie-Target
Choline,TBXA2R,Target,Cholie-Target
Choline,PGR,Target,Cholie-Target
Choline,HTR1A,Target,Cholie-Target
Choline,SMN1; SMN2,Target,Cholie-Target
Choline,GAA,Target,Cholie-Target
Choline,GALR3,Target,Cholie-Target
Choline,FIBCD1,Target,Cholie-Target
Choline,RAB9A,Target,Cholie-Target
Choline,FGFR3,Target,Choline-Target
Choline,FPR2,Target,Choline-Target
Choline,GLP1R,Target,Choline-Target
Choline,GPR119,Target,Choline-Target
Choline,ADRB2,Target,Choline-Target
Choline,ABL1,Target,Choline-Target
Choline,GPR35,Target,Choline-Target
Choline,S1PR1,Target,Choline-Target
Choline,GSK3B,Target,Choline-Target
Choline,AGTR1,Target,Choline-Target
Choline,C5AR1,Target,Choline-Target
Choline,APLNR,Target,Choline-Target
Choline,CETP,Target,Choline-Target
Choline,AURKA,Target,Choline-Target
Choline,MAPK1,Target,Choline-Target
Choline,CX3CR1,Target,Choline-Target
Choline,FFAR4,Target,Choline-Target
Choline,TRIM24,Target,Choline-Target
Choline,ADGRF1,Target,Choline-Target
Choline,ADRA2A,Target,Choline-Target
Choline,HDAC6,Target,Choline-Target
Choline,BRD4,Target,Choline-Target
Choline,CSNK1D,Target,Choline-Target
Choline,MEN1,Target,Choline-Target
Choline,KMT2A,Target,Choline-Target
Choline,BRPF1,Target,Choline-Target
Choline,CDK2,Target,Choline-Target
Choline,SLC22A2,Target,Choline-Target
Choline,SLC5A7,Target,Choline-Target
Choline,CHAT,Target,Choline-Target
Choline,SLC6A8,Target,Choline-Target
Choline,SLC22A3,Target,Choline-Target
Choline,ACHE,Target,Choline-Target
Choline,SLC22A4,Target,Choline-Target
Choline,TSHR,Target,Choline-Target
Choline,SLC36A1,Target,Choline-Target
Choline,LMNA,Target,Choline-Target
Choline,APEX1,Target,Choline-Target
Choline,ALDH1A1,Target,Choline-Target
Choline,BLM,Target,Choline-Target
Folic acid,ATIC,1Neigh,Folic acid-1Neigh
Folic acid,BHMT2,1Neigh,Folic acid-1Neigh
Folic acid,NUDT15,1Neigh,Folic acid-1Neigh
Folic acid,GGH,1Neigh,Folic acid-1Neigh
Folic acid,BHMT,1Neigh,Folic acid-1Neigh
Folic acid,CTBP1,1Neigh,Folic acid-1Neigh
Folic acid,GRHPR,1Neigh,Folic acid-1Neigh
Folic acid,SHMT1,1Neigh,Folic acid-1Neigh
Folic acid,DHFR2,1Neigh,Folic acid-1Neigh
Folic acid,BCAT2,1Neigh,Folic acid-1Neigh
Folic acid,MTR,1Neigh,Folic acid-1Neigh
Folic acid,MTHFR,1Neigh,Folic acid-1Neigh
Folic acid,GART,1Neigh,Folic acid-1Neigh
Folic acid,MTHFD2,1Neigh,Folic acid-1Neigh
Folic acid,MTHFD2L,1Neigh,Folic acid-1Neigh
Folic acid,DHFR,1Neigh,Folic acid-1Neigh
Folic acid,MTHFD1L,1Neigh,Folic acid-1Neigh
Folic acid,CYP4F3,1Neigh,Folic acid-1Neigh
Folic acid,CYP4F2,1Neigh,Folic acid-1Neigh
Folic acid,PTGIS,1Neigh,Folic acid-1Neigh
Folic acid,ALOX12,1Neigh,Folic acid-1Neigh
Folic acid,COX5B,1Neigh,Folic acid-1Neigh
Folic acid,CYP2C9,1Neigh,Folic acid-1Neigh
Folic acid,LTC4S,1Neigh,Folic acid-1Neigh
Folic acid,ALOX15,1Neigh,Folic acid-1Neigh
Folic acid,HPGDS,1Neigh,Folic acid-1Neigh
Folic acid,CYP4A11,1Neigh,Folic acid-1Neigh
Folic acid,PLAAT3,1Neigh,Folic acid-1Neigh
Folic acid,CYP2B6,1Neigh,Folic acid-1Neigh
Folic acid,CYP2U1,1Neigh,Folic acid-1Neigh
Folic acid,PTGES,1Neigh,Folic acid-1Neigh
Folic acid,PTGES2,1Neigh,Folic acid-1Neigh
Folic acid,MT-CYB,1Neigh,Folic acid-1Neigh
Folic acid,MT-ATP6,1Neigh,Folic acid-1Neigh
Folic acid,MT-ND6,1Neigh,Folic acid-1Neigh
Folic acid,MT-ND1,1Neigh,Folic acid-1Neigh
Folic acid,MT-ND4L,1Neigh,Folic acid-1Neigh
Folic acid,MT-ND5,1Neigh,Folic acid-1Neigh
Folic acid,MT-ND4,1Neigh,Folic acid-1Neigh
Folic acid,MT-ND2,1Neigh,Folic acid-1Neigh
Folic acid,CYP2J2,1Neigh,Folic acid-1Neigh
Folic acid,CYP2C8,1Neigh,Folic acid-1Neigh
Folic acid,CYP2C19,1Neigh,Folic acid-1Neigh
Folic acid,PTGDS,1Neigh,Folic acid-1Neigh
Folic acid,CYP4A22,1Neigh,Folic acid-1Neigh
Folic acid,ALOX5,1Neigh,Folic acid-1Neigh
Folic acid,ALOX15B,1Neigh,Folic acid-1Neigh
Folic acid,PLA2G2A,1Neigh,Folic acid-1Neigh
Folic acid,CYP2E1,1Neigh,Folic acid-1Neigh
Folic acid,CYP4F8,1Neigh,Folic acid-1Neigh
Folic acid,SPATA20,1Neigh,Folic acid-1Neigh
Folic acid,MCM5,1Neigh,Folic acid-1Neigh
Folic acid,AURKA,1Neigh,Folic acid-1Neigh
Folic acid,RNASEH2A,1Neigh,Folic acid-1Neigh
Folic acid,UMPS,1Neigh,Folic acid-1Neigh
Folic acid,NT5C1A,1Neigh,Folic acid-1Neigh
Folic acid,ADAT2,1Neigh,Folic acid-1Neigh
Folic acid,NT5C,1Neigh,Folic acid-1Neigh
Folic acid,RRM2B,1Neigh,Folic acid-1Neigh
Folic acid,GINS2,1Neigh,Folic acid-1Neigh
Folic acid,DMGDH,1Neigh,Folic acid-1Neigh
Folic acid,CCNB1,1Neigh,Folic acid-1Neigh
Folic acid,CMPK2,1Neigh,Folic acid-1Neigh
Folic acid,NT5E,1Neigh,Folic acid-1Neigh
Folic acid,NDC80,1Neigh,Folic acid-1Neigh
Folic acid,MCM4,1Neigh,Folic acid-1Neigh
Folic acid,DGUOK,1Neigh,Folic acid-1Neigh
Folic acid,MCM6,1Neigh,Folic acid-1Neigh
Folic acid,PPAT,1Neigh,Folic acid-1Neigh
Folic acid,MCM2,1Neigh,Folic acid-1Neigh
Folic acid,TP53,1Neigh,Folic acid-1Neigh
Folic acid,NUF2,1Neigh,Folic acid-1Neigh
Folic acid,AMT,1Neigh,Folic acid-1Neigh
Folic acid,DCK,1Neigh,Folic acid-1Neigh
Folic acid,BUB1B,1Neigh,Folic acid-1Neigh
Folic acid,CCNB2,1Neigh,Folic acid-1Neigh
Folic acid,MAD2L1,1Neigh,Folic acid-1Neigh
Folic acid,TK2,1Neigh,Folic acid-1Neigh
Folic acid,PCLAF,1Neigh,Folic acid-1Neigh
Folic acid,RRM1,1Neigh,Folic acid-1Neigh
Folic acid,BIRC5,1Neigh,Folic acid-1Neigh
Folic acid,ENTPD3,1Neigh,Folic acid-1Neigh
Folic acid,BUB1,1Neigh,Folic acid-1Neigh
Folic acid,DTYMK,1Neigh,Folic acid-1Neigh
Folic acid,FEN1,1Neigh,Folic acid-1Neigh
Folic acid,MCM7,1Neigh,Folic acid-1Neigh
Folic acid,RNASEH1,1Neigh,Folic acid-1Neigh
Folic acid,GCSH,1Neigh,Folic acid-1Neigh
Folic acid,UPP1,1Neigh,Folic acid-1Neigh
Folic acid,ADAT3,1Neigh,Folic acid-1Neigh
Folic acid,NT5C2,1Neigh,Folic acid-1Neigh
Folic acid,E2F1,1Neigh,Folic acid-1Neigh
Folic acid,UBE2C,1Neigh,Folic acid-1Neigh
Folic acid,DCTD,1Neigh,Folic acid-1Neigh
Folic acid,PRIM1,1Neigh,Folic acid-1Neigh
Folic acid,NT5C1B,1Neigh,Folic acid-1Neigh
Folic acid,RRM2,1Neigh,Folic acid-1Neigh
Folic acid,EXO1,1Neigh,Folic acid-1Neigh
Folic acid,IBA57,1Neigh,Folic acid-1Neigh
Folic acid,DTL,1Neigh,Folic acid-1Neigh
Folic acid,UCK2,1Neigh,Folic acid-1Neigh
Folic acid,DPYD,1Neigh,Folic acid-1Neigh
Folic acid,ENTPD1,1Neigh,Folic acid-1Neigh
Folic acid,ENTPD8,1Neigh,Folic acid-1Neigh
Folic acid,SARDH,1Neigh,Folic acid-1Neigh
Folic acid,CDC20,1Neigh,Folic acid-1Neigh
Folic acid,UPRT,1Neigh,Folic acid-1Neigh
Folic acid,CDA,1Neigh,Folic acid-1Neigh
Folic acid,PCNA,1Neigh,Folic acid-1Neigh
Folic acid,RFC3,1Neigh,Folic acid-1Neigh
Folic acid,ITPA,1Neigh,Folic acid-1Neigh
Folic acid,DUT,1Neigh,Folic acid-1Neigh
Folic acid,GLDC,1Neigh,Folic acid-1Neigh
Folic acid,NT5M,1Neigh,Folic acid-1Neigh
Folic acid,CDK1,1Neigh,Folic acid-1Neigh
Folic acid,TYMP,1Neigh,Folic acid-1Neigh
Folic acid,NT5C3B,1Neigh,Folic acid-1Neigh
Folic acid,CHEK1,1Neigh,Folic acid-1Neigh
Folic acid,CDC45,1Neigh,Folic acid-1Neigh
Folic acid,NT5C1B-RDH14,1Neigh,Folic acid-1Neigh
Folic acid,MCM3,1Neigh,Folic acid-1Neigh
Folic acid,IREB2,1Neigh,Folic acid-1Neigh
Folic acid,SLC40A1,1Neigh,Folic acid-1Neigh
Folic acid,FTH1,1Neigh,Folic acid-1Neigh
Folic acid,PANK1,1Neigh,Folic acid-1Neigh
Folic acid,SCARA5,1Neigh,Folic acid-1Neigh
Folic acid,TFRC,1Neigh,Folic acid-1Neigh
Folic acid,MAPK1,1Neigh,Folic acid-1Neigh
Folic acid,HMOX1,1Neigh,Folic acid-1Neigh
Folic acid,NFKBIA,1Neigh,Folic acid-1Neigh
Folic acid,MMP2,1Neigh,Folic acid-1Neigh
Folic acid,CCL2,1Neigh,Folic acid-1Neigh
Folic acid,NFKB1,1Neigh,Folic acid-1Neigh
Folic acid,MAPK14,1Neigh,Folic acid-1Neigh
Folic acid,HBEGF,1Neigh,Folic acid-1Neigh
Folic acid,PTGER2,1Neigh,Folic acid-1Neigh
Folic acid,KRAS,1Neigh,Folic acid-1Neigh
Folic acid,TLR2,1Neigh,Folic acid-1Neigh
Folic acid,MAPK3,1Neigh,Folic acid-1Neigh
Folic acid,IL1A,1Neigh,Folic acid-1Neigh
Folic acid,IL1B,1Neigh,Folic acid-1Neigh
Folic acid,STAT3,1Neigh,Folic acid-1Neigh
Folic acid,ERBB2,1Neigh,Folic acid-1Neigh
Folic acid,EGFR,1Neigh,Folic acid-1Neigh
Folic acid,IL18,1Neigh,Folic acid-1Neigh
Folic acid,PPARG,1Neigh,Folic acid-1Neigh
Folic acid,CEBPB,1Neigh,Folic acid-1Neigh
Folic acid,FOS,1Neigh,Folic acid-1Neigh
Folic acid,CXCL8,1Neigh,Folic acid-1Neigh
Folic acid,CYCS,1Neigh,Folic acid-1Neigh
Folic acid,CASP3,1Neigh,Folic acid-1Neigh
Folic acid,MMP1,1Neigh,Folic acid-1Neigh
Folic acid,NOS2,1Neigh,Folic acid-1Neigh
Folic acid,CASP9,1Neigh,Folic acid-1Neigh
Folic acid,NLRP3,1Neigh,Folic acid-1Neigh
Folic acid,CAV1,1Neigh,Folic acid-1Neigh
Folic acid,CASP8,1Neigh,Folic acid-1Neigh
Folic acid,JUN,1Neigh,Folic acid-1Neigh
Folic acid,MMP9,1Neigh,Folic acid-1Neigh
Folic acid,SRC,1Neigh,Folic acid-1Neigh
Folic acid,TLR4,1Neigh,Folic acid-1Neigh
Folic acid,CXCL1,1Neigh,Folic acid-1Neigh
Folic acid,BCL2,1Neigh,Folic acid-1Neigh
Folic acid,RELA,1Neigh,Folic acid-1Neigh
Folic acid,IL6,1Neigh,Folic acid-1Neigh
Folic acid,CXCL2,1Neigh,Folic acid-1Neigh
Folic acid,HIF1A,1Neigh,Folic acid-1Neigh
Folic acid,LGALS9C,1Neigh,Folic acid-1Neigh
Folic acid,SLC22A8,1Neigh,Folic acid-1Neigh
Folic acid,CFTR,1Neigh,Folic acid-1Neigh
Folic acid,SIRT1,1Neigh,Folic acid-1Neigh
Folic acid,STUB1,1Neigh,Folic acid-1Neigh
Folic acid,KAT2A,1Neigh,Folic acid-1Neigh
Folic acid,NR3C1,1Neigh,Folic acid-1Neigh
Folic acid,TARDBP,1Neigh,Folic acid-1Neigh
Folic acid,H4C6,1Neigh,Folic acid-1Neigh
Folic acid,TRIM28,1Neigh,Folic acid-1Neigh
Folic acid,MDM2,1Neigh,Folic acid-1Neigh
Folic acid,CREBBP,1Neigh,Folic acid-1Neigh
Folic acid,EP300,1Neigh,Folic acid-1Neigh
Folic acid,KAT2B,1Neigh,Folic acid-1Neigh
Folic acid,NCOR1,1Neigh,Folic acid-1Neigh
Folic acid,RPS27A,1Neigh,Folic acid-1Neigh
Folic acid,H2BC1,1Neigh,Folic acid-1Neigh
Folic acid,H2BC5,1Neigh,Folic acid-1Neigh
Folic acid,H2AZ1,1Neigh,Folic acid-1Neigh
Folic acid,HSPA4,1Neigh,Folic acid-1Neigh
Folic acid,H2AZ2,1Neigh,Folic acid-1Neigh
Folic acid,HCLS1,1Neigh,Folic acid-1Neigh
Folic acid,H2BC4,1Neigh,Folic acid-1Neigh
Folic acid,HSPA5,1Neigh,Folic acid-1Neigh
Folic acid,GSK3B,1Neigh,Folic acid-1Neigh
Folic acid,H2AC20,1Neigh,Folic acid-1Neigh
Folic acid,HSP90AA1,1Neigh,Folic acid-1Neigh
Folic acid,TUBA1B,1Neigh,Folic acid-1Neigh
Folic acid,PARK7,1Neigh,Folic acid-1Neigh
Folic acid,MAPT,1Neigh,Folic acid-1Neigh
Folic acid,RBPJ,1Neigh,Folic acid-1Neigh
Folic acid,HTT,1Neigh,Folic acid-1Neigh
Folic acid,H2BC12,1Neigh,Folic acid-1Neigh
Folic acid,VCP,1Neigh,Folic acid-1Neigh
Folic acid,XRCC6,1Neigh,Folic acid-1Neigh
Folic acid,DCTN1,1Neigh,Folic acid-1Neigh
Folic acid,PRKN,1Neigh,Folic acid-1Neigh
Folic acid,BAG3,1Neigh,Folic acid-1Neigh
Folic acid,H2BC21,1Neigh,Folic acid-1Neigh
Folic acid,H2AC18,1Neigh,Folic acid-1Neigh
Folic acid,RUNX2,1Neigh,Folic acid-1Neigh
Folic acid,HSP90AB1,1Neigh,Folic acid-1Neigh
Folic acid,RBBP4,1Neigh,Folic acid-1Neigh
Folic acid,HDAC1,1Neigh,Folic acid-1Neigh
Folic acid,CTTN,1Neigh,Folic acid-1Neigh
Folic acid,H2BC13,1Neigh,Folic acid-1Neigh
Folic acid,ATXN3L,1Neigh,Folic acid-1Neigh
Folic acid,SQSTM1,1Neigh,Folic acid-1Neigh
Folic acid,PLAA,1Neigh,Folic acid-1Neigh
Folic acid,NCOR2,1Neigh,Folic acid-1Neigh
Folic acid,CDKN1A,1Neigh,Folic acid-1Neigh
Folic acid,UBA52,1Neigh,Folic acid-1Neigh
Folic acid,CYLD,1Neigh,Folic acid-1Neigh
Folic acid,RHOA,1Neigh,Folic acid-1Neigh
Folic acid,HSF1,1Neigh,Folic acid-1Neigh
Folic acid,H2AX,1Neigh,Folic acid-1Neigh
Folic acid,HSPA8,1Neigh,Folic acid-1Neigh
Folic acid,UBC,1Neigh,Folic acid-1Neigh
Folic acid,H2BC18,1Neigh,Folic acid-1Neigh
Folic acid,H2BC11,1Neigh,Folic acid-1Neigh
Folic acid,H2BC17,1Neigh,Folic acid-1Neigh
Folic acid,H2BC14,1Neigh,Folic acid-1Neigh
Folic acid,UBB,1Neigh,Folic acid-1Neigh
Folic acid,H2BC9,1Neigh,Folic acid-1Neigh
Folic acid,H2BC3,1Neigh,Folic acid-1Neigh
Folic acid,DLD,1Neigh,Folic acid-1Neigh
Folic acid,SPTLC2,1Neigh,Folic acid-1Neigh
Folic acid,AHCY,1Neigh,Folic acid-1Neigh
Folic acid,MTFMT,1Neigh,Folic acid-1Neigh
Folic acid,GAPDHS,1Neigh,Folic acid-1Neigh
Folic acid,DAO,1Neigh,Folic acid-1Neigh
Folic acid,TPI1,1Neigh,Folic acid-1Neigh
Folic acid,AGXT2,1Neigh,Folic acid-1Neigh
Folic acid,SDS,1Neigh,Folic acid-1Neigh
Folic acid,ALDH1L2,1Neigh,Folic acid-1Neigh
Folic acid,MTHFS,1Neigh,Folic acid-1Neigh
Folic acid,SPTLC1,1Neigh,Folic acid-1Neigh
Folic acid,ALDH1L1,1Neigh,Folic acid-1Neigh
Folic acid,ABRAXAS2,1Neigh,Folic acid-1Neigh
Folic acid,AGXT,1Neigh,Folic acid-1Neigh
Folic acid,MAT2A,1Neigh,Folic acid-1Neigh
Folic acid,PIPOX,1Neigh,Folic acid-1Neigh
Folic acid,GLUD2,1Neigh,Folic acid-1Neigh
Folic acid,IDH2,1Neigh,Folic acid-1Neigh
Folic acid,ADSS1,1Neigh,Folic acid-1Neigh
Folic acid,SRR,1Neigh,Folic acid-1Neigh
Folic acid,SDSL,1Neigh,Folic acid-1Neigh
Folic acid,BABAM2,1Neigh,Folic acid-1Neigh
Folic acid,BABAM1,1Neigh,Folic acid-1Neigh
Folic acid,ADSS2,1Neigh,Folic acid-1Neigh
Folic acid,FCGR3A,1Neigh,Folic acid-1Neigh
Folic acid,ALDH18A1,1Neigh,Folic acid-1Neigh
Folic acid,GNMT,1Neigh,Folic acid-1Neigh
Folic acid,PSAT1,1Neigh,Folic acid-1Neigh
Folic acid,ASNS,1Neigh,Folic acid-1Neigh
Folic acid,ALAS1,1Neigh,Folic acid-1Neigh
Folic acid,PSPH,1Neigh,Folic acid-1Neigh
Folic acid,GATM,1Neigh,Folic acid-1Neigh
Folic acid,GAPDH,1Neigh,Folic acid-1Neigh
Folic acid,FTCD,1Neigh,Folic acid-1Neigh
Folic acid,CBS,1Neigh,Folic acid-1Neigh
Folic acid,PAICS,1Neigh,Folic acid-1Neigh
Folic acid,ABCC2,1Neigh,Folic acid-1Neigh
Folic acid,AGO2,1Neigh,Folic acid-1Neigh
Folic acid,EHHADH,1Neigh,Folic acid-1Neigh
Folic acid,DGCR8,1Neigh,Folic acid-1Neigh
Folic acid,TARBP2,1Neigh,Folic acid-1Neigh
Folic acid,ACAA2,1Neigh,Folic acid-1Neigh
Folic acid,POP7,1Neigh,Folic acid-1Neigh
Folic acid,TRMT10C,1Neigh,Folic acid-1Neigh
Folic acid,RPP25,1Neigh,Folic acid-1Neigh
Folic acid,PRKRA,1Neigh,Folic acid-1Neigh
Folic acid,HADHB,1Neigh,Folic acid-1Neigh
Folic acid,ACAA1,1Neigh,Folic acid-1Neigh
Folic acid,POP5,1Neigh,Folic acid-1Neigh
Folic acid,DHX9,1Neigh,Folic acid-1Neigh
Folic acid,ECHS1,1Neigh,Folic acid-1Neigh
Folic acid,AGO3,1Neigh,Folic acid-1Neigh
Folic acid,AGO1,1Neigh,Folic acid-1Neigh
Folic acid,AGO4,1Neigh,Folic acid-1Neigh
Folic acid,RPP40,1Neigh,Folic acid-1Neigh
Folic acid,POP1,1Neigh,Folic acid-1Neigh
Folic acid,RPP30,1Neigh,Folic acid-1Neigh
Folic acid,ERN1,1Neigh,Folic acid-1Neigh
Folic acid,RPP21,1Neigh,Folic acid-1Neigh
Folic acid,RPP14,1Neigh,Folic acid-1Neigh
Folic acid,DROSHA,1Neigh,Folic acid-1Neigh
Folic acid,CLP1,1Neigh,Folic acid-1Neigh
Folic acid,DICER1,1Neigh,Folic acid-1Neigh
Folic acid,PRORP,1Neigh,Folic acid-1Neigh
Folic acid,POP4,1Neigh,Folic acid-1Neigh
Folic acid,GLA,1Neigh,Folic acid-1Neigh
Folic acid,SI,1Neigh,Folic acid-1Neigh
Folic acid,HK2,1Neigh,Folic acid-1Neigh
Folic acid,HK3,1Neigh,Folic acid-1Neigh
Folic acid,AMY1B,1Neigh,Folic acid-1Neigh
Folic acid,HKDC1,1Neigh,Folic acid-1Neigh
Folic acid,AMY2B,1Neigh,Folic acid-1Neigh
Folic acid,MGAM2,1Neigh,Folic acid-1Neigh
Folic acid,MGAM,1Neigh,Folic acid-1Neigh
Folic acid,CYP26B1,1Neigh,Folic acid-1Neigh
Folic acid,ADH1A,1Neigh,Folic acid-1Neigh
Folic acid,CYP3A5,1Neigh,Folic acid-1Neigh
Folic acid,CYP26A1,1Neigh,Folic acid-1Neigh
Folic acid,NANOG,1Neigh,Folic acid-1Neigh
Folic acid,RDH10,1Neigh,Folic acid-1Neigh
Folic acid,ALDH1A2,1Neigh,Folic acid-1Neigh
Folic acid,RDH5,1Neigh,Folic acid-1Neigh
Folic acid,BCO1,1Neigh,Folic acid-1Neigh
Folic acid,POU5F1,1Neigh,Folic acid-1Neigh
Folic acid,CYP2C18,1Neigh,Folic acid-1Neigh
Folic acid,ADH5,1Neigh,Folic acid-1Neigh
Folic acid,CYP2A6,1Neigh,Folic acid-1Neigh
Folic acid,UGT1A6,1Neigh,Folic acid-1Neigh
Folic acid,UGT1A1,1Neigh,Folic acid-1Neigh
Folic acid,ADH1B,1Neigh,Folic acid-1Neigh
Folic acid,CYP2S1,1Neigh,Folic acid-1Neigh
Folic acid,DHRS4,1Neigh,Folic acid-1Neigh
Folic acid,ALDH1A3,1Neigh,Folic acid-1Neigh
Folic acid,CYP3A7,1Neigh,Folic acid-1Neigh
Folic acid,CYP1A2,1Neigh,Folic acid-1Neigh
Folic acid,UGT1A10,1Neigh,Folic acid-1Neigh
Folic acid,UGT1A4,1Neigh,Folic acid-1Neigh
Folic acid,UGT1A7,1Neigh,Folic acid-1Neigh
Folic acid,UGT1A8,1Neigh,Folic acid-1Neigh
Folic acid,AOX1,1Neigh,Folic acid-1Neigh
Folic acid,RDH11,1Neigh,Folic acid-1Neigh
Folic acid,CYP1A1,1Neigh,Folic acid-1Neigh
Folic acid,DHRS9,1Neigh,Folic acid-1Neigh
Folic acid,SDR16C5,1Neigh,Folic acid-1Neigh
Folic acid,HSD17B6,1Neigh,Folic acid-1Neigh
Folic acid,ENSP00000480571,1Neigh,Folic acid-1Neigh
Folic acid,CYP26C1,1Neigh,Folic acid-1Neigh
Folic acid,APEX1,1Neigh,Folic acid-1Neigh
Folic acid,XRCC1,1Neigh,Folic acid-1Neigh
Folic acid,FANCM,1Neigh,Folic acid-1Neigh
Folic acid,ATM,1Neigh,Folic acid-1Neigh
Folic acid,APLF,1Neigh,Folic acid-1Neigh
Folic acid,MUS81,1Neigh,Folic acid-1Neigh
Folic acid,ERCC4,1Neigh,Folic acid-1Neigh
Folic acid,PRKDC,1Neigh,Folic acid-1Neigh
Folic acid,PNKP,1Neigh,Folic acid-1Neigh
Folic acid,TOP1,1Neigh,Folic acid-1Neigh
Folic acid,PARP1,1Neigh,Folic acid-1Neigh
Folic acid,TDP2,1Neigh,Folic acid-1Neigh
Folic acid,XRCC5,1Neigh,Folic acid-1Neigh
Folic acid,HSD11B2,1Neigh,Folic acid-1Neigh
Folic acid,PARP2,1Neigh,Folic acid-1Neigh
Folic acid,LIG1,1Neigh,Folic acid-1Neigh
Folic acid,NEIL2,1Neigh,Folic acid-1Neigh
Folic acid,XPC,1Neigh,Folic acid-1Neigh
Folic acid,WRN,1Neigh,Folic acid-1Neigh
Folic acid,POLE,1Neigh,Folic acid-1Neigh
Folic acid,LIG3,1Neigh,Folic acid-1Neigh
Folic acid,DHDH,1Neigh,Folic acid-1Neigh
Folic acid,GCK,1Neigh,Folic acid-1Neigh
Folic acid,SPR,1Neigh,Folic acid-1Neigh
Folic acid,AKR7A2,1Neigh,Folic acid-1Neigh
Folic acid,TPH1,1Neigh,Folic acid-1Neigh
Folic acid,G6PC,1Neigh,Folic acid-1Neigh
Folic acid,ALDH2,1Neigh,Folic acid-1Neigh
Folic acid,LCT,1Neigh,Folic acid-1Neigh
Folic acid,MGLL,1Neigh,Folic acid-1Neigh
Folic acid,SORD,1Neigh,Folic acid-1Neigh
Folic acid,G6PC3,1Neigh,Folic acid-1Neigh
Folic acid,GALM,1Neigh,Folic acid-1Neigh
Folic acid,PTS,1Neigh,Folic acid-1Neigh
Folic acid,QDPR,1Neigh,Folic acid-1Neigh
Folic acid,CBR1,1Neigh,Folic acid-1Neigh
Folic acid,DCXR,1Neigh,Folic acid-1Neigh
Folic acid,GLB1,1Neigh,Folic acid-1Neigh
Folic acid,TPH2,1Neigh,Folic acid-1Neigh
Folic acid,ALDH3A2,1Neigh,Folic acid-1Neigh
Folic acid,ALDH9A1,1Neigh,Folic acid-1Neigh
Folic acid,GK2,1Neigh,Folic acid-1Neigh
Folic acid,AKR1B10,1Neigh,Folic acid-1Neigh
Folic acid,G6PC2,1Neigh,Folic acid-1Neigh
Folic acid,TH,1Neigh,Folic acid-1Neigh
Folic acid,CDK2,1Neigh,Folic acid-1Neigh
Folic acid,IFNA1,1Neigh,Folic acid-1Neigh
Folic acid,DDB1,1Neigh,Folic acid-1Neigh
Folic acid,RNASEH2C,1Neigh,Folic acid-1Neigh
Folic acid,MX2,1Neigh,Folic acid-1Neigh
Folic acid,OAS2,1Neigh,Folic acid-1Neigh
Folic acid,STAT1,1Neigh,Folic acid-1Neigh
Folic acid,IFIT1,1Neigh,Folic acid-1Neigh
Folic acid,IFIT3,1Neigh,Folic acid-1Neigh
Folic acid,CUL4A,1Neigh,Folic acid-1Neigh
Folic acid,IRF7,1Neigh,Folic acid-1Neigh
Folic acid,DCAF1,1Neigh,Folic acid-1Neigh
Folic acid,IRF3,1Neigh,Folic acid-1Neigh
Folic acid,CCNA2,1Neigh,Folic acid-1Neigh
Folic acid,CDKN1B,1Neigh,Folic acid-1Neigh
Folic acid,HCFC2,1Neigh,Folic acid-1Neigh
Folic acid,JUND,1Neigh,Folic acid-1Neigh
Folic acid,H3-3B,1Neigh,Folic acid-1Neigh
Folic acid,SMAD2,1Neigh,Folic acid-1Neigh
Folic acid,KMT2C,1Neigh,Folic acid-1Neigh
Folic acid,CDKN2C,1Neigh,Folic acid-1Neigh
Folic acid,RBBP5,1Neigh,Folic acid-1Neigh
Folic acid,DAXX,1Neigh,Folic acid-1Neigh
Folic acid,IQGAP1,1Neigh,Folic acid-1Neigh
Folic acid,KMT2D,1Neigh,Folic acid-1Neigh
Folic acid,HCFC1,1Neigh,Folic acid-1Neigh
Folic acid,SENP3,1Neigh,Folic acid-1Neigh
Folic acid,EZH2,1Neigh,Folic acid-1Neigh
Folic acid,WDR5B,1Neigh,Folic acid-1Neigh
Folic acid,SMAD3,1Neigh,Folic acid-1Neigh
Folic acid,H3C13,1Neigh,Folic acid-1Neigh
Folic acid,ASH2L,1Neigh,Folic acid-1Neigh
Folic acid,HOXA9,1Neigh,Folic acid-1Neigh
Folic acid,DPY30,1Neigh,Folic acid-1Neigh
Folic acid,WDR5,1Neigh,Folic acid-1Neigh
Folic acid,H3C12,1Neigh,Folic acid-1Neigh
Folic acid,H3-4,1Neigh,Folic acid-1Neigh
Folic acid,PYGO2,1Neigh,Folic acid-1Neigh
Folic acid,PSIP1,1Neigh,Folic acid-1Neigh
Folic acid,CXXC1,1Neigh,Folic acid-1Neigh
Folic acid,CASR,1Neigh,Folic acid-1Neigh
Folic acid,MGA,1Neigh,Folic acid-1Neigh
Folic acid,MLLT1,1Neigh,Folic acid-1Neigh
Folic acid,TAF4,1Neigh,Folic acid-1Neigh
Folic acid,SETD1A,1Neigh,Folic acid-1Neigh
Folic acid,ELL,1Neigh,Folic acid-1Neigh
Folic acid,BRD4,1Neigh,Folic acid-1Neigh
Folic acid,DNMT3A,1Neigh,Folic acid-1Neigh
Folic acid,AFF4,1Neigh,Folic acid-1Neigh
Folic acid,KAT6A,1Neigh,Folic acid-1Neigh
Folic acid,MEIS1,1Neigh,Folic acid-1Neigh
Folic acid,RUNX1,1Neigh,Folic acid-1Neigh
Folic acid,PELP1,1Neigh,Folic acid-1Neigh
Folic acid,H2AC8,1Neigh,Folic acid-1Neigh
Folic acid,MLLT10,1Neigh,Folic acid-1Neigh
Folic acid,KMT2E,1Neigh,Folic acid-1Neigh
Folic acid,TAF7,1Neigh,Folic acid-1Neigh
Folic acid,RUVBL1,1Neigh,Folic acid-1Neigh
Folic acid,PRPF31,1Neigh,Folic acid-1Neigh
Folic acid,H3-5,1Neigh,Folic acid-1Neigh
Folic acid,MYB,1Neigh,Folic acid-1Neigh
Folic acid,SMARCB1,1Neigh,Folic acid-1Neigh
Folic acid,H4C11,1Neigh,Folic acid-1Neigh
Folic acid,MCRS1,1Neigh,Folic acid-1Neigh
Folic acid,PHF8,1Neigh,Folic acid-1Neigh
Folic acid,MAX,1Neigh,Folic acid-1Neigh
Folic acid,H2AC13,1Neigh,Folic acid-1Neigh
Folic acid,H2AC11,1Neigh,Folic acid-1Neigh
Folic acid,H2AC17,1Neigh,Folic acid-1Neigh
Folic acid,H3-3A,1Neigh,Folic acid-1Neigh
Folic acid,RNF2,1Neigh,Folic acid-1Neigh
Folic acid,H3C14,1Neigh,Folic acid-1Neigh
Folic acid,H3C10,1Neigh,Folic acid-1Neigh
Folic acid,PPIE,1Neigh,Folic acid-1Neigh
Folic acid,CDK9,1Neigh,Folic acid-1Neigh
Folic acid,PHF20,1Neigh,Folic acid-1Neigh
Folic acid,LAS1L,1Neigh,Folic acid-1Neigh
Folic acid,TEX10,1Neigh,Folic acid-1Neigh
Folic acid,H4C2,1Neigh,Folic acid-1Neigh
Folic acid,H3C4,1Neigh,Folic acid-1Neigh
Folic acid,H2AC6,1Neigh,Folic acid-1Neigh
Folic acid,H4C3,1Neigh,Folic acid-1Neigh
Folic acid,KDM6A,1Neigh,Folic acid-1Neigh
Folic acid,MLLT3,1Neigh,Folic acid-1Neigh
Folic acid,TAF9,1Neigh,Folic acid-1Neigh
Folic acid,E2F6,1Neigh,Folic acid-1Neigh
Folic acid,DOT1L,1Neigh,Folic acid-1Neigh
Folic acid,H3C15,1Neigh,Folic acid-1Neigh
Folic acid,KANSL1,1Neigh,Folic acid-1Neigh
Folic acid,CREB1,1Neigh,Folic acid-1Neigh
Folic acid,INO80C,1Neigh,Folic acid-1Neigh
Folic acid,TAF6,1Neigh,Folic acid-1Neigh
Folic acid,KAT8,1Neigh,Folic acid-1Neigh
Folic acid,TAF1,1Neigh,Folic acid-1Neigh
Folic acid,H4-16,1Neigh,Folic acid-1Neigh
Folic acid,C17ORF49,1Neigh,Folic acid-1Neigh
Folic acid,H4C15,1Neigh,Folic acid-1Neigh
Folic acid,H4C14,1Neigh,Folic acid-1Neigh
Folic acid,RUVBL2,1Neigh,Folic acid-1Neigh
Folic acid,H4C1,1Neigh,Folic acid-1Neigh
Folic acid,H4C4,1Neigh,Folic acid-1Neigh
Folic acid,H4C12,1Neigh,Folic acid-1Neigh
Folic acid,H3C1,1Neigh,Folic acid-1Neigh
Folic acid,H4C13,1Neigh,Folic acid-1Neigh
Folic acid,H4C9,1Neigh,Folic acid-1Neigh
Folic acid,H2AC15,1Neigh,Folic acid-1Neigh
Folic acid,H2AC16,1Neigh,Folic acid-1Neigh
Folic acid,H3C11,1Neigh,Folic acid-1Neigh
Folic acid,H2AC4,1Neigh,Folic acid-1Neigh
Folic acid,H3C7,1Neigh,Folic acid-1Neigh
Folic acid,H3C8,1Neigh,Folic acid-1Neigh
Folic acid,H3C3,1Neigh,Folic acid-1Neigh
Folic acid,H4C5,1Neigh,Folic acid-1Neigh
Folic acid,H3C2,1Neigh,Folic acid-1Neigh
Folic acid,H4C8,1Neigh,Folic acid-1Neigh
Folic acid,H3C6,1Neigh,Folic acid-1Neigh
Folic acid,TSHB,1Neigh,Folic acid-1Neigh
Folic acid,GNAQ,1Neigh,Folic acid-1Neigh
Folic acid,LHCGR,1Neigh,Folic acid-1Neigh
Folic acid,TRH,1Neigh,Folic acid-1Neigh
Folic acid,GNG2,1Neigh,Folic acid-1Neigh
Folic acid,GIP,1Neigh,Folic acid-1Neigh
Folic acid,VIP,1Neigh,Folic acid-1Neigh
Folic acid,GNAS,1Neigh,Folic acid-1Neigh
Folic acid,NPPA,1Neigh,Folic acid-1Neigh
Folic acid,GNB1,1Neigh,Folic acid-1Neigh
Folic acid,POMC,1Neigh,Folic acid-1Neigh
Folic acid,GCG,1Neigh,Folic acid-1Neigh
Folic acid,FSHB,1Neigh,Folic acid-1Neigh
Folic acid,IGLL5,1Neigh,Folic acid-1Neigh
Folic acid,ADCYAP1,1Neigh,Folic acid-1Neigh
Folic acid,LOC102723407,1Neigh,Folic acid-1Neigh
Folic acid,IGHV3-16,1Neigh,Folic acid-1Neigh
Folic acid,MTHFD1,1Neigh,Folic acid-1Neigh
Folic acid,GCH1,1Neigh,Folic acid-1Neigh
Folic acid,CTBP2,1Neigh,Folic acid-1Neigh
Folic acid,BCAT1,1Neigh,Folic acid-1Neigh
Folic acid,ALOX12B,1Neigh,Folic acid-1Neigh
Folic acid,PTGES3,1Neigh,Folic acid-1Neigh
Folic acid,MT-ND3,1Neigh,Folic acid-1Neigh
Folic acid,PLB1,1Neigh,Folic acid-1Neigh
Folic acid,MT-ATP8,1Neigh,Folic acid-1Neigh
Folic acid,PLA2G4C,1Neigh,Folic acid-1Neigh
Folic acid,NT5C3A,1Neigh,Folic acid-1Neigh
Folic acid,TK1,1Neigh,Folic acid-1Neigh
Folic acid,ZWINT,1Neigh,Folic acid-1Neigh
Folic acid,RAD51,1Neigh,Folic acid-1Neigh
Folic acid,AURKB,1Neigh,Folic acid-1Neigh
Folic acid,CTPS1,1Neigh,Folic acid-1Neigh
Folic acid,SMUG1,1Neigh,Folic acid-1Neigh
Folic acid,PRIM2,1Neigh,Folic acid-1Neigh
Folic acid,MTRR,1Neigh,Folic acid-1Neigh
Folic acid,PTTG1,1Neigh,Folic acid-1Neigh
Folic acid,RFC4,1Neigh,Folic acid-1Neigh
Folic acid,ENSP00000492798,1Neigh,Folic acid-1Neigh
Folic acid,ENSP00000491651,1Neigh,Folic acid-1Neigh
Folic acid,ACO1,1Neigh,Folic acid-1Neigh
Folic acid,HAMP,1Neigh,Folic acid-1Neigh
Folic acid,NCOA4,1Neigh,Folic acid-1Neigh
Folic acid,PANK2,1Neigh,Folic acid-1Neigh
Folic acid,HFE,1Neigh,Folic acid-1Neigh
Folic acid,PLA2G4B,1Neigh,Folic acid-1Neigh
Folic acid,PLA2G4A,1Neigh,Folic acid-1Neigh
Folic acid,MYC,1Neigh,Folic acid-1Neigh
Folic acid,AKT1,1Neigh,Folic acid-1Neigh
Folic acid,IL4,1Neigh,Folic acid-1Neigh
Folic acid,CCL5,1Neigh,Folic acid-1Neigh
Folic acid,CTNNB1,1Neigh,Folic acid-1Neigh
Folic acid,TNF,1Neigh,Folic acid-1Neigh
Folic acid,PTGER4,1Neigh,Folic acid-1Neigh
Folic acid,ICAM1,1Neigh,Folic acid-1Neigh
Folic acid,MYD88,1Neigh,Folic acid-1Neigh
Folic acid,STAT6,1Neigh,Folic acid-1Neigh
Folic acid,ACTB,1Neigh,Folic acid-1Neigh
Folic acid,IL10,1Neigh,Folic acid-1Neigh
Folic acid,SLC22A7,1Neigh,Folic acid-1Neigh
Folic acid,SIRT2,1Neigh,Folic acid-1Neigh
Folic acid,ATXN3,1Neigh,Folic acid-1Neigh
Folic acid,HDAC2,1Neigh,Folic acid-1Neigh
Folic acid,H2BC15,1Neigh,Folic acid-1Neigh
Folic acid,H2BU1,1Neigh,Folic acid-1Neigh
Folic acid,TUBA1A,1Neigh,Folic acid-1Neigh
Folic acid,SNCA,1Neigh,Folic acid-1Neigh
Folic acid,DYNLL1,1Neigh,Folic acid-1Neigh
Folic acid,H2BS1,1Neigh,Folic acid-1Neigh
Folic acid,HDAC9,1Neigh,Folic acid-1Neigh
Folic acid,SPTLC3,1Neigh,Folic acid-1Neigh
Folic acid,TKT,1Neigh,Folic acid-1Neigh
Folic acid,ALAS2,1Neigh,Folic acid-1Neigh
Folic acid,ADSL,1Neigh,Folic acid-1Neigh
Folic acid,MAT1A,1Neigh,Folic acid-1Neigh
Folic acid,BRCC3,1Neigh,Folic acid-1Neigh
Folic acid,FCGR3B,1Neigh,Folic acid-1Neigh
Folic acid,PHGDH,1Neigh,Folic acid-1Neigh
Folic acid,CBSL,1Neigh,Folic acid-1Neigh
Folic acid,ABCG2,1Neigh,Folic acid-1Neigh
Folic acid,RPP38,1Neigh,Folic acid-1Neigh
Folic acid,HADHA,1Neigh,Folic acid-1Neigh
Folic acid,ECI1,1Neigh,Folic acid-1Neigh
Folic acid,HK1,1Neigh,Folic acid-1Neigh
Folic acid,AMY2A,1Neigh,Folic acid-1Neigh
Folic acid,GYG1,1Neigh,Folic acid-1Neigh
Folic acid,CYP3A4,1Neigh,Folic acid-1Neigh
Folic acid,ADH1C,1Neigh,Folic acid-1Neigh
Folic acid,ADH4,1Neigh,Folic acid-1Neigh
Folic acid,ADH7,1Neigh,Folic acid-1Neigh
Folic acid,RDH8,1Neigh,Folic acid-1Neigh
Folic acid,RDH12,1Neigh,Folic acid-1Neigh
Folic acid,RDH16,1Neigh,Folic acid-1Neigh
Folic acid,ADH6,1Neigh,Folic acid-1Neigh
Folic acid,DHRS3,1Neigh,Folic acid-1Neigh
Folic acid,CD44,1Neigh,Folic acid-1Neigh
Folic acid,SOX2,1Neigh,Folic acid-1Neigh
Folic acid,EPHX2,1Neigh,Folic acid-1Neigh
Folic acid,APEX2,1Neigh,Folic acid-1Neigh
Folic acid,APTX,1Neigh,Folic acid-1Neigh
Folic acid,LIG4,1Neigh,Folic acid-1Neigh
Folic acid,TOP2A,1Neigh,Folic acid-1Neigh
Folic acid,HSD11B1,1Neigh,Folic acid-1Neigh
Folic acid,PARG,1Neigh,Folic acid-1Neigh
Folic acid,TPP2,1Neigh,Folic acid-1Neigh
Folic acid,USP47,1Neigh,Folic acid-1Neigh
Folic acid,NEIL1,1Neigh,Folic acid-1Neigh
Folic acid,POLD1,1Neigh,Folic acid-1Neigh
Folic acid,AKR1C3,1Neigh,Folic acid-1Neigh
Folic acid,PAH,1Neigh,Folic acid-1Neigh
Folic acid,AKR7A3,1Neigh,Folic acid-1Neigh
Folic acid,ALDH1B1,1Neigh,Folic acid-1Neigh
Folic acid,GK,1Neigh,Folic acid-1Neigh
Folic acid,ALDH7A1,1Neigh,Folic acid-1Neigh
Folic acid,CBR3,1Neigh,Folic acid-1Neigh
Folic acid,RNASEH2B,1Neigh,Folic acid-1Neigh
Folic acid,ISG15,1Neigh,Folic acid-1Neigh
Folic acid,MX1,1Neigh,Folic acid-1Neigh
Folic acid,OAS1,1Neigh,Folic acid-1Neigh
Folic acid,IRF9,1Neigh,Folic acid-1Neigh
Folic acid,IFIT2,1Neigh,Folic acid-1Neigh
Folic acid,KMT2B,1Neigh,Folic acid-1Neigh
Folic acid,CDC73,1Neigh,Folic acid-1Neigh
Folic acid,FOSL1,1Neigh,Folic acid-1Neigh
Folic acid,ATRX,1Neigh,Folic acid-1Neigh
Folic acid,SMAD4,1Neigh,Folic acid-1Neigh
Folic acid,PAXIP1,1Neigh,Folic acid-1Neigh
Folic acid,SETD1B,1Neigh,Folic acid-1Neigh
Folic acid,ESR1,1Neigh,Folic acid-1Neigh
Folic acid,PLCB3,1Neigh,Folic acid-1Neigh
Folic acid,CHD8,1Neigh,Folic acid-1Neigh
Folic acid,H3-2,1Neigh,Folic acid-1Neigh
Folic acid,AFF1,1Neigh,Folic acid-1Neigh
Folic acid,PBX1,1Neigh,Folic acid-1Neigh
Folic acid,GATA2,1Neigh,Folic acid-1Neigh
Folic acid,CBFB,1Neigh,Folic acid-1Neigh
Folic acid,MLLT6,1Neigh,Folic acid-1Neigh
Folic acid,SIN3A,1Neigh,Folic acid-1Neigh
Folic acid,CGA,1Neigh,Folic acid-1Neigh
Folic acid,TRHR,1Neigh,Folic acid-1Neigh
Folic acid,IGF1R,1Neigh,Folic acid-1Neigh
Folic acid,CTLA4,1Neigh,Folic acid-1Neigh
Folic acid,CA5B,1Neigh,Folic acid-1Neigh
Folic acid,FPGS,Target,Folic acid-Target
Folic acid,PTGS1,Target,Folic acid-Target
Folic acid,TYMS,Target,Folic acid-Target
Folic acid,FTL,Target,Folic acid-Target
Folic acid,PTGS2,Target,Folic acid-Target
Folic acid,ABCC4,Target,Folic acid-Target
Folic acid,HDAC6,Target,Folic acid-Target
Folic acid,SHMT2,Target,Folic acid-Target
Folic acid,SLC22A1,Target,Folic acid-Target
Folic acid,HSD17B10,Target,Folic acid-Target
Folic acid,KDM4E,Target,Folic acid-Target
Folic acid,GAA,Target,Folic acid-Target
Folic acid,ALDH1A1,Target,Folic acid-Target
Folic acid,TDP1,Target,Folic acid-Target
Folic acid,HPGD,Target,Folic acid-Target
Folic acid,POLB,Target,Folic acid-Target
Folic acid,AKR1B1,Target,Folic acid-Target
Folic acid,SAMHD1,Target,Folic acid-Target
Folic acid,MEN1,Target,Folic acid-Target
Folic acid,KMT2A,Target,Folic acid-Target
Folic acid,TSHR,Target,Folic acid-Target
Folic acid,CA5A,Target,Folic acid-Target
Glycine,SLC32A1,1Neigh,Glycine-1Neigh
Glycine,GAD1,1Neigh,Glycine-1Neigh
Glycine,CACNG3,1Neigh,Glycine-1Neigh
Glycine,P2RX5,1Neigh,Glycine-1Neigh
Glycine,P2RX1,1Neigh,Glycine-1Neigh
Glycine,GRIN3B,1Neigh,Glycine-1Neigh
Glycine,CACNG4,1Neigh,Glycine-1Neigh
Glycine,P2RX3,1Neigh,Glycine-1Neigh
Glycine,OLFM2,1Neigh,Glycine-1Neigh
Glycine,CACNG8,1Neigh,Glycine-1Neigh
Glycine,CNIH3,1Neigh,Glycine-1Neigh
Glycine,GRIA4,1Neigh,Glycine-1Neigh
Glycine,CALM3,1Neigh,Glycine-1Neigh
Glycine,GRIA2,1Neigh,Glycine-1Neigh
Glycine,CACNG2,1Neigh,Glycine-1Neigh
Glycine,CALML6,1Neigh,Glycine-1Neigh
Glycine,PRKACA,1Neigh,Glycine-1Neigh
Glycine,CNIH2,1Neigh,Glycine-1Neigh
Glycine,CALML3,1Neigh,Glycine-1Neigh
Glycine,P2RX7,1Neigh,Glycine-1Neigh
Glycine,HTR3A,1Neigh,Glycine-1Neigh
Glycine,P2RX4,1Neigh,Glycine-1Neigh
Glycine,PRKACB,1Neigh,Glycine-1Neigh
Glycine,DLG3,1Neigh,Glycine-1Neigh
Glycine,PRKACG,1Neigh,Glycine-1Neigh
Glycine,CALML5,1Neigh,Glycine-1Neigh
Glycine,CACNG7,1Neigh,Glycine-1Neigh
Glycine,GRIK2,1Neigh,Glycine-1Neigh
Glycine,CALML4,1Neigh,Glycine-1Neigh
Glycine,GRIA1,1Neigh,Glycine-1Neigh
Glycine,CACNG5,1Neigh,Glycine-1Neigh
Glycine,PDYN,1Neigh,Glycine-1Neigh
Glycine,SHISA9,1Neigh,Glycine-1Neigh
Glycine,NOS1,1Neigh,Glycine-1Neigh
Glycine,NTRK2,1Neigh,Glycine-1Neigh
Glycine,GRM5,1Neigh,Glycine-1Neigh
Glycine,CAMK2G,1Neigh,Glycine-1Neigh
Glycine,DLG1,1Neigh,Glycine-1Neigh
Glycine,DLG4,1Neigh,Glycine-1Neigh
Glycine,CALM1,1Neigh,Glycine-1Neigh
Glycine,CALM2,1Neigh,Glycine-1Neigh
Glycine,HTR3B,1Neigh,Glycine-1Neigh
Glycine,PPP1R1B,1Neigh,Glycine-1Neigh
Glycine,PTPN4,1Neigh,Glycine-1Neigh
Glycine,RASGRF2,1Neigh,Glycine-1Neigh
Glycine,GRM1,1Neigh,Glycine-1Neigh
Glycine,ADCY8,1Neigh,Glycine-1Neigh
Glycine,SHANK1,1Neigh,Glycine-1Neigh
Glycine,DLGAP1,1Neigh,Glycine-1Neigh
Glycine,PPP1CA,1Neigh,Glycine-1Neigh
Glycine,PPP1CC,1Neigh,Glycine-1Neigh
Glycine,ERBB4,1Neigh,Glycine-1Neigh
Glycine,FYN,1Neigh,Glycine-1Neigh
Glycine,SRC,1Neigh,Glycine-1Neigh
Glycine,PPP1CB,1Neigh,Glycine-1Neigh
Glycine,CAMK2B,1Neigh,Glycine-1Neigh
Glycine,CREB1,1Neigh,Glycine-1Neigh
Glycine,MECP2,1Neigh,Glycine-1Neigh
Glycine,CDK5,1Neigh,Glycine-1Neigh
Glycine,CAMK2D,1Neigh,Glycine-1Neigh
Glycine,LIN7B,1Neigh,Glycine-1Neigh
Glycine,GABBR2,1Neigh,Glycine-1Neigh
Glycine,SLC1A3,1Neigh,Glycine-1Neigh
Glycine,APBA1,1Neigh,Glycine-1Neigh
Glycine,LIN7C,1Neigh,Glycine-1Neigh
Glycine,TIAM1,1Neigh,Glycine-1Neigh
Glycine,GRIK5,1Neigh,Glycine-1Neigh
Glycine,LRRC7,1Neigh,Glycine-1Neigh
Glycine,GRM3,1Neigh,Glycine-1Neigh
Glycine,ACTN2,1Neigh,Glycine-1Neigh
Glycine,DLGAP3,1Neigh,Glycine-1Neigh
Glycine,NRXN1,1Neigh,Glycine-1Neigh
Glycine,RASGRF1,1Neigh,Glycine-1Neigh
Glycine,PRKCA,1Neigh,Glycine-1Neigh
Glycine,MPP2,1Neigh,Glycine-1Neigh
Glycine,LIN7A,1Neigh,Glycine-1Neigh
Glycine,GLRB,1Neigh,Glycine-1Neigh
Glycine,GLRA4,1Neigh,Glycine-1Neigh
Glycine,CFTR,1Neigh,Glycine-1Neigh
Glycine,SIRT1,1Neigh,Glycine-1Neigh
Glycine,STUB1,1Neigh,Glycine-1Neigh
Glycine,KAT2A,1Neigh,Glycine-1Neigh
Glycine,NR3C1,1Neigh,Glycine-1Neigh
Glycine,TARDBP,1Neigh,Glycine-1Neigh
Glycine,H4C6,1Neigh,Glycine-1Neigh
Glycine,TRIM28,1Neigh,Glycine-1Neigh
Glycine,MDM2,1Neigh,Glycine-1Neigh
Glycine,CREBBP,1Neigh,Glycine-1Neigh
Glycine,MAPK3,1Neigh,Glycine-1Neigh
Glycine,EP300,1Neigh,Glycine-1Neigh
Glycine,KAT2B,1Neigh,Glycine-1Neigh
Glycine,NCOR1,1Neigh,Glycine-1Neigh
Glycine,RPS27A,1Neigh,Glycine-1Neigh
Glycine,H2BC1,1Neigh,Glycine-1Neigh
Glycine,EGFR,1Neigh,Glycine-1Neigh
Glycine,H2BC5,1Neigh,Glycine-1Neigh
Glycine,H2AZ1,1Neigh,Glycine-1Neigh
Glycine,HSPA4,1Neigh,Glycine-1Neigh
Glycine,H2AZ2,1Neigh,Glycine-1Neigh
Glycine,HCLS1,1Neigh,Glycine-1Neigh
Glycine,H2BC4,1Neigh,Glycine-1Neigh
Glycine,HSPA5,1Neigh,Glycine-1Neigh
Glycine,GSK3B,1Neigh,Glycine-1Neigh
Glycine,H2AC20,1Neigh,Glycine-1Neigh
Glycine,HSP90AA1,1Neigh,Glycine-1Neigh
Glycine,TUBA1B,1Neigh,Glycine-1Neigh
Glycine,PARK7,1Neigh,Glycine-1Neigh
Glycine,MAPT,1Neigh,Glycine-1Neigh
Glycine,RBPJ,1Neigh,Glycine-1Neigh
Glycine,HTT,1Neigh,Glycine-1Neigh
Glycine,H2BC12,1Neigh,Glycine-1Neigh
Glycine,VCP,1Neigh,Glycine-1Neigh
Glycine,XRCC6,1Neigh,Glycine-1Neigh
Glycine,DCTN1,1Neigh,Glycine-1Neigh
Glycine,PRKN,1Neigh,Glycine-1Neigh
Glycine,BAG3,1Neigh,Glycine-1Neigh
Glycine,H2BC21,1Neigh,Glycine-1Neigh
Glycine,H2AC18,1Neigh,Glycine-1Neigh
Glycine,RUNX2,1Neigh,Glycine-1Neigh
Glycine,HSP90AB1,1Neigh,Glycine-1Neigh
Glycine,RBBP4,1Neigh,Glycine-1Neigh
Glycine,HDAC1,1Neigh,Glycine-1Neigh
Glycine,CTTN,1Neigh,Glycine-1Neigh
Glycine,H2BC13,1Neigh,Glycine-1Neigh
Glycine,ATXN3L,1Neigh,Glycine-1Neigh
Glycine,SQSTM1,1Neigh,Glycine-1Neigh
Glycine,PLAA,1Neigh,Glycine-1Neigh
Glycine,NCOR2,1Neigh,Glycine-1Neigh
Glycine,CDKN1A,1Neigh,Glycine-1Neigh
Glycine,UBA52,1Neigh,Glycine-1Neigh
Glycine,CYLD,1Neigh,Glycine-1Neigh
Glycine,RHOA,1Neigh,Glycine-1Neigh
Glycine,HSF1,1Neigh,Glycine-1Neigh
Glycine,H2AX,1Neigh,Glycine-1Neigh
Glycine,HSPA8,1Neigh,Glycine-1Neigh
Glycine,HIF1A,1Neigh,Glycine-1Neigh
Glycine,UBC,1Neigh,Glycine-1Neigh
Glycine,H2BC18,1Neigh,Glycine-1Neigh
Glycine,H2BC11,1Neigh,Glycine-1Neigh
Glycine,H2BC17,1Neigh,Glycine-1Neigh
Glycine,H2BC14,1Neigh,Glycine-1Neigh
Glycine,UBB,1Neigh,Glycine-1Neigh
Glycine,H2BC9,1Neigh,Glycine-1Neigh
Glycine,H2BC3,1Neigh,Glycine-1Neigh
Glycine,SLC36A4,1Neigh,Glycine-1Neigh
Glycine,RRAGC,1Neigh,Glycine-1Neigh
Glycine,SPTLC2,1Neigh,Glycine-1Neigh
Glycine,DAO,1Neigh,Glycine-1Neigh
Glycine,SDS,1Neigh,Glycine-1Neigh
Glycine,SPTLC1,1Neigh,Glycine-1Neigh
Glycine,AGXT,1Neigh,Glycine-1Neigh
Glycine,SHMT1,1Neigh,Glycine-1Neigh
Glycine,SHMT2,1Neigh,Glycine-1Neigh
Glycine,SDSL,1Neigh,Glycine-1Neigh
Glycine,PSPH,1Neigh,Glycine-1Neigh
Glycine,CBS,1Neigh,Glycine-1Neigh
Glycine,GNG13,1Neigh,Glycine-1Neigh
Glycine,GNAL,1Neigh,Glycine-1Neigh
Glycine,SLC38A2,1Neigh,Glycine-1Neigh
Glycine,SLC7A11,1Neigh,Glycine-1Neigh
Glycine,SLC7A8,1Neigh,Glycine-1Neigh
Glycine,SLC17A7,1Neigh,Glycine-1Neigh
Glycine,GAD2,1Neigh,Glycine-1Neigh
Glycine,GRIA3,1Neigh,Glycine-1Neigh
Glycine,P2RX6,1Neigh,Glycine-1Neigh
Glycine,CAMK2A,1Neigh,Glycine-1Neigh
Glycine,DLG2,1Neigh,Glycine-1Neigh
Glycine,BDNF,1Neigh,Glycine-1Neigh
Glycine,CASK,1Neigh,Glycine-1Neigh
Glycine,GRM4,1Neigh,Glycine-1Neigh
Glycine,HOMER1,1Neigh,Glycine-1Neigh
Glycine,PTK2B,1Neigh,Glycine-1Neigh
Glycine,DPYSL2,1Neigh,Glycine-1Neigh
Glycine,SLC1A2,1Neigh,Glycine-1Neigh
Glycine,APP,1Neigh,Glycine-1Neigh
Glycine,MPP3,1Neigh,Glycine-1Neigh
Glycine,DAPK1,1Neigh,Glycine-1Neigh
Glycine,SHANK3,1Neigh,Glycine-1Neigh
Glycine,CTNNB1,1Neigh,Glycine-1Neigh
Glycine,GRM2,1Neigh,Glycine-1Neigh
Glycine,ACTB,1Neigh,Glycine-1Neigh
Glycine,NLGN1,1Neigh,Glycine-1Neigh
Glycine,GPHN,1Neigh,Glycine-1Neigh
Glycine,SIRT2,1Neigh,Glycine-1Neigh
Glycine,ATXN3,1Neigh,Glycine-1Neigh
Glycine,PTGES3,1Neigh,Glycine-1Neigh
Glycine,HDAC2,1Neigh,Glycine-1Neigh
Glycine,H2BC15,1Neigh,Glycine-1Neigh
Glycine,H2BU1,1Neigh,Glycine-1Neigh
Glycine,AKT1,1Neigh,Glycine-1Neigh
Glycine,TUBA1A,1Neigh,Glycine-1Neigh
Glycine,SNCA,1Neigh,Glycine-1Neigh
Glycine,DYNLL1,1Neigh,Glycine-1Neigh
Glycine,H2BS1,1Neigh,Glycine-1Neigh
Glycine,HDAC9,1Neigh,Glycine-1Neigh
Glycine,SLC36A2,1Neigh,Glycine-1Neigh
Glycine,SLC38A9,1Neigh,Glycine-1Neigh
Glycine,SPTLC3,1Neigh,Glycine-1Neigh
Glycine,ADCY3,1Neigh,Glycine-1Neigh
Glycine,SLC38A1,1Neigh,Glycine-1Neigh
Glycine,SLC3A2,1Neigh,Glycine-1Neigh
Glycine,SLC17A6,1Neigh,Glycine-1Neigh
Glycine,SLC6A1,Target,Glycine-Target
Glycine,GRIN2C,Target,Glycine-Target
Glycine,GRIN1,Target,Glycine-Target
Glycine,GRIN3A,Target,Glycine-Target
Glycine,GRIN2D,Target,Glycine-Target
Glycine,GRIN2A,Target,Glycine-Target
Glycine,GRIN2B,Target,Glycine-Target
Glycine,SLC6A13,Target,Glycine-Target
Glycine,SLC6A11,Target,Glycine-Target
Glycine,GLRA1,Target,Glycine-Target
Glycine,HDAC6,Target,Glycine-Target
Glycine,SLC36A1,Target,Glycine-Target
Glycine,SRR,Target,Glycine-Target
Glycine,OR51E2,Target,Glycine-Target
Glycine,SLC7A5,Target,Glycine-Target
Glycine,SLC6A5,Target,Glycine-Target
Glycine,SLC6A9,Target,Glycine-Target
Magnesium,SEPSECS,1Neigh,1Neigh-Magnesium
Magnesium,TXNRD2,1Neigh,1Neigh-Magnesium
Magnesium,SEPHS2,1Neigh,1Neigh-Magnesium
Magnesium,TXNRD3,1Neigh,1Neigh-Magnesium
Magnesium,TXNRD1,1Neigh,1Neigh-Magnesium
Magnesium,KAT2A,1Neigh,1Neigh-Magnesium
Magnesium,RARS1,1Neigh,1Neigh-Magnesium
Magnesium,WARS2,1Neigh,1Neigh-Magnesium
Magnesium,AARS2,1Neigh,1Neigh-Magnesium
Magnesium,NARS1,1Neigh,1Neigh-Magnesium
Magnesium,CARS2,1Neigh,1Neigh-Magnesium
Magnesium,AARS1,1Neigh,1Neigh-Magnesium
Magnesium,MARS1,1Neigh,1Neigh-Magnesium
Magnesium,KAT2B,1Neigh,1Neigh-Magnesium
Magnesium,TAF12,1Neigh,1Neigh-Magnesium
Magnesium,TAF10,1Neigh,1Neigh-Magnesium
Magnesium,QARS1,1Neigh,1Neigh-Magnesium
Magnesium,TADA3,1Neigh,1Neigh-Magnesium
Magnesium,METTL1,1Neigh,1Neigh-Magnesium
Magnesium,SGF29,1Neigh,1Neigh-Magnesium
Magnesium,YARS2,1Neigh,1Neigh-Magnesium
Magnesium,KARS1,1Neigh,1Neigh-Magnesium
Magnesium,TARS3,1Neigh,1Neigh-Magnesium
Magnesium,TAF9B,1Neigh,1Neigh-Magnesium
Magnesium,TRRAP,1Neigh,1Neigh-Magnesium
Magnesium,IARS2,1Neigh,1Neigh-Magnesium
Magnesium,EPRS1,1Neigh,1Neigh-Magnesium
Magnesium,TARS2,1Neigh,1Neigh-Magnesium
Magnesium,SUPT3H,1Neigh,1Neigh-Magnesium
Magnesium,IARS1,1Neigh,1Neigh-Magnesium
Magnesium,VARS1,1Neigh,1Neigh-Magnesium
Magnesium,TAF9,1Neigh,1Neigh-Magnesium
Magnesium,LARS1,1Neigh,1Neigh-Magnesium
Magnesium,PSTK,1Neigh,1Neigh-Magnesium
Magnesium,SUPT20H,1Neigh,1Neigh-Magnesium
Magnesium,HARS1,1Neigh,1Neigh-Magnesium
Magnesium,ENY2,1Neigh,1Neigh-Magnesium
Magnesium,NGFR,1Neigh,1Neigh-Magnesium
Magnesium,YWHAE,1Neigh,1Neigh-Magnesium
Magnesium,RIT2,1Neigh,1Neigh-Magnesium
Magnesium,AK1,1Neigh,1Neigh-Magnesium
Magnesium,PDE1B,1Neigh,1Neigh-Magnesium
Magnesium,NT5C,1Neigh,1Neigh-Magnesium
Magnesium,NT5E,1Neigh,1Neigh-Magnesium
Magnesium,PDE8B,1Neigh,1Neigh-Magnesium
Magnesium,AK7,1Neigh,1Neigh-Magnesium
Magnesium,PDE3B,1Neigh,1Neigh-Magnesium
Magnesium,PDE11A,1Neigh,1Neigh-Magnesium
Magnesium,AK8,1Neigh,1Neigh-Magnesium
Magnesium,ENTPD3,1Neigh,1Neigh-Magnesium
Magnesium,PDE7B,1Neigh,1Neigh-Magnesium
Magnesium,MDH2,1Neigh,1Neigh-Magnesium
Magnesium,NT5C2,1Neigh,1Neigh-Magnesium
Magnesium,PDE4B,1Neigh,1Neigh-Magnesium
Magnesium,PDE4D,1Neigh,1Neigh-Magnesium
Magnesium,AK5,1Neigh,1Neigh-Magnesium
Magnesium,PDE4C-2,1Neigh,1Neigh-Magnesium
Magnesium,UBE2I,1Neigh,1Neigh-Magnesium
Magnesium,PDE3A,1Neigh,1Neigh-Magnesium
Magnesium,NT5C1B,1Neigh,1Neigh-Magnesium
Magnesium,PNP,1Neigh,1Neigh-Magnesium
Magnesium,PDE10A,1Neigh,1Neigh-Magnesium
Magnesium,ENTPD1,1Neigh,1Neigh-Magnesium
Magnesium,ENTPD8,1Neigh,1Neigh-Magnesium
Magnesium,ADA,1Neigh,1Neigh-Magnesium
Magnesium,APRT,1Neigh,1Neigh-Magnesium
Magnesium,PDE4A,1Neigh,1Neigh-Magnesium
Magnesium,AK6,1Neigh,1Neigh-Magnesium
Magnesium,AK3,1Neigh,1Neigh-Magnesium
Magnesium,NT5M,1Neigh,1Neigh-Magnesium
Magnesium,PDE8A,1Neigh,1Neigh-Magnesium
Magnesium,AK4,1Neigh,1Neigh-Magnesium
Magnesium,PDE1C,1Neigh,1Neigh-Magnesium
Magnesium,AMPD3,1Neigh,1Neigh-Magnesium
Magnesium,ADA2,1Neigh,1Neigh-Magnesium
Magnesium,PDE7A,1Neigh,1Neigh-Magnesium
Magnesium,NT5C3B,1Neigh,1Neigh-Magnesium
Magnesium,ENPP3,1Neigh,1Neigh-Magnesium
Magnesium,AK9,1Neigh,1Neigh-Magnesium
Magnesium,PDE1A,1Neigh,1Neigh-Magnesium
Magnesium,AMPD1,1Neigh,1Neigh-Magnesium
Magnesium,NT5C1B-RDH14,1Neigh,1Neigh-Magnesium
Magnesium,NT5C3A,1Neigh,1Neigh-Magnesium
Magnesium,ADSL,1Neigh,1Neigh-Magnesium
Magnesium,ENPP1,1Neigh,1Neigh-Magnesium
Magnesium,WASL,1Neigh,1Neigh-Magnesium
Magnesium,PFN1,1Neigh,1Neigh-Magnesium
Magnesium,PFN2,1Neigh,1Neigh-Magnesium
Magnesium,VASP,1Neigh,1Neigh-Magnesium
Magnesium,BAIAP2,1Neigh,1Neigh-Magnesium
Magnesium,PFN4,1Neigh,1Neigh-Magnesium
Magnesium,ZYX,1Neigh,1Neigh-Magnesium
Magnesium,ACTL7A,1Neigh,1Neigh-Magnesium
Magnesium,TES,1Neigh,1Neigh-Magnesium
Magnesium,APBB1IP,1Neigh,1Neigh-Magnesium
Magnesium,EVL,1Neigh,1Neigh-Magnesium
Magnesium,ESRP1,1Neigh,1Neigh-Magnesium
Magnesium,ACTG1,1Neigh,1Neigh-Magnesium
Magnesium,PLCG1,1Neigh,1Neigh-Magnesium
Magnesium,KDR,1Neigh,1Neigh-Magnesium
Magnesium,SRC,1Neigh,1Neigh-Magnesium
Magnesium,ITK,1Neigh,1Neigh-Magnesium
Magnesium,PIK3R1,1Neigh,1Neigh-Magnesium
Magnesium,AGXT2,1Neigh,1Neigh-Magnesium
Magnesium,APOB,1Neigh,1Neigh-Magnesium
Magnesium,GOT2,1Neigh,1Neigh-Magnesium
Magnesium,SDHA,1Neigh,1Neigh-Magnesium
Magnesium,GLUD1,1Neigh,1Neigh-Magnesium
Magnesium,NAGS,1Neigh,1Neigh-Magnesium
Magnesium,GOT1L1,1Neigh,1Neigh-Magnesium
Magnesium,GLUD2,1Neigh,1Neigh-Magnesium
Magnesium,IDH2,1Neigh,1Neigh-Magnesium
Magnesium,GPT2,1Neigh,1Neigh-Magnesium
Magnesium,GPX6,1Neigh,1Neigh-Magnesium
Magnesium,GPX7,1Neigh,1Neigh-Magnesium
Magnesium,FH,1Neigh,1Neigh-Magnesium
Magnesium,SDHC,1Neigh,1Neigh-Magnesium
Magnesium,GOT1,1Neigh,1Neigh-Magnesium
Magnesium,OGDHL,1Neigh,1Neigh-Magnesium
Magnesium,SDHB,1Neigh,1Neigh-Magnesium
Magnesium,SDHD,1Neigh,1Neigh-Magnesium
Magnesium,GPX3,1Neigh,1Neigh-Magnesium
Magnesium,GPX2,1Neigh,1Neigh-Magnesium
Magnesium,IL6,1Neigh,1Neigh-Magnesium
Magnesium,OGDH,1Neigh,1Neigh-Magnesium
Magnesium,GPX5,1Neigh,1Neigh-Magnesium
Magnesium,B9D2,1Neigh,1Neigh-Magnesium
Magnesium,DNAJB1,1Neigh,1Neigh-Magnesium
Magnesium,CCT7,1Neigh,1Neigh-Magnesium
Magnesium,TAOK1,1Neigh,1Neigh-Magnesium
Magnesium,KIF18A,1Neigh,1Neigh-Magnesium
Magnesium,CLASP1,1Neigh,1Neigh-Magnesium
Magnesium,SGO1,1Neigh,1Neigh-Magnesium
Magnesium,FBXW11,1Neigh,1Neigh-Magnesium
Magnesium,CENPE,1Neigh,1Neigh-Magnesium
Magnesium,SPDL1,1Neigh,1Neigh-Magnesium
Magnesium,KIF2B,1Neigh,1Neigh-Magnesium
Magnesium,DYNC1LI1,1Neigh,1Neigh-Magnesium
Magnesium,CCT5,1Neigh,1Neigh-Magnesium
Magnesium,CENPU,1Neigh,1Neigh-Magnesium
Magnesium,RANBP2,1Neigh,1Neigh-Magnesium
Magnesium,SKA1,1Neigh,1Neigh-Magnesium
Magnesium,CCT2,1Neigh,1Neigh-Magnesium
Magnesium,BUB1,1Neigh,1Neigh-Magnesium
Magnesium,DYNC1I1,1Neigh,1Neigh-Magnesium
Magnesium,CLASP2,1Neigh,1Neigh-Magnesium
Magnesium,SKA2,1Neigh,1Neigh-Magnesium
Magnesium,NDEL1,1Neigh,1Neigh-Magnesium
Magnesium,ERCC6L,1Neigh,1Neigh-Magnesium
Magnesium,HSP90AA1,1Neigh,1Neigh-Magnesium
Magnesium,CENPA,1Neigh,1Neigh-Magnesium
Magnesium,PPP1CC,1Neigh,1Neigh-Magnesium
Magnesium,DYNC1H1,1Neigh,1Neigh-Magnesium
Magnesium,SGO2,1Neigh,1Neigh-Magnesium
Magnesium,AHCTF1,1Neigh,1Neigh-Magnesium
Magnesium,CENPF,1Neigh,1Neigh-Magnesium
Magnesium,KIF2C,1Neigh,1Neigh-Magnesium
Magnesium,CDC20,1Neigh,1Neigh-Magnesium
Magnesium,EIF3I,1Neigh,1Neigh-Magnesium
Magnesium,MAPRE1,1Neigh,1Neigh-Magnesium
Magnesium,DYNLL1,1Neigh,1Neigh-Magnesium
Magnesium,INCENP,1Neigh,1Neigh-Magnesium
Magnesium,SLC32A1,1Neigh,1Neigh-Magnesium
Magnesium,MOCS3,1Neigh,1Neigh-Magnesium
Magnesium,SYP,1Neigh,1Neigh-Magnesium
Magnesium,GLRB,1Neigh,1Neigh-Magnesium
Magnesium,NRXN2,1Neigh,1Neigh-Magnesium
Magnesium,NLGN2,1Neigh,1Neigh-Magnesium
Magnesium,MOCS1,1Neigh,1Neigh-Magnesium
Magnesium,NLGN4X,1Neigh,1Neigh-Magnesium
Magnesium,MOCS2,1Neigh,1Neigh-Magnesium
Magnesium,NRXN1,1Neigh,1Neigh-Magnesium
Magnesium,MCM5,1Neigh,1Neigh-Magnesium
Magnesium,NME3,1Neigh,1Neigh-Magnesium
Magnesium,NME4,1Neigh,1Neigh-Magnesium
Magnesium,MCM4,1Neigh,1Neigh-Magnesium
Magnesium,MCM6,1Neigh,1Neigh-Magnesium
Magnesium,TK2,1Neigh,1Neigh-Magnesium
Magnesium,RRM1,1Neigh,1Neigh-Magnesium
Magnesium,DTYMK,1Neigh,1Neigh-Magnesium
Magnesium,MCM7,1Neigh,1Neigh-Magnesium
Magnesium,TYMS,1Neigh,1Neigh-Magnesium
Magnesium,DCTD,1Neigh,1Neigh-Magnesium
Magnesium,RRM2,1Neigh,1Neigh-Magnesium
Magnesium,NME7,1Neigh,1Neigh-Magnesium
Magnesium,PCNA,1Neigh,1Neigh-Magnesium
Magnesium,ITPA,1Neigh,1Neigh-Magnesium
Magnesium,NME2,1Neigh,1Neigh-Magnesium
Magnesium,NME1-NME2,1Neigh,1Neigh-Magnesium
Magnesium,TSNARE1,1Neigh,1Neigh-Magnesium
Magnesium,DCTN1,1Neigh,1Neigh-Magnesium
Magnesium,CDK1,1Neigh,1Neigh-Magnesium
Magnesium,PAFAH1B1,1Neigh,1Neigh-Magnesium
Magnesium,PDXP,1Neigh,1Neigh-Magnesium
Magnesium,FDX1,1Neigh,1Neigh-Magnesium
Magnesium,AOX1,1Neigh,1Neigh-Magnesium
Magnesium,PHOSPHO2,1Neigh,1Neigh-Magnesium
Magnesium,CD38,1Neigh,1Neigh-Magnesium
Magnesium,CASQ2,1Neigh,1Neigh-Magnesium
Magnesium,CACNA1C,1Neigh,1Neigh-Magnesium
Magnesium,CALM3,1Neigh,1Neigh-Magnesium
Magnesium,CALML6,1Neigh,1Neigh-Magnesium
Magnesium,CALML3,1Neigh,1Neigh-Magnesium
Magnesium,PSEN1,1Neigh,1Neigh-Magnesium
Magnesium,TRDN,1Neigh,1Neigh-Magnesium
Magnesium,RYR1,1Neigh,1Neigh-Magnesium
Magnesium,RYR2,1Neigh,1Neigh-Magnesium
Magnesium,PSEN2,1Neigh,1Neigh-Magnesium
Magnesium,ASPH,1Neigh,1Neigh-Magnesium
Magnesium,CALML5,1Neigh,1Neigh-Magnesium
Magnesium,FKBP1B,1Neigh,1Neigh-Magnesium
Magnesium,FKBP1A,1Neigh,1Neigh-Magnesium
Magnesium,CALML4,1Neigh,1Neigh-Magnesium
Magnesium,NOS1,1Neigh,1Neigh-Magnesium
Magnesium,DLD,1Neigh,1Neigh-Magnesium
Magnesium,PDHX,1Neigh,1Neigh-Magnesium
Magnesium,DLAT,1Neigh,1Neigh-Magnesium
Magnesium,PDPR,1Neigh,1Neigh-Magnesium
Magnesium,PDHB,1Neigh,1Neigh-Magnesium
Magnesium,SEPTIN12,1Neigh,1Neigh-Magnesium
Magnesium,SEPTIN1,1Neigh,1Neigh-Magnesium
Magnesium,CDC42EP4,1Neigh,1Neigh-Magnesium
Magnesium,SEPTIN6,1Neigh,1Neigh-Magnesium
Magnesium,SEPTIN8,1Neigh,1Neigh-Magnesium
Magnesium,SEPTIN14,1Neigh,1Neigh-Magnesium
Magnesium,SEPTIN9,1Neigh,1Neigh-Magnesium
Magnesium,SEPTIN5,1Neigh,1Neigh-Magnesium
Magnesium,SEPTIN7,1Neigh,1Neigh-Magnesium
Magnesium,SEPTIN11,1Neigh,1Neigh-Magnesium
Magnesium,SEPTIN2,1Neigh,1Neigh-Magnesium
Magnesium,TIGAR,1Neigh,1Neigh-Magnesium
Magnesium,PCK2,1Neigh,1Neigh-Magnesium
Magnesium,GCK,1Neigh,1Neigh-Magnesium
Magnesium,TPI1,1Neigh,1Neigh-Magnesium
Magnesium,PFKFB4,1Neigh,1Neigh-Magnesium
Magnesium,ACOT2,1Neigh,1Neigh-Magnesium
Magnesium,G6PC,1Neigh,1Neigh-Magnesium
Magnesium,GID8,1Neigh,1Neigh-Magnesium
Magnesium,PFKL,1Neigh,1Neigh-Magnesium
Magnesium,TKTL2,1Neigh,1Neigh-Magnesium
Magnesium,HK2,1Neigh,1Neigh-Magnesium
Magnesium,HK3,1Neigh,1Neigh-Magnesium
Magnesium,ACOT1,1Neigh,1Neigh-Magnesium
Magnesium,MPI,1Neigh,1Neigh-Magnesium
Magnesium,BCKDHB,1Neigh,1Neigh-Magnesium
Magnesium,PKM,1Neigh,1Neigh-Magnesium
Magnesium,TALDO1,1Neigh,1Neigh-Magnesium
Magnesium,ACOT4,1Neigh,1Neigh-Magnesium
Magnesium,HKDC1,1Neigh,1Neigh-Magnesium
Magnesium,PFKFB2,1Neigh,1Neigh-Magnesium
Magnesium,TKTL1,1Neigh,1Neigh-Magnesium
Magnesium,PFKFB1,1Neigh,1Neigh-Magnesium
Magnesium,FBP2,1Neigh,1Neigh-Magnesium
Magnesium,PFKP,1Neigh,1Neigh-Magnesium
Magnesium,ALDOC,1Neigh,1Neigh-Magnesium
Magnesium,GPI,1Neigh,1Neigh-Magnesium
Magnesium,PFKFB3,1Neigh,1Neigh-Magnesium
Magnesium,HK1,1Neigh,1Neigh-Magnesium
Magnesium,ALDOA,1Neigh,1Neigh-Magnesium
Magnesium,PFKM,1Neigh,1Neigh-Magnesium
Magnesium,SPTLC2,1Neigh,1Neigh-Magnesium
Magnesium,DAO,1Neigh,1Neigh-Magnesium
Magnesium,HRG,1Neigh,1Neigh-Magnesium
Magnesium,SDS,1Neigh,1Neigh-Magnesium
Magnesium,SPTLC1,1Neigh,1Neigh-Magnesium
Magnesium,ILVBL,1Neigh,1Neigh-Magnesium
Magnesium,AMT,1Neigh,1Neigh-Magnesium
Magnesium,BHMT,1Neigh,1Neigh-Magnesium
Magnesium,CTBP1,1Neigh,1Neigh-Magnesium
Magnesium,ATXN7,1Neigh,1Neigh-Magnesium
Magnesium,MAT2A,1Neigh,1Neigh-Magnesium
Magnesium,GRHPR,1Neigh,1Neigh-Magnesium
Magnesium,PIPOX,1Neigh,1Neigh-Magnesium
Magnesium,SHMT1,1Neigh,1Neigh-Magnesium
Magnesium,GCSH,1Neigh,1Neigh-Magnesium
Magnesium,SHMT2,1Neigh,1Neigh-Magnesium
Magnesium,SDSL,1Neigh,1Neigh-Magnesium
Magnesium,HAO2,1Neigh,1Neigh-Magnesium
Magnesium,MTR,1Neigh,1Neigh-Magnesium
Magnesium,HOGA1,1Neigh,1Neigh-Magnesium
Magnesium,SARDH,1Neigh,1Neigh-Magnesium
Magnesium,GNMT,1Neigh,1Neigh-Magnesium
Magnesium,GLDC,1Neigh,1Neigh-Magnesium
Magnesium,GART,1Neigh,1Neigh-Magnesium
Magnesium,ASNS,1Neigh,1Neigh-Magnesium
Magnesium,ALAS1,1Neigh,1Neigh-Magnesium
Magnesium,ADHFE1,1Neigh,1Neigh-Magnesium
Magnesium,GATM,1Neigh,1Neigh-Magnesium
Magnesium,CBS,1Neigh,1Neigh-Magnesium
Magnesium,PUDP,1Neigh,1Neigh-Magnesium
Magnesium,CD4,1Neigh,1Neigh-Magnesium
Magnesium,IL2RB,1Neigh,1Neigh-Magnesium
Magnesium,IL2,1Neigh,1Neigh-Magnesium
Magnesium,KLRB1,1Neigh,1Neigh-Magnesium
Magnesium,NCR1,1Neigh,1Neigh-Magnesium
Magnesium,LAMP1,1Neigh,1Neigh-Magnesium
Magnesium,PDCD1,1Neigh,1Neigh-Magnesium
Magnesium,KIR2DL1,1Neigh,1Neigh-Magnesium
Magnesium,KLRD1,1Neigh,1Neigh-Magnesium
Magnesium,NCR3,1Neigh,1Neigh-Magnesium
Magnesium,KIR2DL3,1Neigh,1Neigh-Magnesium
Magnesium,ITGAL,1Neigh,1Neigh-Magnesium
Magnesium,CD247,1Neigh,1Neigh-Magnesium
Magnesium,FCGR3A,1Neigh,1Neigh-Magnesium
Magnesium,HLA-E,1Neigh,1Neigh-Magnesium
Magnesium,KLRC2,1Neigh,1Neigh-Magnesium
Magnesium,KIR3DL1,1Neigh,1Neigh-Magnesium
Magnesium,CD8A,1Neigh,1Neigh-Magnesium
Magnesium,PTPRC,1Neigh,1Neigh-Magnesium
Magnesium,CDIPT,1Neigh,1Neigh-Magnesium
Magnesium,LPIN2,1Neigh,1Neigh-Magnesium
Magnesium,PGS1,1Neigh,1Neigh-Magnesium
Magnesium,PLD2,1Neigh,1Neigh-Magnesium
Magnesium,AGPAT5,1Neigh,1Neigh-Magnesium
Magnesium,AGPAT3,1Neigh,1Neigh-Magnesium
Magnesium,MBOAT2,1Neigh,1Neigh-Magnesium
Magnesium,LCLAT1,1Neigh,1Neigh-Magnesium
Magnesium,COQ2,1Neigh,1Neigh-Magnesium
Magnesium,AGPAT4,1Neigh,1Neigh-Magnesium
Magnesium,MBOAT1,1Neigh,1Neigh-Magnesium
Magnesium,PLPP2,1Neigh,1Neigh-Magnesium
Magnesium,PLD1,1Neigh,1Neigh-Magnesium
Magnesium,PLPP3,1Neigh,1Neigh-Magnesium
Magnesium,AGPAT2,1Neigh,1Neigh-Magnesium
Magnesium,CRLS1,1Neigh,1Neigh-Magnesium
Magnesium,AGPAT1,1Neigh,1Neigh-Magnesium
Magnesium,PLPP4,1Neigh,1Neigh-Magnesium
Magnesium,PLD3,1Neigh,1Neigh-Magnesium
Magnesium,PLPP5,1Neigh,1Neigh-Magnesium
Magnesium,LPIN1,1Neigh,1Neigh-Magnesium
Magnesium,CDS2,1Neigh,1Neigh-Magnesium
Magnesium,FKTN,1Neigh,1Neigh-Magnesium
Magnesium,RXYLT1,1Neigh,1Neigh-Magnesium
Magnesium,POMT2,1Neigh,1Neigh-Magnesium
Magnesium,POMK,1Neigh,1Neigh-Magnesium
Magnesium,POMGNT2,1Neigh,1Neigh-Magnesium
Magnesium,POMT1,1Neigh,1Neigh-Magnesium
Magnesium,RAC2,1Neigh,1Neigh-Magnesium
Magnesium,ELMO2,1Neigh,1Neigh-Magnesium
Magnesium,CRK,1Neigh,1Neigh-Magnesium
Magnesium,ELMO1,1Neigh,1Neigh-Magnesium
Magnesium,RHOG,1Neigh,1Neigh-Magnesium
Magnesium,FYN,1Neigh,1Neigh-Magnesium
Magnesium,RAC1,1Neigh,1Neigh-Magnesium
Magnesium,PABPN1,1Neigh,1Neigh-Magnesium
Magnesium,CSTF1,1Neigh,1Neigh-Magnesium
Magnesium,SRSF9,1Neigh,1Neigh-Magnesium
Magnesium,MTREX,1Neigh,1Neigh-Magnesium
Magnesium,CPSF3,1Neigh,1Neigh-Magnesium
Magnesium,PAPOLG,1Neigh,1Neigh-Magnesium
Magnesium,SNRPA,1Neigh,1Neigh-Magnesium
Magnesium,SRSF6,1Neigh,1Neigh-Magnesium
Magnesium,SYMPK,1Neigh,1Neigh-Magnesium
Magnesium,SRSF1,1Neigh,1Neigh-Magnesium
Magnesium,CPSF6,1Neigh,1Neigh-Magnesium
Magnesium,DHX38,1Neigh,1Neigh-Magnesium
Magnesium,SSU72,1Neigh,1Neigh-Magnesium
Magnesium,CPSF4,1Neigh,1Neigh-Magnesium
Magnesium,WDR82,1Neigh,1Neigh-Magnesium
Magnesium,SLU7,1Neigh,1Neigh-Magnesium
Magnesium,PCF11,1Neigh,1Neigh-Magnesium
Magnesium,CPSF2,1Neigh,1Neigh-Magnesium
Magnesium,NUDT21,1Neigh,1Neigh-Magnesium
Magnesium,U2AF2,1Neigh,1Neigh-Magnesium
Magnesium,CSTF3,1Neigh,1Neigh-Magnesium
Magnesium,RBBP6,1Neigh,1Neigh-Magnesium
Magnesium,WDR33,1Neigh,1Neigh-Magnesium
Magnesium,SRSF7,1Neigh,1Neigh-Magnesium
Magnesium,NCBP2,1Neigh,1Neigh-Magnesium
Magnesium,CSTF2T,1Neigh,1Neigh-Magnesium
Magnesium,FIP1L1,1Neigh,1Neigh-Magnesium
Magnesium,CPSF7,1Neigh,1Neigh-Magnesium
Magnesium,CDC40,1Neigh,1Neigh-Magnesium
Magnesium,SRSF11,1Neigh,1Neigh-Magnesium
Magnesium,SRSF3,1Neigh,1Neigh-Magnesium
Magnesium,SRSF4,1Neigh,1Neigh-Magnesium
Magnesium,NCBP1,1Neigh,1Neigh-Magnesium
Magnesium,EXOSC10,1Neigh,1Neigh-Magnesium
Magnesium,ZFC3H1,1Neigh,1Neigh-Magnesium
Magnesium,SRSF2,1Neigh,1Neigh-Magnesium
Magnesium,PAPOLB,1Neigh,1Neigh-Magnesium
Magnesium,CSTF2,1Neigh,1Neigh-Magnesium
Magnesium,CLP1,1Neigh,1Neigh-Magnesium
Magnesium,TFPI,1Neigh,1Neigh-Magnesium
Magnesium,GGCX,1Neigh,1Neigh-Magnesium
Magnesium,F12,1Neigh,1Neigh-Magnesium
Magnesium,VWF,1Neigh,1Neigh-Magnesium
Magnesium,KLKB1,1Neigh,1Neigh-Magnesium
Magnesium,F2,1Neigh,1Neigh-Magnesium
Magnesium,F3,1Neigh,1Neigh-Magnesium
Magnesium,F8,1Neigh,1Neigh-Magnesium
Magnesium,SERPINC1,1Neigh,1Neigh-Magnesium
Magnesium,F5,1Neigh,1Neigh-Magnesium
Magnesium,F10,1Neigh,1Neigh-Magnesium
Magnesium,F7,1Neigh,1Neigh-Magnesium
Magnesium,F11,1Neigh,1Neigh-Magnesium
Magnesium,IGLL5,1Neigh,1Neigh-Magnesium
Magnesium,PON1,1Neigh,1Neigh-Magnesium
Magnesium,APOE,1Neigh,1Neigh-Magnesium
Magnesium,SI,1Neigh,1Neigh-Magnesium
Magnesium,APP,1Neigh,1Neigh-Magnesium
Magnesium,MAOA,1Neigh,1Neigh-Magnesium
Magnesium,DOK7,1Neigh,1Neigh-Magnesium
Magnesium,MYH9,1Neigh,1Neigh-Magnesium
Magnesium,MYL10,1Neigh,1Neigh-Magnesium
Magnesium,MYL7,1Neigh,1Neigh-Magnesium
Magnesium,ACTA2,1Neigh,1Neigh-Magnesium
Magnesium,MYH1,1Neigh,1Neigh-Magnesium
Magnesium,MYL2,1Neigh,1Neigh-Magnesium
Magnesium,MYH4,1Neigh,1Neigh-Magnesium
Magnesium,PPP1R12C,1Neigh,1Neigh-Magnesium
Magnesium,IQGAP1,1Neigh,1Neigh-Magnesium
Magnesium,MYLK4,1Neigh,1Neigh-Magnesium
Magnesium,MYL9,1Neigh,1Neigh-Magnesium
Magnesium,ARPC2,1Neigh,1Neigh-Magnesium
Magnesium,MYL1,1Neigh,1Neigh-Magnesium
Magnesium,TLN1,1Neigh,1Neigh-Magnesium
Magnesium,MYLPF,1Neigh,1Neigh-Magnesium
Magnesium,PPP1CA,1Neigh,1Neigh-Magnesium
Magnesium,MYH7,1Neigh,1Neigh-Magnesium
Magnesium,MYO9A,1Neigh,1Neigh-Magnesium
Magnesium,TPM1,1Neigh,1Neigh-Magnesium
Magnesium,MYLK,1Neigh,1Neigh-Magnesium
Magnesium,MYH10,1Neigh,1Neigh-Magnesium
Magnesium,MYO6,1Neigh,1Neigh-Magnesium
Magnesium,MYLK2,1Neigh,1Neigh-Magnesium
Magnesium,MYLK3,1Neigh,1Neigh-Magnesium
Magnesium,PPP1CB,1Neigh,1Neigh-Magnesium
Magnesium,MYH2,1Neigh,1Neigh-Magnesium
Magnesium,MYH8,1Neigh,1Neigh-Magnesium
Magnesium,MYH6,1Neigh,1Neigh-Magnesium
Magnesium,MYO18B,1Neigh,1Neigh-Magnesium
Magnesium,ACTG2,1Neigh,1Neigh-Magnesium
Magnesium,PPP1R12A,1Neigh,1Neigh-Magnesium
Magnesium,RHOA,1Neigh,1Neigh-Magnesium
Magnesium,MYH13,1Neigh,1Neigh-Magnesium
Magnesium,CFL1,1Neigh,1Neigh-Magnesium
Magnesium,MYO18A,1Neigh,1Neigh-Magnesium
Magnesium,MYL6B,1Neigh,1Neigh-Magnesium
Magnesium,MYL12B,1Neigh,1Neigh-Magnesium
Magnesium,MYH3,1Neigh,1Neigh-Magnesium
Magnesium,MYL12A,1Neigh,1Neigh-Magnesium
Magnesium,DYNLL2,1Neigh,1Neigh-Magnesium
Magnesium,MYH14,1Neigh,1Neigh-Magnesium
Magnesium,TPM4,1Neigh,1Neigh-Magnesium
Magnesium,MYO1F,1Neigh,1Neigh-Magnesium
Magnesium,ACTB,1Neigh,1Neigh-Magnesium
Magnesium,TPM2,1Neigh,1Neigh-Magnesium
Magnesium,VCL,1Neigh,1Neigh-Magnesium
Magnesium,SRF,1Neigh,1Neigh-Magnesium
Magnesium,RUNX1,1Neigh,1Neigh-Magnesium
Magnesium,MYL4,1Neigh,1Neigh-Magnesium
Magnesium,CALD1,1Neigh,1Neigh-Magnesium
Magnesium,LMOD1,1Neigh,1Neigh-Magnesium
Magnesium,MYL5,1Neigh,1Neigh-Magnesium
Magnesium,PPP2R5B,1Neigh,1Neigh-Magnesium
Magnesium,PPP2CB,1Neigh,1Neigh-Magnesium
Magnesium,TNNC1,1Neigh,1Neigh-Magnesium
Magnesium,PPP2R5A,1Neigh,1Neigh-Magnesium
Magnesium,PPP2R3C,1Neigh,1Neigh-Magnesium
Magnesium,PPP2R3A,1Neigh,1Neigh-Magnesium
Magnesium,PRKAG2,1Neigh,1Neigh-Magnesium
Magnesium,ACTC1,1Neigh,1Neigh-Magnesium
Magnesium,PRKACA,1Neigh,1Neigh-Magnesium
Magnesium,PPP2R1B,1Neigh,1Neigh-Magnesium
Magnesium,TCAP,1Neigh,1Neigh-Magnesium
Magnesium,TNNI3K,1Neigh,1Neigh-Magnesium
Magnesium,PPP2R1A,1Neigh,1Neigh-Magnesium
Magnesium,PPP2R2A,1Neigh,1Neigh-Magnesium
Magnesium,SCN5A,1Neigh,1Neigh-Magnesium
Magnesium,PPP2R5E,1Neigh,1Neigh-Magnesium
Magnesium,ATP2B4,1Neigh,1Neigh-Magnesium
Magnesium,ACTN2,1Neigh,1Neigh-Magnesium
Magnesium,TNNC2,1Neigh,1Neigh-Magnesium
Magnesium,TNNT3,1Neigh,1Neigh-Magnesium
Magnesium,TNNI2,1Neigh,1Neigh-Magnesium
Magnesium,PPP2R2C,1Neigh,1Neigh-Magnesium
Magnesium,PPP2R3B,1Neigh,1Neigh-Magnesium
Magnesium,PPP2R2B,1Neigh,1Neigh-Magnesium
Magnesium,PPP2R2D,1Neigh,1Neigh-Magnesium
Magnesium,PPP2R5C,1Neigh,1Neigh-Magnesium
Magnesium,PPP2R5D,1Neigh,1Neigh-Magnesium
Magnesium,TNNT1,1Neigh,1Neigh-Magnesium
Magnesium,TPM3,1Neigh,1Neigh-Magnesium
Magnesium,DHDH,1Neigh,1Neigh-Magnesium
Magnesium,GALM,1Neigh,1Neigh-Magnesium
Magnesium,UGP2,1Neigh,1Neigh-Magnesium
Magnesium,GALT,1Neigh,1Neigh-Magnesium
Magnesium,ATP5F1D,1Neigh,1Neigh-Magnesium
Magnesium,ATP6V1D,1Neigh,1Neigh-Magnesium
Magnesium,ATP12A,1Neigh,1Neigh-Magnesium
Magnesium,ATP6V1B1,1Neigh,1Neigh-Magnesium
Magnesium,ATP6V1E1,1Neigh,1Neigh-Magnesium
Magnesium,ATP5F1B,1Neigh,1Neigh-Magnesium
Magnesium,ATP6V0A1,1Neigh,1Neigh-Magnesium
Magnesium,PAPSS1,1Neigh,1Neigh-Magnesium
Magnesium,TCIRG1,1Neigh,1Neigh-Magnesium
Magnesium,ATP6V1A,1Neigh,1Neigh-Magnesium
Magnesium,ATP6V1B2,1Neigh,1Neigh-Magnesium
Magnesium,ATP5MC3,1Neigh,1Neigh-Magnesium
Magnesium,ATP5PO,1Neigh,1Neigh-Magnesium
Magnesium,ATP5MG,1Neigh,1Neigh-Magnesium
Magnesium,ATP5PD,1Neigh,1Neigh-Magnesium
Magnesium,ATP6V1E2,1Neigh,1Neigh-Magnesium
Magnesium,ATP6V0A4,1Neigh,1Neigh-Magnesium
Magnesium,ATP6V0C,1Neigh,1Neigh-Magnesium
Magnesium,ATP6V0A2,1Neigh,1Neigh-Magnesium
Magnesium,ATP4B,1Neigh,1Neigh-Magnesium
Magnesium,PPA2,1Neigh,1Neigh-Magnesium
Magnesium,ATP5F1C,1Neigh,1Neigh-Magnesium
Magnesium,MT-ATP6,1Neigh,1Neigh-Magnesium
Magnesium,LHPP,1Neigh,1Neigh-Magnesium
Magnesium,ATP5PB,1Neigh,1Neigh-Magnesium
Magnesium,ATP6AP1,1Neigh,1Neigh-Magnesium
Magnesium,ATP5MC1,1Neigh,1Neigh-Magnesium
Magnesium,ATP5F1A,1Neigh,1Neigh-Magnesium
Magnesium,ATP5PF,1Neigh,1Neigh-Magnesium
Magnesium,ATP6V1C1,1Neigh,1Neigh-Magnesium
Magnesium,TPSD1,1Neigh,1Neigh-Magnesium
Magnesium,DNAL4,1Neigh,1Neigh-Magnesium
Magnesium,ATP2A1,1Neigh,1Neigh-Magnesium
Magnesium,CSF3,1Neigh,1Neigh-Magnesium
Magnesium,GHSR,1Neigh,1Neigh-Magnesium
Magnesium,EPO,1Neigh,1Neigh-Magnesium
Magnesium,ALB,1Neigh,1Neigh-Magnesium
Magnesium,PRL,1Neigh,1Neigh-Magnesium
Magnesium,LEP,1Neigh,1Neigh-Magnesium
Magnesium,CSH1,1Neigh,1Neigh-Magnesium
Magnesium,GHRHR,1Neigh,1Neigh-Magnesium
Magnesium,LEPR,1Neigh,1Neigh-Magnesium
Magnesium,GH2,1Neigh,1Neigh-Magnesium
Magnesium,GHRL,1Neigh,1Neigh-Magnesium
Magnesium,CNTF,1Neigh,1Neigh-Magnesium
Magnesium,IGFBP3,1Neigh,1Neigh-Magnesium
Magnesium,JAK2,1Neigh,1Neigh-Magnesium
Magnesium,CSH2,1Neigh,1Neigh-Magnesium
Magnesium,IGF1,1Neigh,1Neigh-Magnesium
Magnesium,FCGRT,1Neigh,1Neigh-Magnesium
Magnesium,PRLR,1Neigh,1Neigh-Magnesium
Magnesium,GHR,1Neigh,1Neigh-Magnesium
Magnesium,ENSP00000497443,1Neigh,1Neigh-Magnesium
Magnesium,MACROD1,1Neigh,1Neigh-Magnesium
Magnesium,PARP1,1Neigh,1Neigh-Magnesium
Magnesium,HPS5,1Neigh,1Neigh-Magnesium
Magnesium,HPS3,1Neigh,1Neigh-Magnesium
Magnesium,POMC,1Neigh,1Neigh-Magnesium
Magnesium,MC1R,1Neigh,1Neigh-Magnesium
Magnesium,PPP1R15A,1Neigh,1Neigh-Magnesium
Magnesium,ARPC3,1Neigh,1Neigh-Magnesium
Magnesium,ACTR10,1Neigh,1Neigh-Magnesium
Magnesium,EIF2S1,1Neigh,1Neigh-Magnesium
Magnesium,TMOD1,1Neigh,1Neigh-Magnesium
Magnesium,CAPZA1,1Neigh,1Neigh-Magnesium
Magnesium,ACTR3,1Neigh,1Neigh-Magnesium
Magnesium,ARPC5,1Neigh,1Neigh-Magnesium
Magnesium,CFL2,1Neigh,1Neigh-Magnesium
Magnesium,CTNNA1,1Neigh,1Neigh-Magnesium
Magnesium,MTSS1,1Neigh,1Neigh-Magnesium
Magnesium,FLNC,1Neigh,1Neigh-Magnesium
Magnesium,SETD3,1Neigh,1Neigh-Magnesium
Magnesium,PHACTR1,1Neigh,1Neigh-Magnesium
Magnesium,FMNL3,1Neigh,1Neigh-Magnesium
Magnesium,ARHGAP12,1Neigh,1Neigh-Magnesium
Magnesium,NAA80,1Neigh,1Neigh-Magnesium
Magnesium,PLS3,1Neigh,1Neigh-Magnesium
Magnesium,PFN3,1Neigh,1Neigh-Magnesium
Magnesium,MYOZ1,1Neigh,1Neigh-Magnesium
Magnesium,TNNI1,1Neigh,1Neigh-Magnesium
Magnesium,CAP1,1Neigh,1Neigh-Magnesium
Magnesium,WAS,1Neigh,1Neigh-Magnesium
Magnesium,ACTR2,1Neigh,1Neigh-Magnesium
Magnesium,ARPC4,1Neigh,1Neigh-Magnesium
Magnesium,ARPC1B,1Neigh,1Neigh-Magnesium
Magnesium,CAPZB,1Neigh,1Neigh-Magnesium
Magnesium,DCTN2,1Neigh,1Neigh-Magnesium
Magnesium,WASF2,1Neigh,1Neigh-Magnesium
Magnesium,CPB2,1Neigh,1Neigh-Magnesium
Magnesium,SERPIND1,1Neigh,1Neigh-Magnesium
Magnesium,PROCR,1Neigh,1Neigh-Magnesium
Magnesium,SERPINE1,1Neigh,1Neigh-Magnesium
Magnesium,FGB,1Neigh,1Neigh-Magnesium
Magnesium,PGA5,1Neigh,1Neigh-Magnesium
Magnesium,SERPINF2,1Neigh,1Neigh-Magnesium
Magnesium,PGA3,1Neigh,1Neigh-Magnesium
Magnesium,FGG,1Neigh,1Neigh-Magnesium
Magnesium,PROS1,1Neigh,1Neigh-Magnesium
Magnesium,ERCC1,1Neigh,1Neigh-Magnesium
Magnesium,RFC2,1Neigh,1Neigh-Magnesium
Magnesium,TRIP13,1Neigh,1Neigh-Magnesium
Magnesium,CDC6,1Neigh,1Neigh-Magnesium
Magnesium,DMC1,1Neigh,1Neigh-Magnesium
Magnesium,CBX7,1Neigh,1Neigh-Magnesium
Magnesium,POLE2,1Neigh,1Neigh-Magnesium
Magnesium,RNASEH2A,1Neigh,1Neigh-Magnesium
Magnesium,RPA3,1Neigh,1Neigh-Magnesium
Magnesium,CCND1,1Neigh,1Neigh-Magnesium
Magnesium,RAD51AP1,1Neigh,1Neigh-Magnesium
Magnesium,FANCE,1Neigh,1Neigh-Magnesium
Magnesium,MLH1,1Neigh,1Neigh-Magnesium
Magnesium,MAD2L2,1Neigh,1Neigh-Magnesium
Magnesium,MND1,1Neigh,1Neigh-Magnesium
Magnesium,POLK,1Neigh,1Neigh-Magnesium
Magnesium,H4C6,1Neigh,1Neigh-Magnesium
Magnesium,SLX1A,1Neigh,1Neigh-Magnesium
Magnesium,RPA1,1Neigh,1Neigh-Magnesium
Magnesium,H3-3B,1Neigh,1Neigh-Magnesium
Magnesium,CCNB1,1Neigh,1Neigh-Magnesium
Magnesium,PHC2,1Neigh,1Neigh-Magnesium
Magnesium,CDK4,1Neigh,1Neigh-Magnesium
Magnesium,REV1,1Neigh,1Neigh-Magnesium
Magnesium,HUS1,1Neigh,1Neigh-Magnesium
Magnesium,BRIP1,1Neigh,1Neigh-Magnesium
Magnesium,TOPBP1,1Neigh,1Neigh-Magnesium
Magnesium,BARD1,1Neigh,1Neigh-Magnesium
Magnesium,PALB2,1Neigh,1Neigh-Magnesium
Magnesium,ANAPC5,1Neigh,1Neigh-Magnesium
Magnesium,TIPIN,1Neigh,1Neigh-Magnesium
Magnesium,XRCC1,1Neigh,1Neigh-Magnesium
Magnesium,MSH4,1Neigh,1Neigh-Magnesium
Magnesium,LIG1,1Neigh,1Neigh-Magnesium
Magnesium,POLD3,1Neigh,1Neigh-Magnesium
Magnesium,ZRANB3,1Neigh,1Neigh-Magnesium
Magnesium,UBE2S,1Neigh,1Neigh-Magnesium
Magnesium,RAD18,1Neigh,1Neigh-Magnesium
Magnesium,MCM2,1Neigh,1Neigh-Magnesium
Magnesium,MSH3,1Neigh,1Neigh-Magnesium
Magnesium,NBN,1Neigh,1Neigh-Magnesium
Magnesium,PMS2,1Neigh,1Neigh-Magnesium
Magnesium,CDK2,1Neigh,1Neigh-Magnesium
Magnesium,FANCM,1Neigh,1Neigh-Magnesium
Magnesium,TP53,1Neigh,1Neigh-Magnesium
Magnesium,CBX8,1Neigh,1Neigh-Magnesium
Magnesium,CBX4,1Neigh,1Neigh-Magnesium
Magnesium,NUF2,1Neigh,1Neigh-Magnesium
Magnesium,ATM,1Neigh,1Neigh-Magnesium
Magnesium,NSMCE2,1Neigh,1Neigh-Magnesium
Magnesium,BUB1B,1Neigh,1Neigh-Magnesium
Magnesium,FANCD2,1Neigh,1Neigh-Magnesium
Magnesium,CCNB2,1Neigh,1Neigh-Magnesium
Magnesium,FANCC,1Neigh,1Neigh-Magnesium
Magnesium,SLX4,1Neigh,1Neigh-Magnesium
Magnesium,MAD2L1,1Neigh,1Neigh-Magnesium
Magnesium,PCLAF,1Neigh,1Neigh-Magnesium
Magnesium,CDT1,1Neigh,1Neigh-Magnesium
Magnesium,BIRC5,1Neigh,1Neigh-Magnesium
Magnesium,FEN1,1Neigh,1Neigh-Magnesium
Magnesium,MUS81,1Neigh,1Neigh-Magnesium
Magnesium,CBX2,1Neigh,1Neigh-Magnesium
Magnesium,HLTF,1Neigh,1Neigh-Magnesium
Magnesium,SWSAP1,1Neigh,1Neigh-Magnesium
Magnesium,RMI2,1Neigh,1Neigh-Magnesium
Magnesium,ERCC4,1Neigh,1Neigh-Magnesium
Magnesium,FANCI,1Neigh,1Neigh-Magnesium
Magnesium,RAD9A,1Neigh,1Neigh-Magnesium
Magnesium,ATAD5,1Neigh,1Neigh-Magnesium
Magnesium,PRKDC,1Neigh,1Neigh-Magnesium
Magnesium,AURKB,1Neigh,1Neigh-Magnesium
Magnesium,ANAPC2,1Neigh,1Neigh-Magnesium
Magnesium,MEIOB,1Neigh,1Neigh-Magnesium
Magnesium,SWI5,1Neigh,1Neigh-Magnesium
Magnesium,RMI1,1Neigh,1Neigh-Magnesium
Magnesium,RECQL5,1Neigh,1Neigh-Magnesium
Magnesium,SUMO4,1Neigh,1Neigh-Magnesium
Magnesium,TOP3A,1Neigh,1Neigh-Magnesium
Magnesium,POLE,1Neigh,1Neigh-Magnesium
Magnesium,ATRIP,1Neigh,1Neigh-Magnesium
Magnesium,MRE11,1Neigh,1Neigh-Magnesium
Magnesium,FANCF,1Neigh,1Neigh-Magnesium
Magnesium,H3C13,1Neigh,1Neigh-Magnesium
Magnesium,RAD54B,1Neigh,1Neigh-Magnesium
Magnesium,RAD51C,1Neigh,1Neigh-Magnesium
Magnesium,ANAPC1,1Neigh,1Neigh-Magnesium
Magnesium,H3-5,1Neigh,1Neigh-Magnesium
Magnesium,BABAM2,1Neigh,1Neigh-Magnesium
Magnesium,ATR,1Neigh,1Neigh-Magnesium
Magnesium,SMARCA4,1Neigh,1Neigh-Magnesium
Magnesium,E2F1,1Neigh,1Neigh-Magnesium
Magnesium,BLM,1Neigh,1Neigh-Magnesium
Magnesium,CDC16,1Neigh,1Neigh-Magnesium
Magnesium,UBE2C,1Neigh,1Neigh-Magnesium
Magnesium,ABCD4,1Neigh,1Neigh-Magnesium
Magnesium,SMARCAL1,1Neigh,1Neigh-Magnesium
Magnesium,ANAPC11,1Neigh,1Neigh-Magnesium
Magnesium,DNA2,1Neigh,1Neigh-Magnesium
Magnesium,RAD52,1Neigh,1Neigh-Magnesium
Magnesium,REV3L,1Neigh,1Neigh-Magnesium
Magnesium,H3C12,1Neigh,1Neigh-Magnesium
Magnesium,XRCC6,1Neigh,1Neigh-Magnesium
Magnesium,XRCC2,1Neigh,1Neigh-Magnesium
Magnesium,WDHD1,1Neigh,1Neigh-Magnesium
Magnesium,RFWD3,1Neigh,1Neigh-Magnesium
Magnesium,SMC5,1Neigh,1Neigh-Magnesium
Magnesium,EXO1,1Neigh,1Neigh-Magnesium
Magnesium,H3-4,1Neigh,1Neigh-Magnesium
Magnesium,DTL,1Neigh,1Neigh-Magnesium
Magnesium,RNF2,1Neigh,1Neigh-Magnesium
Magnesium,H2BC21,1Neigh,1Neigh-Magnesium
Magnesium,BRCC3,1Neigh,1Neigh-Magnesium
Magnesium,SFR1,1Neigh,1Neigh-Magnesium
Magnesium,PCGF6,1Neigh,1Neigh-Magnesium
Magnesium,ABCD3,1Neigh,1Neigh-Magnesium
Magnesium,RAD54L,1Neigh,1Neigh-Magnesium
Magnesium,POLH,1Neigh,1Neigh-Magnesium
Magnesium,ATRX,1Neigh,1Neigh-Magnesium
Magnesium,RNF8,1Neigh,1Neigh-Magnesium
Magnesium,RPA2,1Neigh,1Neigh-Magnesium
Magnesium,CDC26,1Neigh,1Neigh-Magnesium
Magnesium,RING1,1Neigh,1Neigh-Magnesium
Magnesium,XPA,1Neigh,1Neigh-Magnesium
Magnesium,MDC1,1Neigh,1Neigh-Magnesium
Magnesium,BMI1,1Neigh,1Neigh-Magnesium
Magnesium,BCOR,1Neigh,1Neigh-Magnesium
Magnesium,FANCG,1Neigh,1Neigh-Magnesium
Magnesium,RAD50,1Neigh,1Neigh-Magnesium
Magnesium,MCM8,1Neigh,1Neigh-Magnesium
Magnesium,POLA1,1Neigh,1Neigh-Magnesium
Magnesium,FBH1,1Neigh,1Neigh-Magnesium
Magnesium,RFC3,1Neigh,1Neigh-Magnesium
Magnesium,BRCA2,1Neigh,1Neigh-Magnesium
Magnesium,ABRAXAS1,1Neigh,1Neigh-Magnesium
Magnesium,RAD1,1Neigh,1Neigh-Magnesium
Magnesium,TP53BP1,1Neigh,1Neigh-Magnesium
Magnesium,CHEK2,1Neigh,1Neigh-Magnesium
Magnesium,FANCA,1Neigh,1Neigh-Magnesium
Magnesium,ERCC2,1Neigh,1Neigh-Magnesium
Magnesium,XRCC5,1Neigh,1Neigh-Magnesium
Magnesium,SUMO1,1Neigh,1Neigh-Magnesium
Magnesium,RFC4,1Neigh,1Neigh-Magnesium
Magnesium,RAD9B,1Neigh,1Neigh-Magnesium
Magnesium,CDC23,1Neigh,1Neigh-Magnesium
Magnesium,RBBP8,1Neigh,1Neigh-Magnesium
Magnesium,PAXIP1,1Neigh,1Neigh-Magnesium
Magnesium,FANCL,1Neigh,1Neigh-Magnesium
Magnesium,CHEK1,1Neigh,1Neigh-Magnesium
Magnesium,ANAPC7,1Neigh,1Neigh-Magnesium
Magnesium,CDC45,1Neigh,1Neigh-Magnesium
Magnesium,SUMO2,1Neigh,1Neigh-Magnesium
Magnesium,RFC5,1Neigh,1Neigh-Magnesium
Magnesium,MCM10,1Neigh,1Neigh-Magnesium
Magnesium,BRCA1,1Neigh,1Neigh-Magnesium
Magnesium,RAD51B,1Neigh,1Neigh-Magnesium
Magnesium,PHC3,1Neigh,1Neigh-Magnesium
Magnesium,XRCC4,1Neigh,1Neigh-Magnesium
Magnesium,ANAPC13,1Neigh,1Neigh-Magnesium
Magnesium,ANAPC4,1Neigh,1Neigh-Magnesium
Magnesium,H2AX,1Neigh,1Neigh-Magnesium
Magnesium,CDC27,1Neigh,1Neigh-Magnesium
Magnesium,ANAPC15,1Neigh,1Neigh-Magnesium
Magnesium,PHC1,1Neigh,1Neigh-Magnesium
Magnesium,CUL7,1Neigh,1Neigh-Magnesium
Magnesium,XRCC3,1Neigh,1Neigh-Magnesium
Magnesium,POLD1,1Neigh,1Neigh-Magnesium
Magnesium,ANAPC16,1Neigh,1Neigh-Magnesium
Magnesium,ANAPC10,1Neigh,1Neigh-Magnesium
Magnesium,POLD2,1Neigh,1Neigh-Magnesium
Magnesium,PCGF2,1Neigh,1Neigh-Magnesium
Magnesium,RECQL4,1Neigh,1Neigh-Magnesium
Magnesium,CMPK2,1Neigh,1Neigh-Magnesium
Magnesium,DCK,1Neigh,1Neigh-Magnesium
Magnesium,APOBEC3F,1Neigh,1Neigh-Magnesium
Magnesium,APOBEC3B,1Neigh,1Neigh-Magnesium
Magnesium,UPP1,1Neigh,1Neigh-Magnesium
Magnesium,UCKL1,1Neigh,1Neigh-Magnesium
Magnesium,CES1,1Neigh,1Neigh-Magnesium
Magnesium,UCK2,1Neigh,1Neigh-Magnesium
Magnesium,DPYD,1Neigh,1Neigh-Magnesium
Magnesium,UCK1,1Neigh,1Neigh-Magnesium
Magnesium,UPRT,1Neigh,1Neigh-Magnesium
Magnesium,A1CF,1Neigh,1Neigh-Magnesium
Magnesium,TYMP,1Neigh,1Neigh-Magnesium
Magnesium,UPP2,1Neigh,1Neigh-Magnesium
Magnesium,RRM2B,1Neigh,1Neigh-Magnesium
Magnesium,PDE6A,1Neigh,1Neigh-Magnesium
Magnesium,GMPR,1Neigh,1Neigh-Magnesium
Magnesium,DGUOK,1Neigh,1Neigh-Magnesium
Magnesium,PDE6H,1Neigh,1Neigh-Magnesium
Magnesium,PDE6D,1Neigh,1Neigh-Magnesium
Magnesium,PDE9A,1Neigh,1Neigh-Magnesium
Magnesium,CACNB3,1Neigh,1Neigh-Magnesium
Magnesium,PDE6G,1Neigh,1Neigh-Magnesium
Magnesium,PKLR,1Neigh,1Neigh-Magnesium
Magnesium,PDE5A,1Neigh,1Neigh-Magnesium
Magnesium,PDE6C,1Neigh,1Neigh-Magnesium
Magnesium,HDDC3,1Neigh,1Neigh-Magnesium
Magnesium,NME6,1Neigh,1Neigh-Magnesium
Magnesium,GMPS,1Neigh,1Neigh-Magnesium
Magnesium,CYP2C19,1Neigh,1Neigh-Magnesium
Magnesium,CYP2D6,1Neigh,1Neigh-Magnesium
Magnesium,ARF5,1Neigh,1Neigh-Magnesium
Magnesium,NUDCD1,1Neigh,1Neigh-Magnesium
Magnesium,COPB1,1Neigh,1Neigh-Magnesium
Magnesium,ARFGAP3,1Neigh,1Neigh-Magnesium
Magnesium,ARCN1,1Neigh,1Neigh-Magnesium
Magnesium,SCYL1,1Neigh,1Neigh-Magnesium
Magnesium,TMED3,1Neigh,1Neigh-Magnesium
Magnesium,TMED10,1Neigh,1Neigh-Magnesium
Magnesium,DIPK2A,1Neigh,1Neigh-Magnesium
Magnesium,COPG1,1Neigh,1Neigh-Magnesium
Magnesium,COPB2,1Neigh,1Neigh-Magnesium
Magnesium,GBF1,1Neigh,1Neigh-Magnesium
Magnesium,SEC31A,1Neigh,1Neigh-Magnesium
Magnesium,COPG2,1Neigh,1Neigh-Magnesium
Magnesium,TMED7,1Neigh,1Neigh-Magnesium
Magnesium,COPZ1,1Neigh,1Neigh-Magnesium
Magnesium,COPE,1Neigh,1Neigh-Magnesium
Magnesium,CLTC,1Neigh,1Neigh-Magnesium
Magnesium,MAPK13,1Neigh,1Neigh-Magnesium
Magnesium,MAPK1,1Neigh,1Neigh-Magnesium
Magnesium,TAB1,1Neigh,1Neigh-Magnesium
Magnesium,NEFM,1Neigh,1Neigh-Magnesium
Magnesium,DUSP3,1Neigh,1Neigh-Magnesium
Magnesium,GNB3,1Neigh,1Neigh-Magnesium
Magnesium,GNB4,1Neigh,1Neigh-Magnesium
Magnesium,DUSP1,1Neigh,1Neigh-Magnesium
Magnesium,DUSP4,1Neigh,1Neigh-Magnesium
Magnesium,FOSB,1Neigh,1Neigh-Magnesium
Magnesium,CDC25B,1Neigh,1Neigh-Magnesium
Magnesium,JUND,1Neigh,1Neigh-Magnesium
Magnesium,CYBA,1Neigh,1Neigh-Magnesium
Magnesium,MAP2K2,1Neigh,1Neigh-Magnesium
Magnesium,MAPK3,1Neigh,1Neigh-Magnesium
Magnesium,ATF2,1Neigh,1Neigh-Magnesium
Magnesium,PRKG2,1Neigh,1Neigh-Magnesium
Magnesium,FOSL2,1Neigh,1Neigh-Magnesium
Magnesium,PPARGC1A,1Neigh,1Neigh-Magnesium
Magnesium,ZAP70,1Neigh,1Neigh-Magnesium
Magnesium,MEF2D,1Neigh,1Neigh-Magnesium
Magnesium,PTPRR,1Neigh,1Neigh-Magnesium
Magnesium,DUSP2,1Neigh,1Neigh-Magnesium
Magnesium,NCF1,1Neigh,1Neigh-Magnesium
Magnesium,DUSP16,1Neigh,1Neigh-Magnesium
Magnesium,MED1,1Neigh,1Neigh-Magnesium
Magnesium,HSPB2,1Neigh,1Neigh-Magnesium
Magnesium,MAP2K1,1Neigh,1Neigh-Magnesium
Magnesium,JUNB,1Neigh,1Neigh-Magnesium
Magnesium,GNB2,1Neigh,1Neigh-Magnesium
Magnesium,CEBPB,1Neigh,1Neigh-Magnesium
Magnesium,FOS,1Neigh,1Neigh-Magnesium
Magnesium,PTPN7,1Neigh,1Neigh-Magnesium
Magnesium,FOSL1,1Neigh,1Neigh-Magnesium
Magnesium,NEFH,1Neigh,1Neigh-Magnesium
Magnesium,GNAI2,1Neigh,1Neigh-Magnesium
Magnesium,CDC25C,1Neigh,1Neigh-Magnesium
Magnesium,PGR,1Neigh,1Neigh-Magnesium
Magnesium,CARM1,1Neigh,1Neigh-Magnesium
Magnesium,SP1,1Neigh,1Neigh-Magnesium
Magnesium,MAPK11,1Neigh,1Neigh-Magnesium
Magnesium,RPS6KA4,1Neigh,1Neigh-Magnesium
Magnesium,FOXO3,1Neigh,1Neigh-Magnesium
Magnesium,MEF2C,1Neigh,1Neigh-Magnesium
Magnesium,PTK2,1Neigh,1Neigh-Magnesium
Magnesium,ESR2,1Neigh,1Neigh-Magnesium
Magnesium,MAP2K3,1Neigh,1Neigh-Magnesium
Magnesium,DLG1,1Neigh,1Neigh-Magnesium
Magnesium,DUSP9,1Neigh,1Neigh-Magnesium
Magnesium,ELK4,1Neigh,1Neigh-Magnesium
Magnesium,PTPN5,1Neigh,1Neigh-Magnesium
Magnesium,DUSP10,1Neigh,1Neigh-Magnesium
Magnesium,MAPKAPK2,1Neigh,1Neigh-Magnesium
Magnesium,NCF2,1Neigh,1Neigh-Magnesium
Magnesium,MAP3K7,1Neigh,1Neigh-Magnesium
Magnesium,DUSP5,1Neigh,1Neigh-Magnesium
Magnesium,GNAI3,1Neigh,1Neigh-Magnesium
Magnesium,JUN,1Neigh,1Neigh-Magnesium
Magnesium,CARD9,1Neigh,1Neigh-Magnesium
Magnesium,NCOA3,1Neigh,1Neigh-Magnesium
Magnesium,FOXO4,1Neigh,1Neigh-Magnesium
Magnesium,ELK1,1Neigh,1Neigh-Magnesium
Magnesium,CYBB,1Neigh,1Neigh-Magnesium
Magnesium,GNB1,1Neigh,1Neigh-Magnesium
Magnesium,FOXO1,1Neigh,1Neigh-Magnesium
Magnesium,AKT2,1Neigh,1Neigh-Magnesium
Magnesium,MAPK8,1Neigh,1Neigh-Magnesium
Magnesium,RAPGEF4,1Neigh,1Neigh-Magnesium
Magnesium,DUSP8,1Neigh,1Neigh-Magnesium
Magnesium,MAPK9,1Neigh,1Neigh-Magnesium
Magnesium,RAPGEF3,1Neigh,1Neigh-Magnesium
Magnesium,MEF2B,1Neigh,1Neigh-Magnesium
Magnesium,MAP2K4,1Neigh,1Neigh-Magnesium
Magnesium,AKT1,1Neigh,1Neigh-Magnesium
Magnesium,MALT1,1Neigh,1Neigh-Magnesium
Magnesium,CDK13,1Neigh,1Neigh-Magnesium
Magnesium,SNRPD3,1Neigh,1Neigh-Magnesium
Magnesium,RBX1,1Neigh,1Neigh-Magnesium
Magnesium,SUPT16H,1Neigh,1Neigh-Magnesium
Magnesium,POLR2C,1Neigh,1Neigh-Magnesium
Magnesium,AGO2,1Neigh,1Neigh-Magnesium
Magnesium,PAF1,1Neigh,1Neigh-Magnesium
Magnesium,POLR2I,1Neigh,1Neigh-Magnesium
Magnesium,SETX,1Neigh,1Neigh-Magnesium
Magnesium,SUPT4H1,1Neigh,1Neigh-Magnesium
Magnesium,MED31,1Neigh,1Neigh-Magnesium
Magnesium,DDX5,1Neigh,1Neigh-Magnesium
Magnesium,POLR3B,1Neigh,1Neigh-Magnesium
Magnesium,CNOT2,1Neigh,1Neigh-Magnesium
Magnesium,TBP,1Neigh,1Neigh-Magnesium
Magnesium,MED28,1Neigh,1Neigh-Magnesium
Magnesium,ZC3H13,1Neigh,1Neigh-Magnesium
Magnesium,TBPL2,1Neigh,1Neigh-Magnesium
Magnesium,PIN1,1Neigh,1Neigh-Magnesium
Magnesium,MED17,1Neigh,1Neigh-Magnesium
Magnesium,MLLT1,1Neigh,1Neigh-Magnesium
Magnesium,TAF4,1Neigh,1Neigh-Magnesium
Magnesium,TRIM28,1Neigh,1Neigh-Magnesium
Magnesium,MED10,1Neigh,1Neigh-Magnesium
Magnesium,CDK7,1Neigh,1Neigh-Magnesium
Magnesium,VHL,1Neigh,1Neigh-Magnesium
Magnesium,MED4,1Neigh,1Neigh-Magnesium
Magnesium,GTF2H4,1Neigh,1Neigh-Magnesium
Magnesium,MNAT1,1Neigh,1Neigh-Magnesium
Magnesium,TRIP4,1Neigh,1Neigh-Magnesium
Magnesium,CCNT1,1Neigh,1Neigh-Magnesium
Magnesium,PHF3,1Neigh,1Neigh-Magnesium
Magnesium,PIH1D1,1Neigh,1Neigh-Magnesium
Magnesium,CREBBP,1Neigh,1Neigh-Magnesium
Magnesium,SETD1A,1Neigh,1Neigh-Magnesium
Magnesium,ELL,1Neigh,1Neigh-Magnesium
Magnesium,MED15,1Neigh,1Neigh-Magnesium
Magnesium,BRD4,1Neigh,1Neigh-Magnesium
Magnesium,MED26,1Neigh,1Neigh-Magnesium
Magnesium,CCNT2,1Neigh,1Neigh-Magnesium
Magnesium,GPN1,1Neigh,1Neigh-Magnesium
Magnesium,ERCC8,1Neigh,1Neigh-Magnesium
Magnesium,MED20,1Neigh,1Neigh-Magnesium
Magnesium,GTF2H1,1Neigh,1Neigh-Magnesium
Magnesium,MED9,1Neigh,1Neigh-Magnesium
Magnesium,POLR2D,1Neigh,1Neigh-Magnesium
Magnesium,GTF2H2,1Neigh,1Neigh-Magnesium
Magnesium,ASB6,1Neigh,1Neigh-Magnesium
Magnesium,SSRP1,1Neigh,1Neigh-Magnesium
Magnesium,MED21,1Neigh,1Neigh-Magnesium
Magnesium,GTF2E1,1Neigh,1Neigh-Magnesium
Magnesium,ERCC3,1Neigh,1Neigh-Magnesium
Magnesium,MED7,1Neigh,1Neigh-Magnesium
Magnesium,SCAF4,1Neigh,1Neigh-Magnesium
Magnesium,MED8,1Neigh,1Neigh-Magnesium
Magnesium,MED27,1Neigh,1Neigh-Magnesium
Magnesium,POLR2J,1Neigh,1Neigh-Magnesium
Magnesium,MED11,1Neigh,1Neigh-Magnesium
Magnesium,POLR3K,1Neigh,1Neigh-Magnesium
Magnesium,IWS1,1Neigh,1Neigh-Magnesium
Magnesium,H2AZ1,1Neigh,1Neigh-Magnesium
Magnesium,FBXW12,1Neigh,1Neigh-Magnesium
Magnesium,MED30,1Neigh,1Neigh-Magnesium
Magnesium,LEO1,1Neigh,1Neigh-Magnesium
Magnesium,POLR2M,1Neigh,1Neigh-Magnesium
Magnesium,DDB1,1Neigh,1Neigh-Magnesium
Magnesium,POLR2G,1Neigh,1Neigh-Magnesium
Magnesium,H2AC8,1Neigh,1Neigh-Magnesium
Magnesium,INTS6,1Neigh,1Neigh-Magnesium
Magnesium,TAF7,1Neigh,1Neigh-Magnesium
Magnesium,INTS3,1Neigh,1Neigh-Magnesium
Magnesium,SUPT6H,1Neigh,1Neigh-Magnesium
Magnesium,EZH2,1Neigh,1Neigh-Magnesium
Magnesium,CDK20,1Neigh,1Neigh-Magnesium
Magnesium,MED14,1Neigh,1Neigh-Magnesium
Magnesium,POLR2L,1Neigh,1Neigh-Magnesium
Magnesium,MED16,1Neigh,1Neigh-Magnesium
Magnesium,MED25,1Neigh,1Neigh-Magnesium
Magnesium,INTS5,1Neigh,1Neigh-Magnesium
Magnesium,HEXIM1,1Neigh,1Neigh-Magnesium
Magnesium,POLR2J2,1Neigh,1Neigh-Magnesium
Magnesium,H2AC20,1Neigh,1Neigh-Magnesium
Magnesium,UXT,1Neigh,1Neigh-Magnesium
Magnesium,NELFB,1Neigh,1Neigh-Magnesium
Magnesium,TAF3,1Neigh,1Neigh-Magnesium
Magnesium,GTF2F2,1Neigh,1Neigh-Magnesium
Magnesium,SMARCB1,1Neigh,1Neigh-Magnesium
Magnesium,ASH2L,1Neigh,1Neigh-Magnesium
Magnesium,POLR2K,1Neigh,1Neigh-Magnesium
Magnesium,TCEA2,1Neigh,1Neigh-Magnesium
Magnesium,H4C11,1Neigh,1Neigh-Magnesium
Magnesium,HTT,1Neigh,1Neigh-Magnesium
Magnesium,ERCC6,1Neigh,1Neigh-Magnesium
Magnesium,GTF2E2,1Neigh,1Neigh-Magnesium
Magnesium,CNOT3,1Neigh,1Neigh-Magnesium
Magnesium,H2AC13,1Neigh,1Neigh-Magnesium
Magnesium,VCP,1Neigh,1Neigh-Magnesium
Magnesium,WWP2,1Neigh,1Neigh-Magnesium
Magnesium,H2AC11,1Neigh,1Neigh-Magnesium
Magnesium,H2AC17,1Neigh,1Neigh-Magnesium
Magnesium,TAF11,1Neigh,1Neigh-Magnesium
Magnesium,CTR9,1Neigh,1Neigh-Magnesium
Magnesium,TAF13,1Neigh,1Neigh-Magnesium
Magnesium,CNOT7,1Neigh,1Neigh-Magnesium
Magnesium,INTS7,1Neigh,1Neigh-Magnesium
Magnesium,CDC73,1Neigh,1Neigh-Magnesium
Magnesium,DHX9,1Neigh,1Neigh-Magnesium
Magnesium,MED23,1Neigh,1Neigh-Magnesium
Magnesium,CDK19,1Neigh,1Neigh-Magnesium
Magnesium,RPRD2,1Neigh,1Neigh-Magnesium
Magnesium,H3C14,1Neigh,1Neigh-Magnesium
Magnesium,H2AC18,1Neigh,1Neigh-Magnesium
Magnesium,RNGTT,1Neigh,1Neigh-Magnesium
Magnesium,TAF5,1Neigh,1Neigh-Magnesium
Magnesium,GTF2B,1Neigh,1Neigh-Magnesium
Magnesium,TAF8,1Neigh,1Neigh-Magnesium
Magnesium,AGO1,1Neigh,1Neigh-Magnesium
Magnesium,PSMB2,1Neigh,1Neigh-Magnesium
Magnesium,CDK9,1Neigh,1Neigh-Magnesium
Magnesium,RPRD1B,1Neigh,1Neigh-Magnesium
Magnesium,MED18,1Neigh,1Neigh-Magnesium
Magnesium,NELFE,1Neigh,1Neigh-Magnesium
Magnesium,CUL4A,1Neigh,1Neigh-Magnesium
Magnesium,XRN2,1Neigh,1Neigh-Magnesium
Magnesium,H4C2,1Neigh,1Neigh-Magnesium
Magnesium,H2AC6,1Neigh,1Neigh-Magnesium
Magnesium,H4C3,1Neigh,1Neigh-Magnesium
Magnesium,TAF2,1Neigh,1Neigh-Magnesium
Magnesium,POLR2B,1Neigh,1Neigh-Magnesium
Magnesium,CDK8,1Neigh,1Neigh-Magnesium
Magnesium,SMARCA2,1Neigh,1Neigh-Magnesium
Magnesium,RTF1,1Neigh,1Neigh-Magnesium
Magnesium,CCNK,1Neigh,1Neigh-Magnesium
Magnesium,URI1,1Neigh,1Neigh-Magnesium
Magnesium,GTF2F1,1Neigh,1Neigh-Magnesium
Magnesium,GTF2A2,1Neigh,1Neigh-Magnesium
Magnesium,EAF1,1Neigh,1Neigh-Magnesium
Magnesium,INTS10,1Neigh,1Neigh-Magnesium
Magnesium,RPRD1A,1Neigh,1Neigh-Magnesium
Magnesium,H3C15,1Neigh,1Neigh-Magnesium
Magnesium,INTS1,1Neigh,1Neigh-Magnesium
Magnesium,POLR2F,1Neigh,1Neigh-Magnesium
Magnesium,SETD2,1Neigh,1Neigh-Magnesium
Magnesium,ELOA,1Neigh,1Neigh-Magnesium
Magnesium,CDK12,1Neigh,1Neigh-Magnesium
Magnesium,TAF6,1Neigh,1Neigh-Magnesium
Magnesium,TCEA3,1Neigh,1Neigh-Magnesium
Magnesium,TAF1,1Neigh,1Neigh-Magnesium
Magnesium,SCAF8,1Neigh,1Neigh-Magnesium
Magnesium,INTS2,1Neigh,1Neigh-Magnesium
Magnesium,INTS12,1Neigh,1Neigh-Magnesium
Magnesium,POLR2H,1Neigh,1Neigh-Magnesium
Magnesium,PPP2CA,1Neigh,1Neigh-Magnesium
Magnesium,GTF2H2C,1Neigh,1Neigh-Magnesium
Magnesium,NEDD4,1Neigh,1Neigh-Magnesium
Magnesium,UVSSA,1Neigh,1Neigh-Magnesium
Magnesium,TCEA1,1Neigh,1Neigh-Magnesium
Magnesium,CCNC,1Neigh,1Neigh-Magnesium
Magnesium,INTS9,1Neigh,1Neigh-Magnesium
Magnesium,INTS8,1Neigh,1Neigh-Magnesium
Magnesium,CNOT8,1Neigh,1Neigh-Magnesium
Magnesium,INTS4,1Neigh,1Neigh-Magnesium
Magnesium,TNKS1BP1,1Neigh,1Neigh-Magnesium
Magnesium,MED24,1Neigh,1Neigh-Magnesium
Magnesium,UBC,1Neigh,1Neigh-Magnesium
Magnesium,GPN3,1Neigh,1Neigh-Magnesium
Magnesium,H4-16,1Neigh,1Neigh-Magnesium
Magnesium,POLR1B,1Neigh,1Neigh-Magnesium
Magnesium,INTS11,1Neigh,1Neigh-Magnesium
Magnesium,GTF2H3,1Neigh,1Neigh-Magnesium
Magnesium,NELFA,1Neigh,1Neigh-Magnesium
Magnesium,GTF2A1,1Neigh,1Neigh-Magnesium
Magnesium,WDR61,1Neigh,1Neigh-Magnesium
Magnesium,H4C15,1Neigh,1Neigh-Magnesium
Magnesium,H4C14,1Neigh,1Neigh-Magnesium
Magnesium,ELOF1,1Neigh,1Neigh-Magnesium
Magnesium,SUPT5H,1Neigh,1Neigh-Magnesium
Magnesium,RUVBL2,1Neigh,1Neigh-Magnesium
Magnesium,NELFCD,1Neigh,1Neigh-Magnesium
Magnesium,GTF2H5,1Neigh,1Neigh-Magnesium
Magnesium,H2BC11,1Neigh,1Neigh-Magnesium
Magnesium,RPAP2,1Neigh,1Neigh-Magnesium
Magnesium,POLR2E,1Neigh,1Neigh-Magnesium
Magnesium,H4C1,1Neigh,1Neigh-Magnesium
Magnesium,H4C4,1Neigh,1Neigh-Magnesium
Magnesium,H4C12,1Neigh,1Neigh-Magnesium
Magnesium,H4C13,1Neigh,1Neigh-Magnesium
Magnesium,H4C9,1Neigh,1Neigh-Magnesium
Magnesium,MED29,1Neigh,1Neigh-Magnesium
Magnesium,MED6,1Neigh,1Neigh-Magnesium
Magnesium,H2AC15,1Neigh,1Neigh-Magnesium
Magnesium,MED22,1Neigh,1Neigh-Magnesium
Magnesium,H2AC16,1Neigh,1Neigh-Magnesium
Magnesium,H2AC4,1Neigh,1Neigh-Magnesium
Magnesium,H4C5,1Neigh,1Neigh-Magnesium
Magnesium,H4C8,1Neigh,1Neigh-Magnesium
Magnesium,CCNH,1Neigh,1Neigh-Magnesium
Magnesium,UNG,1Neigh,1Neigh-Magnesium
Magnesium,KRAS,1Neigh,1Neigh-Magnesium
Magnesium,RCOR1,1Neigh,1Neigh-Magnesium
Magnesium,XPC,1Neigh,1Neigh-Magnesium
Magnesium,ATP23,1Neigh,1Neigh-Magnesium
Magnesium,MCM9,1Neigh,1Neigh-Magnesium
Magnesium,NHEJ1,1Neigh,1Neigh-Magnesium
Magnesium,RAD23B,1Neigh,1Neigh-Magnesium
Magnesium,DNMT1,1Neigh,1Neigh-Magnesium
Magnesium,CETN2,1Neigh,1Neigh-Magnesium
Magnesium,PAXX,1Neigh,1Neigh-Magnesium
Magnesium,DCLRE1C,1Neigh,1Neigh-Magnesium
Magnesium,RFC1,1Neigh,1Neigh-Magnesium
Magnesium,ZSWIM7,1Neigh,1Neigh-Magnesium
Magnesium,KDM1A,1Neigh,1Neigh-Magnesium
Magnesium,PHF21A,1Neigh,1Neigh-Magnesium
Magnesium,ACO2,1Neigh,1Neigh-Magnesium
Magnesium,DHTKD1,1Neigh,1Neigh-Magnesium
Magnesium,BCKDHA,1Neigh,1Neigh-Magnesium
Magnesium,ASL,1Neigh,1Neigh-Magnesium
Magnesium,ACO1,1Neigh,1Neigh-Magnesium
Magnesium,ALDH5A1,1Neigh,1Neigh-Magnesium
Magnesium,DLST,1Neigh,1Neigh-Magnesium
Magnesium,CS,1Neigh,1Neigh-Magnesium
Magnesium,RIMKLB,1Neigh,1Neigh-Magnesium
Magnesium,DBT,1Neigh,1Neigh-Magnesium
Magnesium,SUCLG1,1Neigh,1Neigh-Magnesium
Magnesium,NIT2,1Neigh,1Neigh-Magnesium
Magnesium,HMGCLL1,1Neigh,1Neigh-Magnesium
Magnesium,SUCLG2,1Neigh,1Neigh-Magnesium
Magnesium,IL4I1,1Neigh,1Neigh-Magnesium
Magnesium,IDH3B,1Neigh,1Neigh-Magnesium
Magnesium,DVL2,1Neigh,1Neigh-Magnesium
Magnesium,CENPM,1Neigh,1Neigh-Magnesium
Magnesium,AURKA,1Neigh,1Neigh-Magnesium
Magnesium,MYBL2,1Neigh,1Neigh-Magnesium
Magnesium,STAG2,1Neigh,1Neigh-Magnesium
Magnesium,CEP41,1Neigh,1Neigh-Magnesium
Magnesium,FBXO5,1Neigh,1Neigh-Magnesium
Magnesium,SKP1,1Neigh,1Neigh-Magnesium
Magnesium,NEK9,1Neigh,1Neigh-Magnesium
Magnesium,NCAPH,1Neigh,1Neigh-Magnesium
Magnesium,TUBA4A,1Neigh,1Neigh-Magnesium
Magnesium,TUBG1,1Neigh,1Neigh-Magnesium
Magnesium,CCNA1,1Neigh,1Neigh-Magnesium
Magnesium,CEP135,1Neigh,1Neigh-Magnesium
Magnesium,TROAP,1Neigh,1Neigh-Magnesium
Magnesium,ESPL1,1Neigh,1Neigh-Magnesium
Magnesium,MDM2,1Neigh,1Neigh-Magnesium
Magnesium,DCTN3,1Neigh,1Neigh-Magnesium
Magnesium,KIF23,1Neigh,1Neigh-Magnesium
Magnesium,NDC80,1Neigh,1Neigh-Magnesium
Magnesium,CEP76,1Neigh,1Neigh-Magnesium
Magnesium,PKMYT1,1Neigh,1Neigh-Magnesium
Magnesium,ASF1B,1Neigh,1Neigh-Magnesium
Magnesium,TUBB4A,1Neigh,1Neigh-Magnesium
Magnesium,CEP72,1Neigh,1Neigh-Magnesium
Magnesium,CEP70,1Neigh,1Neigh-Magnesium
Magnesium,CPEB4,1Neigh,1Neigh-Magnesium
Magnesium,PRKAR2B,1Neigh,1Neigh-Magnesium
Magnesium,DBF4,1Neigh,1Neigh-Magnesium
Magnesium,CPEB3,1Neigh,1Neigh-Magnesium
Magnesium,CEP131,1Neigh,1Neigh-Magnesium
Magnesium,PLK4,1Neigh,1Neigh-Magnesium
Magnesium,CDCA5,1Neigh,1Neigh-Magnesium
Magnesium,NINL,1Neigh,1Neigh-Magnesium
Magnesium,CEP164,1Neigh,1Neigh-Magnesium
Magnesium,PPP4C,1Neigh,1Neigh-Magnesium
Magnesium,SPC25,1Neigh,1Neigh-Magnesium
Magnesium,CENPH,1Neigh,1Neigh-Magnesium
Magnesium,SMC2,1Neigh,1Neigh-Magnesium
Magnesium,RAD21,1Neigh,1Neigh-Magnesium
Magnesium,WAPL,1Neigh,1Neigh-Magnesium
Magnesium,RAB8A,1Neigh,1Neigh-Magnesium
Magnesium,PDS5A,1Neigh,1Neigh-Magnesium
Magnesium,CDC25A,1Neigh,1Neigh-Magnesium
Magnesium,YWHAG,1Neigh,1Neigh-Magnesium
Magnesium,CENPS,1Neigh,1Neigh-Magnesium
Magnesium,BOD1,1Neigh,1Neigh-Magnesium
Magnesium,ZWILCH,1Neigh,1Neigh-Magnesium
Magnesium,CLSPN,1Neigh,1Neigh-Magnesium
Magnesium,GORASP1,1Neigh,1Neigh-Magnesium
Magnesium,CEP57,1Neigh,1Neigh-Magnesium
Magnesium,SKA3,1Neigh,1Neigh-Magnesium
Magnesium,SMC1A,1Neigh,1Neigh-Magnesium
Magnesium,TACC3,1Neigh,1Neigh-Magnesium
Magnesium,CUL1,1Neigh,1Neigh-Magnesium
Magnesium,PCM1,1Neigh,1Neigh-Magnesium
Magnesium,CDCA2,1Neigh,1Neigh-Magnesium
Magnesium,CDKN3,1Neigh,1Neigh-Magnesium
Magnesium,KNL1,1Neigh,1Neigh-Magnesium
Magnesium,CEP63,1Neigh,1Neigh-Magnesium
Magnesium,CENPQ,1Neigh,1Neigh-Magnesium
Magnesium,TUBB,1Neigh,1Neigh-Magnesium
Magnesium,TUBB4B,1Neigh,1Neigh-Magnesium
Magnesium,SMC4,1Neigh,1Neigh-Magnesium
Magnesium,FOXM1,1Neigh,1Neigh-Magnesium
Magnesium,CDK5RAP2,1Neigh,1Neigh-Magnesium
Magnesium,AKAP9,1Neigh,1Neigh-Magnesium
Magnesium,BICD2,1Neigh,1Neigh-Magnesium
Magnesium,PCNT,1Neigh,1Neigh-Magnesium
Magnesium,TOPORS,1Neigh,1Neigh-Magnesium
Magnesium,SMC3,1Neigh,1Neigh-Magnesium
Magnesium,CDC14A,1Neigh,1Neigh-Magnesium
Magnesium,CEP170,1Neigh,1Neigh-Magnesium
Magnesium,FGFR1OP,1Neigh,1Neigh-Magnesium
Magnesium,NEK2,1Neigh,1Neigh-Magnesium
Magnesium,BUB3,1Neigh,1Neigh-Magnesium
Magnesium,SLK,1Neigh,1Neigh-Magnesium
Magnesium,ACTR1A,1Neigh,1Neigh-Magnesium
Magnesium,BTRC,1Neigh,1Neigh-Magnesium
Magnesium,CENPI,1Neigh,1Neigh-Magnesium
Magnesium,CDCA8,1Neigh,1Neigh-Magnesium
Magnesium,CNTRL,1Neigh,1Neigh-Magnesium
Magnesium,ZWINT,1Neigh,1Neigh-Magnesium
Magnesium,CCNB3,1Neigh,1Neigh-Magnesium
Magnesium,CENPO,1Neigh,1Neigh-Magnesium
Magnesium,CCP110,1Neigh,1Neigh-Magnesium
Magnesium,CENPJ,1Neigh,1Neigh-Magnesium
Magnesium,STAG1,1Neigh,1Neigh-Magnesium
Magnesium,ECT2,1Neigh,1Neigh-Magnesium
Magnesium,CENPN,1Neigh,1Neigh-Magnesium
Magnesium,NUMA1,1Neigh,1Neigh-Magnesium
Magnesium,PTTG1,1Neigh,1Neigh-Magnesium
Magnesium,KIF20A,1Neigh,1Neigh-Magnesium
Magnesium,FZR1,1Neigh,1Neigh-Magnesium
Magnesium,CENPK,1Neigh,1Neigh-Magnesium
Magnesium,CSNK1E,1Neigh,1Neigh-Magnesium
Magnesium,DYNC1I2,1Neigh,1Neigh-Magnesium
Magnesium,XPO1,1Neigh,1Neigh-Magnesium
Magnesium,KIF2A,1Neigh,1Neigh-Magnesium
Magnesium,NCAPG2,1Neigh,1Neigh-Magnesium
Magnesium,DSN1,1Neigh,1Neigh-Magnesium
Magnesium,CDC7,1Neigh,1Neigh-Magnesium
Magnesium,WEE1,1Neigh,1Neigh-Magnesium
Magnesium,FBXO43,1Neigh,1Neigh-Magnesium
Magnesium,TUBA1A,1Neigh,1Neigh-Magnesium
Magnesium,CENPT,1Neigh,1Neigh-Magnesium
Magnesium,FBXW7,1Neigh,1Neigh-Magnesium
Magnesium,ADAM22,1Neigh,1Neigh-Magnesium
Magnesium,KCNA6,1Neigh,1Neigh-Magnesium
Magnesium,KCNA4,1Neigh,1Neigh-Magnesium
Magnesium,CNTN2,1Neigh,1Neigh-Magnesium
Magnesium,KCNA3,1Neigh,1Neigh-Magnesium
Magnesium,KCNA10,1Neigh,1Neigh-Magnesium
Magnesium,KCNAB2,1Neigh,1Neigh-Magnesium
Magnesium,RPL23A,1Neigh,1Neigh-Magnesium
Magnesium,FAU,1Neigh,1Neigh-Magnesium
Magnesium,CACNB4,1Neigh,1Neigh-Magnesium
Magnesium,RPAP3,1Neigh,1Neigh-Magnesium
Magnesium,CD74,1Neigh,1Neigh-Magnesium
Magnesium,MRPS10,1Neigh,1Neigh-Magnesium
Magnesium,RRN3,1Neigh,1Neigh-Magnesium
Magnesium,BRF2,1Neigh,1Neigh-Magnesium
Magnesium,TWISTNB,1Neigh,1Neigh-Magnesium
Magnesium,SEC61A1,1Neigh,1Neigh-Magnesium
Magnesium,MRPS7,1Neigh,1Neigh-Magnesium
Magnesium,NAT10,1Neigh,1Neigh-Magnesium
Magnesium,RSAD1,1Neigh,1Neigh-Magnesium
Magnesium,RPL35,1Neigh,1Neigh-Magnesium
Magnesium,RPL8,1Neigh,1Neigh-Magnesium
Magnesium,MTIF2,1Neigh,1Neigh-Magnesium
Magnesium,GTF3C3,1Neigh,1Neigh-Magnesium
Magnesium,GFM1,1Neigh,1Neigh-Magnesium
Magnesium,MRPL3,1Neigh,1Neigh-Magnesium
Magnesium,EFL1,1Neigh,1Neigh-Magnesium
Magnesium,RPL3L,1Neigh,1Neigh-Magnesium
Magnesium,RPS11,1Neigh,1Neigh-Magnesium
Magnesium,MRPS5,1Neigh,1Neigh-Magnesium
Magnesium,RPS3,1Neigh,1Neigh-Magnesium
Magnesium,GUF1,1Neigh,1Neigh-Magnesium
Magnesium,MRPL17,1Neigh,1Neigh-Magnesium
Magnesium,EIF5B,1Neigh,1Neigh-Magnesium
Magnesium,PWP2,1Neigh,1Neigh-Magnesium
Magnesium,CCDC105,1Neigh,1Neigh-Magnesium
Magnesium,RPS23,1Neigh,1Neigh-Magnesium
Magnesium,NOL6,1Neigh,1Neigh-Magnesium
Magnesium,RPL10L,1Neigh,1Neigh-Magnesium
Magnesium,SEC61A2,1Neigh,1Neigh-Magnesium
Magnesium,POLR3E,1Neigh,1Neigh-Magnesium
Magnesium,MRPL16,1Neigh,1Neigh-Magnesium
Magnesium,TSR1,1Neigh,1Neigh-Magnesium
Magnesium,POLR1D,1Neigh,1Neigh-Magnesium
Magnesium,MRPL4,1Neigh,1Neigh-Magnesium
Magnesium,EEF2,1Neigh,1Neigh-Magnesium
Magnesium,WDR3,1Neigh,1Neigh-Magnesium
Magnesium,MRPL11,1Neigh,1Neigh-Magnesium
Magnesium,RPL4,1Neigh,1Neigh-Magnesium
Magnesium,MRPL1,1Neigh,1Neigh-Magnesium
Magnesium,MRPS11,1Neigh,1Neigh-Magnesium
Magnesium,MAF1,1Neigh,1Neigh-Magnesium
Magnesium,TUFM,1Neigh,1Neigh-Magnesium
Magnesium,IMP3,1Neigh,1Neigh-Magnesium
Magnesium,ZNRD1,1Neigh,1Neigh-Magnesium
Magnesium,MRPL12,1Neigh,1Neigh-Magnesium
Magnesium,POLR3C,1Neigh,1Neigh-Magnesium
Magnesium,RPL7,1Neigh,1Neigh-Magnesium
Magnesium,RPS2,1Neigh,1Neigh-Magnesium
Magnesium,RPL3,1Neigh,1Neigh-Magnesium
Magnesium,PES1,1Neigh,1Neigh-Magnesium
Magnesium,POLR3H,1Neigh,1Neigh-Magnesium
Magnesium,GTF3C1,1Neigh,1Neigh-Magnesium
Magnesium,BDP1,1Neigh,1Neigh-Magnesium
Magnesium,GTF3C2,1Neigh,1Neigh-Magnesium
Magnesium,GTPBP4,1Neigh,1Neigh-Magnesium
Magnesium,MRPL24,1Neigh,1Neigh-Magnesium
Magnesium,HEATR1,1Neigh,1Neigh-Magnesium
Magnesium,MRPL9,1Neigh,1Neigh-Magnesium
Magnesium,OAT,1Neigh,1Neigh-Magnesium
Magnesium,POLR3GL,1Neigh,1Neigh-Magnesium
Magnesium,PDCD11,1Neigh,1Neigh-Magnesium
Magnesium,RPL5,1Neigh,1Neigh-Magnesium
Magnesium,GTF3C5,1Neigh,1Neigh-Magnesium
Magnesium,MRPS16,1Neigh,1Neigh-Magnesium
Magnesium,RPL10A,1Neigh,1Neigh-Magnesium
Magnesium,BMS1,1Neigh,1Neigh-Magnesium
Magnesium,MRTO4,1Neigh,1Neigh-Magnesium
Magnesium,HMGN4,1Neigh,1Neigh-Magnesium
Magnesium,POLR3F,1Neigh,1Neigh-Magnesium
Magnesium,POLR1E,1Neigh,1Neigh-Magnesium
Magnesium,RPS16,1Neigh,1Neigh-Magnesium
Magnesium,NPSR1,1Neigh,1Neigh-Magnesium
Magnesium,MRPL2,1Neigh,1Neigh-Magnesium
Magnesium,RPS9,1Neigh,1Neigh-Magnesium
Magnesium,CRCP,1Neigh,1Neigh-Magnesium
Magnesium,RPS29,1Neigh,1Neigh-Magnesium
Magnesium,POLR3D,1Neigh,1Neigh-Magnesium
Magnesium,MRPS12,1Neigh,1Neigh-Magnesium
Magnesium,RPS14,1Neigh,1Neigh-Magnesium
Magnesium,EFTUD2,1Neigh,1Neigh-Magnesium
Magnesium,RPS18,1Neigh,1Neigh-Magnesium
Magnesium,RPL10,1Neigh,1Neigh-Magnesium
Magnesium,RPL7L1,1Neigh,1Neigh-Magnesium
Magnesium,RPL23,1Neigh,1Neigh-Magnesium
Magnesium,MRPS14,1Neigh,1Neigh-Magnesium
Magnesium,WDR36,1Neigh,1Neigh-Magnesium
Magnesium,RPL26L1,1Neigh,1Neigh-Magnesium
Magnesium,RPS20,1Neigh,1Neigh-Magnesium
Magnesium,MRPL22,1Neigh,1Neigh-Magnesium
Magnesium,RRP12,1Neigh,1Neigh-Magnesium
Magnesium,BRF1,1Neigh,1Neigh-Magnesium
Magnesium,RPLP0,1Neigh,1Neigh-Magnesium
Magnesium,TBL3,1Neigh,1Neigh-Magnesium
Magnesium,BOP1,1Neigh,1Neigh-Magnesium
Magnesium,RPL17-C18ORF32,1Neigh,1Neigh-Magnesium
Magnesium,RPL26,1Neigh,1Neigh-Magnesium
Magnesium,RPL17,1Neigh,1Neigh-Magnesium
Magnesium,CD3EAP,1Neigh,1Neigh-Magnesium
Magnesium,RPS15,1Neigh,1Neigh-Magnesium
Magnesium,RPS5,1Neigh,1Neigh-Magnesium
Magnesium,TEX48,1Neigh,1Neigh-Magnesium
Magnesium,RPL9,1Neigh,1Neigh-Magnesium
Magnesium,POLR1C,1Neigh,1Neigh-Magnesium
Magnesium,XBP1,1Neigh,1Neigh-Magnesium
Magnesium,HSPA5,1Neigh,1Neigh-Magnesium
Magnesium,ATF6,1Neigh,1Neigh-Magnesium
Magnesium,SEC61B,1Neigh,1Neigh-Magnesium
Magnesium,RELL2,1Neigh,1Neigh-Magnesium
Magnesium,WNK2,1Neigh,1Neigh-Magnesium
Magnesium,SEC62,1Neigh,1Neigh-Magnesium
Magnesium,SEC63,1Neigh,1Neigh-Magnesium
Magnesium,NUDT9,1Neigh,1Neigh-Magnesium
Magnesium,PYCR2,1Neigh,1Neigh-Magnesium
Magnesium,PRPS1,1Neigh,1Neigh-Magnesium
Magnesium,ADPRM,1Neigh,1Neigh-Magnesium
Magnesium,PGM2,1Neigh,1Neigh-Magnesium
Magnesium,PRPS2,1Neigh,1Neigh-Magnesium
Magnesium,PYCR1,1Neigh,1Neigh-Magnesium
Magnesium,UQCRC2,1Neigh,1Neigh-Magnesium
Magnesium,PDHA1,1Neigh,1Neigh-Magnesium
Magnesium,USP5,1Neigh,1Neigh-Magnesium
Magnesium,NEDD8,1Neigh,1Neigh-Magnesium
Magnesium,PIAS4,1Neigh,1Neigh-Magnesium
Magnesium,SAE1,1Neigh,1Neigh-Magnesium
Magnesium,UBQLN2,1Neigh,1Neigh-Magnesium
Magnesium,SENP1,1Neigh,1Neigh-Magnesium
Magnesium,RANGAP1,1Neigh,1Neigh-Magnesium
Magnesium,SENP6,1Neigh,1Neigh-Magnesium
Magnesium,TOP2B,1Neigh,1Neigh-Magnesium
Magnesium,RPS27A,1Neigh,1Neigh-Magnesium
Magnesium,TDP1,1Neigh,1Neigh-Magnesium
Magnesium,TOP1,1Neigh,1Neigh-Magnesium
Magnesium,UBA52,1Neigh,1Neigh-Magnesium
Magnesium,PPP5C,1Neigh,1Neigh-Magnesium
Magnesium,TXN2,1Neigh,1Neigh-Magnesium
Magnesium,MAPK14,1Neigh,1Neigh-Magnesium
Magnesium,TRAF2,1Neigh,1Neigh-Magnesium
Magnesium,DAB2IP,1Neigh,1Neigh-Magnesium
Magnesium,TRAF5,1Neigh,1Neigh-Magnesium
Magnesium,PRDX1,1Neigh,1Neigh-Magnesium
Magnesium,STAT3,1Neigh,1Neigh-Magnesium
Magnesium,DAXX,1Neigh,1Neigh-Magnesium
Magnesium,SOD1,1Neigh,1Neigh-Magnesium
Magnesium,FADD,1Neigh,1Neigh-Magnesium
Magnesium,PARK7,1Neigh,1Neigh-Magnesium
Magnesium,CASP8,1Neigh,1Neigh-Magnesium
Magnesium,YWHAB,1Neigh,1Neigh-Magnesium
Magnesium,TXN,1Neigh,1Neigh-Magnesium
Magnesium,BCL2,1Neigh,1Neigh-Magnesium
Magnesium,CDKN1A,1Neigh,1Neigh-Magnesium
Magnesium,ARRB2,1Neigh,1Neigh-Magnesium
Magnesium,ARRB1,1Neigh,1Neigh-Magnesium
Magnesium,TRAF6,1Neigh,1Neigh-Magnesium
Magnesium,MOB2,1Neigh,1Neigh-Magnesium
Magnesium,MOB1A,1Neigh,1Neigh-Magnesium
Magnesium,EXOSC5,1Neigh,1Neigh-Magnesium
Magnesium,EXOSC7,1Neigh,1Neigh-Magnesium
Magnesium,EXOSC4,1Neigh,1Neigh-Magnesium
Magnesium,EXOSC3,1Neigh,1Neigh-Magnesium
Magnesium,C1D,1Neigh,1Neigh-Magnesium
Magnesium,SUPV3L1,1Neigh,1Neigh-Magnesium
Magnesium,HBS1L,1Neigh,1Neigh-Magnesium
Magnesium,EXOSC1,1Neigh,1Neigh-Magnesium
Magnesium,EXOSC2,1Neigh,1Neigh-Magnesium
Magnesium,EXOSC9,1Neigh,1Neigh-Magnesium
Magnesium,EXOSC8,1Neigh,1Neigh-Magnesium
Magnesium,EXOSC6,1Neigh,1Neigh-Magnesium
Magnesium,DACH2,1Neigh,1Neigh-Magnesium
Magnesium,GUCY2F,1Neigh,1Neigh-Magnesium
Magnesium,GUCY2D,1Neigh,1Neigh-Magnesium
Magnesium,GUCY2C,1Neigh,1Neigh-Magnesium
Magnesium,GUCY1A2,1Neigh,1Neigh-Magnesium
Magnesium,ADCY8,1Neigh,1Neigh-Magnesium
Magnesium,ADCY9,1Neigh,1Neigh-Magnesium
Magnesium,GUCY1A1,1Neigh,1Neigh-Magnesium
Magnesium,ADCY1,1Neigh,1Neigh-Magnesium
Magnesium,CANT1,1Neigh,1Neigh-Magnesium
Magnesium,ADCY6,1Neigh,1Neigh-Magnesium
Magnesium,ADCY4,1Neigh,1Neigh-Magnesium
Magnesium,NPR2,1Neigh,1Neigh-Magnesium
Magnesium,ADCY2,1Neigh,1Neigh-Magnesium
Magnesium,ADCY10,1Neigh,1Neigh-Magnesium
Magnesium,NPR1,1Neigh,1Neigh-Magnesium
Magnesium,ENTPD6,1Neigh,1Neigh-Magnesium
Magnesium,GUCY1B1,1Neigh,1Neigh-Magnesium
Magnesium,SMPD3,1Neigh,1Neigh-Magnesium
Magnesium,CERS4,1Neigh,1Neigh-Magnesium
Magnesium,SMPD2,1Neigh,1Neigh-Magnesium
Magnesium,GALC,1Neigh,1Neigh-Magnesium
Magnesium,CERS2,1Neigh,1Neigh-Magnesium
Magnesium,CERS3,1Neigh,1Neigh-Magnesium
Magnesium,ACER1,1Neigh,1Neigh-Magnesium
Magnesium,DEGS2,1Neigh,1Neigh-Magnesium
Magnesium,UGT8,1Neigh,1Neigh-Magnesium
Magnesium,GBA,1Neigh,1Neigh-Magnesium
Magnesium,DEGS1,1Neigh,1Neigh-Magnesium
Magnesium,CERS5,1Neigh,1Neigh-Magnesium
Magnesium,ENPP7,1Neigh,1Neigh-Magnesium
Magnesium,SMPD1,1Neigh,1Neigh-Magnesium
Magnesium,ACER2,1Neigh,1Neigh-Magnesium
Magnesium,SGMS1,1Neigh,1Neigh-Magnesium
Magnesium,UGCG,1Neigh,1Neigh-Magnesium
Magnesium,GBA2,1Neigh,1Neigh-Magnesium
Magnesium,ASAH1,1Neigh,1Neigh-Magnesium
Magnesium,CERS6,1Neigh,1Neigh-Magnesium
Magnesium,SGMS2,1Neigh,1Neigh-Magnesium
Magnesium,ASAH2,1Neigh,1Neigh-Magnesium
Magnesium,SPTLC3,1Neigh,1Neigh-Magnesium
Magnesium,DCAF1,1Neigh,1Neigh-Magnesium
Magnesium,DCTN6,1Neigh,1Neigh-Magnesium
Magnesium,CAPZA2,1Neigh,1Neigh-Magnesium
Magnesium,RB1CC1,1Neigh,1Neigh-Magnesium
Magnesium,TSC2,1Neigh,1Neigh-Magnesium
Magnesium,RPS6KB1,1Neigh,1Neigh-Magnesium
Magnesium,NPRL2,1Neigh,1Neigh-Magnesium
Magnesium,SESN2,1Neigh,1Neigh-Magnesium
Magnesium,LAMTOR5,1Neigh,1Neigh-Magnesium
Magnesium,PIK3C3,1Neigh,1Neigh-Magnesium
Magnesium,WDR59,1Neigh,1Neigh-Magnesium
Magnesium,RRAGB,1Neigh,1Neigh-Magnesium
Magnesium,MAPKAP1,1Neigh,1Neigh-Magnesium
Magnesium,LAMTOR1,1Neigh,1Neigh-Magnesium
Magnesium,DEPTOR,1Neigh,1Neigh-Magnesium
Magnesium,WDR24,1Neigh,1Neigh-Magnesium
Magnesium,RICTOR,1Neigh,1Neigh-Magnesium
Magnesium,TSC1,1Neigh,1Neigh-Magnesium
Magnesium,RPTOR,1Neigh,1Neigh-Magnesium
Magnesium,DDIT4,1Neigh,1Neigh-Magnesium
Magnesium,RPS6KB2,1Neigh,1Neigh-Magnesium
Magnesium,ULK1,1Neigh,1Neigh-Magnesium
Magnesium,ATG101,1Neigh,1Neigh-Magnesium
Magnesium,MIOS,1Neigh,1Neigh-Magnesium
Magnesium,EIF4EBP1,1Neigh,1Neigh-Magnesium
Magnesium,LAMTOR4,1Neigh,1Neigh-Magnesium
Magnesium,MTOR,1Neigh,1Neigh-Magnesium
Magnesium,LAMTOR2,1Neigh,1Neigh-Magnesium
Magnesium,BNIP3,1Neigh,1Neigh-Magnesium
Magnesium,RRAGD,1Neigh,1Neigh-Magnesium
Magnesium,PRKAA2,1Neigh,1Neigh-Magnesium
Magnesium,RRAGC,1Neigh,1Neigh-Magnesium
Magnesium,RRAGA,1Neigh,1Neigh-Magnesium
Magnesium,AKT1S1,1Neigh,1Neigh-Magnesium
Magnesium,SLC38A9,1Neigh,1Neigh-Magnesium
Magnesium,RAF1,1Neigh,1Neigh-Magnesium
Magnesium,LAMTOR3,1Neigh,1Neigh-Magnesium
Magnesium,NPRL3,1Neigh,1Neigh-Magnesium
Magnesium,REXO1,1Neigh,1Neigh-Magnesium
Magnesium,REXO5,1Neigh,1Neigh-Magnesium
Magnesium,EPHA8,1Neigh,1Neigh-Magnesium
Magnesium,STUB1,1Neigh,1Neigh-Magnesium
Magnesium,CDKN1B,1Neigh,1Neigh-Magnesium
Magnesium,DOK1,1Neigh,1Neigh-Magnesium
Magnesium,ATG14,1Neigh,1Neigh-Magnesium
Magnesium,YWHAH,1Neigh,1Neigh-Magnesium
Magnesium,CCND2,1Neigh,1Neigh-Magnesium
Magnesium,TCF3,1Neigh,1Neigh-Magnesium
Magnesium,PIK3CA,1Neigh,1Neigh-Magnesium
Magnesium,CBL,1Neigh,1Neigh-Magnesium
Magnesium,SHC2,1Neigh,1Neigh-Magnesium
Magnesium,RB1,1Neigh,1Neigh-Magnesium
Magnesium,PXN,1Neigh,1Neigh-Magnesium
Magnesium,ERBB2,1Neigh,1Neigh-Magnesium
Magnesium,EGFR,1Neigh,1Neigh-Magnesium
Magnesium,EPHA1,1Neigh,1Neigh-Magnesium
Magnesium,NTRK2,1Neigh,1Neigh-Magnesium
Magnesium,EPHA4,1Neigh,1Neigh-Magnesium
Magnesium,STAT5B,1Neigh,1Neigh-Magnesium
Magnesium,ABI2,1Neigh,1Neigh-Magnesium
Magnesium,IL3,1Neigh,1Neigh-Magnesium
Magnesium,NPM1,1Neigh,1Neigh-Magnesium
Magnesium,HSPA4,1Neigh,1Neigh-Magnesium
Magnesium,BCR,1Neigh,1Neigh-Magnesium
Magnesium,RAC3,1Neigh,1Neigh-Magnesium
Magnesium,RIN1,1Neigh,1Neigh-Magnesium
Magnesium,SHC4,1Neigh,1Neigh-Magnesium
Magnesium,SOCS3,1Neigh,1Neigh-Magnesium
Magnesium,EPHB3,1Neigh,1Neigh-Magnesium
Magnesium,EPHA3,1Neigh,1Neigh-Magnesium
Magnesium,STAT5A,1Neigh,1Neigh-Magnesium
Magnesium,CRKL,1Neigh,1Neigh-Magnesium
Magnesium,FN1,1Neigh,1Neigh-Magnesium
Magnesium,EPHB4,1Neigh,1Neigh-Magnesium
Magnesium,EPHA2,1Neigh,1Neigh-Magnesium
Magnesium,NTRK3,1Neigh,1Neigh-Magnesium
Magnesium,NCKAP1,1Neigh,1Neigh-Magnesium
Magnesium,GAB2,1Neigh,1Neigh-Magnesium
Magnesium,BECN1,1Neigh,1Neigh-Magnesium
Magnesium,MCL1,1Neigh,1Neigh-Magnesium
Magnesium,EPHA7,1Neigh,1Neigh-Magnesium
Magnesium,NRAS,1Neigh,1Neigh-Magnesium
Magnesium,RUNX2,1Neigh,1Neigh-Magnesium
Magnesium,RAPGEF1,1Neigh,1Neigh-Magnesium
Magnesium,SHC3,1Neigh,1Neigh-Magnesium
Magnesium,BCL2L1,1Neigh,1Neigh-Magnesium
Magnesium,ABI1,1Neigh,1Neigh-Magnesium
Magnesium,TP73,1Neigh,1Neigh-Magnesium
Magnesium,YWHAQ,1Neigh,1Neigh-Magnesium
Magnesium,LRRK1,1Neigh,1Neigh-Magnesium
Magnesium,GRB2,1Neigh,1Neigh-Magnesium
Magnesium,WASF1,1Neigh,1Neigh-Magnesium
Magnesium,YWHAZ,1Neigh,1Neigh-Magnesium
Magnesium,SOS1,1Neigh,1Neigh-Magnesium
Magnesium,SHC1,1Neigh,1Neigh-Magnesium
Magnesium,HRAS,1Neigh,1Neigh-Magnesium
Magnesium,NCK1,1Neigh,1Neigh-Magnesium
Magnesium,ROBO2,1Neigh,1Neigh-Magnesium
Magnesium,CDKN2A,1Neigh,1Neigh-Magnesium
Magnesium,WWTR1,1Neigh,1Neigh-Magnesium
Magnesium,ROBO1,1Neigh,1Neigh-Magnesium
Magnesium,SH3BP2,1Neigh,1Neigh-Magnesium
Magnesium,VAV1,1Neigh,1Neigh-Magnesium
Magnesium,YAP1,1Neigh,1Neigh-Magnesium
Magnesium,CRTC3,1Neigh,1Neigh-Magnesium
Magnesium,CRTC1,1Neigh,1Neigh-Magnesium
Magnesium,CRTC2,1Neigh,1Neigh-Magnesium
Magnesium,PRKACG,1Neigh,1Neigh-Magnesium
Magnesium,MAPK8IP1,1Neigh,1Neigh-Magnesium
Magnesium,MAP3K10,1Neigh,1Neigh-Magnesium
Magnesium,RIPK1,1Neigh,1Neigh-Magnesium
Magnesium,MAP3K8,1Neigh,1Neigh-Magnesium
Magnesium,MAP3K13,1Neigh,1Neigh-Magnesium
Magnesium,MAP3K11,1Neigh,1Neigh-Magnesium
Magnesium,CFLAR,1Neigh,1Neigh-Magnesium
Magnesium,GSK3B,1Neigh,1Neigh-Magnesium
Magnesium,PPM1A,1Neigh,1Neigh-Magnesium
Magnesium,MAPK8IP2,1Neigh,1Neigh-Magnesium
Magnesium,TRADD,1Neigh,1Neigh-Magnesium
Magnesium,TAB2,1Neigh,1Neigh-Magnesium
Magnesium,TAB3,1Neigh,1Neigh-Magnesium
Magnesium,MAP3K1,1Neigh,1Neigh-Magnesium
Magnesium,WDR62,1Neigh,1Neigh-Magnesium
Magnesium,PRKCA,1Neigh,1Neigh-Magnesium
Magnesium,PER1,1Neigh,1Neigh-Magnesium
Magnesium,ASF1A,1Neigh,1Neigh-Magnesium
Magnesium,ORC5,1Neigh,1Neigh-Magnesium
Magnesium,TERT,1Neigh,1Neigh-Magnesium
Magnesium,PRH2,1Neigh,1Neigh-Magnesium
Magnesium,FIBP,1Neigh,1Neigh-Magnesium
Magnesium,IRAK2,1Neigh,1Neigh-Magnesium
Magnesium,TLR2,1Neigh,1Neigh-Magnesium
Magnesium,IL1A,1Neigh,1Neigh-Magnesium
Magnesium,IL1B,1Neigh,1Neigh-Magnesium
Magnesium,TLR8,1Neigh,1Neigh-Magnesium
Magnesium,TOLLIP,1Neigh,1Neigh-Magnesium
Magnesium,IRAK1,1Neigh,1Neigh-Magnesium
Magnesium,TLR4,1Neigh,1Neigh-Magnesium
Magnesium,IL1R1,1Neigh,1Neigh-Magnesium
Magnesium,IRAK4,1Neigh,1Neigh-Magnesium
Magnesium,TLR5,1Neigh,1Neigh-Magnesium
Magnesium,ESF1,1Neigh,1Neigh-Magnesium
Magnesium,FBL,1Neigh,1Neigh-Magnesium
Magnesium,RBM28,1Neigh,1Neigh-Magnesium
Magnesium,UTP18,1Neigh,1Neigh-Magnesium
Magnesium,GAR1,1Neigh,1Neigh-Magnesium
Magnesium,BYSL,1Neigh,1Neigh-Magnesium
Magnesium,RRP9,1Neigh,1Neigh-Magnesium
Magnesium,CEBPZ,1Neigh,1Neigh-Magnesium
Magnesium,UTP3,1Neigh,1Neigh-Magnesium
Magnesium,NIP7,1Neigh,1Neigh-Magnesium
Magnesium,TTC5,1Neigh,1Neigh-Magnesium
Magnesium,UTP20,1Neigh,1Neigh-Magnesium
Magnesium,DDX18,1Neigh,1Neigh-Magnesium
Magnesium,TAF1B,1Neigh,1Neigh-Magnesium
Magnesium,NOP58,1Neigh,1Neigh-Magnesium
Magnesium,NOB1,1Neigh,1Neigh-Magnesium
Magnesium,NVL,1Neigh,1Neigh-Magnesium
Magnesium,SMARCA5,1Neigh,1Neigh-Magnesium
Magnesium,DHX32,1Neigh,1Neigh-Magnesium
Magnesium,UBTF,1Neigh,1Neigh-Magnesium
Magnesium,PA2G4,1Neigh,1Neigh-Magnesium
Magnesium,WDR75,1Neigh,1Neigh-Magnesium
Magnesium,NOC2L,1Neigh,1Neigh-Magnesium
Magnesium,UTP4,1Neigh,1Neigh-Magnesium
Magnesium,DHX15,1Neigh,1Neigh-Magnesium
Magnesium,BRIX1,1Neigh,1Neigh-Magnesium
Magnesium,TAF1A,1Neigh,1Neigh-Magnesium
Magnesium,DDX21,1Neigh,1Neigh-Magnesium
Magnesium,SDAD1,1Neigh,1Neigh-Magnesium
Magnesium,GNL3L,1Neigh,1Neigh-Magnesium
Magnesium,DKC1,1Neigh,1Neigh-Magnesium
Magnesium,NOC3L,1Neigh,1Neigh-Magnesium
Magnesium,WDR46,1Neigh,1Neigh-Magnesium
Magnesium,NSUN6,1Neigh,1Neigh-Magnesium
Magnesium,NOP56,1Neigh,1Neigh-Magnesium
Magnesium,NOL10,1Neigh,1Neigh-Magnesium
Magnesium,NOP2,1Neigh,1Neigh-Magnesium
Magnesium,PUM3,1Neigh,1Neigh-Magnesium
Magnesium,WDR43,1Neigh,1Neigh-Magnesium
Magnesium,DQX1,1Neigh,1Neigh-Magnesium
Magnesium,GNL3,1Neigh,1Neigh-Magnesium
Magnesium,CTPS2,1Neigh,1Neigh-Magnesium
Magnesium,RPF2,1Neigh,1Neigh-Magnesium
Magnesium,NOP14,1Neigh,1Neigh-Magnesium
Magnesium,TAF1D,1Neigh,1Neigh-Magnesium
Magnesium,NDUFA5,1Neigh,1Neigh-Magnesium
Magnesium,FBLL1,1Neigh,1Neigh-Magnesium
Magnesium,RAPGEF2,1Neigh,1Neigh-Magnesium
Magnesium,MORC1,1Neigh,1Neigh-Magnesium
Magnesium,IRF7,1Neigh,1Neigh-Magnesium
Magnesium,HSD17B10,1Neigh,1Neigh-Magnesium
Magnesium,CANX,1Neigh,1Neigh-Magnesium
Magnesium,EDEM1,1Neigh,1Neigh-Magnesium
Magnesium,DGCR8,1Neigh,1Neigh-Magnesium
Magnesium,TARBP2,1Neigh,1Neigh-Magnesium
Magnesium,BAX,1Neigh,1Neigh-Magnesium
Magnesium,HSP90B1,1Neigh,1Neigh-Magnesium
Magnesium,POP7,1Neigh,1Neigh-Magnesium
Magnesium,ITPR1,1Neigh,1Neigh-Magnesium
Magnesium,CYCS,1Neigh,1Neigh-Magnesium
Magnesium,RPP25,1Neigh,1Neigh-Magnesium
Magnesium,PRKRA,1Neigh,1Neigh-Magnesium
Magnesium,ATF4,1Neigh,1Neigh-Magnesium
Magnesium,SEL1L,1Neigh,1Neigh-Magnesium
Magnesium,POP5,1Neigh,1Neigh-Magnesium
Magnesium,AGO3,1Neigh,1Neigh-Magnesium
Magnesium,AGO4,1Neigh,1Neigh-Magnesium
Magnesium,BAK1,1Neigh,1Neigh-Magnesium
Magnesium,ATF6B,1Neigh,1Neigh-Magnesium
Magnesium,SYVN1,1Neigh,1Neigh-Magnesium
Magnesium,RPP40,1Neigh,1Neigh-Magnesium
Magnesium,BCL2L11,1Neigh,1Neigh-Magnesium
Magnesium,ERO1A,1Neigh,1Neigh-Magnesium
Magnesium,POP1,1Neigh,1Neigh-Magnesium
Magnesium,RPP30,1Neigh,1Neigh-Magnesium
Magnesium,RPP21,1Neigh,1Neigh-Magnesium
Magnesium,RPP14,1Neigh,1Neigh-Magnesium
Magnesium,DROSHA,1Neigh,1Neigh-Magnesium
Magnesium,DICER1,1Neigh,1Neigh-Magnesium
Magnesium,PRORP,1Neigh,1Neigh-Magnesium
Magnesium,POP4,1Neigh,1Neigh-Magnesium
Magnesium,ATIC,1Neigh,1Neigh-Magnesium
Magnesium,GDA,1Neigh,1Neigh-Magnesium
Magnesium,PPAT,1Neigh,1Neigh-Magnesium
Magnesium,WDR90,1Neigh,1Neigh-Magnesium
Magnesium,TPMT,1Neigh,1Neigh-Magnesium
Magnesium,PRTFDC1,1Neigh,1Neigh-Magnesium
Magnesium,IMPDH2,1Neigh,1Neigh-Magnesium
Magnesium,ADSS1,1Neigh,1Neigh-Magnesium
Magnesium,ENTPD5,1Neigh,1Neigh-Magnesium
Magnesium,IMPDH1,1Neigh,1Neigh-Magnesium
Magnesium,ENTPD4,1Neigh,1Neigh-Magnesium
Magnesium,ADSS2,1Neigh,1Neigh-Magnesium
Magnesium,PGK1,1Neigh,1Neigh-Magnesium
Magnesium,POLG,1Neigh,1Neigh-Magnesium
Magnesium,MLEC,1Neigh,1Neigh-Magnesium
Magnesium,RPN2,1Neigh,1Neigh-Magnesium
Magnesium,DAD1,1Neigh,1Neigh-Magnesium
Magnesium,KRTCAP2,1Neigh,1Neigh-Magnesium
Magnesium,STT3B,1Neigh,1Neigh-Magnesium
Magnesium,RPN1,1Neigh,1Neigh-Magnesium
Magnesium,STT3A,1Neigh,1Neigh-Magnesium
Magnesium,DDOST,1Neigh,1Neigh-Magnesium
Magnesium,SSR3,1Neigh,1Neigh-Magnesium
Magnesium,OSTC,1Neigh,1Neigh-Magnesium
Magnesium,TMEM258,1Neigh,1Neigh-Magnesium
Magnesium,RIDA,1Neigh,1Neigh-Magnesium
Magnesium,ACOX1,1Neigh,1Neigh-Magnesium
Magnesium,BCAT2,1Neigh,1Neigh-Magnesium
Magnesium,MT-CO1,1Neigh,1Neigh-Magnesium
Magnesium,MT-CO2,1Neigh,1Neigh-Magnesium
Magnesium,SCP2,1Neigh,1Neigh-Magnesium
Magnesium,PEX5,1Neigh,1Neigh-Magnesium
Magnesium,ENSP00000428055,1Neigh,1Neigh-Magnesium
Magnesium,PSMC4,1Neigh,1Neigh-Magnesium
Magnesium,PSMA3,1Neigh,1Neigh-Magnesium
Magnesium,RAB3A,1Neigh,1Neigh-Magnesium
Magnesium,CTSD,1Neigh,1Neigh-Magnesium
Magnesium,APOA1,1Neigh,1Neigh-Magnesium
Magnesium,TTR,1Neigh,1Neigh-Magnesium
Magnesium,TARDBP,1Neigh,1Neigh-Magnesium
Magnesium,HSPB1,1Neigh,1Neigh-Magnesium
Magnesium,SNAP25,1Neigh,1Neigh-Magnesium
Magnesium,HTRA2,1Neigh,1Neigh-Magnesium
Magnesium,KLC4,1Neigh,1Neigh-Magnesium
Magnesium,PSMC1,1Neigh,1Neigh-Magnesium
Magnesium,SNCAIP,1Neigh,1Neigh-Magnesium
Magnesium,PSMD11,1Neigh,1Neigh-Magnesium
Magnesium,SLC4A1,1Neigh,1Neigh-Magnesium
Magnesium,NDUFS3,1Neigh,1Neigh-Magnesium
Magnesium,SLC6A3,1Neigh,1Neigh-Magnesium
Magnesium,NRGN,1Neigh,1Neigh-Magnesium
Magnesium,UCHL1,1Neigh,1Neigh-Magnesium
Magnesium,UBE2L6,1Neigh,1Neigh-Magnesium
Magnesium,SYN1,1Neigh,1Neigh-Magnesium
Magnesium,NDUFS4,1Neigh,1Neigh-Magnesium
Magnesium,HSPA9,1Neigh,1Neigh-Magnesium
Magnesium,GPR37,1Neigh,1Neigh-Magnesium
Magnesium,KIF5B,1Neigh,1Neigh-Magnesium
Magnesium,USP9X,1Neigh,1Neigh-Magnesium
Magnesium,SIAH2,1Neigh,1Neigh-Magnesium
Magnesium,NDUFV2,1Neigh,1Neigh-Magnesium
Magnesium,MAPT,1Neigh,1Neigh-Magnesium
Magnesium,SIAH1,1Neigh,1Neigh-Magnesium
Magnesium,PRKN,1Neigh,1Neigh-Magnesium
Magnesium,NDUFS2,1Neigh,1Neigh-Magnesium
Magnesium,PSMD4,1Neigh,1Neigh-Magnesium
Magnesium,HSPA1B,1Neigh,1Neigh-Magnesium
Magnesium,HDAC6,1Neigh,1Neigh-Magnesium
Magnesium,TH,1Neigh,1Neigh-Magnesium
Magnesium,SQSTM1,1Neigh,1Neigh-Magnesium
Magnesium,KLC3,1Neigh,1Neigh-Magnesium
Magnesium,INS,1Neigh,1Neigh-Magnesium
Magnesium,PSMD14,1Neigh,1Neigh-Magnesium
Magnesium,SLC18A1,1Neigh,1Neigh-Magnesium
Magnesium,KIF5C,1Neigh,1Neigh-Magnesium
Magnesium,KLC2,1Neigh,1Neigh-Magnesium
Magnesium,UBE2L3,1Neigh,1Neigh-Magnesium
Magnesium,KIF5A,1Neigh,1Neigh-Magnesium
Magnesium,KLC1,1Neigh,1Neigh-Magnesium
Magnesium,VAMP2,1Neigh,1Neigh-Magnesium
Magnesium,CRYAB,1Neigh,1Neigh-Magnesium
Magnesium,PSMD9,1Neigh,1Neigh-Magnesium
Magnesium,UBB,1Neigh,1Neigh-Magnesium
Magnesium,ADRM1,1Neigh,1Neigh-Magnesium
Magnesium,SLC18A2,1Neigh,1Neigh-Magnesium
Magnesium,CALM1,1Neigh,1Neigh-Magnesium
Magnesium,CALM2,1Neigh,1Neigh-Magnesium
Magnesium,GSR,1Neigh,1Neigh-Magnesium
Magnesium,FLT3,1Neigh,1Neigh-Magnesium
Magnesium,PDGFRA,1Neigh,1Neigh-Magnesium
Magnesium,IREB2,1Neigh,1Neigh-Magnesium
Magnesium,DNMT3A,1Neigh,1Neigh-Magnesium
Magnesium,L2HGDH,1Neigh,1Neigh-Magnesium
Magnesium,PGD,1Neigh,1Neigh-Magnesium
Magnesium,U2AF1,1Neigh,1Neigh-Magnesium
Magnesium,NF1,1Neigh,1Neigh-Magnesium
Magnesium,H3-3A,1Neigh,1Neigh-Magnesium
Magnesium,NADK,1Neigh,1Neigh-Magnesium
Magnesium,G6PD,1Neigh,1Neigh-Magnesium
Magnesium,GAPDH,1Neigh,1Neigh-Magnesium
Magnesium,NFE2L2,1Neigh,1Neigh-Magnesium
Magnesium,ENO2,1Neigh,1Neigh-Magnesium
Magnesium,BCAT1,1Neigh,1Neigh-Magnesium
Magnesium,LDHA,1Neigh,1Neigh-Magnesium
Magnesium,ACLY,1Neigh,1Neigh-Magnesium
Magnesium,H6PD,1Neigh,1Neigh-Magnesium
Magnesium,USH1C,1Neigh,1Neigh-Magnesium
Magnesium,CDH23,1Neigh,1Neigh-Magnesium
Magnesium,USH2A,1Neigh,1Neigh-Magnesium
Magnesium,WHRN,1Neigh,1Neigh-Magnesium
Magnesium,PCDH15,1Neigh,1Neigh-Magnesium
Magnesium,ADGRV1,1Neigh,1Neigh-Magnesium
Magnesium,MYO7A,1Neigh,1Neigh-Magnesium
Magnesium,TMIE,1Neigh,1Neigh-Magnesium
Magnesium,MTFMT,1Neigh,1Neigh-Magnesium
Magnesium,DMGDH,1Neigh,1Neigh-Magnesium
Magnesium,BHMT2,1Neigh,1Neigh-Magnesium
Magnesium,ALDH1L2,1Neigh,1Neigh-Magnesium
Magnesium,MTHFS,1Neigh,1Neigh-Magnesium
Magnesium,ALDH1L1,1Neigh,1Neigh-Magnesium
Magnesium,MTHFSD,1Neigh,1Neigh-Magnesium
Magnesium,IBA57,1Neigh,1Neigh-Magnesium
Magnesium,ALDH18A1,1Neigh,1Neigh-Magnesium
Magnesium,FPGS,1Neigh,1Neigh-Magnesium
Magnesium,MTHFR,1Neigh,1Neigh-Magnesium
Magnesium,PSAT1,1Neigh,1Neigh-Magnesium
Magnesium,MTHFD2L,1Neigh,1Neigh-Magnesium
Magnesium,FTCD,1Neigh,1Neigh-Magnesium
Magnesium,DHFR,1Neigh,1Neigh-Magnesium
Magnesium,ST20-MTHFS,1Neigh,1Neigh-Magnesium
Magnesium,MTHFD1L,1Neigh,1Neigh-Magnesium
Magnesium,SNRNP27,1Neigh,1Neigh-Magnesium
Magnesium,RBM39,1Neigh,1Neigh-Magnesium
Magnesium,PRPF38A,1Neigh,1Neigh-Magnesium
Magnesium,ACIN1,1Neigh,1Neigh-Magnesium
Magnesium,LUC7L,1Neigh,1Neigh-Magnesium
Magnesium,ZRSR2,1Neigh,1Neigh-Magnesium
Magnesium,DDX23,1Neigh,1Neigh-Magnesium
Magnesium,SRRM1,1Neigh,1Neigh-Magnesium
Magnesium,LUC7L2,1Neigh,1Neigh-Magnesium
Magnesium,RBM23,1Neigh,1Neigh-Magnesium
Magnesium,CDC5L,1Neigh,1Neigh-Magnesium
Magnesium,CLK3,1Neigh,1Neigh-Magnesium
Magnesium,RNPS1,1Neigh,1Neigh-Magnesium
Magnesium,GAPDHS,1Neigh,1Neigh-Magnesium
Magnesium,NUDT12,1Neigh,1Neigh-Magnesium
Magnesium,GPAM,1Neigh,1Neigh-Magnesium
Magnesium,IDI2,1Neigh,1Neigh-Magnesium
Magnesium,THNSL2,1Neigh,1Neigh-Magnesium
Magnesium,NUDT13,1Neigh,1Neigh-Magnesium
Magnesium,AASDH,1Neigh,1Neigh-Magnesium
Magnesium,USP22,1Neigh,1Neigh-Magnesium
Magnesium,HAT1,1Neigh,1Neigh-Magnesium
Magnesium,OXSM,1Neigh,1Neigh-Magnesium
Magnesium,MCAT,1Neigh,1Neigh-Magnesium
Magnesium,FASN,1Neigh,1Neigh-Magnesium
Magnesium,ANKS6,1Neigh,1Neigh-Magnesium
Magnesium,ANKS3,1Neigh,1Neigh-Magnesium
Magnesium,NEK7,1Neigh,1Neigh-Magnesium
Magnesium,EIF2S3,1Neigh,1Neigh-Magnesium
Magnesium,EIF2S3B,1Neigh,1Neigh-Magnesium
Magnesium,ARL3,1Neigh,1Neigh-Magnesium
Magnesium,PRUNE1,1Neigh,1Neigh-Magnesium
Magnesium,DCTPP1,1Neigh,1Neigh-Magnesium
Magnesium,ENTPD2,1Neigh,1Neigh-Magnesium
Magnesium,NTPCR,1Neigh,1Neigh-Magnesium
Magnesium,SET,1Neigh,1Neigh-Magnesium
Magnesium,NUDT2,1Neigh,1Neigh-Magnesium
Magnesium,ADCY3,1Neigh,1Neigh-Magnesium
Magnesium,GCH1,1Neigh,1Neigh-Magnesium
Magnesium,CTPS1,1Neigh,1Neigh-Magnesium
Magnesium,OXCT1,1Neigh,1Neigh-Magnesium
Magnesium,MVK,1Neigh,1Neigh-Magnesium
Magnesium,MCCC1,1Neigh,1Neigh-Magnesium
Magnesium,ACAT1,1Neigh,1Neigh-Magnesium
Magnesium,ACAA2,1Neigh,1Neigh-Magnesium
Magnesium,HMGCR,1Neigh,1Neigh-Magnesium
Magnesium,BDH2,1Neigh,1Neigh-Magnesium
Magnesium,HMGCS1,1Neigh,1Neigh-Magnesium
Magnesium,AACS,1Neigh,1Neigh-Magnesium
Magnesium,HADHB,1Neigh,1Neigh-Magnesium
Magnesium,ACAA1,1Neigh,1Neigh-Magnesium
Magnesium,MCCC2,1Neigh,1Neigh-Magnesium
Magnesium,ACAT2,1Neigh,1Neigh-Magnesium
Magnesium,ECHS1,1Neigh,1Neigh-Magnesium
Magnesium,HMGCS2,1Neigh,1Neigh-Magnesium
Magnesium,OXCT2,1Neigh,1Neigh-Magnesium
Magnesium,AUH,1Neigh,1Neigh-Magnesium
Magnesium,PCCA,1Neigh,1Neigh-Magnesium
Magnesium,HADHA,1Neigh,1Neigh-Magnesium
Magnesium,BDH1,1Neigh,1Neigh-Magnesium
Magnesium,KDM1B,1Neigh,1Neigh-Magnesium
Magnesium,HCFC1,1Neigh,1Neigh-Magnesium
Magnesium,OGT,1Neigh,1Neigh-Magnesium
Magnesium,ASXL1,1Neigh,1Neigh-Magnesium
Magnesium,RBBP7,1Neigh,1Neigh-Magnesium
Magnesium,SIN3A,1Neigh,1Neigh-Magnesium
Magnesium,ASXL2,1Neigh,1Neigh-Magnesium
Magnesium,INPP4A,1Neigh,1Neigh-Magnesium
Magnesium,MIOX,1Neigh,1Neigh-Magnesium
Magnesium,PIGL,1Neigh,1Neigh-Magnesium
Magnesium,IMPAD1,1Neigh,1Neigh-Magnesium
Magnesium,IMPA2,1Neigh,1Neigh-Magnesium
Magnesium,GPD2,1Neigh,1Neigh-Magnesium
Magnesium,ISYNA1,1Neigh,1Neigh-Magnesium
Magnesium,TTF2,1Neigh,1Neigh-Magnesium
Magnesium,MTM1,1Neigh,1Neigh-Magnesium
Magnesium,INPP1,1Neigh,1Neigh-Magnesium
Magnesium,RGPD5,1Neigh,1Neigh-Magnesium
Magnesium,EEF1A2,1Neigh,1Neigh-Magnesium
Magnesium,NUTF2,1Neigh,1Neigh-Magnesium
Magnesium,RANGRF,1Neigh,1Neigh-Magnesium
Magnesium,NUP107,1Neigh,1Neigh-Magnesium
Magnesium,NUP85,1Neigh,1Neigh-Magnesium
Magnesium,DLGAP5,1Neigh,1Neigh-Magnesium
Magnesium,SIRT2,1Neigh,1Neigh-Magnesium
Magnesium,IPO8,1Neigh,1Neigh-Magnesium
Magnesium,AKIRIN2,1Neigh,1Neigh-Magnesium
Magnesium,RANBP6,1Neigh,1Neigh-Magnesium
Magnesium,IPO5,1Neigh,1Neigh-Magnesium
Magnesium,KPNA3,1Neigh,1Neigh-Magnesium
Magnesium,CSE1L,1Neigh,1Neigh-Magnesium
Magnesium,NUP54,1Neigh,1Neigh-Magnesium
Magnesium,XPO5,1Neigh,1Neigh-Magnesium
Magnesium,TNPO3,1Neigh,1Neigh-Magnesium
Magnesium,CCT6A,1Neigh,1Neigh-Magnesium
Magnesium,CCT8,1Neigh,1Neigh-Magnesium
Magnesium,KPNB1,1Neigh,1Neigh-Magnesium
Magnesium,PHAX,1Neigh,1Neigh-Magnesium
Magnesium,NEMP1,1Neigh,1Neigh-Magnesium
Magnesium,NUP93,1Neigh,1Neigh-Magnesium
Magnesium,NUP98,1Neigh,1Neigh-Magnesium
Magnesium,TCP1,1Neigh,1Neigh-Magnesium
Magnesium,XPOT,1Neigh,1Neigh-Magnesium
Magnesium,RGPD6,1Neigh,1Neigh-Magnesium
Magnesium,KPNA4,1Neigh,1Neigh-Magnesium
Magnesium,TNPO1,1Neigh,1Neigh-Magnesium
Magnesium,EEF1A1,1Neigh,1Neigh-Magnesium
Magnesium,RANBP3,1Neigh,1Neigh-Magnesium
Magnesium,KPNA1,1Neigh,1Neigh-Magnesium
Magnesium,NUP50,1Neigh,1Neigh-Magnesium
Magnesium,IPO4,1Neigh,1Neigh-Magnesium
Magnesium,NUP214,1Neigh,1Neigh-Magnesium
Magnesium,IPO13,1Neigh,1Neigh-Magnesium
Magnesium,EIF1AX,1Neigh,1Neigh-Magnesium
Magnesium,IPO7,1Neigh,1Neigh-Magnesium
Magnesium,MYBBP1A,1Neigh,1Neigh-Magnesium
Magnesium,RAE1,1Neigh,1Neigh-Magnesium
Magnesium,SEH1L,1Neigh,1Neigh-Magnesium
Magnesium,RGPD3,1Neigh,1Neigh-Magnesium
Magnesium,RANBP1,1Neigh,1Neigh-Magnesium
Magnesium,TNPO2,1Neigh,1Neigh-Magnesium
Magnesium,NMD3,1Neigh,1Neigh-Magnesium
Magnesium,NXF1,1Neigh,1Neigh-Magnesium
Magnesium,KPNA2,1Neigh,1Neigh-Magnesium
Magnesium,NUP153,1Neigh,1Neigh-Magnesium
Magnesium,SKAP2,1Neigh,1Neigh-Magnesium
Magnesium,ITGB4,1Neigh,1Neigh-Magnesium
Magnesium,TIMP1,1Neigh,1Neigh-Magnesium
Magnesium,MMP2,1Neigh,1Neigh-Magnesium
Magnesium,TGFB1,1Neigh,1Neigh-Magnesium
Magnesium,PIK3R2,1Neigh,1Neigh-Magnesium
Magnesium,COMP,1Neigh,1Neigh-Magnesium
Magnesium,HGF,1Neigh,1Neigh-Magnesium
Magnesium,LAMB1,1Neigh,1Neigh-Magnesium
Magnesium,ITGB8,1Neigh,1Neigh-Magnesium
Magnesium,CAV2,1Neigh,1Neigh-Magnesium
Magnesium,COL1A1,1Neigh,1Neigh-Magnesium
Magnesium,VTN,1Neigh,1Neigh-Magnesium
Magnesium,IBSP,1Neigh,1Neigh-Magnesium
Magnesium,LAMA4,1Neigh,1Neigh-Magnesium
Magnesium,TNN,1Neigh,1Neigh-Magnesium
Magnesium,RAP1B,1Neigh,1Neigh-Magnesium
Magnesium,ACTN4,1Neigh,1Neigh-Magnesium
Magnesium,LAMA5,1Neigh,1Neigh-Magnesium
Magnesium,TNS4,1Neigh,1Neigh-Magnesium
Magnesium,LGALS3,1Neigh,1Neigh-Magnesium
Magnesium,LAMC1,1Neigh,1Neigh-Magnesium
Magnesium,CHAD,1Neigh,1Neigh-Magnesium
Magnesium,ITGAV,1Neigh,1Neigh-Magnesium
Magnesium,CDH1,1Neigh,1Neigh-Magnesium
Magnesium,PDGFRB,1Neigh,1Neigh-Magnesium
Magnesium,SEMA7A,1Neigh,1Neigh-Magnesium
Magnesium,ITGA2B,1Neigh,1Neigh-Magnesium
Magnesium,PIK3R3,1Neigh,1Neigh-Magnesium
Magnesium,ITGAE,1Neigh,1Neigh-Magnesium
Magnesium,CD81,1Neigh,1Neigh-Magnesium
Magnesium,LAMC2,1Neigh,1Neigh-Magnesium
Magnesium,ITGA9,1Neigh,1Neigh-Magnesium
Magnesium,ICAM1,1Neigh,1Neigh-Magnesium
Magnesium,SCARB2,1Neigh,1Neigh-Magnesium
Magnesium,TNC,1Neigh,1Neigh-Magnesium
Magnesium,NRP1,1Neigh,1Neigh-Magnesium
Magnesium,ITGB7,1Neigh,1Neigh-Magnesium
Magnesium,FERMT3,1Neigh,1Neigh-Magnesium
Magnesium,FREM2,1Neigh,1Neigh-Magnesium
Magnesium,FLT1,1Neigh,1Neigh-Magnesium
Magnesium,ITGA1,1Neigh,1Neigh-Magnesium
Magnesium,ITGB6,1Neigh,1Neigh-Magnesium
Magnesium,THY1,1Neigh,1Neigh-Magnesium
Magnesium,KIT,1Neigh,1Neigh-Magnesium
Magnesium,ITGA5,1Neigh,1Neigh-Magnesium
Magnesium,VCAM1,1Neigh,1Neigh-Magnesium
Magnesium,COL6A3,1Neigh,1Neigh-Magnesium
Magnesium,ITGB5,1Neigh,1Neigh-Magnesium
Magnesium,ITGA2,1Neigh,1Neigh-Magnesium
Magnesium,COL1A2,1Neigh,1Neigh-Magnesium
Magnesium,JAM3,1Neigh,1Neigh-Magnesium
Magnesium,COL6A2,1Neigh,1Neigh-Magnesium
Magnesium,COL3A1,1Neigh,1Neigh-Magnesium
Magnesium,ALCAM,1Neigh,1Neigh-Magnesium
Magnesium,LAMB2,1Neigh,1Neigh-Magnesium
Magnesium,ITGA3,1Neigh,1Neigh-Magnesium
Magnesium,MET,1Neigh,1Neigh-Magnesium
Magnesium,CD151,1Neigh,1Neigh-Magnesium
Magnesium,LAMA3,1Neigh,1Neigh-Magnesium
Magnesium,ITGA11,1Neigh,1Neigh-Magnesium
Magnesium,COL4A5,1Neigh,1Neigh-Magnesium
Magnesium,BSG,1Neigh,1Neigh-Magnesium
Magnesium,PARVA,1Neigh,1Neigh-Magnesium
Magnesium,CAV1,1Neigh,1Neigh-Magnesium
Magnesium,THBS4,1Neigh,1Neigh-Magnesium
Magnesium,FERMT2,1Neigh,1Neigh-Magnesium
Magnesium,COL6A6,1Neigh,1Neigh-Magnesium
Magnesium,COL4A2,1Neigh,1Neigh-Magnesium
Magnesium,DPP4,1Neigh,1Neigh-Magnesium
Magnesium,ITGB1BP1,1Neigh,1Neigh-Magnesium
Magnesium,LAMC3,1Neigh,1Neigh-Magnesium
Magnesium,COL6A1,1Neigh,1Neigh-Magnesium
Magnesium,CD47,1Neigh,1Neigh-Magnesium
Magnesium,THBS2,1Neigh,1Neigh-Magnesium
Magnesium,TNR,1Neigh,1Neigh-Magnesium
Magnesium,THBS3,1Neigh,1Neigh-Magnesium
Magnesium,ITGA10,1Neigh,1Neigh-Magnesium
Magnesium,RAP1A,1Neigh,1Neigh-Magnesium
Magnesium,FLNA,1Neigh,1Neigh-Magnesium
Magnesium,L1CAM,1Neigh,1Neigh-Magnesium
Magnesium,HSPG2,1Neigh,1Neigh-Magnesium
Magnesium,COL4A1,1Neigh,1Neigh-Magnesium
Magnesium,PIK3CD,1Neigh,1Neigh-Magnesium
Magnesium,ITGA8,1Neigh,1Neigh-Magnesium
Magnesium,PRKD3,1Neigh,1Neigh-Magnesium
Magnesium,COL2A1,1Neigh,1Neigh-Magnesium
Magnesium,CD9,1Neigh,1Neigh-Magnesium
Magnesium,ITGAD,1Neigh,1Neigh-Magnesium
Magnesium,LAMA1,1Neigh,1Neigh-Magnesium
Magnesium,LAMB3,1Neigh,1Neigh-Magnesium
Magnesium,ACTN1,1Neigh,1Neigh-Magnesium
Magnesium,COL4A6,1Neigh,1Neigh-Magnesium
Magnesium,SPP1,1Neigh,1Neigh-Magnesium
Magnesium,COL4A3,1Neigh,1Neigh-Magnesium
Magnesium,COL4A4,1Neigh,1Neigh-Magnesium
Magnesium,ITGA4,1Neigh,1Neigh-Magnesium
Magnesium,PTK2B,1Neigh,1Neigh-Magnesium
Magnesium,ITGB2,1Neigh,1Neigh-Magnesium
Magnesium,PARVB,1Neigh,1Neigh-Magnesium
Magnesium,RGS14,1Neigh,1Neigh-Magnesium
Magnesium,NPNT,1Neigh,1Neigh-Magnesium
Magnesium,PRKD1,1Neigh,1Neigh-Magnesium
Magnesium,PARVG,1Neigh,1Neigh-Magnesium
Magnesium,PTPN6,1Neigh,1Neigh-Magnesium
Magnesium,PRKD2,1Neigh,1Neigh-Magnesium
Magnesium,CD44,1Neigh,1Neigh-Magnesium
Magnesium,TNXB,1Neigh,1Neigh-Magnesium
Magnesium,FREM1,1Neigh,1Neigh-Magnesium
Magnesium,LYN,1Neigh,1Neigh-Magnesium
Magnesium,ITGB3,1Neigh,1Neigh-Magnesium
Magnesium,TLN2,1Neigh,1Neigh-Magnesium
Magnesium,RASSF5,1Neigh,1Neigh-Magnesium
Magnesium,ITGAM,1Neigh,1Neigh-Magnesium
Magnesium,IGF1R,1Neigh,1Neigh-Magnesium
Magnesium,CDC42,1Neigh,1Neigh-Magnesium
Magnesium,ORC6,1Neigh,1Neigh-Magnesium
Magnesium,CHRAC1,1Neigh,1Neigh-Magnesium
Magnesium,STN1,1Neigh,1Neigh-Magnesium
Magnesium,ORC2,1Neigh,1Neigh-Magnesium
Magnesium,CHTF18,1Neigh,1Neigh-Magnesium
Magnesium,POLA2,1Neigh,1Neigh-Magnesium
Magnesium,DONSON,1Neigh,1Neigh-Magnesium
Magnesium,DSCC1,1Neigh,1Neigh-Magnesium
Magnesium,NLGN4Y,1Neigh,1Neigh-Magnesium
Magnesium,ORC1,1Neigh,1Neigh-Magnesium
Magnesium,RPA4,1Neigh,1Neigh-Magnesium
Magnesium,POLE3,1Neigh,1Neigh-Magnesium
Magnesium,TEN1,1Neigh,1Neigh-Magnesium
Magnesium,POLE4,1Neigh,1Neigh-Magnesium
Magnesium,POLG2,1Neigh,1Neigh-Magnesium
Magnesium,MCM3,1Neigh,1Neigh-Magnesium
Magnesium,PRIM2,1Neigh,1Neigh-Magnesium
Magnesium,CBX5,1Neigh,1Neigh-Magnesium
Magnesium,SIRT1,1Neigh,1Neigh-Magnesium
Magnesium,APEX1,1Neigh,1Neigh-Magnesium
Magnesium,TERF2,1Neigh,1Neigh-Magnesium
Magnesium,POLB,1Neigh,1Neigh-Magnesium
Magnesium,TINF2,1Neigh,1Neigh-Magnesium
Magnesium,TERF1,1Neigh,1Neigh-Magnesium
Magnesium,APLF,1Neigh,1Neigh-Magnesium
Magnesium,PNKP,1Neigh,1Neigh-Magnesium
Magnesium,SIRT6,1Neigh,1Neigh-Magnesium
Magnesium,POT1,1Neigh,1Neigh-Magnesium
Magnesium,LIG3,1Neigh,1Neigh-Magnesium
Magnesium,APTX,1Neigh,1Neigh-Magnesium
Magnesium,BIVM-ERCC5,1Neigh,1Neigh-Magnesium
Magnesium,EP300,1Neigh,1Neigh-Magnesium
Magnesium,DNMT3B,1Neigh,1Neigh-Magnesium
Magnesium,ALDH1A2,1Neigh,1Neigh-Magnesium
Magnesium,CYP2C9,1Neigh,1Neigh-Magnesium
Magnesium,ALDH2,1Neigh,1Neigh-Magnesium
Magnesium,ALDH8A1,1Neigh,1Neigh-Magnesium
Magnesium,CYP2C18,1Neigh,1Neigh-Magnesium
Magnesium,ALDH16A1,1Neigh,1Neigh-Magnesium
Magnesium,ALDH1A1,1Neigh,1Neigh-Magnesium
Magnesium,PRKAG1,1Neigh,1Neigh-Magnesium
Magnesium,CYP2B6,1Neigh,1Neigh-Magnesium
Magnesium,ALDH1A3,1Neigh,1Neigh-Magnesium
Magnesium,DALRD3,1Neigh,1Neigh-Magnesium
Magnesium,ALDH3A2,1Neigh,1Neigh-Magnesium
Magnesium,ALDH9A1,1Neigh,1Neigh-Magnesium
Magnesium,CYP2J2,1Neigh,1Neigh-Magnesium
Magnesium,CYP2C8,1Neigh,1Neigh-Magnesium
Magnesium,ALDH4A1,1Neigh,1Neigh-Magnesium
Magnesium,ALDH1B1,1Neigh,1Neigh-Magnesium
Magnesium,QRICH1,1Neigh,1Neigh-Magnesium
Magnesium,ALDH7A1,1Neigh,1Neigh-Magnesium
Magnesium,PRKAG3,1Neigh,1Neigh-Magnesium
Magnesium,ALDH3A1,1Neigh,1Neigh-Magnesium
Magnesium,ALDH3B1,1Neigh,1Neigh-Magnesium
Magnesium,LDHAL6A,1Neigh,1Neigh-Magnesium
Magnesium,PDHA2,1Neigh,1Neigh-Magnesium
Magnesium,LDHD,1Neigh,1Neigh-Magnesium
Magnesium,LDHAL6B,1Neigh,1Neigh-Magnesium
Magnesium,ME2,1Neigh,1Neigh-Magnesium
Magnesium,AFMID,1Neigh,1Neigh-Magnesium
Magnesium,LDHC,1Neigh,1Neigh-Magnesium
Magnesium,ME3,1Neigh,1Neigh-Magnesium
Magnesium,CYP51A1,1Neigh,1Neigh-Magnesium
Magnesium,HSD17B7,1Neigh,1Neigh-Magnesium
Magnesium,MSMO1,1Neigh,1Neigh-Magnesium
Magnesium,SC5D,1Neigh,1Neigh-Magnesium
Magnesium,SQLE,1Neigh,1Neigh-Magnesium
Magnesium,GGPS1,1Neigh,1Neigh-Magnesium
Magnesium,MVD,1Neigh,1Neigh-Magnesium
Magnesium,INSIG1,1Neigh,1Neigh-Magnesium
Magnesium,DHCR7,1Neigh,1Neigh-Magnesium
Magnesium,SREBF1,1Neigh,1Neigh-Magnesium
Magnesium,FDPS,1Neigh,1Neigh-Magnesium
Magnesium,DHDDS,1Neigh,1Neigh-Magnesium
Magnesium,SREBF2,1Neigh,1Neigh-Magnesium
Magnesium,NUS1,1Neigh,1Neigh-Magnesium
Magnesium,DHCR24,1Neigh,1Neigh-Magnesium
Magnesium,UBIAD1,1Neigh,1Neigh-Magnesium
Magnesium,STRADB,1Neigh,1Neigh-Magnesium
Magnesium,CDC37,1Neigh,1Neigh-Magnesium
Magnesium,PRKAB2,1Neigh,1Neigh-Magnesium
Magnesium,CAB39,1Neigh,1Neigh-Magnesium
Magnesium,NUAK1,1Neigh,1Neigh-Magnesium
Magnesium,AXIN1,1Neigh,1Neigh-Magnesium
Magnesium,PRKCI,1Neigh,1Neigh-Magnesium
Magnesium,CAMKK2,1Neigh,1Neigh-Magnesium
Magnesium,STRADA,1Neigh,1Neigh-Magnesium
Magnesium,PRKAA1,1Neigh,1Neigh-Magnesium
Magnesium,HSP90AB1,1Neigh,1Neigh-Magnesium
Magnesium,PTEN,1Neigh,1Neigh-Magnesium
Magnesium,PRKCZ,1Neigh,1Neigh-Magnesium
Magnesium,ALK,1Neigh,1Neigh-Magnesium
Magnesium,CASP3,1Neigh,1Neigh-Magnesium
Magnesium,SAV1,1Neigh,1Neigh-Magnesium
Magnesium,RASSF4,1Neigh,1Neigh-Magnesium
Magnesium,RASSF6,1Neigh,1Neigh-Magnesium
Magnesium,RASSF1,1Neigh,1Neigh-Magnesium
Magnesium,AMOT,1Neigh,1Neigh-Magnesium
Magnesium,RASSF2,1Neigh,1Neigh-Magnesium
Magnesium,LATS2,1Neigh,1Neigh-Magnesium
Magnesium,MOB1B,1Neigh,1Neigh-Magnesium
Magnesium,LRPPRC,1Neigh,1Neigh-Magnesium
Magnesium,UBE2N,1Neigh,1Neigh-Magnesium
Magnesium,S1PR4,1Neigh,1Neigh-Magnesium
Magnesium,SGPP1,1Neigh,1Neigh-Magnesium
Magnesium,SYT1,1Neigh,1Neigh-Magnesium
Magnesium,PRKCG,1Neigh,1Neigh-Magnesium
Magnesium,PRKCE,1Neigh,1Neigh-Magnesium
Magnesium,SGPP2,1Neigh,1Neigh-Magnesium
Magnesium,SGPL1,1Neigh,1Neigh-Magnesium
Magnesium,ACER3,1Neigh,1Neigh-Magnesium
Magnesium,SPHK2,1Neigh,1Neigh-Magnesium
Magnesium,PTP4A2,1Neigh,1Neigh-Magnesium
Magnesium,ORC3,1Neigh,1Neigh-Magnesium
Magnesium,ICK,1Neigh,1Neigh-Magnesium
Magnesium,ORC4,1Neigh,1Neigh-Magnesium
Magnesium,CRBN,1Neigh,1Neigh-Magnesium
Magnesium,ALG10,1Neigh,1Neigh-Magnesium
Magnesium,ALG10B,1Neigh,1Neigh-Magnesium
Magnesium,DOLPP1,1Neigh,1Neigh-Magnesium
Magnesium,IL1RAPL1,1Neigh,1Neigh-Magnesium
Magnesium,MOGS,1Neigh,1Neigh-Magnesium
Magnesium,FERMT1,1Neigh,1Neigh-Magnesium
Magnesium,NCK2,1Neigh,1Neigh-Magnesium
Magnesium,ARHGEF6,1Neigh,1Neigh-Magnesium
Magnesium,PELP1,1Neigh,1Neigh-Magnesium
Magnesium,RUVBL1,1Neigh,1Neigh-Magnesium
Magnesium,LIMS2,1Neigh,1Neigh-Magnesium
Magnesium,LIMS1,1Neigh,1Neigh-Magnesium
Magnesium,PDPK1,1Neigh,1Neigh-Magnesium
Magnesium,RSU1,1Neigh,1Neigh-Magnesium
Magnesium,TMSB4X,1Neigh,1Neigh-Magnesium
Magnesium,ARHGEF7,1Neigh,1Neigh-Magnesium
Magnesium,AKT3,1Neigh,1Neigh-Magnesium
Magnesium,USP39,1Neigh,1Neigh-Magnesium
Magnesium,SREK1,1Neigh,1Neigh-Magnesium
Magnesium,SF3A3,1Neigh,1Neigh-Magnesium
Magnesium,SF1,1Neigh,1Neigh-Magnesium
Magnesium,MTCL1,1Neigh,1Neigh-Magnesium
Magnesium,UTRN,1Neigh,1Neigh-Magnesium
Magnesium,FKBP2,1Neigh,1Neigh-Magnesium
Magnesium,CTTNBP2,1Neigh,1Neigh-Magnesium
Magnesium,FGFR1OP2,1Neigh,1Neigh-Magnesium
Magnesium,STRIP2,1Neigh,1Neigh-Magnesium
Magnesium,STRN,1Neigh,1Neigh-Magnesium
Magnesium,CTTNBP2NL,1Neigh,1Neigh-Magnesium
Magnesium,MOB4,1Neigh,1Neigh-Magnesium
Magnesium,LRSAM1,1Neigh,1Neigh-Magnesium
Magnesium,STK25,1Neigh,1Neigh-Magnesium
Magnesium,STRN3,1Neigh,1Neigh-Magnesium
Magnesium,TRAF3IP3,1Neigh,1Neigh-Magnesium
Magnesium,SIKE1,1Neigh,1Neigh-Magnesium
Magnesium,STRIP1,1Neigh,1Neigh-Magnesium
Magnesium,STK24,1Neigh,1Neigh-Magnesium
Magnesium,C4ORF19,1Neigh,1Neigh-Magnesium
Magnesium,STRN4,1Neigh,1Neigh-Magnesium
Magnesium,PDCD10,1Neigh,1Neigh-Magnesium
Magnesium,OTC,1Neigh,1Neigh-Magnesium
Magnesium,PYGM,1Neigh,1Neigh-Magnesium
Magnesium,PYGL,1Neigh,1Neigh-Magnesium
Magnesium,PYGB,1Neigh,1Neigh-Magnesium
Magnesium,GYS2,1Neigh,1Neigh-Magnesium
Magnesium,SORD,1Neigh,1Neigh-Magnesium
Magnesium,UAP1,1Neigh,1Neigh-Magnesium
Magnesium,AGL,1Neigh,1Neigh-Magnesium
Magnesium,PGM2L1,1Neigh,1Neigh-Magnesium
Magnesium,GYS1,1Neigh,1Neigh-Magnesium
Magnesium,ENO3,1Neigh,1Neigh-Magnesium
Magnesium,WNT3,1Neigh,1Neigh-Magnesium
Magnesium,HSPBP1,1Neigh,1Neigh-Magnesium
Magnesium,APC,1Neigh,1Neigh-Magnesium
Magnesium,LRP6,1Neigh,1Neigh-Magnesium
Magnesium,SH3GL1,1Neigh,1Neigh-Magnesium
Magnesium,LRP5,1Neigh,1Neigh-Magnesium
Magnesium,TUBB6,1Neigh,1Neigh-Magnesium
Magnesium,SH3GL3,1Neigh,1Neigh-Magnesium
Magnesium,SFN,1Neigh,1Neigh-Magnesium
Magnesium,RHOT1,1Neigh,1Neigh-Magnesium
Magnesium,MSN,1Neigh,1Neigh-Magnesium
Magnesium,SH3GL2,1Neigh,1Neigh-Magnesium
Magnesium,ADGRA2,1Neigh,1Neigh-Magnesium
Magnesium,MFN2,1Neigh,1Neigh-Magnesium
Magnesium,HSPA8,1Neigh,1Neigh-Magnesium
Magnesium,HIF1A,1Neigh,1Neigh-Magnesium
Magnesium,PAK6,1Neigh,1Neigh-Magnesium
Magnesium,CSNK2A1,1Neigh,1Neigh-Magnesium
Magnesium,NCAPG,1Neigh,1Neigh-Magnesium
Magnesium,GINS2,1Neigh,1Neigh-Magnesium
Magnesium,KIF11,1Neigh,1Neigh-Magnesium
Magnesium,KIF14,1Neigh,1Neigh-Magnesium
Magnesium,HDAC1,1Neigh,1Neigh-Magnesium
Magnesium,CKS2,1Neigh,1Neigh-Magnesium
Magnesium,GSTA3,1Neigh,1Neigh-Magnesium
Magnesium,LAP3,1Neigh,1Neigh-Magnesium
Magnesium,GSTM2,1Neigh,1Neigh-Magnesium
Magnesium,GGT1,1Neigh,1Neigh-Magnesium
Magnesium,GSTM5,1Neigh,1Neigh-Magnesium
Magnesium,GGCT,1Neigh,1Neigh-Magnesium
Magnesium,GSTT2B,1Neigh,1Neigh-Magnesium
Magnesium,CHAC2,1Neigh,1Neigh-Magnesium
Magnesium,ANPEP,1Neigh,1Neigh-Magnesium
Magnesium,GSTM1,1Neigh,1Neigh-Magnesium
Magnesium,GSTA1,1Neigh,1Neigh-Magnesium
Magnesium,GGT7,1Neigh,1Neigh-Magnesium
Magnesium,PRDX6,1Neigh,1Neigh-Magnesium
Magnesium,GSTO2,1Neigh,1Neigh-Magnesium
Magnesium,GPX4,1Neigh,1Neigh-Magnesium
Magnesium,GSTM3,1Neigh,1Neigh-Magnesium
Magnesium,MGST3,1Neigh,1Neigh-Magnesium
Magnesium,GSTO1,1Neigh,1Neigh-Magnesium
Magnesium,GSTM4,1Neigh,1Neigh-Magnesium
Magnesium,GCLM,1Neigh,1Neigh-Magnesium
Magnesium,GSTA4,1Neigh,1Neigh-Magnesium
Magnesium,GSTA5,1Neigh,1Neigh-Magnesium
Magnesium,TXNDC12,1Neigh,1Neigh-Magnesium
Magnesium,GGT6,1Neigh,1Neigh-Magnesium
Magnesium,MGST1,1Neigh,1Neigh-Magnesium
Magnesium,GGT5,1Neigh,1Neigh-Magnesium
Magnesium,GSTP1,1Neigh,1Neigh-Magnesium
Magnesium,GSTA2,1Neigh,1Neigh-Magnesium
Magnesium,GPX8,1Neigh,1Neigh-Magnesium
Magnesium,MGST2,1Neigh,1Neigh-Magnesium
Magnesium,CHAC1,1Neigh,1Neigh-Magnesium
Magnesium,HMOX1,1Neigh,1Neigh-Magnesium
Magnesium,CDO1,1Neigh,1Neigh-Magnesium
Magnesium,KYAT3,1Neigh,1Neigh-Magnesium
Magnesium,GLUL,1Neigh,1Neigh-Magnesium
Magnesium,GLS2,1Neigh,1Neigh-Magnesium
Magnesium,GLS,1Neigh,1Neigh-Magnesium
Magnesium,GAD1,1Neigh,1Neigh-Magnesium
Magnesium,CTH,1Neigh,1Neigh-Magnesium
Magnesium,GAD2,1Neigh,1Neigh-Magnesium
Magnesium,SRXN1,1Neigh,1Neigh-Magnesium
Magnesium,KEAP1,1Neigh,1Neigh-Magnesium
Magnesium,KYAT1,1Neigh,1Neigh-Magnesium
Magnesium,OPLAH,1Neigh,1Neigh-Magnesium
Magnesium,ADH1A,1Neigh,1Neigh-Magnesium
Magnesium,CYP3A5,1Neigh,1Neigh-Magnesium
Magnesium,PTGIS,1Neigh,1Neigh-Magnesium
Magnesium,ADH5,1Neigh,1Neigh-Magnesium
Magnesium,CYP2A6,1Neigh,1Neigh-Magnesium
Magnesium,ADH1B,1Neigh,1Neigh-Magnesium
Magnesium,CYP2S1,1Neigh,1Neigh-Magnesium
Magnesium,CYP2A13,1Neigh,1Neigh-Magnesium
Magnesium,CYP2F1,1Neigh,1Neigh-Magnesium
Magnesium,CYP1A2,1Neigh,1Neigh-Magnesium
Magnesium,PTGES,1Neigh,1Neigh-Magnesium
Magnesium,PTGES2,1Neigh,1Neigh-Magnesium
Magnesium,PTGS1,1Neigh,1Neigh-Magnesium
Magnesium,PTGS2,1Neigh,1Neigh-Magnesium
Magnesium,PTGDS,1Neigh,1Neigh-Magnesium
Magnesium,AKR1C3,1Neigh,1Neigh-Magnesium
Magnesium,ADH6,1Neigh,1Neigh-Magnesium
Magnesium,CYP1A1,1Neigh,1Neigh-Magnesium
Magnesium,ADH7,1Neigh,1Neigh-Magnesium
Magnesium,ADH4,1Neigh,1Neigh-Magnesium
Magnesium,ADH1C,1Neigh,1Neigh-Magnesium
Magnesium,CYP2E1,1Neigh,1Neigh-Magnesium
Magnesium,CYP1B1,1Neigh,1Neigh-Magnesium
Magnesium,EPHX1,1Neigh,1Neigh-Magnesium
Magnesium,USP21,1Neigh,1Neigh-Magnesium
Magnesium,ACSS2,1Neigh,1Neigh-Magnesium
Magnesium,G6PC3,1Neigh,1Neigh-Magnesium
Magnesium,MMUT,1Neigh,1Neigh-Magnesium
Magnesium,ACSS1,1Neigh,1Neigh-Magnesium
Magnesium,BIRC3,1Neigh,1Neigh-Magnesium
Magnesium,XIAP,1Neigh,1Neigh-Magnesium
Magnesium,B4GALT7,1Neigh,1Neigh-Magnesium
Magnesium,B3GAT3,1Neigh,1Neigh-Magnesium
Magnesium,GABARAPL2,1Neigh,1Neigh-Magnesium
Magnesium,TOMM22,1Neigh,1Neigh-Magnesium
Magnesium,NDUFS7,1Neigh,1Neigh-Magnesium
Magnesium,TRAP1,1Neigh,1Neigh-Magnesium
Magnesium,NDUFA10,1Neigh,1Neigh-Magnesium
Magnesium,USP30,1Neigh,1Neigh-Magnesium
Magnesium,NDUFA9,1Neigh,1Neigh-Magnesium
Magnesium,NDUFS6,1Neigh,1Neigh-Magnesium
Magnesium,TOMM70,1Neigh,1Neigh-Magnesium
Magnesium,NDUFB8,1Neigh,1Neigh-Magnesium
Magnesium,RHOT2,1Neigh,1Neigh-Magnesium
Magnesium,TRAK1,1Neigh,1Neigh-Magnesium
Magnesium,NDUFA4,1Neigh,1Neigh-Magnesium
Magnesium,NBR1,1Neigh,1Neigh-Magnesium
Magnesium,ATG7,1Neigh,1Neigh-Magnesium
Magnesium,TOMM7,1Neigh,1Neigh-Magnesium
Magnesium,MT-ND6,1Neigh,1Neigh-Magnesium
Magnesium,MT-ND1,1Neigh,1Neigh-Magnesium
Magnesium,MT-ND5,1Neigh,1Neigh-Magnesium
Magnesium,MT-ND4,1Neigh,1Neigh-Magnesium
Magnesium,MT-ND2,1Neigh,1Neigh-Magnesium
Magnesium,MT-ND3,1Neigh,1Neigh-Magnesium
Magnesium,TOMM20,1Neigh,1Neigh-Magnesium
Magnesium,ATG5,1Neigh,1Neigh-Magnesium
Magnesium,NDUFA8,1Neigh,1Neigh-Magnesium
Magnesium,MAP1LC3A,1Neigh,1Neigh-Magnesium
Magnesium,FUNDC1,1Neigh,1Neigh-Magnesium
Magnesium,OPTN,1Neigh,1Neigh-Magnesium
Magnesium,BNIP3L,1Neigh,1Neigh-Magnesium
Magnesium,VDAC1,1Neigh,1Neigh-Magnesium
Magnesium,NEDD4L,1Neigh,1Neigh-Magnesium
Magnesium,IMMT,1Neigh,1Neigh-Magnesium
Magnesium,NDUFS1,1Neigh,1Neigh-Magnesium
Magnesium,CALCOCO2,1Neigh,1Neigh-Magnesium
Magnesium,TOMM40,1Neigh,1Neigh-Magnesium
Magnesium,GABARAPL1,1Neigh,1Neigh-Magnesium
Magnesium,PGAM5,1Neigh,1Neigh-Magnesium
Magnesium,NAMPT,1Neigh,1Neigh-Magnesium
Magnesium,UMPS,1Neigh,1Neigh-Magnesium
Magnesium,CNIH3,1Neigh,1Neigh-Magnesium
Magnesium,NMNAT2,1Neigh,1Neigh-Magnesium
Magnesium,NMNAT1,1Neigh,1Neigh-Magnesium
Magnesium,QPRT,1Neigh,1Neigh-Magnesium
Magnesium,NAPRT,1Neigh,1Neigh-Magnesium
Magnesium,XYLB,1Neigh,1Neigh-Magnesium
Magnesium,PGLS,1Neigh,1Neigh-Magnesium
Magnesium,RPIA,1Neigh,1Neigh-Magnesium
Magnesium,RBM45,1Neigh,1Neigh-Magnesium
Magnesium,PGAM2,1Neigh,1Neigh-Magnesium
Magnesium,PGK2,1Neigh,1Neigh-Magnesium
Magnesium,RBKS,1Neigh,1Neigh-Magnesium
Magnesium,ADPGK,1Neigh,1Neigh-Magnesium
Magnesium,ENO4,1Neigh,1Neigh-Magnesium
Magnesium,RPE,1Neigh,1Neigh-Magnesium
Magnesium,PGAM1,1Neigh,1Neigh-Magnesium
Magnesium,MINPP1,1Neigh,1Neigh-Magnesium
Magnesium,G6PC2,1Neigh,1Neigh-Magnesium
Magnesium,BPGM,1Neigh,1Neigh-Magnesium
Magnesium,PGAM4,1Neigh,1Neigh-Magnesium
Magnesium,DERA,1Neigh,1Neigh-Magnesium
Magnesium,ENO1,1Neigh,1Neigh-Magnesium
Magnesium,CFTR,1Neigh,1Neigh-Magnesium
Magnesium,AKAP11,1Neigh,1Neigh-Magnesium
Magnesium,CREB3L3,1Neigh,1Neigh-Magnesium
Magnesium,KCNQ1,1Neigh,1Neigh-Magnesium
Magnesium,AQP2,1Neigh,1Neigh-Magnesium
Magnesium,NFKBIA,1Neigh,1Neigh-Magnesium
Magnesium,ARHGDIG,1Neigh,1Neigh-Magnesium
Magnesium,AKAP10,1Neigh,1Neigh-Magnesium
Magnesium,NFKB1,1Neigh,1Neigh-Magnesium
Magnesium,GLI1,1Neigh,1Neigh-Magnesium
Magnesium,ARHGDIB,1Neigh,1Neigh-Magnesium
Magnesium,NR3C1,1Neigh,1Neigh-Magnesium
Magnesium,SLC8A2,1Neigh,1Neigh-Magnesium
Magnesium,LIPE,1Neigh,1Neigh-Magnesium
Magnesium,SOX9,1Neigh,1Neigh-Magnesium
Magnesium,SMO,1Neigh,1Neigh-Magnesium
Magnesium,PPP1R1B,1Neigh,1Neigh-Magnesium
Magnesium,CSNK1G2,1Neigh,1Neigh-Magnesium
Magnesium,PPP1R1A,1Neigh,1Neigh-Magnesium
Magnesium,KCNMB4,1Neigh,1Neigh-Magnesium
Magnesium,GNB5,1Neigh,1Neigh-Magnesium
Magnesium,ATF1,1Neigh,1Neigh-Magnesium
Magnesium,SLC12A2,1Neigh,1Neigh-Magnesium
Magnesium,SLC9A3R1,1Neigh,1Neigh-Magnesium
Magnesium,GRIN2D,1Neigh,1Neigh-Magnesium
Magnesium,PAX8,1Neigh,1Neigh-Magnesium
Magnesium,ATP2B3,1Neigh,1Neigh-Magnesium
Magnesium,SLC9A1,1Neigh,1Neigh-Magnesium
Magnesium,RASGRF2,1Neigh,1Neigh-Magnesium
Magnesium,TRPV5,1Neigh,1Neigh-Magnesium
Magnesium,PRKAR2A,1Neigh,1Neigh-Magnesium
Magnesium,KCNMB1,1Neigh,1Neigh-Magnesium
Magnesium,GRIA4,1Neigh,1Neigh-Magnesium
Magnesium,KCNMA1,1Neigh,1Neigh-Magnesium
Magnesium,CACNA1D,1Neigh,1Neigh-Magnesium
Magnesium,ARAF,1Neigh,1Neigh-Magnesium
Magnesium,GRIN2C,1Neigh,1Neigh-Magnesium
Magnesium,KCNJ3,1Neigh,1Neigh-Magnesium
Magnesium,GRIA2,1Neigh,1Neigh-Magnesium
Magnesium,PLIN1,1Neigh,1Neigh-Magnesium
Magnesium,CACNG2,1Neigh,1Neigh-Magnesium
Magnesium,PTGER4,1Neigh,1Neigh-Magnesium
Magnesium,SCN1A,1Neigh,1Neigh-Magnesium
Magnesium,ADRB2,1Neigh,1Neigh-Magnesium
Magnesium,GABARAP,1Neigh,1Neigh-Magnesium
Magnesium,KCNMB3,1Neigh,1Neigh-Magnesium
Magnesium,SCN4B,1Neigh,1Neigh-Magnesium
Magnesium,KDM3B,1Neigh,1Neigh-Magnesium
Magnesium,GRIN2A,1Neigh,1Neigh-Magnesium
Magnesium,TTF1,1Neigh,1Neigh-Magnesium
Magnesium,GNG2,1Neigh,1Neigh-Magnesium
Magnesium,EZR,1Neigh,1Neigh-Magnesium
Magnesium,DYRK1A,1Neigh,1Neigh-Magnesium
Magnesium,CREB3,1Neigh,1Neigh-Magnesium
Magnesium,CACNA2D1,1Neigh,1Neigh-Magnesium
Magnesium,PLN,1Neigh,1Neigh-Magnesium
Magnesium,CREB5,1Neigh,1Neigh-Magnesium
Magnesium,AKAP4,1Neigh,1Neigh-Magnesium
Magnesium,ATP2B2,1Neigh,1Neigh-Magnesium
Magnesium,CSNK1G3,1Neigh,1Neigh-Magnesium
Magnesium,AKAP13,1Neigh,1Neigh-Magnesium
Magnesium,GRIN3A,1Neigh,1Neigh-Magnesium
Magnesium,CACNA1S,1Neigh,1Neigh-Magnesium
Magnesium,ATP1B1,1Neigh,1Neigh-Magnesium
Magnesium,ATP1A4,1Neigh,1Neigh-Magnesium
Magnesium,KCNJ9,1Neigh,1Neigh-Magnesium
Magnesium,RAB13,1Neigh,1Neigh-Magnesium
Magnesium,PDE4DIP,1Neigh,1Neigh-Magnesium
Magnesium,SUFU,1Neigh,1Neigh-Magnesium
Magnesium,GNAS,1Neigh,1Neigh-Magnesium
Magnesium,AKAP14,1Neigh,1Neigh-Magnesium
Magnesium,GRIN1,1Neigh,1Neigh-Magnesium
Magnesium,NR5A1,1Neigh,1Neigh-Magnesium
Magnesium,ITPR3,1Neigh,1Neigh-Magnesium
Magnesium,AR,1Neigh,1Neigh-Magnesium
Magnesium,CACNA1F,1Neigh,1Neigh-Magnesium
Magnesium,NPPA,1Neigh,1Neigh-Magnesium
Magnesium,CSNK1A1L,1Neigh,1Neigh-Magnesium
Magnesium,PDX1,1Neigh,1Neigh-Magnesium
Magnesium,SLC8A3,1Neigh,1Neigh-Magnesium
Magnesium,ITPR2,1Neigh,1Neigh-Magnesium
Magnesium,PRKAR1A,1Neigh,1Neigh-Magnesium
Magnesium,KIF7,1Neigh,1Neigh-Magnesium
Magnesium,BAD,1Neigh,1Neigh-Magnesium
Magnesium,ULK2,1Neigh,1Neigh-Magnesium
Magnesium,GLI3,1Neigh,1Neigh-Magnesium
Magnesium,KCNE1,1Neigh,1Neigh-Magnesium
Magnesium,KCNU1,1Neigh,1Neigh-Magnesium
Magnesium,RELA,1Neigh,1Neigh-Magnesium
Magnesium,GCG,1Neigh,1Neigh-Magnesium
Magnesium,SCN1B,1Neigh,1Neigh-Magnesium
Magnesium,GNG4,1Neigh,1Neigh-Magnesium
Magnesium,ESR1,1Neigh,1Neigh-Magnesium
Magnesium,RASGRF1,1Neigh,1Neigh-Magnesium
Magnesium,ADCY5,1Neigh,1Neigh-Magnesium
Magnesium,GRIA1,1Neigh,1Neigh-Magnesium
Magnesium,KCNJ5,1Neigh,1Neigh-Magnesium
Magnesium,ATP1A3,1Neigh,1Neigh-Magnesium
Magnesium,ATP1A1,1Neigh,1Neigh-Magnesium
Magnesium,KCNJ6,1Neigh,1Neigh-Magnesium
Magnesium,GRIN2B,1Neigh,1Neigh-Magnesium
Magnesium,CTNNB1,1Neigh,1Neigh-Magnesium
Magnesium,DCN,1Neigh,1Neigh-Magnesium
Magnesium,CCL2,1Neigh,1Neigh-Magnesium
Magnesium,TGFB3,1Neigh,1Neigh-Magnesium
Magnesium,FGL2,1Neigh,1Neigh-Magnesium
Magnesium,PF4,1Neigh,1Neigh-Magnesium
Magnesium,PLG,1Neigh,1Neigh-Magnesium
Magnesium,COL18A1,1Neigh,1Neigh-Magnesium
Magnesium,TGFB2,1Neigh,1Neigh-Magnesium
Magnesium,MMP9,1Neigh,1Neigh-Magnesium
Magnesium,SDC4,1Neigh,1Neigh-Magnesium
Magnesium,SDC1,1Neigh,1Neigh-Magnesium
Magnesium,FGL1,1Neigh,1Neigh-Magnesium
Magnesium,AJUBA,1Neigh,1Neigh-Magnesium
Magnesium,LIMD1,1Neigh,1Neigh-Magnesium
Magnesium,NF2,1Neigh,1Neigh-Magnesium
Magnesium,TEAD4,1Neigh,1Neigh-Magnesium
Magnesium,PTPN14,1Neigh,1Neigh-Magnesium
Magnesium,NPHP4,1Neigh,1Neigh-Magnesium
Magnesium,AMOTL1,1Neigh,1Neigh-Magnesium
Magnesium,AMOTL2,1Neigh,1Neigh-Magnesium
Magnesium,WWC1,1Neigh,1Neigh-Magnesium
Magnesium,TEAD1,1Neigh,1Neigh-Magnesium
Magnesium,MLKL,1Neigh,1Neigh-Magnesium
Magnesium,TRPV2,1Neigh,1Neigh-Magnesium
Magnesium,TRPM2,1Neigh,1Neigh-Magnesium
Magnesium,NDRG1,1Neigh,1Neigh-Magnesium
Magnesium,SCLY,1Neigh,1Neigh-Magnesium
Magnesium,TADA2A,1Neigh,1Neigh-Magnesium
Magnesium,RARS2,1Neigh,1Neigh-Magnesium
Magnesium,WARS1,1Neigh,1Neigh-Magnesium
Magnesium,NARS2,1Neigh,1Neigh-Magnesium
Magnesium,CARS1,1Neigh,1Neigh-Magnesium
Magnesium,GARS1,1Neigh,1Neigh-Magnesium
Magnesium,MARS2,1Neigh,1Neigh-Magnesium
Magnesium,YARS1,1Neigh,1Neigh-Magnesium
Magnesium,TARS1,1Neigh,1Neigh-Magnesium
Magnesium,EARS2,1Neigh,1Neigh-Magnesium
Magnesium,PARS2,1Neigh,1Neigh-Magnesium
Magnesium,SARS2-2,1Neigh,1Neigh-Magnesium
Magnesium,VARS2,1Neigh,1Neigh-Magnesium
Magnesium,LARS2,1Neigh,1Neigh-Magnesium
Magnesium,HARS2,1Neigh,1Neigh-Magnesium
Magnesium,NGF,1Neigh,1Neigh-Magnesium
Magnesium,LZTR1,1Neigh,1Neigh-Magnesium
Magnesium,AMPD2,1Neigh,1Neigh-Magnesium
Magnesium,AK2,1Neigh,1Neigh-Magnesium
Magnesium,ESRP2,1Neigh,1Neigh-Magnesium
Magnesium,PLCG2,1Neigh,1Neigh-Magnesium
Magnesium,MTTP,1Neigh,1Neigh-Magnesium
Magnesium,IL10,1Neigh,1Neigh-Magnesium
Magnesium,DNAJA2,1Neigh,1Neigh-Magnesium
Magnesium,PTGES3,1Neigh,1Neigh-Magnesium
Magnesium,MAD1L1,1Neigh,1Neigh-Magnesium
Magnesium,RPS27,1Neigh,1Neigh-Magnesium
Magnesium,CLIP1,1Neigh,1Neigh-Magnesium
Magnesium,CKAP5,1Neigh,1Neigh-Magnesium
Magnesium,RCC2,1Neigh,1Neigh-Magnesium
Magnesium,SLC17A7,1Neigh,1Neigh-Magnesium
Magnesium,NLGN1,1Neigh,1Neigh-Magnesium
Magnesium,TK1,1Neigh,1Neigh-Magnesium
Magnesium,OFD1,1Neigh,1Neigh-Magnesium
Magnesium,DISC1,1Neigh,1Neigh-Magnesium
Magnesium,RAB9A,1Neigh,1Neigh-Magnesium
Magnesium,PAFAH1B2,1Neigh,1Neigh-Magnesium
Magnesium,PNPO,1Neigh,1Neigh-Magnesium
Magnesium,FDX2,1Neigh,1Neigh-Magnesium
Magnesium,TP53RK,1Neigh,1Neigh-Magnesium
Magnesium,SEPTIN3,1Neigh,1Neigh-Magnesium
Magnesium,PC,1Neigh,1Neigh-Magnesium
Magnesium,ALDOB,1Neigh,1Neigh-Magnesium
Magnesium,GID4,1Neigh,1Neigh-Magnesium
Magnesium,HAO1,1Neigh,1Neigh-Magnesium
Magnesium,ALAS2,1Neigh,1Neigh-Magnesium
Magnesium,MAT1A,1Neigh,1Neigh-Magnesium
Magnesium,CTBP2,1Neigh,1Neigh-Magnesium
Magnesium,ATXN7-2,1Neigh,1Neigh-Magnesium
Magnesium,GLYCTK,1Neigh,1Neigh-Magnesium
Magnesium,LCK,1Neigh,1Neigh-Magnesium
Magnesium,IL2RA,1Neigh,1Neigh-Magnesium
Magnesium,IL15,1Neigh,1Neigh-Magnesium
Magnesium,KLRK1,1Neigh,1Neigh-Magnesium
Magnesium,LAMP2,1Neigh,1Neigh-Magnesium
Magnesium,CD274,1Neigh,1Neigh-Magnesium
Magnesium,KLRC1,1Neigh,1Neigh-Magnesium
Magnesium,CD226,1Neigh,1Neigh-Magnesium
Magnesium,FCGR3B,1Neigh,1Neigh-Magnesium
Magnesium,LPIN3,1Neigh,1Neigh-Magnesium
Magnesium,PLD4,1Neigh,1Neigh-Magnesium
Magnesium,FKRP,1Neigh,1Neigh-Magnesium
Magnesium,B4GAT1,1Neigh,1Neigh-Magnesium
Magnesium,DAG1,1Neigh,1Neigh-Magnesium
Magnesium,ELMO3,1Neigh,1Neigh-Magnesium
Magnesium,SRSF5,1Neigh,1Neigh-Magnesium
Magnesium,CPSF1,1Neigh,1Neigh-Magnesium
Magnesium,TENT4B,1Neigh,1Neigh-Magnesium
Magnesium,ZCCHC7,1Neigh,1Neigh-Magnesium
Magnesium,SNRNP70,1Neigh,1Neigh-Magnesium
Magnesium,FURIN,1Neigh,1Neigh-Magnesium
Magnesium,IGHV3-43D,1Neigh,1Neigh-Magnesium
Magnesium,VKORC1,1Neigh,1Neigh-Magnesium
Magnesium,THBD,1Neigh,1Neigh-Magnesium
Magnesium,KNG1,1Neigh,1Neigh-Magnesium
Magnesium,MGAM,1Neigh,1Neigh-Magnesium
Magnesium,BACE1,1Neigh,1Neigh-Magnesium
Magnesium,MAOB,1Neigh,1Neigh-Magnesium
Magnesium,MUSK,1Neigh,1Neigh-Magnesium
Magnesium,MYO1C,1Neigh,1Neigh-Magnesium
Magnesium,MYL3,1Neigh,1Neigh-Magnesium
Magnesium,MYOCD,1Neigh,1Neigh-Magnesium
Magnesium,CBFB,1Neigh,1Neigh-Magnesium
Magnesium,RUNX1T1,1Neigh,1Neigh-Magnesium
Magnesium,TNNT2,1Neigh,1Neigh-Magnesium
Magnesium,MYBPC3,1Neigh,1Neigh-Magnesium
Magnesium,TTN,1Neigh,1Neigh-Magnesium
Magnesium,FPGT-TNNI3K,1Neigh,1Neigh-Magnesium
Magnesium,GALE,1Neigh,1Neigh-Magnesium
Magnesium,ATP5MC2,1Neigh,1Neigh-Magnesium
Magnesium,ATP6V0B,1Neigh,1Neigh-Magnesium
Magnesium,PAPSS2,1Neigh,1Neigh-Magnesium
Magnesium,SLN,1Neigh,1Neigh-Magnesium
Magnesium,THPO,1Neigh,1Neigh-Magnesium
Magnesium,B2M,1Neigh,1Neigh-Magnesium
Magnesium,GHRH,1Neigh,1Neigh-Magnesium
Magnesium,HPF1,1Neigh,1Neigh-Magnesium
Magnesium,PARG,1Neigh,1Neigh-Magnesium
Magnesium,HPS6,1Neigh,1Neigh-Magnesium
Magnesium,ASIP,1Neigh,1Neigh-Magnesium
Magnesium,PPP1R15B,1Neigh,1Neigh-Magnesium
Magnesium,GSN,1Neigh,1Neigh-Magnesium
Magnesium,WIPF1,1Neigh,1Neigh-Magnesium
Magnesium,GC,1Neigh,1Neigh-Magnesium
Magnesium,TWF1,1Neigh,1Neigh-Magnesium
Magnesium,LCP1,1Neigh,1Neigh-Magnesium
Magnesium,ACTN3,1Neigh,1Neigh-Magnesium
Magnesium,MYO10,1Neigh,1Neigh-Magnesium
Magnesium,COBL,1Neigh,1Neigh-Magnesium
Magnesium,MRTFB,1Neigh,1Neigh-Magnesium
Magnesium,MRTFA,1Neigh,1Neigh-Magnesium
Magnesium,SERPINB2,1Neigh,1Neigh-Magnesium
Magnesium,IGHV3-72,1Neigh,1Neigh-Magnesium
Magnesium,A2M,1Neigh,1Neigh-Magnesium
Magnesium,SERPINA1,1Neigh,1Neigh-Magnesium
Magnesium,F2R,1Neigh,1Neigh-Magnesium
Magnesium,SERPINA5,1Neigh,1Neigh-Magnesium
Magnesium,FGA,1Neigh,1Neigh-Magnesium
Magnesium,F13B,1Neigh,1Neigh-Magnesium
Magnesium,PGA4,1Neigh,1Neigh-Magnesium
Magnesium,ERCC5,1Neigh,1Neigh-Magnesium
Magnesium,RAD17,1Neigh,1Neigh-Magnesium
Magnesium,CCNA2,1Neigh,1Neigh-Magnesium
Magnesium,H3-2,1Neigh,1Neigh-Magnesium
Magnesium,UBE2T,1Neigh,1Neigh-Magnesium
Magnesium,MLH3,1Neigh,1Neigh-Magnesium
Magnesium,PSMC3IP,1Neigh,1Neigh-Magnesium
Magnesium,KAT5,1Neigh,1Neigh-Magnesium
Magnesium,UIMC1,1Neigh,1Neigh-Magnesium
Magnesium,MSH5,1Neigh,1Neigh-Magnesium
Magnesium,RAD51D,1Neigh,1Neigh-Magnesium
Magnesium,RAD51D-2,1Neigh,1Neigh-Magnesium
Magnesium,TPX2,1Neigh,1Neigh-Magnesium
Magnesium,SMC6,1Neigh,1Neigh-Magnesium
Magnesium,EME1,1Neigh,1Neigh-Magnesium
Magnesium,CDC20B,1Neigh,1Neigh-Magnesium
Magnesium,TTK,1Neigh,1Neigh-Magnesium
Magnesium,UBE2V2,1Neigh,1Neigh-Magnesium
Magnesium,SEM1,1Neigh,1Neigh-Magnesium
Magnesium,APOBEC3G,1Neigh,1Neigh-Magnesium
Magnesium,APOBEC3A,1Neigh,1Neigh-Magnesium
Magnesium,CES2,1Neigh,1Neigh-Magnesium
Magnesium,PDE6B,1Neigh,1Neigh-Magnesium
Magnesium,ATP6V0E2,1Neigh,1Neigh-Magnesium
Magnesium,CYP3A4,1Neigh,1Neigh-Magnesium
Magnesium,ARF1,1Neigh,1Neigh-Magnesium
Magnesium,ARFGAP2,1Neigh,1Neigh-Magnesium
Magnesium,COPZ2,1Neigh,1Neigh-Magnesium
Magnesium,AP2B1,1Neigh,1Neigh-Magnesium
Magnesium,MAX,1Neigh,1Neigh-Magnesium
Magnesium,NEFL,1Neigh,1Neigh-Magnesium
Magnesium,PRKG1,1Neigh,1Neigh-Magnesium
Magnesium,BCL10,1Neigh,1Neigh-Magnesium
Magnesium,DDIT3,1Neigh,1Neigh-Magnesium
Magnesium,RPS6KA5,1Neigh,1Neigh-Magnesium
Magnesium,MAPKAPK5,1Neigh,1Neigh-Magnesium
Magnesium,MAP2K6,1Neigh,1Neigh-Magnesium
Magnesium,MAPKAPK3,1Neigh,1Neigh-Magnesium
Magnesium,PTPN3,1Neigh,1Neigh-Magnesium
Magnesium,NCF4,1Neigh,1Neigh-Magnesium
Magnesium,GNAI1,1Neigh,1Neigh-Magnesium
Magnesium,MEF2A,1Neigh,1Neigh-Magnesium
Magnesium,SCRIB,1Neigh,1Neigh-Magnesium
Magnesium,DUSP7,1Neigh,1Neigh-Magnesium
Magnesium,HNRNPU,1Neigh,1Neigh-Magnesium
Magnesium,HTATSF1,1Neigh,1Neigh-Magnesium
Magnesium,XAB2,1Neigh,1Neigh-Magnesium
Magnesium,ELOC,1Neigh,1Neigh-Magnesium
Magnesium,MED19,1Neigh,1Neigh-Magnesium
Magnesium,CTDP1,1Neigh,1Neigh-Magnesium
Magnesium,POLR2J3,1Neigh,1Neigh-Magnesium
Magnesium,DDX6,1Neigh,1Neigh-Magnesium
Magnesium,TAF1L,1Neigh,1Neigh-Magnesium
Magnesium,MYC,1Neigh,1Neigh-Magnesium
Magnesium,FBF1,1Neigh,1Neigh-Magnesium
Magnesium,ITCH,1Neigh,1Neigh-Magnesium
Magnesium,PMS1,1Neigh,1Neigh-Magnesium
Magnesium,SMARCAD1,1Neigh,1Neigh-Magnesium
Magnesium,BRAF,1Neigh,1Neigh-Magnesium
Magnesium,HMGB1,1Neigh,1Neigh-Magnesium
Magnesium,SUCLA2,1Neigh,1Neigh-Magnesium
Magnesium,CSNK1D,1Neigh,1Neigh-Magnesium
Magnesium,CPEB2,1Neigh,1Neigh-Magnesium
Magnesium,CEP192,1Neigh,1Neigh-Magnesium
Magnesium,CPEB1,1Neigh,1Neigh-Magnesium
Magnesium,LIN9,1Neigh,1Neigh-Magnesium
Magnesium,REC8,1Neigh,1Neigh-Magnesium
Magnesium,CCNF,1Neigh,1Neigh-Magnesium
Magnesium,NCAPD3,1Neigh,1Neigh-Magnesium
Magnesium,CEP290,1Neigh,1Neigh-Magnesium
Magnesium,NEDD1,1Neigh,1Neigh-Magnesium
Magnesium,PTTG2,1Neigh,1Neigh-Magnesium
Magnesium,RACGAP1,1Neigh,1Neigh-Magnesium
Magnesium,SPC24,1Neigh,1Neigh-Magnesium
Magnesium,GTSE1,1Neigh,1Neigh-Magnesium
Magnesium,CEP152,1Neigh,1Neigh-Magnesium
Magnesium,NUSAP1,1Neigh,1Neigh-Magnesium
Magnesium,SSNA1,1Neigh,1Neigh-Magnesium
Magnesium,ALMS1,1Neigh,1Neigh-Magnesium
Magnesium,CEP78,1Neigh,1Neigh-Magnesium
Magnesium,GOLGA2,1Neigh,1Neigh-Magnesium
Magnesium,SFI1,1Neigh,1Neigh-Magnesium
Magnesium,SDCCAG8,1Neigh,1Neigh-Magnesium
Magnesium,CEP250,1Neigh,1Neigh-Magnesium
Magnesium,ODF2,1Neigh,1Neigh-Magnesium
Magnesium,BORA,1Neigh,1Neigh-Magnesium
Magnesium,KNTC1,1Neigh,1Neigh-Magnesium
Magnesium,H2BC14,1Neigh,1Neigh-Magnesium
Magnesium,HJURP,1Neigh,1Neigh-Magnesium
Magnesium,MKI67,1Neigh,1Neigh-Magnesium
Magnesium,DLG4,1Neigh,1Neigh-Magnesium
Magnesium,LGI1,1Neigh,1Neigh-Magnesium
Magnesium,CNTNAP2,1Neigh,1Neigh-Magnesium
Magnesium,KCNA2,1Neigh,1Neigh-Magnesium
Magnesium,CACNA1A,1Neigh,1Neigh-Magnesium
Magnesium,RPL11,1Neigh,1Neigh-Magnesium
Magnesium,GTF3C4,1Neigh,1Neigh-Magnesium
Magnesium,ENSP00000487094,1Neigh,1Neigh-Magnesium
Magnesium,POLR3G,1Neigh,1Neigh-Magnesium
Magnesium,LOC102724159,1Neigh,1Neigh-Magnesium
Magnesium,SEC61G,1Neigh,1Neigh-Magnesium
Magnesium,WNK1,1Neigh,1Neigh-Magnesium
Magnesium,PRPS1L1,1Neigh,1Neigh-Magnesium
Magnesium,NDUFV1,1Neigh,1Neigh-Magnesium
Magnesium,KCTD2,1Neigh,1Neigh-Magnesium
Magnesium,SUMO3,1Neigh,1Neigh-Magnesium
Magnesium,RAD23A,1Neigh,1Neigh-Magnesium
Magnesium,PIAS2,1Neigh,1Neigh-Magnesium
Magnesium,PIAS1,1Neigh,1Neigh-Magnesium
Magnesium,PIAS3,1Neigh,1Neigh-Magnesium
Magnesium,E2F6,1Neigh,1Neigh-Magnesium
Magnesium,TXNIP,1Neigh,1Neigh-Magnesium
Magnesium,TNFAIP3,1Neigh,1Neigh-Magnesium
Magnesium,TRAF1,1Neigh,1Neigh-Magnesium
Magnesium,FAS,1Neigh,1Neigh-Magnesium
Magnesium,MAPK8IP3,1Neigh,1Neigh-Magnesium
Magnesium,PNPT1,1Neigh,1Neigh-Magnesium
Magnesium,SIX1,1Neigh,1Neigh-Magnesium
Magnesium,DACH1,1Neigh,1Neigh-Magnesium
Magnesium,ADCY7,1Neigh,1Neigh-Magnesium
Magnesium,SMPD4,1Neigh,1Neigh-Magnesium
Magnesium,KDSR,1Neigh,1Neigh-Magnesium
Magnesium,DCAF7,1Neigh,1Neigh-Magnesium
Magnesium,DCTN4,1Neigh,1Neigh-Magnesium
Magnesium,ATG13,1Neigh,1Neigh-Magnesium
Magnesium,TBC1D7,1Neigh,1Neigh-Magnesium
Magnesium,MLST8,1Neigh,1Neigh-Magnesium
Magnesium,RPS6,1Neigh,1Neigh-Magnesium
Magnesium,DEPDC5,1Neigh,1Neigh-Magnesium
Magnesium,CASTOR1,1Neigh,1Neigh-Magnesium
Magnesium,EIF4E,1Neigh,1Neigh-Magnesium
Magnesium,CDK5,1Neigh,1Neigh-Magnesium
Magnesium,GRB10,1Neigh,1Neigh-Magnesium
Magnesium,NTRK1,1Neigh,1Neigh-Magnesium
Magnesium,SORBS1,1Neigh,1Neigh-Magnesium
Magnesium,BCAR1,1Neigh,1Neigh-Magnesium
Magnesium,KITLG,1Neigh,1Neigh-Magnesium
Magnesium,SOCS1,1Neigh,1Neigh-Magnesium
Magnesium,NEDD9,1Neigh,1Neigh-Magnesium
Magnesium,EPHB6,1Neigh,1Neigh-Magnesium
Magnesium,EPHA6,1Neigh,1Neigh-Magnesium
Magnesium,EPHB1,1Neigh,1Neigh-Magnesium
Magnesium,EPHB2,1Neigh,1Neigh-Magnesium
Magnesium,EPHA5,1Neigh,1Neigh-Magnesium
Magnesium,SLIT2,1Neigh,1Neigh-Magnesium
Magnesium,CREB1,1Neigh,1Neigh-Magnesium
Magnesium,MAP3K12,1Neigh,1Neigh-Magnesium
Magnesium,SIK1B,1Neigh,1Neigh-Magnesium
Magnesium,PRH1,1Neigh,1Neigh-Magnesium
Magnesium,TIMELESS,1Neigh,1Neigh-Magnesium
Magnesium,MYD88,1Neigh,1Neigh-Magnesium
Magnesium,DDX10,1Neigh,1Neigh-Magnesium
Magnesium,DDX27,1Neigh,1Neigh-Magnesium
Magnesium,TAF1C,1Neigh,1Neigh-Magnesium
Magnesium,NOLC1,1Neigh,1Neigh-Magnesium
Magnesium,SIRT7,1Neigh,1Neigh-Magnesium
Magnesium,NLE1,1Neigh,1Neigh-Magnesium
Magnesium,RAPGEF6,1Neigh,1Neigh-Magnesium
Magnesium,RPP38,1Neigh,1Neigh-Magnesium
Magnesium,RACK1,1Neigh,1Neigh-Magnesium
Magnesium,PDIA6,1Neigh,1Neigh-Magnesium
Magnesium,DNAJC3,1Neigh,1Neigh-Magnesium
Magnesium,DNAJB9,1Neigh,1Neigh-Magnesium
Magnesium,TNF,1Neigh,1Neigh-Magnesium
Magnesium,TMBIM6,1Neigh,1Neigh-Magnesium
Magnesium,DERL3,1Neigh,1Neigh-Magnesium
Magnesium,XDH,1Neigh,1Neigh-Magnesium
Magnesium,MTAP,1Neigh,1Neigh-Magnesium
Magnesium,OST4,1Neigh,1Neigh-Magnesium
Magnesium,F5H5P2_HUMAN,1Neigh,1Neigh-Magnesium
Magnesium,HSD17B4,1Neigh,1Neigh-Magnesium
Magnesium,MT-CO3,1Neigh,1Neigh-Magnesium
Magnesium,PEX5L,1Neigh,1Neigh-Magnesium
Magnesium,PSMC3,1Neigh,1Neigh-Magnesium
Magnesium,ATXN3,1Neigh,1Neigh-Magnesium
Magnesium,CLU,1Neigh,1Neigh-Magnesium
Magnesium,EPB42,1Neigh,1Neigh-Magnesium
Magnesium,NDUFB6,1Neigh,1Neigh-Magnesium
Magnesium,KLK6,1Neigh,1Neigh-Magnesium
Magnesium,PRNP,1Neigh,1Neigh-Magnesium
Magnesium,RAB1A,1Neigh,1Neigh-Magnesium
Magnesium,MAP1LC3B,1Neigh,1Neigh-Magnesium
Magnesium,CEBPA,1Neigh,1Neigh-Magnesium
Magnesium,FGFR2,1Neigh,1Neigh-Magnesium
Magnesium,NDUFS8,1Neigh,1Neigh-Magnesium
Magnesium,USH1G,1Neigh,1Neigh-Magnesium
Magnesium,LHFPL5,1Neigh,1Neigh-Magnesium
Magnesium,PDZD7,1Neigh,1Neigh-Magnesium
Magnesium,MYO15A,1Neigh,1Neigh-Magnesium
Magnesium,MTHFD1,1Neigh,1Neigh-Magnesium
Magnesium,PHGDH,1Neigh,1Neigh-Magnesium
Magnesium,TRA2B,1Neigh,1Neigh-Magnesium
Magnesium,LUC7L3,1Neigh,1Neigh-Magnesium
Magnesium,CLK1,1Neigh,1Neigh-Magnesium
Magnesium,SRSF8,1Neigh,1Neigh-Magnesium
Magnesium,ARGLU1,1Neigh,1Neigh-Magnesium
Magnesium,DDX46,1Neigh,1Neigh-Magnesium
Magnesium,GPAT2,1Neigh,1Neigh-Magnesium
Magnesium,THNSL1,1Neigh,1Neigh-Magnesium
Magnesium,NDUFAB1,1Neigh,1Neigh-Magnesium
Magnesium,H4C7,1Neigh,1Neigh-Magnesium
Magnesium,COASY,1Neigh,1Neigh-Magnesium
Magnesium,EIF2S2,1Neigh,1Neigh-Magnesium
Magnesium,UNC119B,1Neigh,1Neigh-Magnesium
Magnesium,ANP32A,1Neigh,1Neigh-Magnesium
Magnesium,PCCB,1Neigh,1Neigh-Magnesium
Magnesium,ACADVL,1Neigh,1Neigh-Magnesium
Magnesium,BAP1,1Neigh,1Neigh-Magnesium
Magnesium,NCOR2,1Neigh,1Neigh-Magnesium
Magnesium,INPP4B,1Neigh,1Neigh-Magnesium
Magnesium,EEF1B2,1Neigh,1Neigh-Magnesium
Magnesium,NUP62,1Neigh,1Neigh-Magnesium
Magnesium,RCC1,1Neigh,1Neigh-Magnesium
Magnesium,CCT4,1Neigh,1Neigh-Magnesium
Magnesium,KPNA6,1Neigh,1Neigh-Magnesium
Magnesium,SNUPN,1Neigh,1Neigh-Magnesium
Magnesium,RGPD2,1Neigh,1Neigh-Magnesium
Magnesium,NCBP2L,1Neigh,1Neigh-Magnesium
Magnesium,ITGAX,1Neigh,1Neigh-Magnesium
Magnesium,ITGA6,1Neigh,1Neigh-Magnesium
Magnesium,CD63,1Neigh,1Neigh-Magnesium
Magnesium,PIK3CB,1Neigh,1Neigh-Magnesium
Magnesium,CD36,1Neigh,1Neigh-Magnesium
Magnesium,LAMA2,1Neigh,1Neigh-Magnesium
Magnesium,MCAM,1Neigh,1Neigh-Magnesium
Magnesium,PRKCB,1Neigh,1Neigh-Magnesium
Magnesium,DSPP,1Neigh,1Neigh-Magnesium
Magnesium,CDH2,1Neigh,1Neigh-Magnesium
Magnesium,PECAM1,1Neigh,1Neigh-Magnesium
Magnesium,TNS3,1Neigh,1Neigh-Magnesium
Magnesium,FRAS1,1Neigh,1Neigh-Magnesium
Magnesium,JAM2,1Neigh,1Neigh-Magnesium
Magnesium,RELN,1Neigh,1Neigh-Magnesium
Magnesium,FLNB,1Neigh,1Neigh-Magnesium
Magnesium,ITGA7,1Neigh,1Neigh-Magnesium
Magnesium,TGM2,1Neigh,1Neigh-Magnesium
Magnesium,ACE2,1Neigh,1Neigh-Magnesium
Magnesium,CD24,1Neigh,1Neigh-Magnesium
Magnesium,EXTL2,1Neigh,1Neigh-Magnesium
Magnesium,EXTL1,1Neigh,1Neigh-Magnesium
Magnesium,PRIMPOL,1Neigh,1Neigh-Magnesium
Magnesium,CTC1,1Neigh,1Neigh-Magnesium
Magnesium,SUV39H1,1Neigh,1Neigh-Magnesium
Magnesium,ACD,1Neigh,1Neigh-Magnesium
Magnesium,DCLRE1B,1Neigh,1Neigh-Magnesium
Magnesium,NEIL1,1Neigh,1Neigh-Magnesium
Magnesium,TOP3B,1Neigh,1Neigh-Magnesium
Magnesium,GADD45A,1Neigh,1Neigh-Magnesium
Magnesium,GMPR2,1Neigh,1Neigh-Magnesium
Magnesium,ALDH3B2,1Neigh,1Neigh-Magnesium
Magnesium,F8VP50_HUMAN,1Neigh,1Neigh-Magnesium
Magnesium,ADAL,1Neigh,1Neigh-Magnesium
Magnesium,FDFT1,1Neigh,1Neigh-Magnesium
Magnesium,LSS,1Neigh,1Neigh-Magnesium
Magnesium,PMVK,1Neigh,1Neigh-Magnesium
Magnesium,NSDHL,1Neigh,1Neigh-Magnesium
Magnesium,CAB39L,1Neigh,1Neigh-Magnesium
Magnesium,PRKAB1,1Neigh,1Neigh-Magnesium
Magnesium,ARHGEF18,1Neigh,1Neigh-Magnesium
Magnesium,FKBP5,1Neigh,1Neigh-Magnesium
Magnesium,RASSF3,1Neigh,1Neigh-Magnesium
Magnesium,SLIRP,1Neigh,1Neigh-Magnesium
Magnesium,TMC1,1Neigh,1Neigh-Magnesium
Magnesium,ZNF567,1Neigh,1Neigh-Magnesium
Magnesium,S1PR1,1Neigh,1Neigh-Magnesium
Magnesium,S100A13,1Neigh,1Neigh-Magnesium
Magnesium,PTP4A1,1Neigh,1Neigh-Magnesium
Magnesium,CBSL,1Neigh,1Neigh-Magnesium
Magnesium,FBLIM1,1Neigh,1Neigh-Magnesium
Magnesium,SLMAP,1Neigh,1Neigh-Magnesium
Magnesium,MARK3,1Neigh,1Neigh-Magnesium
Magnesium,PARD3,1Neigh,1Neigh-Magnesium
Magnesium,LOC114841035,1Neigh,1Neigh-Magnesium
Magnesium,HSPE1-MOB4,1Neigh,1Neigh-Magnesium
Magnesium,GBE1,1Neigh,1Neigh-Magnesium
Magnesium,ESD,1Neigh,1Neigh-Magnesium
Magnesium,PGM3,1Neigh,1Neigh-Magnesium
Magnesium,DVL1,1Neigh,1Neigh-Magnesium
Magnesium,RAB5B,1Neigh,1Neigh-Magnesium
Magnesium,MBP,1Neigh,1Neigh-Magnesium
Magnesium,PTK6,1Neigh,1Neigh-Magnesium
Magnesium,DNM1L,1Neigh,1Neigh-Magnesium
Magnesium,MFN1,1Neigh,1Neigh-Magnesium
Magnesium,SYNJ1,1Neigh,1Neigh-Magnesium
Magnesium,CHD4,1Neigh,1Neigh-Magnesium
Magnesium,ATAD2,1Neigh,1Neigh-Magnesium
Magnesium,KIF15,1Neigh,1Neigh-Magnesium
Magnesium,COPS5,1Neigh,1Neigh-Magnesium
Magnesium,PDS5B,1Neigh,1Neigh-Magnesium
Magnesium,ZNF451,1Neigh,1Neigh-Magnesium
Magnesium,PRC1,1Neigh,1Neigh-Magnesium
Magnesium,UHRF1,1Neigh,1Neigh-Magnesium
Magnesium,RNF4,1Neigh,1Neigh-Magnesium
Magnesium,SOD2,1Neigh,1Neigh-Magnesium
Magnesium,PPARG,1Neigh,1Neigh-Magnesium
Magnesium,BIRC2,1Neigh,1Neigh-Magnesium
Magnesium,XYLT1,1Neigh,1Neigh-Magnesium
Magnesium,B3GALT6,1Neigh,1Neigh-Magnesium
Magnesium,BECN2,1Neigh,1Neigh-Magnesium
Magnesium,ATG12,1Neigh,1Neigh-Magnesium
Magnesium,TFAM,1Neigh,1Neigh-Magnesium
Magnesium,EIF4G1,1Neigh,1Neigh-Magnesium
Magnesium,AMBRA1,1Neigh,1Neigh-Magnesium
Magnesium,CNIH2,1Neigh,1Neigh-Magnesium
Magnesium,RPEL1,1Neigh,1Neigh-Magnesium
Magnesium,KCNE1B,1Neigh,1Neigh-Magnesium
Magnesium,NR4A1,1Neigh,1Neigh-Magnesium
Magnesium,NFATC1,1Neigh,1Neigh-Magnesium
Magnesium,ARHGDIA,1Neigh,1Neigh-Magnesium
Magnesium,GLI2,1Neigh,1Neigh-Magnesium
Magnesium,SLC8A1,1Neigh,1Neigh-Magnesium
Magnesium,PRKAR1B,1Neigh,1Neigh-Magnesium
Magnesium,KCNMB2,1Neigh,1Neigh-Magnesium
Magnesium,GRIA3,1Neigh,1Neigh-Magnesium
Magnesium,FXYD1,1Neigh,1Neigh-Magnesium
Magnesium,PPARA,1Neigh,1Neigh-Magnesium
Magnesium,NBEA,1Neigh,1Neigh-Magnesium
Magnesium,AKAP5,1Neigh,1Neigh-Magnesium
Magnesium,AKAP7,1Neigh,1Neigh-Magnesium
Magnesium,AKAP1,1Neigh,1Neigh-Magnesium
Magnesium,ORAI1,1Neigh,1Neigh-Magnesium
Magnesium,TRPV1,1Neigh,1Neigh-Magnesium
Magnesium,NACA-2,1Neigh,1Neigh-Magnesium
Magnesium,SCN7A,1Neigh,1Neigh-Magnesium
Magnesium,PBX1,1Neigh,1Neigh-Magnesium
Magnesium,KDM3A,1Neigh,1Neigh-Magnesium
Magnesium,ATP2B1,1Neigh,1Neigh-Magnesium
Magnesium,PALM2AKAP2,1Neigh,1Neigh-Magnesium
Magnesium,ABCC8,1Neigh,1Neigh-Magnesium
Magnesium,GPR161,1Neigh,1Neigh-Magnesium
Magnesium,KCNK2,1Neigh,1Neigh-Magnesium
Magnesium,PKIA,1Neigh,1Neigh-Magnesium
Magnesium,GSKIP,1Neigh,1Neigh-Magnesium
Magnesium,ADORA2A,1Neigh,1Neigh-Magnesium
Magnesium,PKIG,1Neigh,1Neigh-Magnesium
Magnesium,LTBP1,1Neigh,1Neigh-Magnesium
Magnesium,PLAU,1Neigh,1Neigh-Magnesium
Magnesium,CXCL8,1Neigh,1Neigh-Magnesium
Magnesium,ID1,1Neigh,1Neigh-Magnesium
Magnesium,PDGFB,1Neigh,1Neigh-Magnesium
Magnesium,SIRPA,1Neigh,1Neigh-Magnesium
Magnesium,WTIP,1Neigh,1Neigh-Magnesium
Magnesium,NDRG2,1Neigh,1Neigh-Magnesium
Magnesium,SEPHS1,Target,Target-Magnesium
Magnesium,SARS1,Target,Target-Magnesium
Magnesium,BEX3,Target,Target-Magnesium
Magnesium,RIT1,Target,Target-Magnesium
Magnesium,SPEG,Target,Target-Magnesium
Magnesium,CAVIN4,Target,Target-Magnesium
Magnesium,ADK,Target,Target-Magnesium
Magnesium,ENAH,Target,Target-Magnesium
Magnesium,SH2D2A,Target,Target-Magnesium
Magnesium,GPT,Target,Target-Magnesium
Magnesium,MRS2,Target,Target-Magnesium
Magnesium,NUDC,Target,Target-Magnesium
Magnesium,GPHN,Target,Target-Magnesium
Magnesium,DUT,Target,Target-Magnesium
Magnesium,NDE1,Target,Target-Magnesium
Magnesium,GDPD4,Target,Target-Magnesium
Magnesium,PDXK,Target,Target-Magnesium
Magnesium,RYR3,Target,Target-Magnesium
Magnesium,IPP,Target,Target-Magnesium
Magnesium,PDP1,Target,Target-Magnesium
Magnesium,SEPTIN10,Target,Target-Magnesium
Magnesium,FBP1,Target,Target-Magnesium
Magnesium,SLC7A13,Target,Target-Magnesium
Magnesium,AGXT,Target,Target-Magnesium
Magnesium,PRF1,Target,Target-Magnesium
Magnesium,CDS1,Target,Target-Magnesium
Magnesium,CRPPA,Target,Target-Magnesium
Magnesium,DOCK3,Target,Target-Magnesium
Magnesium,PLPP6,Target,Target-Magnesium
Magnesium,PAPOLA,Target,Target-Magnesium
Magnesium,F9,Target,Target-Magnesium
Magnesium,BCHE,Target,Target-Magnesium
Magnesium,MYL6,Target,Target-Magnesium
Magnesium,MYH11,Target,Target-Magnesium
Magnesium,TNNI3,Target,Target-Magnesium
Magnesium,GALK1,Target,Target-Magnesium
Magnesium,PPA1,Target,Target-Magnesium
Magnesium,TPSB2,Target,Target-Magnesium
Magnesium,TPSAB1,Target,Target-Magnesium
Magnesium,EPYC,Target,Target-Magnesium
Magnesium,SLFN14,Target,Target-Magnesium
Magnesium,FHL5,Target,Target-Magnesium
Magnesium,CASQ1,Target,Target-Magnesium
Magnesium,GH1,Target,Target-Magnesium
Magnesium,ADPRS,Target,Target-Magnesium
Magnesium,TYRP1,Target,Target-Magnesium
Magnesium,ACTA1,Target,Target-Magnesium
Magnesium,PROC,Target,Target-Magnesium
Magnesium,RAD51,Target,Target-Magnesium
Magnesium,CDA,Target,Target-Magnesium
Magnesium,GUK1,Target,Target-Magnesium
Magnesium,ATP4A,Target,Target-Magnesium
Magnesium,COPA,Target,Target-Magnesium
Magnesium,NIPA2,Target,Target-Magnesium
Magnesium,MAPK12,Target,Target-Magnesium
Magnesium,POLR2A,Target,Target-Magnesium
Magnesium,CLYBL,Target,Target-Magnesium
Magnesium,MSH2,Target,Target-Magnesium
Magnesium,IDH3G,Target,Target-Magnesium
Magnesium,PLK1,Target,Target-Magnesium
Magnesium,KCNA1,Target,Target-Magnesium
Magnesium,POLR3A,Target,Target-Magnesium
Magnesium,ERN2,Target,Target-Magnesium
Magnesium,THG1L,Target,Target-Magnesium
Magnesium,OXSR1,Target,Target-Magnesium
Magnesium,MAP3K6,Target,Target-Magnesium
Magnesium,NUDT5,Target,Target-Magnesium
Magnesium,IDH3A,Target,Target-Magnesium
Magnesium,UBA2,Target,Target-Magnesium
Magnesium,TDP2,Target,Target-Magnesium
Magnesium,MAP3K5,Target,Target-Magnesium
Magnesium,SLC41A1,Target,Target-Magnesium
Magnesium,STK38,Target,Target-Magnesium
Magnesium,DIS3L2,Target,Target-Magnesium
Magnesium,EYA2,Target,Target-Magnesium
Magnesium,NIM1K,Target,Target-Magnesium
Magnesium,PDE2A,Target,Target-Magnesium
Magnesium,BRSK1,Target,Target-Magnesium
Magnesium,BRSK2,Target,Target-Magnesium
Magnesium,CERK,Target,Target-Magnesium
Magnesium,DYRK2,Target,Target-Magnesium
Magnesium,TPPP,Target,Target-Magnesium
Magnesium,RHEB,Target,Target-Magnesium
Magnesium,REXO2,Target,Target-Magnesium
Magnesium,XXYLT1,Target,Target-Magnesium
Magnesium,ABL1,Target,Target-Magnesium
Magnesium,SIK2,Target,Target-Magnesium
Magnesium,MAP2K7,Target,Target-Magnesium
Magnesium,SIK1,Target,Target-Magnesium
Magnesium,PIF1,Target,Target-Magnesium
Magnesium,TMEM94,Target,Target-Magnesium
Magnesium,IRAK3,Target,Target-Magnesium
Magnesium,POLR1A,Target,Target-Magnesium
Magnesium,RAP2A,Target,Target-Magnesium
Magnesium,MORC2,Target,Target-Magnesium
Magnesium,DHX36,Target,Target-Magnesium
Magnesium,ERN1,Target,Target-Magnesium
Magnesium,HPRT1,Target,Target-Magnesium
Magnesium,POLQ,Target,Target-Magnesium
Magnesium,MAGT1,Target,Target-Magnesium
Magnesium,HACL1,Target,Target-Magnesium
Magnesium,SNCA,Target,Target-Magnesium
Magnesium,IDH1,Target,Target-Magnesium
Magnesium,CIB2,Target,Target-Magnesium
Magnesium,MTHFD2,Target,Target-Magnesium
Magnesium,SRPK2,Target,Target-Magnesium
Magnesium,PSPH,Target,Target-Magnesium
Magnesium,PLSCR3,Target,Target-Magnesium
Magnesium,AASDHPPT,Target,Target-Magnesium
Magnesium,SNRK,Target,Target-Magnesium
Magnesium,NEK6,Target,Target-Magnesium
Magnesium,GEN1,Target,Target-Magnesium
Magnesium,SLC41A2,Target,Target-Magnesium
Magnesium,CDC123,Target,Target-Magnesium
Magnesium,RP2,Target,Target-Magnesium
Magnesium,NUDT16,Target,Target-Magnesium
Magnesium,NME1,Target,Target-Magnesium
Magnesium,ABL2,Target,Target-Magnesium
Magnesium,HMGCL,Target,Target-Magnesium
Magnesium,FOXK2,Target,Target-Magnesium
Magnesium,IMPA1,Target,Target-Magnesium
Magnesium,DYRK3,Target,Target-Magnesium
Magnesium,RAN,Target,Target-Magnesium
Magnesium,ITGB1,Target,Target-Magnesium
Magnesium,NIPAL4,Target,Target-Magnesium
Magnesium,EXTL3,Target,Target-Magnesium
Magnesium,TSSK4,Target,Target-Magnesium
Magnesium,PRIM1,Target,Target-Magnesium
Magnesium,WRN,Target,Target-Magnesium
Magnesium,TDG,Target,Target-Magnesium
Magnesium,EPHX2,Target,Target-Magnesium
Magnesium,CIB4,Target,Target-Magnesium
Magnesium,ME1,Target,Target-Magnesium
Magnesium,IDI1,Target,Target-Magnesium
Magnesium,STK11,Target,Target-Magnesium
Magnesium,STK4,Target,Target-Magnesium
Magnesium,MTPAP,Target,Target-Magnesium
Magnesium,ADPRH,Target,Target-Magnesium
Magnesium,EXD2,Target,Target-Magnesium
Magnesium,CIB3,Target,Target-Magnesium
Magnesium,TSSK2,Target,Target-Magnesium
Magnesium,MAP3K20,Target,Target-Magnesium
Magnesium,SPHK1,Target,Target-Magnesium
Magnesium,PLSCR1,Target,Target-Magnesium
Magnesium,CNNM2,Target,Target-Magnesium
Magnesium,CILK1,Target,Target-Magnesium
Magnesium,TUSC3,Target,Target-Magnesium
Magnesium,ILK,Target,Target-Magnesium
Magnesium,SRPK1,Target,Target-Magnesium
Magnesium,STK3,Target,Target-Magnesium
Magnesium,SRR,Target,Target-Magnesium
Magnesium,MARK2,Target,Target-Magnesium
Magnesium,STK26,Target,Target-Magnesium
Magnesium,PGM1,Target,Target-Magnesium
Magnesium,LRRK2,Target,Target-Magnesium
Magnesium,TOP2A,Target,Target-Magnesium
Magnesium,GSS,Target,Target-Magnesium
Magnesium,CDC42BPG,Target,Target-Magnesium
Magnesium,GCLC,Target,Target-Magnesium
Magnesium,PKD1L3,Target,Target-Magnesium
Magnesium,TREX2,Target,Target-Magnesium
Magnesium,HPGDS,Target,Target-Magnesium
Magnesium,ENOSF1,Target,Target-Magnesium
Magnesium,GEM,Target,Target-Magnesium
Magnesium,PKD2L1,Target,Target-Magnesium
Magnesium,MARK1,Target,Target-Magnesium
Magnesium,MSH6,Target,Target-Magnesium
Magnesium,PCK1,Target,Target-Magnesium
Magnesium,NIPA1,Target,Target-Magnesium
Magnesium,SEPTIN4,Target,Target-Magnesium
Magnesium,CDC42BPA,Target,Target-Magnesium
Magnesium,SLC41A3,Target,Target-Magnesium
Magnesium,XYLT2,Target,Target-Magnesium
Magnesium,NUDT3,Target,Target-Magnesium
Magnesium,PINK1,Target,Target-Magnesium
Magnesium,NT5C1A,Target,Target-Magnesium
Magnesium,TSSK1B,Target,Target-Magnesium
Magnesium,TSSK6,Target,Target-Magnesium
Magnesium,TRPM6,Target,Target-Magnesium
Magnesium,LIG4,Target,Target-Magnesium
Magnesium,TKT,Target,Target-Magnesium
Magnesium,PRKACB,Target,Target-Magnesium
Magnesium,THBS1,Target,Target-Magnesium
Magnesium,LATS1,Target,Target-Magnesium
Magnesium,NUAK2,Target,Target-Magnesium
Magnesium,TRPM7,Target,Target-Magnesium
Magnesium,SIK3,Target,Target-Magnesium
Magnesium,STK38L,Target,Target-Magnesium
